sale_id,customer_id,product_id,store_id,sale_date,quantity,unit_price,discount,payment_method
S0050001,C04855,P00054,ST022,2026-09-17 23:23:00,5,6510.78,0.15,NET_BANKING
S0050002,C03174,P00975,ST040,2027-02-09 16:48:00,2,14210.52,0.00,NET_BANKING
S0050003,C04503,P00566,ST033,2027-03-28 16:02:00,8,9094.95,0.05,COD
S0050004,C01937,P00102,ST004,2027-02-03 02:34:00,2,8070.99,0.00,COD
S0050005,C05148,P00093,ST049,2027-01-28 12:53:00,8,1874.43,0.05,WALLET
S0050006,C05216,P00227,ST028,2026-10-13 06:25:00,2,7877.11,0.05,WALLET
S0050007,C00345,P01057,ST017,2027-05-18 18:27:00,8,3586.48,0.05,UPI
S0050008,C04606,P00914,ST046,2027-04-13 12:21:00,8,14608.30,0.00,NET_BANKING
S0050009,C01058,P00260,ST033,2026-10-10 02:22:00,8,11471.26,0.00,NET_BANKING
S0050010,C02692,P00239,ST035,2026-11-10 06:45:00,4,2668.52,0.15,NET_BANKING
S0050011,C03135,P00022,ST016,2027-01-04 10:27:00,3,4659.49,0.00,NET_BANKING
S0050012,C00708,P01033,ST032,2027-01-10 02:57:00,8,1800.29,0.15,CARD
S0050013,C02053,P00890,ST021,2026-10-10 02:12:00,2,2569.54,0.00,COD
S0050014,C03895,P00750,ST023,2026-12-13 08:33:00,5,10881.74,0.00,WALLET
S0050015,C04384,P00822,ST048,2026-10-30 04:33:00,4,11979.30,0.15,UPI
S0050016,C02877,P00530,ST010,2027-04-15 09:33:00,5,1909.30,0.15,WALLET
S0050017,C01345,P00998,ST018,2027-05-16 14:45:00,1,2576.28,0.00,WALLET
S0050018,C04355,P01000,ST024,2026-12-08 13:32:00,6,3161.37,0.10,WALLET
S0050019,C00082,P00009,ST008,2027-02-15 22:39:00,3,14426.84,0.15,COD
S0050020,C05294,P00156,ST017,2026-12-24 12:10:00,1,12020.51,0.00,NET_BANKING
S0050021,C00637,P00929,ST006,2026-09-06 19:30:00,-1,6068.78,0.00,NET_BANKING
S0050022,C02248,P00177,ST007,2027-02-28 13:39:00,5,5272.03,0.05,NET_BANKING
S0050023,C02617,P00779,ST021,2026-12-21 19:26:00,8,9277.18,0.05,WALLET
S0050024,C04661,P00729,ST045,2027-03-27 14:33:00,4,5458.72,0.15,CARD
S0050025,C02008,P00180,ST017,2027-01-15 17:18:00,7,12378.45,0.10,WALLET
S0050026,C01813,P00709,ST042,2027-02-21 07:28:00,7,14344.98,0.00,UPI
S0050027,C03343,P00016,ST040,2027-03-13 19:39:00,8,9646.46,0.00,COD
S0050028,C02648,P00851,ST006,2027-01-05 10:42:00,6,10520.35,0.15,WALLET
S0050029,C04119,P00223,ST009,2026-10-20 05:14:00,8,6560.58,0.15,UPI
S0050030,C02376,P01036,ST007,2026-11-21 18:17:00,3,118.32,0.00,UPI
S0050031,C01021,P00262,ST019,2027-04-14 09:58:00,8,4686.95,0.00,CARD
S0050032,C03443,P00204,ST035,2027-01-16 16:24:00,2,1600.11,0.00,WALLET
S0050033,C05048,P00446,ST028,2027-01-07 21:56:00,3,14903.24,0.00,UPI
S0050034,C03761,P00075,ST001,2027-01-06 04:30:00,2,288.24,0.05,UPI
S0050035,C00362,P00381,ST013,2027-01-05 10:57:00,8,12953.05,0.05,NET_BANKING
S0050036,C01431,P00577,ST006,2026-12-19 22:52:00,8,286.38,0.00,WALLET
S0050037,C01945,P00649,ST016,2027-04-05 01:08:00,2,9552.52,0.15,NET_BANKING
S0050038,C05077,P00724,ST007,2027-03-24 10:50:00,4,842.59,0.00,WALLET
S0050039,C01154,P00483,ST039,2027-01-09 08:18:00,6,7759.25,0.15,CARD
S0050040,C05222,P00476,ST025,2027-02-11 16:10:00,4,10059.57,0.15,UPI
S0050041,C00112,P00847,ST012,2027-03-14 19:49:00,-1,11650.44,0.10,WALLET
S0050042,C03285,P00675,ST029,2026-12-01 04:07:00,4,10065.36,0.05,NET_BANKING
S0050043,C00722,P00003,ST035,2026-11-11 18:12:00,5,9487.90,0.15,UPI
S0050044,C04156,P00918,ST043,2027-04-04 05:20:00,1,11736.74,0.00,COD
S0050045,C03749,P00097,ST019,2027-03-08 22:23:00,4,9879.74,0.05,CARD
S0050046,C05046,P00793,ST046,2027-03-22 10:29:00,4,9165.88,0.00,UPI
S0050047,C02969,P00256,ST029,2026-09-05 22:34:00,6,1987.06,0.00,WALLET
S0050048,C01808,P00282,ST026,2026-10-17 04:49:00,5,11737.73,0.05,NET_BANKING
S0050049,C01595,P00969,ST037,2026-11-13 14:44:00,2,3154.51,0.15,COD
S0050050,C03499,P00797,ST045,2026-11-07 12:56:00,4,13199.71,0.05,UPI
S0050051,C05234,P00385,ST050,2026-12-29 06:07:00,1,6877.27,0.05,CARD
S0050052,C02396,P00401,ST020,2027-04-11 17:29:00,2,14612.89,0.00,COD
S0050053,C02163,P00493,ST023,2027-02-14 14:25:00,2,10898.38,0.00,WALLET
S0050054,C04207,P00958,ST027,2027-01-23 11:44:00,5,6025.05,0.15,UPI
S0050055,C02533,P00347,ST017,2026-10-18 15:59:00,6,13728.26,0.00,COD
S0050056,C05251,P00829,ST022,2026-10-27 01:40:00,3,5882.19,0.15,NET_BANKING
S0050057,C03920,P00517,ST017,2026-10-08 20:28:00,7,13887.99,0.10,UPI
S0050058,C01362,P00293,ST041,2026-09-05 07:54:00,6,8511.68,0.05,WALLET
S0050059,C02186,P00096,ST010,2026-12-21 23:30:00,6,891.62,0.00,UPI
S0050060,C03158,P00097,ST037,2026-11-22 15:26:00,6,9879.74,0.10,COD
S0050061,C00834,P00227,ST044,2027-04-27 18:16:00,-1,7877.11,0.00,NET_BANKING
S0050062,C00318,P00507,ST040,2026-12-05 11:24:00,7,13477.84,0.15,CARD
S0050063,C01314,P00249,ST002,2027-05-04 02:04:00,7,10604.98,0.05,UPI
S0050064,C01269,P00858,ST012,2026-11-17 03:20:00,2,2715.82,0.15,CARD
S0050065,C02134,P00402,ST012,2027-05-14 11:54:00,6,7483.33,0.05,COD
S0050066,C05336,P00649,ST001,2027-02-01 01:37:00,2,9552.52,0.10,UPI
S0050067,C02073,P00732,ST001,2026-10-30 12:04:00,3,7048.14,0.00,CARD
S0050068,C01184,P00910,ST016,2026-12-14 22:32:00,5,1660.00,0.15,CARD
S0050069,C03900,P00218,ST019,2027-01-15 21:16:00,5,7857.30,0.15,NET_BANKING
S0050070,C03411,P00884,ST006,2026-11-17 09:02:00,1,13619.78,0.15,NET_BANKING
S0050071,C03306,P00800,ST023,2026-10-19 07:16:00,8,14143.96,0.00,COD
S0050072,C05378,P00394,ST009,2027-05-07 19:57:00,2,12895.03,0.15,WALLET
S0050073,C05141,P00745,ST006,2027-03-13 22:37:00,2,11887.46,0.00,WALLET
S0050074,C03296,P00109,ST046,2026-09-14 17:46:00,4,9560.87,0.10,WALLET
S0050075,C04038,P00273,ST029,2026-11-30 22:54:00,2,1657.16,0.15,COD
S0050076,C02280,P00154,ST040,2027-04-20 22:43:00,5,3193.19,0.10,CARD
S0050077,C01400,P00248,ST010,2027-03-20 21:26:00,6,13778.23,0.00,COD
S0050078,C05451,P00214,ST036,2027-04-12 20:11:00,1,8311.62,0.00,NET_BANKING
S0050079,C05481,P00341,ST018,2027-03-23 23:30:00,2,12040.98,0.05,CARD
S0050080,C04970,P00156,ST017,2027-03-08 19:26:00,7,12020.51,0.00,WALLET
S0050081,C02010,P00321,ST015,2027-04-03 00:51:00,-1,1068.85,0.00,WALLET
S0050082,C00768,P00144,ST030,2026-09-06 00:36:00,2,9162.18,0.05,WALLET
S0050083,C00369,P01073,ST034,2027-03-15 21:59:00,5,740.66,0.10,NET_BANKING
S0050084,C03359,P00916,ST020,2027-05-19 06:17:00,2,1771.51,0.10,UPI
S0050085,C04106,P00321,ST033,2027-05-01 03:24:00,1,1068.85,0.00,UPI
S0050086,C04447,P01030,ST012,2027-01-25 05:30:00,7,2883.15,0.00,COD
S0050087,C05354,P00542,ST032,2026-09-16 00:54:00,4,13862.55,0.15,CARD
S0050088,C03939,P00810,ST019,2026-11-18 12:02:00,3,5274.62,0.10,WALLET
S0050089,C02840,P00576,ST021,2026-09-30 15:39:00,4,829.35,0.00,COD
S0050090,C05455,P00997,ST008,2026-11-19 14:09:00,3,2288.79,0.15,WALLET
S0050091,C00756,P00488,ST030,2027-04-26 16:11:00,2,764.11,0.10,WALLET
S0050092,C00435,P00211,ST012,2026-12-12 17:07:00,1,1685.16,0.15,NET_BANKING
S0050093,C02559,P00675,ST029,2026-11-03 23:12:00,6,10065.36,0.15,WALLET
S0050094,C01300,P00972,ST044,2026-12-31 18:17:00,4,11724.34,0.05,UPI
S0050095,C00729,P01021,ST037,2027-03-26 15:45:00,7,3070.37,0.00,COD
S0050096,C04320,P00666,ST010,2026-11-04 04:52:00,7,12463.65,0.10,CARD
S0050097,C01842,P00599,ST006,2026-09-05 04:41:00,2,1086.85,0.10,NET_BANKING
S0050098,C04705,P00432,ST025,2027-04-17 12:25:00,4,578.01,0.00,CARD
S0050099,C04290,P00885,ST036,2027-03-21 02:02:00,6,2276.62,0.10,UPI
S0050100,C00615,P00830,ST014,2026-11-26 15:23:00,8,8076.01,0.10,NET_BANKING
S0050101,C00135,P00420,ST040,2026-10-05 13:44:00,-1,13992.32,0.00,WALLET
S0050102,C05408,P01043,ST007,2027-04-28 11:56:00,1,3069.45,0.05,WALLET
S0050103,C00126,P00653,ST021,2026-10-20 09:48:00,4,13600.13,0.00,NET_BANKING
S0050104,C03375,P00104,ST040,2027-04-04 20:11:00,6,5175.58,0.10,COD
S0050105,C04459,P00162,ST046,2027-05-12 04:14:00,7,12288.78,0.10,WALLET
S0050106,C02529,P00951,ST014,2027-02-25 11:37:00,1,6661.86,0.05,COD
S0050107,C00561,P00082,ST039,2026-11-17 23:03:00,1,3347.34,0.05,UPI
S0050108,C00247,P00762,ST045,2027-02-17 21:31:00,3,9970.99,0.00,CARD
S0050109,C03067,P00839,ST029,2027-01-06 21:05:00,7,14909.42,0.05,UPI
S0050110,C00371,P00023,ST024,2026-10-28 02:13:00,3,8298.86,0.10,NET_BANKING
S0050111,C02521,P00062,ST024,2026-12-01 08:06:00,3,6290.18,0.00,COD
S0050112,C01177,P00456,ST015,2027-05-06 11:32:00,6,2960.04,0.10,NET_BANKING
S0050113,C04641,P00390,ST024,2027-01-01 09:22:00,5,5645.91,0.00,CARD
S0050114,C01331,P00406,ST022,2026-12-23 17:52:00,5,1162.78,0.10,WALLET
S0050115,C05414,P00996,ST008,2027-02-03 09:04:00,7,12724.73,0.05,CARD
S0050116,C01152,P00052,ST039,2026-12-10 11:30:00,8,6138.64,0.15,CARD
S0050117,C03559,P01026,ST019,2026-09-02 01:57:00,7,2089.11,0.05,CARD
S0050118,C01634,P00637,ST035,2026-10-30 16:15:00,5,14361.31,0.10,NET_BANKING
S0050119,C01767,P00516,ST005,2026-10-15 17:25:00,3,7808.79,0.00,COD
S0050120,C02216,P00843,ST045,2026-10-14 23:45:00,2,13366.08,0.00,COD
S0050121,C02849,P00672,ST007,2026-10-27 00:52:00,6,not-a-price,0.05,NET_BANKING
S0050122,C02037,P01050,ST001,2026-11-20 08:41:00,5,4379.41,0.00,COD
S0050123,C03179,P00716,ST032,2026-12-14 02:48:00,6,3403.75,0.05,UPI
S0050124,C02895,P00668,ST003,2027-04-08 22:05:00,8,9801.28,0.10,UPI
S0050125,C02678,P00527,ST017,2027-05-05 22:56:00,5,14547.75,0.10,UPI
S0050126,C04203,P00219,ST003,2027-04-22 18:16:00,3,13496.03,0.00,NET_BANKING
S0050127,C01263,P00335,ST038,2027-05-16 20:22:00,2,2003.90,0.15,NET_BANKING
S0050128,C00770,P00019,ST049,2026-10-05 00:07:00,7,4767.41,0.00,UPI
S0050129,C03854,P00733,ST041,2027-01-07 04:39:00,5,7733.54,0.15,UPI
S0050130,C05379,P00804,ST027,2027-04-02 19:19:00,2,13775.11,0.05,UPI
S0050131,C05244,P00644,ST027,2027-04-10 06:51:00,3,8264.91,0.00,COD
S0050132,C03293,P00179,ST017,2026-10-09 06:05:00,2,6066.21,0.05,UPI
S0050133,C03647,P00211,ST024,2027-04-22 06:40:00,6,1685.16,0.00,CARD
S0050134,C04253,P00714,ST001,2027-01-02 11:03:00,6,12834.77,0.05,UPI
S0050135,C01403,P00067,ST005,2026-10-30 07:17:00,2,3494.40,0.05,WALLET
S0050136,C05283,P00646,ST035,2027-04-12 19:08:00,7,1788.47,0.00,CARD
S0050137,C02501,P00353,ST021,2027-02-06 00:49:00,3,10161.42,0.10,WALLET
S0050138,C02439,P00702,ST013,2026-12-21 08:51:00,3,10861.46,0.00,CARD
S0050139,C04256,P00846,ST040,2026-10-22 07:15:00,4,5378.97,0.10,COD
S0050140,C02438,P00307,ST042,2026-12-30 08:01:00,2,13759.94,0.10,WALLET
S0050141,C03792,P00631,ST048,2027-03-16 09:56:00,3,not-a-price,0.00,UPI
S0050142,C02492,P00615,ST003,2026-09-22 21:47:00,4,5873.54,0.05,NET_BANKING
S0050143,C01749,P00672,ST020,2026-12-18 17:46:00,5,7478.34,0.10,WALLET
S0050144,C03461,P00329,ST024,2026-10-10 19:04:00,1,1364.47,0.05,WALLET
S0050145,C00856,P00939,ST046,2027-04-07 07:11:00,6,7892.75,0.15,COD
S0050146,C03088,P00049,ST044,2026-10-04 14:28:00,2,856.91,0.15,COD
S0050147,C00230,P00433,ST038,2026-11-12 12:06:00,7,6296.95,0.00,CARD
S0050148,C02029,P00798,ST036,2027-04-04 21:19:00,7,2788.26,0.05,COD
S0050149,C00122,P00852,ST008,2026-10-29 13:27:00,6,9756.12,0.15,CARD
S0050150,C03784,P00099,ST005,2027-01-29 22:30:00,2,7954.37,0.05,UPI
S0050151,C04761,P00411,ST010,2026-11-05 19:31:00,7,13165.10,0.00,UPI
S0050152,C04779,P01070,ST040,2027-04-27 00:40:00,4,1087.56,0.00,UPI
S0050153,C00222,P01012,ST044,2027-05-17 06:27:00,4,2266.63,0.15,UPI
S0050154,C00312,P01029,ST048,2027-03-18 09:09:00,2,973.35,0.10,COD
S0050155,C03472,P00476,ST015,2026-10-23 08:38:00,7,10059.57,0.15,NET_BANKING
S0050156,C01909,P00573,ST032,2026-12-22 07:50:00,8,7520.25,0.00,WALLET
S0050157,C04356,P00691,ST038,2026-12-24 13:19:00,6,11997.97,0.10,CARD
S0050158,C03239,P00516,ST031,2026-11-16 17:13:00,2,7808.79,0.05,COD
S0050159,C02324,P01074,ST046,2027-02-01 14:54:00,8,1083.58,0.05,UPI
S0050160,C01426,P00208,ST048,2027-01-08 03:07:00,2,9299.51,0.00,WALLET
S0050161,C02873,P00419,ST031,2027-04-19 06:56:00,5,not-a-price,0.05,CARD
S0050162,C01803,P00692,ST038,2027-02-18 02:35:00,6,3776.76,0.00,NET_BANKING
S0050163,C02154,P01066,ST012,2027-03-06 00:33:00,6,4059.63,0.00,UPI
S0050164,C02063,P00403,ST038,2026-10-26 00:02:00,3,6512.03,0.10,WALLET
S0050165,C02039,P00398,ST026,2027-03-18 06:35:00,6,12199.29,0.10,UPI
S0050166,C01489,P00216,ST022,2026-10-01 07:39:00,1,1540.77,0.05,COD
S0050167,C03319,P00332,ST046,2027-01-13 16:55:00,6,9532.30,0.00,NET_BANKING
S0050168,C03544,P00060,ST002,2026-10-02 18:36:00,7,13328.41,0.05,COD
S0050169,C04863,P00677,ST005,2026-11-25 10:42:00,1,9646.68,0.00,COD
S0050170,C00204,P00760,ST049,2026-12-07 20:38:00,3,13523.24,0.05,CARD
S0050171,C00393,P00970,ST006,2026-09-26 07:42:00,1,11802.25,0.10,NET_BANKING
S0050172,C00562,P00853,ST048,2026-10-04 21:48:00,1,14567.44,0.05,WALLET
S0050173,C02889,P00281,ST030,2026-11-16 17:03:00,6,12950.39,0.05,WALLET
S0050174,C03406,P00748,ST032,2027-03-03 19:05:00,1,7740.82,0.00,NET_BANKING
S0050175,C04536,P00833,ST016,2027-03-20 14:19:00,4,1413.00,0.00,WALLET
S0050176,C03225,P01086,ST016,2027-04-23 03:15:00,1,282.29,0.10,WALLET
S0050177,C04323,P00060,ST001,2026-09-02 16:18:00,4,13328.41,0.15,COD
S0050178,C00329,P00874,ST004,2026-09-06 22:10:00,3,13474.71,0.05,NET_BANKING
S0050179,C00036,P00228,ST031,2026-11-19 08:49:00,8,4532.08,0.05,COD
S0050180,C02945,P00950,ST043,2026-10-18 17:52:00,4,3458.38,0.15,UPI
S0050181,C04190,P00071,ST028,2026-09-15 20:37:00,2,11038.49,0.05,COD
S0050182,C04626,P00804,ST019,2026-09-04 19:15:00,6,13775.11,0.10,WALLET
S0050183,C04153,P00783,ST021,2027-05-08 23:57:00,4,1108.76,0.10,UPI
S0050184,C00056,P00243,ST035,2026-10-30 15:19:00,6,6859.66,0.00,COD
S0050185,C05172,P01043,ST036,2026-09-22 20:35:00,5,4838.38,0.05,WALLET
S0050186,C04887,P00489,ST032,2027-01-30 07:35:00,7,12272.05,0.00,CARD
S0050187,C05368,P00721,ST002,2026-12-03 06:50:00,1,2539.40,0.10,CARD
S0050188,C00014,P00504,ST045,2027-03-31 05:06:00,6,6640.14,0.15,UPI
S0050189,C01431,P00468,ST033,2026-12-25 07:41:00,5,2151.00,0.00,CARD
S0050190,C05249,P00179,ST020,2027-01-07 06:33:00,5,6066.21,0.05,UPI
S0050191,C04725,P00776,ST016,2027-05-08 04:13:00,7,571.16,0.00,NET_BANKING
S0050192,C04766,P00369,ST042,2027-04-07 01:09:00,3,2410.82,0.15,COD
S0050193,C03344,P00119,ST008,2027-01-21 23:02:00,7,794.81,0.05,COD
S0050194,C02536,P00601,ST023,2027-04-21 10:03:00,7,9389.35,0.05,UPI
S0050195,C02523,P01053,ST029,2027-01-19 16:25:00,8,4044.34,0.05,WALLET
S0050196,C02980,P00790,ST005,2026-12-11 20:34:00,3,14518.69,0.10,COD
S0050197,C01156,P00663,ST005,2027-01-17 14:23:00,3,4192.70,0.00,COD
S0050198,C00835,P00955,ST019,2026-10-16 14:44:00,1,5719.71,0.00,UPI
S0050199,C01501,P01055,ST041,2026-11-06 07:21:00,2,2803.72,0.00,CARD
S0050200,C00108,P00672,ST033,2026-10-15 05:25:00,4,7478.34,0.05,COD
S0050201,C02639,P00877,ST025,2027-03-06 23:54:00,1,9491.54,0.15,CARD
S0050202,C01123,P00465,ST027,2026-10-12 22:16:00,3,2736.41,0.15,NET_BANKING
S0050203,C00336,P00548,ST047,2026-09-18 01:55:00,7,11468.53,0.05,COD
S0050204,C04641,P00615,ST021,2026-11-07 07:20:00,8,5873.54,0.00,NET_BANKING
S0050205,C02867,P00678,ST002,2026-09-08 23:24:00,7,5849.17,0.05,CARD
S0050206,C02175,P01055,ST016,2026-12-16 21:52:00,5,4073.76,0.15,UPI
S0050207,C04201,P01056,ST001,2027-03-16 23:37:00,8,3511.62,0.00,CARD
S0050208,C00813,P00960,ST009,2027-03-22 07:40:00,4,6003.64,0.00,CARD
S0050209,C01259,P00506,ST040,2027-01-22 08:09:00,2,4110.78,0.00,COD
S0050210,C04048,P00343,ST010,2027-04-06 23:30:00,4,4575.42,0.00,COD
S0050211,C03648,P00159,ST037,2026-09-30 17:52:00,2,6984.00,0.15,UPI
S0050212,C02216,P01014,ST037,2027-01-27 20:48:00,7,4549.43,0.00,WALLET
S0050213,C02340,P00764,ST015,2027-01-14 00:13:00,1,2546.62,0.15,UPI
S0050214,C02666,P00455,ST009,2026-12-22 08:51:00,3,11331.19,0.00,COD
S0050215,C02010,P00911,ST042,2027-01-02 16:29:00,2,10076.98,0.00,COD
S0050216,C02514,P00291,ST015,2026-10-11 20:27:00,8,3274.34,0.10,UPI
S0050217,C02761,P00185,ST030,2027-03-17 10:26:00,4,5998.13,0.10,CARD
S0050218,C04954,P00420,ST002,2027-04-09 04:51:00,1,13992.32,0.05,CARD
S0050219,C02407,P00915,ST024,2026-09-26 13:00:00,4,12880.95,0.10,WALLET
S0050220,C03254,P00847,ST009,2026-10-26 02:07:00,3,11650.44,0.15,COD
S0050221,C02009,P00953,ST017,2026-11-02 19:14:00,7,11654.98,0.10,WALLET
S0050222,C01884,P00921,ST001,2027-01-01 23:43:00,2,10747.60,0.10,COD
S0050223,C00272,P00400,ST049,2026-09-24 22:08:00,4,11156.69,0.05,WALLET
S0050224,C01637,P00728,ST040,2026-12-09 23:36:00,4,2376.69,0.15,COD
S0050225,C00399,P00773,ST043,2026-09-22 15:01:00,2,11513.99,0.00,CARD
S0050226,C00978,P00974,ST021,2027-01-08 08:26:00,7,2875.19,0.15,COD
S0050227,C03349,P00733,ST047,2027-03-18 04:09:00,2,7733.54,0.05,NET_BANKING
S0050228,C01669,P00501,ST032,2027-02-24 08:14:00,5,591.28,0.05,NET_BANKING
S0050229,C04500,P00205,ST031,2026-10-18 09:25:00,3,2535.39,0.05,UPI
S0050230,C02954,P00430,ST037,2027-01-09 22:13:00,7,5232.86,0.15,CARD
S0050231,C04270,P00866,ST039,2027-01-15 22:59:00,7,7507.05,0.05,NET_BANKING
S0050232,C00954,P00250,ST038,2026-09-11 10:42:00,3,4598.66,0.05,UPI
S0050233,C04922,P00081,ST045,2027-03-17 04:50:00,5,13513.67,0.05,WALLET
S0050234,C03795,P00732,ST012,2027-02-09 23:26:00,1,7048.14,0.05,COD
S0050235,C03828,P00714,ST030,2027-02-03 05:33:00,4,12834.77,0.05,WALLET
S0050236,C03576,P00336,ST049,2026-11-21 20:13:00,8,10827.01,0.05,CARD
S0050237,C04606,P01015,ST036,2027-02-21 21:37:00,7,4450.78,0.00,WALLET
S0050238,C02781,P00426,ST028,2027-03-22 00:37:00,3,6898.62,0.00,NET_BANKING
S0050239,C05118,P01038,ST005,2027-04-13 12:51:00,7,4505.39,0.00,UPI
S0050240,C05048,P00775,ST018,2027-03-26 14:26:00,6,7767.36,0.00,COD
S0050241,C03798,P00860,ST007,2026-09-06 14:32:00,1,207.98,0.00,UPI
S0050242,C01162,P00033,ST047,2026-11-12 09:54:00,5,11598.07,0.15,UPI
S0050243,C03931,P00462,ST037,2026-11-23 00:15:00,8,3972.80,0.15,UPI
S0050244,C05432,P00868,ST044,2026-10-07 14:28:00,5,14973.26,0.15,UPI
S0050245,C04518,P00370,ST011,2027-01-05 12:42:00,2,9728.34,0.00,UPI
S0050246,C00444,P00832,ST025,2027-04-11 20:47:00,1,12604.04,0.00,COD
S0050247,C05217,P00764,ST027,2027-04-25 11:48:00,1,2546.62,0.15,COD
S0050248,C01700,P00022,ST004,2026-12-08 14:18:00,7,4659.49,0.00,WALLET
S0050249,C04227,P00109,ST025,2026-12-19 06:08:00,2,9560.87,0.05,COD
S0050250,C05290,P00684,ST028,2027-05-11 09:44:00,8,9364.88,0.00,WALLET
S0050251,C03364,P00856,ST011,2026-12-24 10:21:00,6,4490.45,0.00,NET_BANKING
S0050252,C03853,P00552,ST050,2026-11-12 12:39:00,2,14232.88,0.10,COD
S0050253,C05046,P00454,ST023,2026-10-13 09:00:00,3,8517.58,0.05,NET_BANKING
S0050254,C03755,P01028,ST048,2027-02-25 17:56:00,3,1496.96,0.00,CARD
S0050255,C01707,P01038,ST029,2026-09-02 20:55:00,1,529.20,0.00,CARD
S0050256,C01767,P00848,ST046,2027-01-20 02:01:00,4,12246.43,0.00,NET_BANKING
S0050257,C04769,P00781,ST036,2027-02-17 04:41:00,5,8887.88,0.00,COD
S0050258,C02383,P00938,ST042,2027-03-26 02:16:00,5,9016.69,0.10,CARD
S0050259,C04199,P00316,ST028,2026-10-05 22:10:00,1,4896.51,0.15,COD
S0050260,C00505,P00358,ST040,2027-05-14 02:38:00,5,7269.79,0.00,UPI
S0050261,C05292,P00712,ST040,2026-12-26 07:15:00,5,2775.71,0.00,UPI
S0050262,C01054,P00493,ST026,2027-01-13 23:16:00,6,10898.38,0.05,CARD
S0050263,C05308,P00691,ST018,2027-03-26 22:00:00,4,11997.97,0.15,UPI
S0050264,C03301,P00274,ST050,2026-10-25 13:41:00,3,13222.64,0.05,COD
S0050265,C03465,P00274,ST043,2026-10-15 18:34:00,3,13222.64,0.00,COD
S0050266,C03625,P00745,ST001,2027-04-08 19:58:00,1,11887.46,0.05,NET_BANKING
S0050267,C00526,P00762,ST038,2026-12-17 15:35:00,3,9970.99,0.10,NET_BANKING
S0050268,C04314,P00769,ST045,2026-10-14 10:46:00,3,14064.61,0.00,COD
S0050269,C04337,P00454,ST044,2026-12-17 18:44:00,4,8517.58,0.00,UPI
S0050270,C04240,P01085,ST030,2027-03-01 09:02:00,1,3269.05,0.00,NET_BANKING
S0050271,C00339,P00537,ST003,2027-04-20 07:07:00,4,9956.19,0.15,NET_BANKING
S0050272,C00051,P00650,ST010,2027-03-16 16:30:00,4,155.14,0.00,CARD
S0050273,C03470,P00658,ST012,2027-02-26 05:56:00,2,3910.13,0.15,UPI
S0050274,C03877,P00526,ST007,2026-12-31 09:33:00,5,8424.35,0.10,WALLET
S0050275,C04219,P00603,ST021,2027-04-06 08:52:00,4,7723.35,0.15,NET_BANKING
S0050276,C02624,P00322,ST006,2027-02-27 01:35:00,4,7023.69,0.15,UPI
S0050277,C00696,P00504,ST044,2027-05-19 07:31:00,6,6640.14,0.05,UPI
S0050278,C04051,P00087,ST004,2027-03-22 20:58:00,6,2943.27,0.05,WALLET
S0050279,C03371,P00382,ST023,2027-01-23 22:27:00,8,14341.57,0.10,UPI
S0050280,C03480,P00882,ST040,2027-03-04 20:09:00,5,1160.87,0.00,CARD
S0050281,C04361,P00983,ST020,2026-10-19 06:50:00,1,14539.34,0.05,COD
S0050282,C03329,P00397,ST025,2027-03-30 06:05:00,4,12844.97,0.05,CARD
S0050283,C03041,P00669,ST050,2026-09-04 00:53:00,5,14324.33,0.05,WALLET
S0050284,C00715,P00064,ST050,2027-01-22 14:48:00,2,9773.23,0.15,UPI
S0050285,C00817,P01034,ST020,2026-09-22 06:20:00,6,3960.83,0.05,UPI
S0050286,C05411,P00722,ST001,2026-11-02 14:19:00,6,2303.35,0.00,NET_BANKING
S0050287,C05484,P00483,ST035,2027-02-18 02:35:00,5,7759.25,0.00,NET_BANKING
S0050288,C02784,P00955,ST031,2027-01-18 01:26:00,6,5719.71,0.00,NET_BANKING
S0050289,C00541,P00425,ST006,2027-04-26 19:08:00,6,14157.41,0.00,WALLET
S0050290,C04813,P00778,ST026,2027-04-07 03:59:00,5,5364.50,0.05,WALLET
S0050291,C01686,P00678,ST033,2027-01-10 03:30:00,6,5849.17,0.05,CARD
S0050292,C04537,P00863,ST050,2026-09-14 18:23:00,4,6218.08,0.00,WALLET
S0050293,C03698,P00538,ST044,2026-09-02 01:04:00,2,12711.98,0.00,COD
S0050294,C03619,P00814,ST043,2026-10-16 15:56:00,3,1576.96,0.15,UPI
S0050295,C03257,P00891,ST036,2026-12-06 22:55:00,8,2634.44,0.00,WALLET
S0050296,C01803,P00997,ST004,2026-10-06 22:30:00,6,2288.79,0.00,UPI
S0050297,C01782,P00636,ST049,2027-02-22 19:44:00,6,12658.75,0.10,COD
S0050298,C05328,P00995,ST050,2026-09-06 18:58:00,1,10497.82,0.05,UPI
S0050299,C00671,P00667,ST013,2027-04-25 00:01:00,8,14053.41,0.10,CARD
S0050300,C02836,P01033,ST033,2027-04-30 14:09:00,1,1740.13,0.05,UPI
S0050301,C05096,P01028,ST020,2026-11-28 03:37:00,2,3808.13,0.10,NET_BANKING
S0050302,C02584,P00601,ST024,2026-11-17 19:36:00,4,9389.35,0.15,CARD
S0050303,C03794,P00067,ST035,2027-02-10 18:21:00,7,3494.40,0.15,WALLET
S0050304,C00245,P01004,ST039,2027-02-11 06:42:00,3,1178.04,0.15,COD
S0050305,C05127,P00616,ST029,2027-04-10 21:57:00,6,114.05,0.05,UPI
S0050306,C02901,P01098,ST022,2027-03-29 19:47:00,7,1922.09,0.10,WALLET
S0050307,C03395,P00660,ST045,2026-11-12 12:58:00,3,7080.45,0.10,UPI
S0050308,C01514,P00357,ST011,2027-03-28 02:09:00,2,4341.85,0.00,CARD
S0050309,C02703,P00663,ST035,2026-10-01 22:02:00,1,4192.70,0.00,WALLET
S0050310,C04036,P01019,ST048,2026-12-08 22:49:00,1,3475.41,0.15,UPI
S0050311,C02344,P00249,ST007,2027-03-26 07:44:00,5,10604.98,0.00,NET_BANKING
S0050312,C04678,P01016,ST039,2027-03-09 09:27:00,3,2812.78,0.00,CARD
S0050313,C00077,P00449,ST020,2027-03-27 19:20:00,3,4682.35,0.10,COD
S0050314,C04898,P00357,ST027,2027-03-28 12:06:00,5,4341.85,0.15,WALLET
S0050315,C02819,P00610,ST007,2027-02-02 14:47:00,1,2166.11,0.00,CARD
S0050316,C01327,P01061,ST038,2027-01-10 11:53:00,8,2932.18,0.00,UPI
S0050317,C00732,P00778,ST031,2026-12-04 19:47:00,2,5364.50,0.00,CARD
S0050318,C05062,P00922,ST049,2026-12-05 03:09:00,3,5403.68,0.10,COD
S0050319,C04509,P00399,ST043,2027-01-10 08:42:00,8,12674.98,0.00,CARD
S0050320,C01294,P00472,ST033,2026-09-18 21:16:00,5,13031.18,0.15,NET_BANKING
S0050321,C03465,P00186,ST012,2027-03-13 17:21:00,8,5509.22,0.00,COD
S0050322,C00281,P00440,ST048,2027-04-25 04:38:00,6,11929.30,0.00,NET_BANKING
S0050323,C04765,P00635,ST040,2027-03-06 06:55:00,6,7089.77,0.00,NET_BANKING
S0050324,C03422,P00056,ST016,2027-05-10 02:42:00,6,12872.42,0.10,NET_BANKING
S0050325,C02478,P00145,ST027,2026-12-20 17:31:00,7,10011.24,0.10,NET_BANKING
S0050326,C03665,P00654,ST038,2026-10-14 07:33:00,3,12742.05,0.00,NET_BANKING
S0050327,C00018,P00836,ST013,2026-11-29 10:19:00,4,8199.84,0.00,WALLET
S0050328,C05460,P00490,ST012,2027-01-19 05:15:00,2,3009.09,0.00,NET_BANKING
S0050329,C04419,P00734,ST050,2026-09-29 22:40:00,8,2368.19,0.15,CARD
S0050330,C04215,P01011,ST002,2027-01-06 21:24:00,7,855.26,0.00,UPI
S0050331,C01867,P00936,ST034,2027-01-23 00:05:00,8,4432.63,0.10,WALLET
S0050332,C00162,P00759,ST025,2027-03-18 16:33:00,5,2675.60,0.00,CARD
S0050333,C02679,P00512,ST049,2027-02-12 19:30:00,6,11395.40,0.00,UPI
S0050334,C01113,P00134,ST039,2027-05-06 23:58:00,3,9455.44,0.10,UPI
S0050335,C02384,P00894,ST031,2027-04-26 22:33:00,1,12465.27,0.10,WALLET
S0050336,C01851,P00630,ST014,2027-01-29 04:43:00,4,12265.22,0.05,WALLET
S0050337,C00159,P00693,ST012,2027-03-19 14:57:00,5,10171.16,0.05,UPI
S0050338,C01272,P00443,ST015,2026-12-12 21:18:00,5,10115.80,0.00,COD
S0050339,C03806,P00436,ST026,2027-04-04 11:04:00,6,14953.84,0.05,WALLET
S0050340,C04815,P00408,ST023,2026-12-26 06:21:00,8,61.60,0.10,UPI
S0050341,C01086,P00297,ST046,2027-04-04 04:31:00,6,10745.27,0.05,COD
S0050342,C05492,P00718,ST043,2027-03-01 08:04:00,8,3535.94,0.10,NET_BANKING
S0050343,C03188,P00937,ST016,2027-05-18 05:14:00,8,2930.83,0.00,NET_BANKING
S0050344,C05252,P00204,ST028,2026-11-19 00:44:00,7,1600.11,0.00,COD
S0050345,C01412,P01033,ST009,2027-01-10 06:29:00,6,2328.23,0.00,NET_BANKING
S0050346,C01898,P01015,ST046,2026-12-10 19:46:00,2,2168.35,0.00,COD
S0050347,C00657,P00700,ST020,2027-02-11 13:56:00,5,7501.36,0.00,COD
S0050348,C01177,P00677,ST032,2027-01-18 12:03:00,1,9646.68,0.00,COD
S0050349,C02336,P00610,ST012,2027-05-14 06:05:00,1,2166.11,0.05,NET_BANKING
S0050350,C02788,P00754,ST017,2027-02-11 08:13:00,6,4946.47,0.05,CARD
S0050351,C02276,P00157,ST006,2027-01-31 16:41:00,6,8754.83,0.00,WALLET
S0050352,C00071,P00307,ST008,2026-11-04 18:52:00,4,13759.94,0.00,WALLET
S0050353,C05283,P00207,ST036,2027-03-13 06:24:00,6,9646.57,0.00,NET_BANKING
S0050354,C01396,P00204,ST019,2026-11-02 10:03:00,8,1600.11,0.15,NET_BANKING
S0050355,C04912,P00333,ST048,2026-10-12 18:51:00,6,1647.52,0.00,COD
S0050356,C03790,P00359,ST004,2027-01-01 06:56:00,8,6112.49,0.15,COD
S0050357,C00200,P00990,ST045,2027-03-08 19:02:00,8,1411.89,0.00,CARD
S0050358,C02029,P00750,ST015,2026-12-27 18:36:00,5,10881.74,0.15,COD
S0050359,C00814,P01030,ST001,2026-10-21 18:41:00,3,4795.88,0.00,WALLET
S0050360,C04545,P00561,ST047,2027-01-16 12:11:00,8,4145.03,0.00,CARD
S0050361,C00945,P00505,ST021,2026-11-08 05:35:00,6,13158.37,0.15,CARD
S0050362,C04305,P00114,ST038,2027-05-17 02:44:00,8,1848.49,0.00,NET_BANKING
S0050363,C04737,P00090,ST013,2027-01-10 14:29:00,7,1862.74,0.05,NET_BANKING
S0050364,C00889,P00616,ST042,2026-10-14 22:53:00,8,114.05,0.15,UPI
S0050365,C00021,P01058,ST010,2026-12-28 04:58:00,5,4952.98,0.00,COD
S0050366,C01841,P00684,ST003,2027-03-07 07:07:00,3,9364.88,0.00,COD
S0050367,C00340,P00963,ST042,2026-09-22 04:23:00,8,9496.66,0.10,CARD
S0050368,C03779,P00980,ST021,2027-04-22 23:35:00,1,8929.07,0.00,CARD
S0050369,C03655,P00502,ST028,2027-04-04 00:36:00,2,5017.69,0.10,NET_BANKING
S0050370,C01611,P00678,ST036,2026-09-24 22:52:00,2,5849.17,0.00,UPI
S0050371,C02389,P00139,ST018,2027-03-29 01:23:00,2,13296.70,0.00,NET_BANKING
S0050372,C03537,P00253,ST016,2026-09-17 09:17:00,8,12129.99,0.00,WALLET
S0050373,C04159,P00666,ST047,2027-03-02 21:01:00,2,12463.65,0.10,NET_BANKING
S0050374,C05109,P00891,ST031,2027-01-31 04:26:00,2,2634.44,0.15,CARD
S0050375,C02250,P00577,ST020,2027-02-02 04:19:00,4,286.38,0.00,COD
S0050376,C00092,P00304,ST019,2027-03-07 02:16:00,4,8379.11,0.05,CARD
S0050377,C01559,P01038,ST049,2026-11-21 05:13:00,1,3327.96,0.00,COD
S0050378,C05079,P00796,ST003,2027-03-09 12:49:00,1,7252.60,0.00,WALLET
S0050379,C02424,P00273,ST021,2027-04-28 04:01:00,7,1657.16,0.10,NET_BANKING
S0050380,C01894,P00753,ST019,2026-10-18 22:24:00,5,9739.34,0.05,COD
S0050381,C02340,P00936,ST003,2026-12-08 19:23:00,7,4432.63,0.05,WALLET
S0050382,C02144,P00294,ST011,2027-05-10 00:44:00,7,9198.98,0.10,UPI
S0050383,C03088,P00255,ST008,2027-02-20 08:05:00,4,6191.54,0.00,COD
S0050384,C05199,P00173,ST010,2027-05-08 03:27:00,8,2556.28,0.00,UPI
S0050385,C01767,P01053,ST020,2027-01-16 02:37:00,1,534.61,0.10,COD
S0050386,C03246,P00242,ST020,2026-11-30 19:30:00,5,6380.48,0.00,UPI
S0050387,C02565,P00011,ST034,2026-10-23 03:47:00,4,9660.40,0.00,UPI
S0050388,C02491,P00469,ST022,2026-11-07 00:41:00,4,12189.67,0.05,WALLET
S0050389,C03075,P00264,ST003,2027-03-23 00:49:00,8,3453.32,0.15,CARD
S0050390,C05114,P00871,ST005,2027-02-01 20:57:00,8,9556.52,0.10,CARD
S0050391,C02361,P00018,ST009,2027-04-21 15:15:00,7,10580.36,0.05,CARD
S0050392,C00043,P00293,ST047,2026-12-24 21:09:00,8,8511.68,0.10,COD
S0050393,C02947,P00488,ST021,2027-02-28 10:46:00,1,764.11,0.00,WALLET
S0050394,C00151,P00319,ST039,2026-09-28 07:33:00,1,5444.74,0.00,COD
S0050395,C04406,P00731,ST040,2026-10-27 01:38:00,7,6650.71,0.05,UPI
S0050396,C03430,P01030,ST035,2027-03-22 13:20:00,5,74.55,0.00,COD
S0050397,C04887,P00219,ST046,2026-09-12 15:59:00,6,13496.03,0.05,WALLET
S0050398,C04232,P00555,ST046,2027-01-21 06:43:00,3,3239.18,0.15,COD
S0050399,C05159,P00179,ST016,2026-12-07 18:24:00,6,6066.21,0.10,UPI
S0050400,C00873,P00023,ST035,2027-04-23 22:21:00,1,8298.86,0.00,CARD
S0050401,C04313,P00116,ST006,2026-12-04 15:51:00,3,6123.57,0.05,CARD
S0050402,C03434,P00072,ST049,2026-10-06 18:52:00,7,2213.98,0.05,WALLET
S0050403,C02824,P00436,ST012,2026-11-29 21:10:00,1,14953.84,0.15,WALLET
S0050404,C04070,P00057,ST046,2026-10-15 05:10:00,6,6283.79,0.05,UPI
S0050405,C04453,P01011,ST011,2027-03-18 07:35:00,8,4217.79,0.05,COD
S0050406,C04368,P00998,ST029,2026-09-25 18:33:00,7,2576.28,0.15,WALLET
S0050407,C03451,P01028,ST013,2027-02-02 15:46:00,4,2370.26,0.05,UPI
S0050408,C04070,P00648,ST044,2027-01-05 13:51:00,4,4120.80,0.10,COD
S0050409,C00403,P00620,ST014,2026-09-24 14:18:00,4,1987.43,0.00,WALLET
S0050410,C00644,P01037,ST044,2026-12-21 21:47:00,7,4170.74,0.15,COD
S0050411,C04573,P00885,ST034,2027-03-04 00:25:00,4,2276.62,0.05,CARD
S0050412,C03791,P00740,ST027,2026-10-26 04:19:00,7,10365.11,0.10,COD
S0050413,C02063,P00007,ST047,2026-10-02 07:03:00,8,8987.92,0.00,WALLET
S0050414,C03350,P00759,ST043,2027-04-01 06:58:00,2,2675.60,0.05,UPI
S0050415,C01446,P00825,ST035,2026-11-09 09:17:00,6,4481.95,0.10,NET_BANKING
S0050416,C03841,P00970,ST022,2027-03-25 04:45:00,2,11802.25,0.05,WALLET
S0050417,C04458,P00165,ST048,2026-12-26 16:59:00,3,14497.74,0.00,WALLET
S0050418,C00787,P00122,ST039,2026-11-16 17:13:00,7,9607.56,0.15,NET_BANKING
S0050419,C00690,P00826,ST003,2027-01-17 06:56:00,5,8287.08,0.10,UPI
S0050420,C00318,P00257,ST030,2027-01-30 13:15:00,2,14449.49,0.05,CARD
S0050421,C03711,P00975,ST032,2026-09-01 23:39:00,4,14210.52,0.15,COD
S0050422,C02645,P00590,ST049,2027-04-09 16:37:00,1,265.48,0.05,UPI
S0050423,C05466,P00079,ST007,2026-10-01 09:17:00,8,398.24,0.00,UPI
S0050424,C04596,P00287,ST033,2026-12-04 00:22:00,7,1326.71,0.15,CARD
S0050425,C00005,P00555,ST038,2027-03-06 09:18:00,1,3239.18,0.00,WALLET
S0050426,C01650,P01059,ST049,2027-02-16 16:51:00,5,3169.71,0.05,WALLET
S0050427,C02089,P00088,ST017,2027-02-03 17:18:00,1,8857.37,0.10,COD
S0050428,C05108,P00180,ST049,2027-02-13 23:50:00,1,12378.45,0.00,CARD
S0050429,C03765,P00948,ST028,2026-12-09 14:34:00,4,7783.05,0.05,WALLET
S0050430,C01739,P00271,ST005,2026-11-09 10:15:00,1,11702.78,0.05,CARD
S0050431,C04593,P00677,ST012,2027-02-20 03:08:00,1,9646.68,0.10,COD
S0050432,C00831,P00582,ST036,2027-02-25 12:02:00,5,3449.31,0.00,COD
S0050433,C02368,P00790,ST013,2027-03-06 09:06:00,1,14518.69,0.00,UPI
S0050434,C03723,P00943,ST033,2026-10-17 07:57:00,6,12935.87,0.05,WALLET
S0050435,C03454,P00290,ST018,2026-11-02 21:11:00,6,3515.83,0.10,NET_BANKING
S0050436,C01765,P00107,ST042,2027-02-05 00:37:00,3,7220.47,0.05,UPI
S0050437,C00245,P00926,ST006,2027-01-29 12:08:00,8,11337.89,0.15,WALLET
S0050438,C00871,P00029,ST009,2027-04-26 02:15:00,8,10510.24,0.10,WALLET
S0050439,C00266,P00176,ST010,2026-12-10 18:59:00,8,10058.14,0.15,CARD
S0050440,C02255,P00480,ST009,2027-02-24 09:53:00,7,2188.07,0.10,WALLET
S0050441,C04952,P00943,ST041,2027-05-08 09:44:00,2,12935.87,0.00,NET_BANKING
S0050442,C03334,P00234,ST018,2027-03-29 05:28:00,5,10659.34,0.10,WALLET
S0050443,C03303,P00200,ST018,2026-10-24 13:02:00,4,12660.04,0.15,NET_BANKING
S0050444,C03653,P01021,ST014,2027-02-13 16:00:00,5,842.53,0.00,NET_BANKING
S0050445,C03398,P01091,ST006,2026-11-01 07:31:00,5,4494.74,0.05,WALLET
S0050446,C05178,P01055,ST005,2027-01-14 15:35:00,5,3943.87,0.15,WALLET
S0050447,C02135,P00040,ST006,2027-04-09 01:19:00,4,1501.66,0.00,WALLET
S0050448,C01060,P00134,ST033,2027-01-18 20:14:00,7,9455.44,0.10,COD
S0050449,C00393,P00960,ST015,2027-02-14 06:34:00,8,6003.64,0.05,COD
S0050450,C02777,P00380,ST021,2026-12-07 17:33:00,1,10594.68,0.00,NET_BANKING
S0050451,C00880,P00192,ST027,2026-11-08 18:41:00,7,1641.73,0.15,NET_BANKING
S0050452,C05302,P01081,ST049,2026-09-03 05:04:00,7,441.25,0.15,WALLET
S0050453,C03838,P00820,ST037,2027-02-19 23:41:00,5,1994.37,0.10,UPI
S0050454,C00831,P00232,ST026,2026-10-07 22:22:00,7,10782.96,0.00,CARD
S0050455,C00435,P00373,ST044,2027-03-02 04:42:00,4,11139.22,0.00,NET_BANKING
S0050456,C03705,P00745,ST010,2026-12-16 12:09:00,6,11887.46,0.10,UPI
S0050457,C03798,P00338,ST017,2026-12-15 05:39:00,4,9729.31,0.15,COD
S0050458,C00813,P00849,ST041,2027-02-20 11:50:00,5,11840.46,0.15,NET_BANKING
S0050459,C02174,P01020,ST018,2027-01-08 21:10:00,3,3951.00,0.05,UPI
S0050460,C05415,P00374,ST016,2027-02-24 08:37:00,7,688.46,0.00,NET_BANKING
S0050461,C04482,P00017,ST034,2026-11-13 23:45:00,3,3528.42,0.00,WALLET
S0050462,C03505,P00969,ST018,2026-09-22 19:15:00,1,3154.51,0.10,WALLET
S0050463,C01712,P00200,ST023,2027-02-25 02:18:00,8,12660.04,0.00,NET_BANKING
S0050464,C04806,P00264,ST016,2027-02-04 19:45:00,6,3453.32,0.00,CARD
S0050465,C02829,P00062,ST036,2027-04-16 07:36:00,7,6290.18,0.05,COD
S0050466,C02497,P00018,ST016,2026-09-07 04:27:00,1,10580.36,0.10,CARD
S0050467,C02470,P00376,ST005,2027-03-26 20:56:00,6,6826.58,0.10,UPI
S0050468,C03365,P00594,ST015,2027-04-21 00:42:00,8,10755.95,0.00,COD
S0050469,C02436,P01083,ST023,2027-01-23 18:02:00,4,4266.63,0.05,UPI
S0050470,C02071,P00184,ST025,2027-02-06 01:17:00,6,8980.87,0.00,COD
S0050471,C02707,P00550,ST028,2027-03-08 11:06:00,8,1961.46,0.10,COD
S0050472,C03227,P00352,ST031,2027-04-04 15:15:00,6,13564.85,0.05,COD
S0050473,C00603,P01069,ST002,2026-09-11 08:27:00,6,516.70,0.00,CARD
S0050474,C00584,P00366,ST006,2026-09-22 02:09:00,1,13188.09,0.00,WALLET
S0050475,C02169,P00891,ST039,2027-04-27 01:53:00,2,2634.44,0.15,COD
S0050476,C01058,P00720,ST026,2026-10-14 00:05:00,7,4896.05,0.00,WALLET
S0050477,C01734,P00558,ST027,2027-04-29 18:23:00,4,2884.27,0.05,UPI
S0050478,C05260,P00113,ST023,2026-12-03 22:41:00,4,13315.47,0.10,WALLET
S0050479,C04108,P00909,ST021,2027-03-28 08:43:00,5,12153.06,0.15,COD
S0050480,C01663,P01094,ST030,2026-09-13 09:22:00,8,3744.26,0.00,CARD
S0050481,C02926,P00084,ST030,2026-11-04 07:08:00,3,9370.43,0.00,NET_BANKING
S0050482,C01815,P00329,ST014,2026-10-26 11:42:00,3,1364.47,0.00,NET_BANKING
S0050483,C03950,P00462,ST034,2026-11-23 14:46:00,1,3972.80,0.10,CARD
S0050484,C04931,P01020,ST025,2026-10-22 23:23:00,4,4323.32,0.05,WALLET
S0050485,C04436,P00401,ST041,2026-11-12 08:41:00,6,14612.89,0.00,CARD
S0050486,C02716,P01051,ST012,2027-04-18 08:11:00,4,4581.57,0.00,COD
S0050487,C01398,P00504,ST008,2026-12-31 00:06:00,5,6640.14,0.10,WALLET
S0050488,C01534,P00977,ST016,2027-03-19 06:49:00,3,12203.63,0.15,UPI
S0050489,C04611,P00311,ST023,2026-12-09 08:00:00,1,10510.03,0.00,UPI
S0050490,C05275,P00936,ST033,2026-09-25 11:49:00,1,4432.63,0.00,COD
S0050491,C00070,P01055,ST035,2027-01-28 18:08:00,1,2380.76,0.05,COD
S0050492,C02315,P01029,ST026,2026-11-28 15:16:00,3,2697.90,0.10,CARD
S0050493,C02120,P00908,ST041,2026-10-15 11:31:00,2,10685.50,0.00,WALLET
S0050494,C02974,P00378,ST010,2026-10-30 01:23:00,2,14078.19,0.10,WALLET
S0050495,C05235,P00622,ST002,2026-10-28 17:49:00,2,6264.75,0.15,UPI
S0050496,C01574,P00478,ST008,2026-09-29 04:53:00,3,1905.90,0.10,COD
S0050497,C03948,P00446,ST036,2027-04-14 23:23:00,1,14903.24,0.00,UPI
S0050498,C05273,P00648,ST028,2026-11-21 13:28:00,1,4120.80,0.00,UPI
S0050499,C02119,P00232,ST003,2027-01-20 00:45:00,3,10782.96,0.00,NET_BANKING
S0050500,C02548,P00844,ST012,2027-05-02 04:17:00,2,12073.09,0.00,UPI
S0050501,C04657,P00308,ST013,2026-12-25 23:35:00,7,8424.73,0.00,WALLET
S0050502,C04015,P00448,ST044,2026-11-10 07:23:00,1,9484.91,0.15,COD
S0050503,C00140,P01059,ST045,2026-09-01 02:51:00,2,4215.00,0.15,NET_BANKING
S0050504,C04760,P00304,ST019,2027-02-23 07:53:00,1,8379.11,0.10,NET_BANKING
S0050505,C04433,P00755,ST033,2026-09-21 17:02:00,6,13881.05,0.00,UPI
S0050506,C01212,P00811,ST005,2026-11-05 19:19:00,2,12059.60,0.00,COD
S0050507,C00944,P00542,ST013,2027-02-01 21:04:00,6,13862.55,0.10,UPI
S0050508,C02754,P01013,ST009,2027-05-01 16:22:00,3,1475.13,0.00,COD
S0050509,C01905,P00933,ST034,2027-04-17 14:47:00,4,7457.39,0.00,UPI
S0050510,C04894,P00058,ST008,2026-11-18 20:19:00,1,1589.53,0.00,UPI
S0050511,C00274,P00620,ST022,2027-01-22 15:18:00,4,1987.43,0.10,WALLET
S0050512,C02766,P01019,ST020,2027-05-02 18:22:00,5,412.59,0.15,UPI
S0050513,C02481,P00123,ST044,2026-11-04 18:55:00,8,4247.43,0.10,COD
S0050514,C02710,P00220,ST010,2027-03-25 22:53:00,3,3145.53,0.00,COD
S0050515,C04003,P00052,ST026,2026-10-15 23:31:00,5,6138.64,0.00,UPI
S0050516,C04506,P00640,ST003,2027-04-29 17:47:00,8,9013.79,0.00,COD
S0050517,C03559,P00086,ST041,2027-01-25 01:46:00,2,394.30,0.05,CARD
S0050518,C02998,P00248,ST030,2026-11-16 23:45:00,6,13778.23,0.00,COD
S0050519,C00379,P01083,ST044,2026-09-07 17:04:00,8,4444.06,0.00,UPI
S0050520,C01474,P00851,ST040,2027-03-02 02:19:00,6,10520.35,0.00,UPI
S0050521,C02758,P00169,ST045,2027-01-27 04:40:00,1,11639.94,0.10,CARD
S0050522,C03684,P00840,ST018,2027-05-06 21:19:00,3,4066.13,0.15,CARD
S0050523,C03932,P00705,ST005,2027-04-03 22:13:00,2,12535.43,0.00,UPI
S0050524,C00503,P00775,ST035,2026-12-19 05:56:00,5,7767.36,0.00,COD
S0050525,C05201,P00117,ST030,2026-12-05 21:37:00,6,9637.83,0.00,COD
S0050526,C04576,P00808,ST025,2026-09-24 11:37:00,3,2340.21,0.15,NET_BANKING
S0050527,C00167,P00841,ST028,2026-09-24 10:47:00,8,8077.31,0.05,NET_BANKING
S0050528,C02345,P00665,ST007,2027-05-18 00:04:00,5,13897.47,0.05,NET_BANKING
S0050529,C04986,P00208,ST016,2026-09-02 08:14:00,3,9299.51,0.10,COD
S0050530,C00143,P00565,ST018,2027-05-18 07:00:00,8,2663.33,0.10,NET_BANKING
S0050531,C02806,P00313,ST028,2027-01-23 23:27:00,7,7134.65,0.00,COD
S0050532,C02106,P00549,ST029,2026-09-30 19:31:00,5,8615.76,0.10,COD
S0050533,C05460,P00376,ST036,2026-11-24 12:44:00,5,6826.58,0.00,NET_BANKING
S0050534,C00369,P00732,ST005,2026-09-23 00:39:00,6,7048.14,0.15,NET_BANKING
S0050535,C01995,P00990,ST021,2026-12-02 13:43:00,1,1411.89,0.15,COD
S0050536,C05079,P00644,ST022,2027-05-10 05:38:00,8,8264.91,0.00,UPI
S0050537,C00997,P00054,ST011,2026-12-13 03:52:00,2,6510.78,0.10,NET_BANKING
S0050538,C04128,P00812,ST048,2026-10-24 10:47:00,6,13449.06,0.10,WALLET
S0050539,C03645,P00727,ST002,2027-02-28 14:27:00,2,12337.64,0.15,UPI
S0050540,C02031,P00704,ST043,2026-12-20 09:38:00,7,3700.74,0.10,UPI
S0050541,C00606,P00313,ST012,2027-03-21 17:36:00,3,7134.65,0.10,NET_BANKING
S0050542,C05315,P01095,ST012,2027-01-30 18:15:00,1,4965.40,0.00,WALLET
S0050543,C02778,P00359,ST026,2026-10-09 21:57:00,2,6112.49,0.15,NET_BANKING
S0050544,C00684,P00660,ST028,2027-05-02 00:24:00,1,7080.45,0.05,UPI
S0050545,C04419,P00227,ST005,2027-03-08 00:35:00,2,7877.11,0.05,COD
S0050546,C03164,P00189,ST029,2026-10-15 15:59:00,2,10563.30,0.05,CARD
S0050547,C05436,P01007,ST034,2027-01-03 14:58:00,3,1014.11,0.05,CARD
S0050548,C01957,P00893,ST020,2026-12-11 21:10:00,7,11968.39,0.10,COD
S0050549,C03116,P00849,ST031,2026-12-16 23:25:00,4,11840.46,0.00,UPI
S0050550,C02321,P00427,ST020,2027-01-10 10:13:00,4,7760.69,0.10,NET_BANKING
S0050551,C04347,P00772,ST024,2026-11-02 10:53:00,5,13512.62,0.00,WALLET
S0050552,C02125,P00463,ST006,2027-02-12 00:34:00,8,13244.30,0.10,COD
S0050553,C02372,P00722,ST003,2026-09-11 11:21:00,6,2303.35,0.10,CARD
S0050554,C05072,P00736,ST006,2027-01-19 12:07:00,3,10626.28,0.05,COD
S0050555,C04550,P00415,ST029,2026-10-16 16:48:00,2,3287.41,0.10,WALLET
S0050556,C00047,P00909,ST031,2027-02-18 14:13:00,2,12153.06,0.00,NET_BANKING
S0050557,C02446,P00611,ST004,2027-03-06 15:13:00,4,13074.44,0.00,WALLET
S0050558,C04269,P00332,ST050,2027-01-16 23:49:00,4,9532.30,0.10,UPI
S0050559,C00543,P00092,ST021,2026-11-09 08:58:00,7,8564.59,0.05,UPI
S0050560,C02465,P00295,ST011,2026-11-08 02:39:00,8,8088.40,0.10,NET_BANKING
S0050561,C04027,P00667,ST027,2026-11-09 09:47:00,4,14053.41,0.05,COD
S0050562,C02886,P00217,ST023,2027-05-06 12:57:00,5,10077.87,0.10,WALLET
S0050563,C04496,P00273,ST005,2026-10-13 04:52:00,6,1657.16,0.00,CARD
S0050564,C05487,P00746,ST045,2027-01-30 08:37:00,2,8367.69,0.05,COD
S0050565,C01441,P00176,ST042,2027-03-14 15:55:00,8,10058.14,0.15,NET_BANKING
S0050566,C00352,P00703,ST017,2026-11-19 04:04:00,6,578.72,0.10,NET_BANKING
S0050567,C03628,P00628,ST049,2026-12-22 05:53:00,8,11204.97,0.00,COD
S0050568,C00412,P00837,ST037,2027-03-14 14:18:00,3,11678.05,0.15,COD
S0050569,C03135,P00951,ST010,2026-10-06 00:57:00,3,6661.86,0.05,COD
S0050570,C01071,P00505,ST040,2027-05-06 13:19:00,8,13158.37,0.00,UPI
S0050571,C03836,P00999,ST046,2026-11-09 13:21:00,2,6110.48,0.00,WALLET
S0050572,C00490,P00977,ST044,2027-03-07 00:46:00,8,12203.63,0.05,CARD
S0050573,C04955,P00069,ST008,2026-10-02 15:02:00,1,2410.61,0.10,UPI
S0050574,C03109,P01015,ST019,2026-10-01 03:17:00,5,3013.52,0.05,CARD
S0050575,C00807,P00714,ST029,2026-11-18 01:20:00,1,12834.77,0.05,WALLET
S0050576,C01070,P00212,ST050,2027-05-02 11:19:00,8,13581.02,0.15,UPI
S0050577,C04424,P00904,ST047,2027-01-08 11:39:00,7,437.50,0.00,NET_BANKING
S0050578,C05475,P00539,ST030,2027-02-10 21:34:00,7,7157.77,0.00,CARD
S0050579,C00675,P01011,ST026,2026-09-23 19:01:00,1,165.97,0.15,CARD
S0050580,C00689,P00611,ST022,2027-01-01 20:49:00,7,13074.44,0.05,WALLET
S0050581,C02028,P00744,ST049,2027-03-14 10:18:00,6,3611.42,0.05,COD
S0050582,C02722,P00672,ST003,2027-05-11 18:21:00,4,7478.34,0.15,NET_BANKING
S0050583,C02222,P00899,ST003,2026-09-26 19:07:00,5,12008.75,0.00,UPI
S0050584,C00703,P00743,ST037,2027-03-29 03:49:00,3,11438.19,0.05,NET_BANKING
S0050585,C01795,P00002,ST035,2027-04-10 14:24:00,5,14309.77,0.00,COD
S0050586,C01045,P00865,ST025,2026-11-13 14:07:00,6,8660.01,0.10,NET_BANKING
S0050587,C02400,P00023,ST029,2027-01-04 01:24:00,1,8298.86,0.05,NET_BANKING
S0050588,C01666,P00491,ST042,2027-03-06 02:47:00,3,4754.80,0.05,NET_BANKING
S0050589,C04511,P00590,ST041,2027-01-25 02:18:00,6,265.48,0.00,UPI
S0050590,C00836,P00980,ST012,2026-10-23 00:18:00,3,8929.07,0.05,CARD
S0050591,C00072,P00950,ST031,2026-12-15 14:57:00,1,3458.38,0.05,COD
S0050592,C02513,P00734,ST033,2026-12-15 21:55:00,3,2368.19,0.00,COD
S0050593,C02713,P00801,ST023,2026-12-03 07:50:00,1,6852.19,0.05,CARD
S0050594,C00042,P00611,ST034,2027-02-26 01:02:00,4,13074.44,0.00,WALLET
S0050595,C01317,P00686,ST012,2026-11-15 18:38:00,2,1168.81,0.00,COD
S0050596,C04754,P00711,ST040,2027-04-24 19:51:00,1,6883.58,0.10,UPI
S0050597,C03802,P00401,ST008,2026-11-05 10:14:00,4,14612.89,0.05,UPI
S0050598,C02293,P00072,ST031,2027-02-10 04:52:00,6,2213.98,0.00,WALLET
S0050599,C04356,P00560,ST011,2026-10-21 13:45:00,7,9161.86,0.00,CARD
S0050600,C01490,P00861,ST035,2027-05-17 21:00:00,6,3963.47,0.00,COD
S0050601,C02434,P00446,ST005,2027-03-20 12:29:00,7,14903.24,0.00,UPI
S0050602,C03293,P00859,ST018,2026-11-04 01:47:00,1,4987.90,0.05,NET_BANKING
S0050603,C02775,P00453,ST006,2027-01-18 03:14:00,4,7401.19,0.15,WALLET
S0050604,C00405,P01095,ST022,2026-11-11 10:02:00,6,276.37,0.00,CARD
S0050605,C00174,P00736,ST027,2026-09-21 15:01:00,6,10626.28,0.05,NET_BANKING
S0050606,C01502,P00959,ST019,2026-12-04 09:01:00,1,9477.36,0.10,WALLET
S0050607,C00193,P00148,ST006,2026-10-11 17:07:00,3,4636.94,0.10,UPI
S0050608,C02070,P00858,ST019,2026-12-06 19:36:00,7,2715.82,0.15,UPI
S0050609,C01210,P00716,ST008,2026-11-17 21:20:00,3,3403.75,0.00,WALLET
S0050610,C01427,P00729,ST022,2027-04-30 12:52:00,8,5458.72,0.00,COD
S0050611,C02260,P00602,ST040,2026-10-06 03:51:00,6,10282.25,0.00,CARD
S0050612,C02839,P00788,ST040,2027-03-17 10:23:00,5,14058.06,0.10,CARD
S0050613,C00272,P00772,ST033,2027-01-06 02:04:00,4,13512.62,0.00,CARD
S0050614,C04041,P00603,ST032,2026-09-30 18:13:00,8,7723.35,0.05,UPI
S0050615,C04604,P00514,ST001,2027-04-03 00:45:00,2,14174.96,0.00,COD
S0050616,C02574,P00505,ST048,2026-12-04 19:39:00,2,13158.37,0.05,NET_BANKING
S0050617,C03494,P00383,ST007,2027-02-22 12:06:00,1,4193.79,0.15,UPI
S0050618,C05409,P00175,ST018,2027-01-14 17:56:00,1,14956.51,0.00,CARD
S0050619,C04615,P00011,ST034,2026-12-13 13:08:00,7,9660.40,0.15,UPI
S0050620,C03403,P00291,ST026,2026-11-06 10:01:00,7,3274.34,0.15,CARD
S0050621,C00740,P01006,ST038,2027-04-04 14:39:00,3,4577.06,0.10,COD
S0050622,C03922,P00714,ST034,2027-01-29 00:06:00,7,12834.77,0.15,UPI
S0050623,C00003,P01077,ST025,2026-12-21 22:07:00,4,378.21,0.05,COD
S0050624,C00850,P00667,ST003,2026-09-30 07:04:00,3,14053.41,0.05,WALLET
S0050625,C00769,P00855,ST044,2027-03-30 16:19:00,2,3531.06,0.00,UPI
S0050626,C00583,P00689,ST038,2026-12-27 04:00:00,3,1747.51,0.10,WALLET
S0050627,C02657,P00232,ST004,2026-10-29 15:11:00,2,10782.96,0.05,NET_BANKING
S0050628,C05372,P00797,ST042,2026-10-13 21:51:00,2,13199.71,0.00,UPI
S0050629,C00811,P00510,ST017,2027-05-18 23:43:00,7,8953.00,0.10,CARD
S0050630,C01230,P00674,ST035,2027-01-23 11:32:00,3,12623.07,0.15,COD
S0050631,C03689,P00350,ST004,2027-01-08 12:22:00,2,12905.92,0.00,WALLET
S0050632,C00662,P00576,ST048,2026-11-30 07:12:00,6,829.35,0.15,WALLET
S0050633,C00189,P00034,ST047,2027-01-18 14:47:00,8,14038.19,0.10,UPI
S0050634,C03404,P00600,ST021,2027-04-15 16:36:00,3,6476.74,0.00,COD
S0050635,C02260,P00588,ST008,2026-12-20 06:09:00,7,12949.54,0.00,CARD
S0050636,C01286,P00188,ST046,2027-03-12 21:09:00,5,6455.12,0.00,UPI
S0050637,C02631,P00323,ST011,2027-01-08 02:57:00,3,2608.20,0.10,COD
S0050638,C00136,P00664,ST021,2027-04-18 02:44:00,7,2596.83,0.15,WALLET
S0050639,C00840,P00180,ST025,2026-09-20 14:46:00,7,12378.45,0.15,UPI
S0050640,C00771,P01091,ST021,2027-01-24 15:21:00,5,4057.78,0.00,CARD
S0050641,C00559,P00737,ST008,2026-11-26 14:53:00,8,69.58,0.10,WALLET
S0050642,C01795,P00337,ST023,2026-12-27 10:57:00,4,14544.49,0.10,NET_BANKING
S0050643,C01292,P01008,ST035,2026-12-13 08:31:00,6,4458.92,0.15,UPI
S0050644,C05397,P00018,ST017,2027-02-22 07:18:00,5,10580.36,0.10,COD
S0050645,C04615,P00500,ST049,2027-03-16 10:08:00,6,13885.62,0.00,UPI
S0050646,C02722,P00166,ST019,2026-12-31 16:12:00,1,8032.81,0.00,WALLET
S0050647,C02806,P00976,ST034,2027-02-07 23:49:00,4,3815.57,0.05,UPI
S0050648,C03727,P00899,ST026,2026-10-25 06:08:00,4,12008.75,0.10,UPI
S0050649,C03817,P00252,ST045,2026-12-18 07:24:00,3,10612.68,0.10,COD
S0050650,C03176,P00694,ST020,2026-10-18 05:50:00,6,11037.40,0.15,WALLET
S0050651,C02222,P00815,ST044,2027-02-02 12:26:00,2,9553.20,0.00,COD
S0050652,C05439,P00375,ST025,2026-12-29 13:01:00,2,8641.01,0.00,CARD
S0050653,C04094,P00872,ST014,2027-05-14 04:46:00,1,6939.07,0.00,UPI
S0050654,C01160,P00874,ST029,2027-03-27 04:09:00,1,13474.71,0.15,COD
S0050655,C02517,P00518,ST003,2026-12-28 10:30:00,3,7226.67,0.00,UPI
S0050656,C05325,P01051,ST001,2027-05-12 22:11:00,6,3301.89,0.10,UPI
S0050657,C02798,P01083,ST041,2027-01-10 01:19:00,5,4428.90,0.05,CARD
S0050658,C02276,P00349,ST006,2026-12-04 08:56:00,1,4491.15,0.05,CARD
S0050659,C04260,P00905,ST043,2027-02-13 22:16:00,8,7562.39,0.10,COD
S0050660,C04518,P00733,ST016,2026-10-14 17:02:00,5,7733.54,0.15,COD
S0050661,C04811,P00033,ST030,2026-09-12 23:41:00,6,11598.07,0.15,NET_BANKING
S0050662,C01771,P00337,ST046,2027-03-28 02:28:00,3,14544.49,0.15,CARD
S0050663,C03817,P00649,ST034,2026-12-01 20:18:00,8,9552.52,0.15,NET_BANKING
S0050664,C03341,P00712,ST013,2027-01-17 14:41:00,4,2775.71,0.10,CARD
S0050665,C04408,P00356,ST035,2026-09-18 13:28:00,8,6310.49,0.00,CARD
S0050666,C05480,P00667,ST026,2027-03-18 14:24:00,3,14053.41,0.00,WALLET
S0050667,C04399,P00350,ST005,2027-03-02 22:00:00,6,12905.92,0.05,CARD
S0050668,C00044,P00401,ST036,2027-02-25 14:05:00,4,14612.89,0.10,COD
S0050669,C03792,P00251,ST028,2026-11-15 22:04:00,8,1347.37,0.15,COD
S0050670,C00951,P00738,ST018,2026-10-23 22:07:00,6,14125.52,0.15,COD
S0050671,C03890,P00611,ST008,2026-09-09 02:03:00,2,13074.44,0.00,CARD
S0050672,C03298,P00549,ST036,2026-10-28 08:21:00,1,8615.76,0.05,UPI
S0050673,C00141,P01043,ST047,2027-02-01 18:33:00,3,4632.62,0.15,CARD
S0050674,C01449,P00073,ST044,2026-12-30 09:17:00,7,13519.47,0.05,NET_BANKING
S0050675,C04481,P00703,ST035,2026-10-23 21:02:00,6,578.72,0.10,NET_BANKING
S0050676,C02683,P00752,ST026,2026-09-04 03:57:00,3,10993.54,0.15,WALLET
S0050677,C02384,P00408,ST036,2027-04-23 05:42:00,4,61.60,0.00,CARD
S0050678,C04672,P00998,ST034,2027-04-13 06:00:00,7,2576.28,0.00,CARD
S0050679,C05119,P00073,ST043,2026-10-14 08:06:00,1,13519.47,0.15,CARD
S0050680,C00722,P00956,ST014,2027-03-27 21:55:00,8,1818.03,0.00,WALLET
S0050681,C05180,P01091,ST002,2027-02-24 14:28:00,5,4992.43,0.10,COD
S0050682,C04312,P00003,ST033,2027-02-06 08:26:00,6,9487.90,0.00,COD
S0050683,C01983,P00060,ST005,2027-03-03 11:10:00,8,13328.41,0.05,UPI
S0050684,C00889,P00275,ST018,2027-01-14 14:42:00,1,6304.00,0.00,COD
S0050685,C03015,P00615,ST040,2027-03-01 06:05:00,4,5873.54,0.00,UPI
S0050686,C04156,P00783,ST044,2026-09-20 07:41:00,7,1108.76,0.10,WALLET
S0050687,C01142,P01076,ST030,2027-05-11 22:01:00,7,1178.18,0.00,WALLET
S0050688,C02266,P00690,ST002,2026-09-05 19:00:00,2,4018.76,0.15,UPI
S0050689,C03976,P00320,ST048,2026-10-01 10:38:00,2,7970.92,0.10,CARD
S0050690,C00294,P00173,ST015,2026-11-01 10:57:00,8,2556.28,0.00,CARD
S0050691,C00468,P00633,ST040,2026-10-09 10:26:00,6,8834.04,0.10,UPI
S0050692,C01687,P00316,ST012,2027-04-26 10:22:00,2,4896.51,0.10,CARD
S0050693,C03345,P01076,ST017,2027-03-23 15:11:00,7,1199.53,0.00,CARD
S0050694,C01986,P01009,ST004,2026-12-24 21:33:00,2,1774.80,0.00,CARD
S0050695,C04397,P00673,ST012,2026-11-16 18:37:00,7,7917.40,0.05,NET_BANKING
S0050696,C03310,P00062,ST048,2026-11-24 09:43:00,8,6290.18,0.05,WALLET
S0050697,C04534,P00096,ST045,2027-04-02 00:14:00,1,891.62,0.00,WALLET
S0050698,C05498,P00270,ST043,2026-10-01 03:44:00,8,12684.63,0.10,NET_BANKING
S0050699,C00649,P00496,ST040,2026-12-03 01:46:00,1,3469.95,0.00,UPI
S0050700,C04913,P00889,ST037,2027-03-03 22:13:00,1,10263.87,0.10,CARD
S0050701,C00274,P00652,ST022,2026-09-06 16:52:00,6,7213.51,0.00,COD
S0050702,C03606,P00422,ST019,2026-12-25 08:42:00,4,8067.73,0.05,CARD
S0050703,C00565,P01016,ST029,2026-09-09 08:51:00,4,2497.91,0.00,CARD
S0050704,C04166,P01093,ST023,2027-01-18 02:33:00,8,4161.51,0.00,UPI
S0050705,C01797,P00879,ST047,2027-02-24 21:40:00,7,5207.36,0.15,NET_BANKING
S0050706,C03305,P00270,ST023,2027-03-16 15:27:00,5,12684.63,0.00,COD
S0050707,C02662,P00554,ST040,2027-02-20 00:55:00,8,14870.16,0.10,COD
S0050708,C01598,P00608,ST037,2027-01-09 06:17:00,2,4112.16,0.05,UPI
S0050709,C00671,P00780,ST013,2026-10-02 06:30:00,7,5639.59,0.00,COD
S0050710,C01770,P00146,ST017,2027-03-02 21:06:00,7,1016.88,0.10,COD
S0050711,C03672,P00211,ST017,2026-12-02 08:46:00,3,1685.16,0.10,NET_BANKING
S0050712,C03890,P00477,ST032,2027-04-23 15:33:00,6,3992.23,0.15,COD
S0050713,C02943,P00220,ST029,2026-11-09 22:22:00,1,3145.53,0.15,COD
S0050714,C00557,P00503,ST026,2026-12-14 17:02:00,3,5972.66,0.05,COD
S0050715,C03773,P00647,ST006,2026-12-30 10:22:00,5,8946.93,0.10,WALLET
S0050716,C04978,P00043,ST023,2027-02-04 11:22:00,5,3923.78,0.10,UPI
S0050717,C02249,P00531,ST002,2026-09-11 04:44:00,3,137.66,0.10,COD
S0050718,C00983,P00679,ST035,2027-01-27 00:39:00,4,10688.41,0.15,NET_BANKING
S0050719,C02969,P01072,ST046,2026-11-03 07:10:00,3,4076.13,0.10,WALLET
S0050720,C04887,P00109,ST031,2027-01-28 04:47:00,7,9560.87,0.00,UPI
S0050721,C00501,P00623,ST022,2027-03-02 16:59:00,5,2478.31,0.15,NET_BANKING
S0050722,C04378,P01069,ST012,2026-10-09 03:12:00,3,308.22,0.10,COD
S0050723,C05265,P00244,ST037,2027-05-13 07:35:00,4,12653.48,0.10,NET_BANKING
S0050724,C05054,P00954,ST038,2026-11-04 20:08:00,5,8183.55,0.15,UPI
S0050725,C00698,P01098,ST036,2026-09-04 21:38:00,7,4038.79,0.10,CARD
S0050726,C02831,P00647,ST008,2026-09-20 21:07:00,8,8946.93,0.10,COD
S0050727,C05255,P00552,ST041,2027-01-22 00:01:00,2,14232.88,0.00,NET_BANKING
S0050728,C01371,P00520,ST015,2027-01-11 15:02:00,1,9276.97,0.05,NET_BANKING
S0050729,C01936,P00050,ST019,2026-11-04 03:29:00,5,930.35,0.00,WALLET
S0050730,C00621,P00704,ST033,2027-05-01 09:38:00,1,3700.74,0.05,NET_BANKING
S0050731,C04068,P00253,ST029,2026-12-02 10:25:00,6,12129.99,0.05,UPI
S0050732,C04157,P00422,ST040,2027-03-01 05:06:00,5,8067.73,0.00,UPI
S0050733,C02046,P01038,ST048,2027-03-25 12:37:00,8,4351.58,0.15,CARD
S0050734,C02519,P00260,ST016,2026-12-25 14:16:00,3,11471.26,0.10,COD
S0050735,C04385,P00196,ST038,2026-11-06 16:09:00,3,10921.34,0.10,UPI
S0050736,C02906,P00226,ST043,2026-12-16 11:04:00,2,14378.99,0.15,CARD
S0050737,C05225,P00616,ST038,2027-01-15 18:20:00,5,114.05,0.10,NET_BANKING
S0050738,C05309,P00002,ST003,2027-02-27 15:18:00,7,14309.77,0.15,UPI
S0050739,C01658,P00011,ST020,2026-09-21 09:40:00,1,9660.40,0.00,NET_BANKING
S0050740,C03496,P00418,ST031,2026-09-09 10:55:00,5,7868.89,0.00,WALLET
S0050741,C00531,P00559,ST025,2027-05-11 16:45:00,1,9132.88,0.05,CARD
S0050742,C05327,P00957,ST006,2026-09-27 03:35:00,6,13167.89,0.15,COD
S0050743,C02516,P00540,ST025,2026-12-22 13:42:00,1,8768.71,0.00,WALLET
S0050744,C00680,P00671,ST038,2027-03-13 03:47:00,1,12833.33,0.15,NET_BANKING
S0050745,C04838,P00008,ST029,2027-01-20 06:13:00,2,1347.12,0.05,UPI
S0050746,C00405,P00193,ST007,2026-11-19 23:51:00,1,754.57,0.05,COD
S0050747,C02236,P00937,ST028,2027-01-03 17:30:00,3,2930.83,0.05,UPI
S0050748,C04973,P00423,ST029,2026-11-09 23:42:00,1,562.41,0.00,WALLET
S0050749,C02327,P00022,ST017,2027-02-20 06:39:00,3,4659.49,0.00,COD
S0050750,C02653,P00602,ST010,2027-02-06 15:12:00,3,10282.25,0.10,NET_BANKING
S0050751,C04838,P00563,ST017,2026-09-14 23:15:00,6,2736.29,0.00,UPI
S0050752,C04108,P00675,ST036,2026-11-11 04:39:00,6,10065.36,0.05,UPI
S0050753,C00504,P01035,ST046,2026-11-13 18:57:00,3,316.91,0.15,COD
S0050754,C00623,P00800,ST043,2027-01-18 07:14:00,2,14143.96,0.00,NET_BANKING
S0050755,C05044,P00096,ST036,2026-10-16 07:22:00,6,891.62,0.00,WALLET
S0050756,C03830,P00571,ST044,2027-03-19 01:13:00,6,4671.20,0.00,COD
S0050757,C01750,P00007,ST040,2026-10-27 01:42:00,3,8987.92,0.15,WALLET
S0050758,C01457,P00764,ST022,2027-04-20 02:03:00,4,2546.62,0.15,WALLET
S0050759,C04975,P00885,ST040,2026-09-25 10:32:00,4,2276.62,0.00,CARD
S0050760,C03266,P00155,ST028,2027-04-15 10:12:00,6,7087.72,0.10,CARD
S0050761,C01503,P00403,ST019,2026-12-01 21:53:00,5,6512.03,0.00,WALLET
S0050762,C01254,P00390,ST029,2026-11-11 23:28:00,8,5645.91,0.00,NET_BANKING
S0050763,C01257,P00670,ST019,2027-04-24 12:00:00,3,12195.01,0.10,COD
S0050764,C03420,P00377,ST009,2027-02-17 08:32:00,6,7573.41,0.00,CARD
S0050765,C00519,P00120,ST042,2026-10-10 14:53:00,4,2796.10,0.00,NET_BANKING
S0050766,C04445,P00218,ST011,2027-01-14 15:03:00,2,7857.30,0.05,CARD
S0050767,C00679,P00824,ST011,2026-12-02 21:24:00,2,5681.80,0.05,UPI
S0050768,C01384,P00132,ST044,2026-10-21 03:55:00,3,661.50,0.00,WALLET
S0050769,C02364,P00606,ST050,2027-05-05 16:17:00,3,2062.87,0.05,NET_BANKING
S0050770,C02025,P00432,ST045,2027-04-08 12:38:00,6,578.01,0.05,NET_BANKING
S0050771,C01358,P00215,ST031,2027-03-02 03:16:00,4,3285.00,0.15,UPI
S0050772,C03559,P00988,ST027,2026-11-01 22:41:00,6,6169.02,0.00,COD
S0050773,C01519,P00222,ST012,2026-09-16 19:15:00,4,10998.10,0.05,CARD
S0050774,C01283,P00214,ST027,2026-10-13 07:52:00,3,8311.62,0.00,CARD
S0050775,C05391,P00835,ST018,2027-04-30 04:42:00,4,14703.43,0.10,NET_BANKING
S0050776,C04939,P00202,ST035,2026-10-29 23:53:00,6,13459.06,0.10,CARD
S0050777,C01403,P00991,ST041,2026-10-19 18:54:00,3,240.75,0.05,UPI
S0050778,C05051,P00468,ST045,2027-03-09 21:37:00,3,2151.00,0.00,CARD
S0050779,C05157,P00465,ST035,2027-03-17 04:12:00,1,2736.41,0.10,NET_BANKING
S0050780,C00305,P00982,ST016,2027-04-11 02:46:00,3,1313.93,0.00,NET_BANKING
S0050781,C00011,P00763,ST005,2027-05-14 11:19:00,5,4853.30,0.05,UPI
S0050782,C05155,P00490,ST007,2026-12-08 17:31:00,2,3009.09,0.05,COD
S0050783,C03049,P00236,ST021,2027-01-01 22:01:00,2,10256.02,0.05,COD
S0050784,C01438,P00474,ST040,2027-02-02 12:02:00,2,2329.87,0.10,COD
S0050785,C01993,P00149,ST005,2027-05-16 12:08:00,5,6470.19,0.05,UPI
S0050786,C05471,P00687,ST034,2026-10-30 15:20:00,5,10669.90,0.05,WALLET
S0050787,C00661,P00789,ST034,2026-11-06 03:52:00,7,2259.56,0.00,WALLET
S0050788,C00056,P00443,ST028,2027-05-03 18:31:00,4,10115.80,0.00,COD
S0050789,C02343,P00272,ST003,2027-02-20 00:52:00,1,13352.08,0.15,NET_BANKING
S0050790,C01906,P00468,ST019,2026-11-16 18:44:00,2,2151.00,0.10,WALLET
S0050791,C03218,P00950,ST017,2027-03-12 09:35:00,7,3458.38,0.00,UPI
S0050792,C01698,P00676,ST048,2027-03-19 05:40:00,8,13208.41,0.05,CARD
S0050793,C00705,P00809,ST028,2027-04-17 12:45:00,5,7203.83,0.00,UPI
S0050794,C03436,P00375,ST024,2027-04-24 02:24:00,3,8641.01,0.00,UPI
S0050795,C03578,P00087,ST021,2026-11-27 20:07:00,4,2943.27,0.05,COD
S0050796,C02760,P00802,ST025,2027-01-24 15:44:00,1,4433.25,0.10,COD
S0050797,C02070,P00846,ST031,2027-04-21 23:40:00,5,5378.97,0.15,COD
S0050798,C04578,P00866,ST011,2027-02-05 20:16:00,4,7507.05,0.15,COD
S0050799,C02976,P00060,ST008,2027-03-20 06:51:00,4,13328.41,0.15,COD
S0050800,C01186,P00900,ST019,2027-04-11 10:30:00,5,10665.28,0.15,NET_BANKING
S0050801,C02994,P00495,ST012,2027-02-14 23:33:00,8,105.46,0.00,NET_BANKING
S0050802,C05377,P00683,ST050,2027-03-07 20:16:00,1,6906.08,0.00,CARD
S0050803,C03806,P00921,ST049,2026-11-19 00:22:00,5,10747.60,0.15,NET_BANKING
S0050804,C00754,P00275,ST034,2026-10-27 10:33:00,5,6304.00,0.00,COD
S0050805,C00305,P00641,ST003,2027-04-03 23:16:00,2,6765.73,0.10,UPI
S0050806,C00827,P00865,ST006,2026-10-27 11:29:00,2,8660.01,0.00,NET_BANKING
S0050807,C01219,P00428,ST033,2026-09-17 10:56:00,2,11541.27,0.15,WALLET
S0050808,C03222,P00992,ST029,2027-02-09 21:12:00,5,9363.29,0.05,NET_BANKING
S0050809,C02234,P00507,ST027,2027-05-06 01:50:00,5,13477.84,0.15,CARD
S0050810,C00442,P00201,ST048,2027-04-29 20:03:00,3,7729.31,0.00,UPI
S0050811,C04461,P00343,ST042,2027-05-11 16:41:00,6,4575.42,0.15,UPI
S0050812,C04519,P00431,ST002,2027-03-05 22:00:00,5,13380.90,0.00,UPI
S0050813,C04779,P00887,ST018,2026-12-14 14:40:00,7,6975.28,0.00,COD
S0050814,C03028,P00536,ST028,2026-11-03 05:09:00,6,8908.32,0.10,NET_BANKING
S0050815,C01306,P00291,ST015,2027-03-10 10:56:00,2,3274.34,0.10,CARD
S0050816,C00134,P00705,ST004,2027-04-16 01:22:00,6,12535.43,0.00,CARD
S0050817,C02910,P00180,ST003,2027-03-09 16:35:00,8,12378.45,0.15,UPI
S0050818,C00736,P00569,ST003,2027-01-10 12:20:00,6,11413.80,0.15,UPI
S0050819,C01583,P00490,ST034,2027-01-06 23:17:00,4,3009.09,0.00,UPI
S0050820,C01959,P00754,ST035,2027-05-07 18:12:00,4,4946.47,0.15,COD
S0050821,C02695,P00331,ST048,2027-04-07 17:59:00,2,9971.71,0.00,COD
S0050822,C00539,P00016,ST015,2027-01-17 01:53:00,1,9646.46,0.00,NET_BANKING
S0050823,C00964,P00646,ST013,2027-01-08 02:03:00,4,1788.47,0.00,COD
S0050824,C03857,P00286,ST034,2027-03-26 19:25:00,6,2796.88,0.15,CARD
S0050825,C03768,P00663,ST039,2027-05-05 12:03:00,5,4192.70,0.00,UPI
S0050826,C00220,P00888,ST019,2027-02-01 09:28:00,8,2165.37,0.00,WALLET
S0050827,C03604,P00739,ST023,2026-11-27 19:52:00,5,5997.32,0.15,COD
S0050828,C03108,P00043,ST014,2027-03-22 18:04:00,5,3923.78,0.05,COD
S0050829,C02798,P00343,ST034,2026-10-25 15:43:00,2,4575.42,0.05,COD
S0050830,C05201,P00805,ST049,2027-05-11 07:15:00,3,14921.08,0.05,WALLET
S0050831,C01006,P00258,ST033,2027-03-21 18:41:00,6,9537.16,0.15,UPI
S0050832,C03280,P00965,ST040,2026-11-16 22:11:00,4,14887.52,0.00,CARD
S0050833,C01932,P00776,ST002,2027-03-07 17:57:00,2,571.16,0.05,UPI
S0050834,C03560,P00751,ST005,2026-10-31 06:08:00,7,4310.47,0.10,COD
S0050835,C01117,P00993,ST011,2026-10-03 11:25:00,8,11078.12,0.05,CARD
S0050836,C04598,P00326,ST028,2027-03-29 14:12:00,2,13983.47,0.00,UPI
S0050837,C01247,P00837,ST031,2027-03-25 13:14:00,5,11678.05,0.00,COD
S0050838,C04501,P00768,ST019,2027-02-25 03:50:00,1,11814.22,0.00,WALLET
S0050839,C03427,P00614,ST048,2026-09-19 09:34:00,4,71.45,0.00,NET_BANKING
S0050840,C04703,P00597,ST030,2026-12-01 18:34:00,7,148.42,0.00,WALLET
S0050841,C01059,P00864,ST013,2027-02-03 21:42:00,4,934.40,0.05,UPI
S0050842,C04997,P00986,ST035,2026-10-24 20:05:00,3,6941.31,0.00,NET_BANKING
S0050843,C04969,P00520,ST047,2027-02-17 04:45:00,1,9276.97,0.05,COD
S0050844,C02371,P00582,ST024,2026-12-20 21:34:00,5,3449.31,0.00,WALLET
S0050845,C02928,P00316,ST014,2026-10-31 21:49:00,2,4896.51,0.05,WALLET
S0050846,C01597,P00471,ST017,2027-01-07 20:36:00,6,8186.09,0.15,CARD
S0050847,C02804,P00288,ST031,2027-03-23 16:45:00,1,8330.78,0.15,COD
S0050848,C00769,P01082,ST009,2026-09-13 05:34:00,6,1760.50,0.10,UPI
S0050849,C05456,P00507,ST036,2027-02-09 05:44:00,8,13477.84,0.10,UPI
S0050850,C00327,P00808,ST031,2026-10-07 12:10:00,4,2340.21,0.15,WALLET
S0050851,C00628,P00672,ST029,2027-02-19 14:28:00,6,7478.34,0.00,CARD
S0050852,C04227,P00698,ST021,2027-02-07 15:50:00,2,4891.44,0.00,COD
S0050853,C01302,P01081,ST024,2026-11-06 14:00:00,1,4288.25,0.15,COD
S0050854,C04426,P00357,ST018,2026-11-29 10:10:00,3,4341.85,0.15,NET_BANKING
S0050855,C05091,P00466,ST012,2027-03-30 21:26:00,4,4444.00,0.00,UPI
S0050856,C02333,P00168,ST048,2026-10-16 19:36:00,1,5532.44,0.05,CARD
S0050857,C04268,P00955,ST040,2026-10-24 20:21:00,1,5719.71,0.10,WALLET
S0050858,C02405,P00085,ST042,2027-01-10 21:01:00,3,14386.77,0.05,UPI
S0050859,C02063,P00559,ST041,2026-09-29 04:42:00,3,9132.88,0.05,NET_BANKING
S0050860,C02255,P00341,ST034,2027-05-08 19:26:00,3,12040.98,0.10,CARD
S0050861,C03844,P00814,ST023,2027-02-06 23:29:00,2,1576.96,0.05,UPI
S0050862,C04970,P00222,ST049,2026-12-24 07:23:00,3,10998.10,0.05,WALLET
S0050863,C02929,P00317,ST006,2027-05-13 09:56:00,2,4717.68,0.10,WALLET
S0050864,C02854,P00521,ST001,2027-01-23 23:05:00,5,6093.07,0.10,UPI
S0050865,C00465,P01000,ST014,2027-04-11 04:16:00,1,3161.37,0.00,COD
S0050866,C03761,P00130,ST032,2027-03-13 09:22:00,6,1609.69,0.05,UPI
S0050867,C03645,P01018,ST023,2027-01-01 09:45:00,6,4078.06,0.05,COD
S0050868,C04022,P00909,ST012,2027-04-19 08:22:00,8,12153.06,0.05,COD
S0050869,C00184,P00404,ST016,2026-11-27 11:04:00,8,2015.34,0.00,NET_BANKING
S0050870,C04666,P00706,ST006,2026-11-07 23:16:00,1,2797.24,0.15,WALLET
S0050871,C03117,P00481,ST038,2027-03-27 10:34:00,1,10052.76,0.00,WALLET
S0050872,C02145,P00733,ST013,2026-09-23 12:47:00,6,7733.54,0.00,WALLET
S0050873,C02933,P00120,ST011,2027-01-26 14:04:00,7,2796.10,0.10,UPI
S0050874,C04850,P00426,ST047,2027-05-17 08:30:00,6,6898.62,0.05,CARD
S0050875,C02309,P00692,ST007,2027-01-12 10:46:00,4,3776.76,0.10,NET_BANKING
S0050876,C02748,P00983,ST030,2026-11-02 01:27:00,8,14539.34,0.10,CARD
S0050877,C04092,P01049,ST048,2026-12-17 02:21:00,8,1289.35,0.00,COD
S0050878,C01385,P00612,ST024,2026-11-09 13:51:00,2,12611.50,0.05,WALLET
S0050879,C04883,P00678,ST016,2026-12-28 23:39:00,3,5849.17,0.00,NET_BANKING
S0050880,C02652,P00429,ST018,2026-12-17 03:28:00,4,8780.62,0.05,CARD
S0050881,C04928,P00631,ST040,2026-12-16 22:11:00,5,2764.58,0.00,CARD
S0050882,C00513,P00774,ST021,2027-02-07 00:27:00,2,12009.08,0.10,CARD
S0050883,C04999,P00486,ST017,2026-10-02 19:56:00,2,10044.32,0.10,NET_BANKING
S0050884,C03149,P00399,ST012,2027-01-03 10:41:00,6,12674.98,0.00,NET_BANKING
S0050885,C03599,P00822,ST019,2027-02-23 09:04:00,8,11979.30,0.00,COD
S0050886,C03356,P01049,ST037,2026-12-08 22:14:00,5,675.77,0.05,WALLET
S0050887,C03059,P00186,ST036,2027-04-07 16:12:00,1,5509.22,0.10,NET_BANKING
S0050888,C01771,P00001,ST019,2027-01-12 17:53:00,1,14748.70,0.00,UPI
S0050889,C02251,P00803,ST017,2027-03-01 11:42:00,1,4458.92,0.10,NET_BANKING
S0050890,C01066,P00677,ST019,2027-05-16 14:50:00,4,9646.68,0.00,WALLET
S0050891,C02934,P00676,ST035,2026-09-15 10:19:00,1,13208.41,0.00,NET_BANKING
S0050892,C00877,P00738,ST049,2027-04-25 11:34:00,2,14125.52,0.00,COD
S0050893,C01395,P00944,ST025,2026-09-24 05:43:00,8,13637.69,0.00,CARD
S0050894,C05349,P00534,ST035,2026-09-03 02:17:00,3,5928.36,0.00,CARD
S0050895,C02395,P00602,ST027,2027-05-12 04:20:00,4,10282.25,0.10,COD
S0050896,C02754,P00324,ST016,2027-03-16 11:51:00,6,2603.61,0.05,UPI
S0050897,C02841,P00127,ST022,2026-12-02 16:45:00,8,11914.83,0.00,CARD
S0050898,C02256,P00222,ST023,2026-10-29 11:25:00,3,10998.10,0.00,NET_BANKING
S0050899,C04535,P00936,ST045,2027-01-29 13:02:00,7,4432.63,0.00,NET_BANKING
S0050900,C02694,P00744,ST035,2026-10-17 09:42:00,5,3611.42,0.00,COD
S0050901,C05386,P00252,ST030,2026-10-04 02:56:00,3,10612.68,0.05,CARD
S0050902,C04826,P00965,ST012,2026-10-09 04:14:00,3,14887.52,0.10,NET_BANKING
S0050903,C00662,P00215,ST035,2027-01-28 21:39:00,6,3285.00,0.05,WALLET
S0050904,C00247,P00269,ST015,2027-05-15 18:21:00,8,1436.31,0.15,WALLET
S0050905,C02293,P00624,ST030,2027-03-17 22:13:00,7,10459.90,0.00,WALLET
S0050906,C02380,P01001,ST048,2027-04-13 03:07:00,7,1391.27,0.10,UPI
S0050907,C01877,P00577,ST021,2027-04-05 02:15:00,7,286.38,0.10,CARD
S0050908,C00945,P00558,ST033,2027-01-22 08:32:00,3,2884.27,0.05,CARD
S0050909,C04784,P00206,ST043,2026-12-29 21:54:00,6,12086.30,0.00,CARD
S0050910,C00936,P00496,ST003,2026-12-08 04:14:00,7,3469.95,0.05,COD
S0050911,C00404,P00186,ST039,2026-11-27 15:26:00,2,5509.22,0.00,COD
S0050912,C02235,P00586,ST041,2027-02-14 21:41:00,7,3287.74,0.15,UPI
S0050913,C04917,P00150,ST034,2027-03-10 09:28:00,7,10110.81,0.00,CARD
S0050914,C01120,P00583,ST006,2027-01-24 18:52:00,1,5417.09,0.00,NET_BANKING
S0050915,C01741,P00552,ST009,2026-09-05 17:41:00,1,14232.88,0.00,CARD
S0050916,C03446,P00861,ST029,2027-02-05 02:10:00,3,3963.47,0.10,WALLET
S0050917,C00500,P00953,ST023,2026-09-06 17:07:00,8,11654.98,0.15,WALLET
S0050918,C04027,P00108,ST035,2027-04-28 21:24:00,4,8643.88,0.15,WALLET
S0050919,C05105,P01026,ST031,2027-02-02 00:28:00,8,3971.41,0.05,WALLET
S0050920,C04808,P00868,ST019,2027-02-10 07:46:00,3,14973.26,0.00,WALLET
S0050921,C01335,P00274,ST030,2027-03-22 21:38:00,6,13222.64,0.10,COD
S0050922,C03687,P00045,ST020,2026-09-02 22:17:00,2,3670.33,0.15,WALLET
S0050923,C05301,P00728,ST011,2027-02-09 13:07:00,6,2376.69,0.05,WALLET
S0050924,C03718,P00545,ST011,2027-04-26 08:08:00,2,2928.27,0.10,UPI
S0050925,C01510,P00255,ST029,2027-05-16 18:50:00,6,6191.54,0.00,NET_BANKING
S0050926,C00264,P00434,ST036,2027-01-03 00:44:00,2,11454.78,0.15,UPI
S0050927,C02297,P00478,ST049,2026-11-24 01:13:00,3,1905.90,0.00,NET_BANKING
S0050928,C05433,P00604,ST028,2027-03-22 20:19:00,8,3876.20,0.00,NET_BANKING
S0050929,C04111,P00869,ST009,2027-04-11 23:39:00,1,5521.33,0.00,NET_BANKING
S0050930,C02576,P00299,ST022,2026-10-06 21:30:00,6,4344.66,0.10,UPI
S0050931,C02691,P00935,ST029,2026-10-31 06:15:00,4,12673.48,0.00,NET_BANKING
S0050932,C04777,P00266,ST022,2027-04-04 14:11:00,4,13447.25,0.05,COD
S0050933,C03985,P00893,ST032,2026-09-26 07:38:00,6,11968.39,0.10,COD
S0050934,C03089,P00802,ST040,2026-10-18 08:26:00,1,4433.25,0.00,COD
S0050935,C05444,P00951,ST020,2027-03-07 07:18:00,4,6661.86,0.15,NET_BANKING
S0050936,C00803,P00605,ST017,2027-02-22 21:09:00,6,10366.72,0.10,NET_BANKING
S0050937,C03991,P00591,ST033,2027-02-02 02:12:00,3,11159.58,0.15,WALLET
S0050938,C01161,P00282,ST021,2027-04-05 21:31:00,6,11737.73,0.00,NET_BANKING
S0050939,C01330,P00867,ST047,2026-10-20 17:56:00,5,5370.01,0.10,NET_BANKING
S0050940,C03103,P00231,ST001,2026-12-16 02:36:00,6,4512.73,0.05,COD
S0050941,C02744,P00430,ST009,2026-11-03 13:48:00,5,5232.86,0.15,CARD
S0050942,C01767,P00349,ST004,2027-03-20 23:55:00,1,4491.15,0.00,CARD
S0050943,C02753,P00095,ST030,2026-12-13 19:57:00,8,5408.19,0.10,NET_BANKING
S0050944,C04243,P00579,ST027,2026-12-07 11:52:00,2,10886.45,0.05,CARD
S0050945,C03972,P00436,ST029,2027-02-08 18:16:00,1,14953.84,0.00,CARD
S0050946,C03844,P00615,ST039,2026-10-06 04:52:00,4,5873.54,0.10,WALLET
S0050947,C03412,P01002,ST025,2027-01-25 06:52:00,4,452.42,0.05,UPI
S0050948,C00417,P00441,ST023,2027-01-14 15:22:00,1,10328.32,0.10,UPI
S0050949,C04298,P00337,ST011,2027-03-03 05:42:00,8,14544.49,0.10,COD
S0050950,C03937,P00821,ST049,2027-01-08 17:17:00,5,7398.56,0.05,COD
S0050951,C00034,P00346,ST041,2026-09-19 06:45:00,8,10411.85,0.10,COD
S0050952,C04554,P01089,ST017,2027-04-27 12:10:00,6,2073.91,0.15,WALLET
S0050953,C04936,P00970,ST035,2026-12-19 01:49:00,6,11802.25,0.00,NET_BANKING
S0050954,C03228,P00414,ST024,2027-03-28 06:28:00,6,11326.94,0.15,NET_BANKING
S0050955,C04793,P00951,ST005,2027-04-26 22:53:00,8,6661.86,0.15,COD
S0050956,C04498,P00224,ST028,2026-10-03 12:52:00,4,2208.50,0.05,WALLET
S0050957,C03174,P00021,ST042,2027-01-17 22:08:00,6,1948.23,0.15,WALLET
S0050958,C04623,P00400,ST003,2027-04-25 14:06:00,4,11156.69,0.00,COD
S0050959,C01637,P00014,ST049,2026-12-12 00:48:00,2,9230.95,0.15,UPI
S0050960,C04370,P00557,ST002,2026-11-15 19:45:00,5,9429.31,0.00,COD
S0050961,C03583,P00812,ST015,2027-02-10 02:44:00,7,13449.06,0.05,UPI
S0050962,C04293,P00044,ST032,2027-04-30 19:43:00,2,10352.60,0.00,COD
S0050963,C05193,P00630,ST004,2026-11-28 17:40:00,1,12265.22,0.10,NET_BANKING
S0050964,C05173,P00676,ST030,2027-04-04 17:23:00,8,13208.41,0.00,COD
S0050965,C04484,P00716,ST029,2026-12-02 01:44:00,3,3403.75,0.10,NET_BANKING
S0050966,C00851,P00086,ST003,2026-11-05 01:26:00,6,394.30,0.15,CARD
S0050967,C04236,P00556,ST001,2026-10-29 22:00:00,4,4347.03,0.05,WALLET
S0050968,C02970,P00280,ST014,2027-01-06 11:58:00,4,5715.39,0.00,WALLET
S0050969,C01784,P00842,ST028,2026-11-01 15:41:00,3,12208.32,0.05,UPI
S0050970,C00914,P00604,ST012,2026-11-19 08:40:00,8,3876.20,0.00,UPI
S0050971,C04088,P00045,ST017,2027-02-19 20:27:00,4,3670.33,0.00,WALLET
S0050972,C04697,P00111,ST038,2027-04-17 02:20:00,4,7353.74,0.00,COD
S0050973,C01309,P01003,ST023,2026-11-19 11:36:00,1,3048.50,0.15,NET_BANKING
S0050974,C03402,P00853,ST009,2027-01-23 11:28:00,6,14567.44,0.00,WALLET
S0050975,C05418,P00155,ST010,2027-03-20 17:20:00,4,7087.72,0.00,CARD
S0050976,C02913,P00259,ST006,2027-02-19 14:55:00,7,5808.51,0.00,CARD
S0050977,C02635,P01097,ST002,2027-02-06 04:20:00,4,4208.91,0.05,CARD
S0050978,C04355,P00363,ST021,2027-01-31 18:29:00,8,7028.08,0.05,COD
S0050979,C02529,P00719,ST029,2027-02-11 22:41:00,6,6837.75,0.15,NET_BANKING
S0050980,C05060,P00459,ST004,2026-11-02 05:32:00,4,608.46,0.00,WALLET
S0050981,C01923,P00546,ST020,2026-09-08 22:59:00,7,9420.65,0.00,COD
S0050982,C01740,P00494,ST026,2026-09-24 23:15:00,4,4019.59,0.00,COD
S0050983,C03904,P00702,ST039,2027-01-13 09:04:00,2,10861.46,0.10,WALLET
S0050984,C03627,P01046,ST034,2027-03-26 08:05:00,1,4885.13,0.00,CARD
S0050985,C05152,P00680,ST044,2026-12-13 19:29:00,4,6161.56,0.05,WALLET
S0050986,C01525,P00829,ST031,2026-09-29 20:17:00,5,5882.19,0.05,COD
S0050987,C04531,P00798,ST002,2026-09-16 09:16:00,7,2788.26,0.10,UPI
S0050988,C00088,P00172,ST015,2026-12-02 02:43:00,6,13640.80,0.00,COD
S0050989,C00775,P00267,ST018,2027-02-09 07:16:00,5,4567.81,0.15,WALLET
S0050990,C02267,P00963,ST010,2027-02-28 12:44:00,4,9496.66,0.05,CARD
S0050991,C03721,P01070,ST038,2026-12-26 16:32:00,5,1294.66,0.00,COD
S0050992,C01084,P00636,ST045,2026-10-23 17:10:00,1,12658.75,0.00,COD
S0050993,C04202,P00506,ST014,2026-12-14 01:05:00,4,4110.78,0.10,CARD
S0050994,C04282,P00310,ST038,2026-10-30 14:56:00,3,7286.34,0.10,UPI
S0050995,C03726,P00310,ST002,2026-12-03 15:29:00,7,7286.34,0.15,COD
S0050996,C05062,P00658,ST009,2026-10-15 08:41:00,4,3910.13,0.15,COD
S0050997,C04392,P00045,ST034,2026-11-20 10:32:00,4,3670.33,0.15,CARD
S0050998,C02926,P00263,ST037,2026-12-31 23:08:00,2,12638.42,0.00,UPI
S0050999,C01597,P00667,ST020,2026-10-19 00:53:00,8,14053.41,0.15,UPI
S0051000,C05175,P00568,ST022,2027-03-29 21:16:00,6,11436.07,0.15,UPI
S0051001,C00822,P00002,ST022,2026-09-24 20:16:00,5,14309.77,0.00,CARD
S0051002,C04892,P00894,ST013,2026-12-18 08:29:00,6,12465.27,0.10,WALLET
S0051003,C01757,P01029,ST047,2026-09-10 15:53:00,3,2539.19,0.15,COD
S0051004,C03154,P00545,ST018,2027-02-14 08:01:00,5,2928.27,0.00,WALLET
S0051005,C01760,P00746,ST034,2026-10-03 02:05:00,2,8367.69,0.05,WALLET
S0051006,C03601,P00118,ST042,2027-02-17 13:42:00,8,7964.36,0.00,CARD
S0051007,C02169,P00581,ST007,2027-02-02 02:04:00,8,5203.27,0.15,COD
S0051008,C04850,P01031,ST010,2026-12-07 17:10:00,8,3620.08,0.00,CARD
S0051009,C00381,P00231,ST009,2026-11-02 11:48:00,2,4512.73,0.15,UPI
S0051010,C03059,P01078,ST025,2026-10-14 15:18:00,2,4570.25,0.00,WALLET
S0051011,C05447,P00577,ST047,2027-01-02 15:52:00,7,286.38,0.00,NET_BANKING
S0051012,C03204,P00477,ST015,2026-09-04 21:47:00,5,3992.23,0.05,COD
S0051013,C02919,P01053,ST011,2026-12-13 22:38:00,1,2089.28,0.00,CARD
S0051014,C02290,P00943,ST021,2026-10-05 06:56:00,8,12935.87,0.00,COD
S0051015,C02547,P00962,ST045,2027-04-29 06:38:00,8,12113.97,0.00,UPI
S0051016,C03542,P00069,ST013,2027-03-14 08:18:00,5,2410.61,0.15,CARD
S0051017,C01542,P00470,ST027,2026-12-06 17:21:00,6,2213.98,0.05,UPI
S0051018,C00999,P00643,ST016,2027-05-12 11:50:00,7,13117.03,0.00,NET_BANKING
S0051019,C01118,P00751,ST034,2026-10-23 03:55:00,2,4310.47,0.05,WALLET
S0051020,C03214,P00501,ST014,2026-09-14 12:02:00,6,591.28,0.15,NET_BANKING
S0051021,C01098,P01051,ST044,2026-10-27 12:05:00,4,1109.45,0.00,UPI
S0051022,C04777,P00639,ST005,2027-03-11 02:44:00,6,5321.74,0.00,WALLET
S0051023,C02832,P00336,ST011,2026-12-11 04:53:00,8,10827.01,0.00,WALLET
S0051024,C00135,P01070,ST031,2026-09-03 00:50:00,6,1614.84,0.00,COD
S0051025,C01897,P00513,ST027,2027-03-22 03:52:00,7,2594.81,0.10,COD
S0051026,C04729,P00524,ST005,2026-09-07 20:24:00,6,11462.06,0.00,CARD
S0051027,C01339,P00827,ST026,2027-04-03 12:08:00,6,14075.22,0.05,WALLET
S0051028,C00732,P00407,ST027,2027-02-12 14:35:00,2,6517.00,0.10,UPI
S0051029,C03375,P00598,ST020,2026-12-11 08:04:00,3,4459.15,0.00,NET_BANKING
S0051030,C01625,P00177,ST004,2026-11-30 13:51:00,1,5272.03,0.00,CARD
S0051031,C02773,P00426,ST004,2026-11-28 22:28:00,2,6898.62,0.00,WALLET
S0051032,C05232,P01073,ST002,2026-09-14 07:43:00,6,1522.16,0.05,CARD
S0051033,C02097,P00779,ST033,2027-02-10 07:19:00,1,9277.18,0.00,UPI
S0051034,C01005,P00109,ST010,2027-05-15 13:14:00,5,9560.87,0.00,NET_BANKING
S0051035,C01899,P00474,ST022,2027-04-30 22:26:00,5,2329.87,0.00,COD
S0051036,C04855,P00682,ST011,2026-09-17 00:33:00,6,14995.19,0.05,CARD
S0051037,C03443,P00572,ST015,2026-12-03 23:22:00,5,413.41,0.00,COD
S0051038,C02909,P00983,ST036,2027-01-19 10:23:00,4,14539.34,0.15,NET_BANKING
S0051039,C00120,P00006,ST035,2027-02-14 22:56:00,8,12375.85,0.05,CARD
S0051040,C00704,P00231,ST026,2027-05-16 21:08:00,8,4512.73,0.00,COD
S0051041,C02788,P00068,ST018,2027-03-04 05:34:00,6,2033.40,0.15,COD
S0051042,C01284,P00389,ST037,2027-04-24 19:22:00,1,7161.01,0.05,UPI
S0051043,C00196,P00395,ST045,2027-05-16 16:35:00,5,4137.07,0.05,NET_BANKING
S0051044,C04138,P00662,ST037,2027-04-29 02:49:00,3,6965.19,0.00,COD
S0051045,C04229,P00568,ST028,2027-02-06 05:04:00,5,11436.07,0.10,CARD
S0051046,C03370,P00178,ST008,2027-03-18 10:16:00,8,10707.38,0.05,NET_BANKING
S0051047,C02564,P00940,ST048,2027-03-03 06:36:00,7,10304.16,0.00,UPI
S0051048,C04239,P00716,ST044,2027-01-09 04:44:00,1,3403.75,0.15,COD
S0051049,C02077,P00441,ST024,2026-11-06 15:58:00,3,10328.32,0.05,WALLET
S0051050,C02016,P00279,ST026,2027-03-06 00:49:00,3,7949.95,0.05,WALLET
S0051051,C03091,P00036,ST033,2027-02-22 10:06:00,5,9317.16,0.10,UPI
S0051052,C02059,P00984,ST045,2027-03-15 10:11:00,1,7532.32,0.05,UPI
S0051053,C04584,P00812,ST003,2026-09-21 23:26:00,2,13449.06,0.10,CARD
S0051054,C01367,P00065,ST047,2027-02-24 01:48:00,8,505.63,0.15,UPI
S0051055,C05277,P00041,ST041,2027-01-21 00:57:00,2,1420.91,0.00,CARD
S0051056,C03200,P00053,ST042,2027-03-23 20:47:00,5,4727.29,0.05,CARD
S0051057,C03157,P01018,ST018,2027-02-08 18:05:00,6,4557.87,0.00,UPI
S0051058,C01024,P00096,ST031,2026-12-30 17:48:00,4,891.62,0.00,UPI
S0051059,C01979,P00890,ST029,2026-09-28 08:47:00,7,2569.54,0.05,UPI
S0051060,C05405,P00067,ST011,2026-11-29 22:27:00,7,3494.40,0.05,COD
S0051061,C00125,P00516,ST050,2027-04-16 00:00:00,3,7808.79,0.00,COD
S0051062,C03356,P00793,ST010,2027-05-04 10:22:00,6,9165.88,0.05,WALLET
S0051063,C00213,P00564,ST008,2027-02-04 11:45:00,1,13288.39,0.00,UPI
S0051064,C00508,P00553,ST013,2027-03-05 01:32:00,2,10883.36,0.00,WALLET
S0051065,C04239,P00369,ST007,2027-01-04 05:50:00,4,2410.82,0.00,CARD
S0051066,C02009,P00212,ST014,2026-09-17 22:06:00,5,13581.02,0.00,WALLET
S0051067,C03530,P00247,ST013,2026-09-01 10:53:00,6,3627.73,0.00,CARD
S0051068,C04291,P00858,ST048,2026-11-22 21:01:00,5,2715.82,0.00,WALLET
S0051069,C00332,P00851,ST024,2026-10-04 16:05:00,2,10520.35,0.05,NET_BANKING
S0051070,C04876,P00099,ST017,2027-01-17 10:56:00,6,7954.37,0.05,COD
S0051071,C02439,P00420,ST013,2026-09-09 14:48:00,6,13992.32,0.10,COD
S0051072,C02662,P00253,ST028,2027-05-09 16:16:00,1,12129.99,0.05,COD
S0051073,C00799,P00833,ST008,2026-10-14 16:02:00,1,1413.00,0.15,UPI
S0051074,C04439,P00544,ST041,2027-02-25 18:32:00,5,6390.78,0.10,NET_BANKING
S0051075,C03213,P00986,ST029,2026-10-26 04:57:00,7,6941.31,0.10,CARD
S0051076,C02342,P01024,ST018,2027-03-11 04:48:00,2,2022.08,0.00,NET_BANKING
S0051077,C03939,P00532,ST017,2027-02-01 07:13:00,6,13097.07,0.00,COD
S0051078,C05197,P00127,ST031,2026-10-15 03:17:00,4,11914.83,0.10,CARD
S0051079,C01087,P00278,ST044,2027-04-19 03:31:00,2,3088.10,0.05,NET_BANKING
S0051080,C00005,P00969,ST047,2027-05-02 12:58:00,4,3154.51,0.00,NET_BANKING
S0051081,C02791,P00662,ST003,2026-12-11 20:57:00,8,6965.19,0.10,NET_BANKING
S0051082,C05121,P00173,ST005,2026-09-13 04:56:00,3,2556.28,0.15,WALLET
S0051083,C04246,P00995,ST013,2026-11-20 19:06:00,6,10497.82,0.15,COD
S0051084,C01648,P01048,ST029,2026-12-23 06:03:00,7,3717.91,0.15,UPI
S0051085,C02939,P00674,ST033,2027-03-29 23:17:00,5,12623.07,0.05,NET_BANKING
S0051086,C00850,P00176,ST035,2027-02-07 19:41:00,2,10058.14,0.00,NET_BANKING
S0051087,C03957,P00009,ST032,2027-03-05 16:00:00,7,14426.84,0.10,CARD
S0051088,C04042,P00241,ST001,2027-01-16 08:24:00,8,14291.38,0.00,WALLET
S0051089,C04734,P00096,ST032,2027-05-14 17:41:00,1,891.62,0.05,COD
S0051090,C05451,P00905,ST016,2026-12-10 00:34:00,1,7562.39,0.00,WALLET
S0051091,C00965,P01076,ST046,2027-03-19 20:14:00,6,3871.11,0.00,CARD
S0051092,C04075,P00840,ST002,2026-09-17 05:36:00,8,4066.13,0.10,NET_BANKING
S0051093,C01992,P00145,ST024,2026-12-01 10:51:00,4,10011.24,0.00,CARD
S0051094,C03642,P00134,ST038,2026-10-17 04:23:00,4,9455.44,0.15,CARD
S0051095,C03944,P00934,ST039,2026-09-10 23:12:00,6,6341.80,0.00,NET_BANKING
S0051096,C00823,P00850,ST039,2027-05-18 06:27:00,7,4390.79,0.00,COD
S0051097,C02006,P00343,ST028,2027-02-21 03:51:00,3,4575.42,0.10,CARD
S0051098,C01454,P00390,ST017,2026-10-23 11:19:00,5,5645.91,0.00,UPI
S0051099,C03179,P00361,ST018,2026-09-08 07:42:00,3,3502.39,0.05,WALLET
S0051100,C02697,P00606,ST022,2027-01-06 05:34:00,7,2062.87,0.00,NET_BANKING
S0051101,C04846,P00812,ST009,2027-05-18 02:41:00,7,13449.06,0.00,UPI
S0051102,C04762,P00786,ST049,2026-11-02 08:05:00,5,8674.28,0.05,COD
S0051103,C02320,P00608,ST012,2026-10-13 06:36:00,1,4112.16,0.00,CARD
S0051104,C01216,P01081,ST006,2026-09-13 18:42:00,3,3431.83,0.00,WALLET
S0051105,C03477,P00978,ST039,2026-10-24 09:15:00,7,12166.54,0.10,NET_BANKING
S0051106,C03017,P01093,ST035,2027-02-11 13:30:00,5,2510.65,0.15,WALLET
S0051107,C04566,P00301,ST004,2027-04-18 14:28:00,8,2542.44,0.00,UPI
S0051108,C05231,P00918,ST039,2027-05-01 18:18:00,2,11736.74,0.15,WALLET
S0051109,C05459,P00940,ST010,2027-01-23 15:12:00,3,10304.16,0.00,WALLET
S0051110,C05404,P00813,ST003,2026-09-05 03:17:00,1,9218.67,0.10,COD
S0051111,C04095,P01023,ST043,2026-11-17 10:19:00,7,1785.91,0.10,UPI
S0051112,C01895,P00452,ST022,2026-12-27 14:31:00,7,3389.85,0.15,COD
S0051113,C00219,P00461,ST001,2026-10-28 11:13:00,6,9906.46,0.10,UPI
S0051114,C01585,P00291,ST019,2026-12-27 03:50:00,1,3274.34,0.15,NET_BANKING
S0051115,C03985,P00820,ST014,2026-09-21 15:49:00,2,1994.37,0.00,COD
S0051116,C01409,P01029,ST040,2027-03-31 14:25:00,3,525.53,0.00,CARD
S0051117,C01170,P00155,ST024,2026-10-19 08:13:00,1,7087.72,0.15,NET_BANKING
S0051118,C00344,P01073,ST005,2027-04-12 21:43:00,7,554.42,0.05,NET_BANKING
S0051119,C00912,P00625,ST027,2027-01-03 07:40:00,8,12569.93,0.00,CARD
S0051120,C01003,P00861,ST015,2027-04-11 03:42:00,5,3963.47,0.00,WALLET
S0051121,C00743,P00472,ST022,2026-11-23 13:21:00,4,13031.18,0.10,NET_BANKING
S0051122,C03834,P00365,ST025,2026-09-20 06:41:00,4,14402.02,0.00,WALLET
S0051123,C01683,P00540,ST020,2027-02-09 11:54:00,6,8768.71,0.00,UPI
S0051124,C03510,P00804,ST046,2027-01-21 00:31:00,5,13775.11,0.15,NET_BANKING
S0051125,C01916,P00220,ST050,2026-09-20 18:50:00,3,3145.53,0.15,NET_BANKING
S0051126,C04669,P00904,ST037,2027-02-05 23:02:00,2,437.50,0.15,CARD
S0051127,C04144,P00381,ST042,2026-12-21 10:33:00,3,12953.05,0.10,UPI
S0051128,C02995,P00606,ST042,2027-04-04 00:03:00,5,2062.87,0.10,WALLET
S0051129,C01386,P00206,ST050,2027-02-02 19:12:00,3,12086.30,0.15,NET_BANKING
S0051130,C03481,P00483,ST011,2026-09-24 04:15:00,8,7759.25,0.00,CARD
S0051131,C03927,P00925,ST021,2026-12-07 05:13:00,1,9802.23,0.00,UPI
S0051132,C03370,P00043,ST023,2026-10-01 19:17:00,3,3923.78,0.05,CARD
S0051133,C03031,P00293,ST038,2027-03-12 12:57:00,2,8511.68,0.15,COD
S0051134,C04781,P00804,ST020,2027-04-30 00:32:00,2,13775.11,0.10,WALLET
S0051135,C02600,P00085,ST018,2027-05-04 14:49:00,7,14386.77,0.05,UPI
S0051136,C02667,P00988,ST024,2026-11-01 07:17:00,6,6169.02,0.00,CARD
S0051137,C00274,P00355,ST022,2026-10-04 17:50:00,3,9628.58,0.15,CARD
S0051138,C01649,P01092,ST037,2027-04-08 20:29:00,3,656.96,0.15,UPI
S0051139,C02673,P00366,ST045,2027-05-06 01:43:00,1,13188.09,0.00,CARD
S0051140,C01573,P00618,ST014,2027-05-10 07:50:00,8,9855.53,0.00,COD
S0051141,C01662,P00722,ST007,2027-04-11 21:45:00,8,2303.35,0.10,CARD
S0051142,C00828,P01073,ST001,2027-04-17 13:55:00,3,4002.26,0.15,UPI
S0051143,C03014,P00549,ST016,2026-12-15 08:13:00,7,8615.76,0.00,CARD
S0051144,C03639,P01032,ST027,2026-09-10 01:54:00,1,3006.40,0.10,WALLET
S0051145,C04636,P00501,ST026,2027-03-03 23:47:00,1,591.28,0.00,CARD
S0051146,C02170,P00849,ST045,2026-11-24 16:55:00,4,11840.46,0.05,COD
S0051147,C03737,P00738,ST001,2026-10-10 08:33:00,8,14125.52,0.15,CARD
S0051148,C02660,P00236,ST008,2026-09-10 08:37:00,3,10256.02,0.00,CARD
S0051149,C04405,P00107,ST022,2027-03-05 06:19:00,8,7220.47,0.10,NET_BANKING
S0051150,C04714,P00814,ST021,2026-11-21 23:54:00,4,1576.96,0.15,WALLET
S0051151,C04601,P00449,ST030,2027-05-17 07:36:00,4,4682.35,0.05,CARD
S0051152,C01472,P00619,ST050,2027-04-13 11:03:00,6,14183.29,0.00,UPI
S0051153,C04989,P00919,ST050,2027-03-31 08:24:00,6,8906.88,0.00,CARD
S0051154,C03408,P01000,ST002,2026-09-07 11:18:00,8,3161.37,0.10,WALLET
S0051155,C02199,P00408,ST018,2026-12-11 01:15:00,4,61.60,0.00,CARD
S0051156,C05048,P00830,ST024,2027-04-24 03:11:00,1,8076.01,0.00,NET_BANKING
S0051157,C05118,P00704,ST031,2027-03-23 23:36:00,6,3700.74,0.00,CARD
S0051158,C00289,P00428,ST037,2027-01-22 06:49:00,6,11541.27,0.05,UPI
S0051159,C02755,P01040,ST047,2026-12-24 21:18:00,4,787.47,0.15,CARD
S0051160,C01666,P00776,ST049,2027-01-15 15:55:00,5,571.16,0.05,UPI
S0051161,C04392,P00138,ST005,2027-04-05 05:45:00,3,11081.05,0.15,COD
S0051162,C02820,P00635,ST035,2027-04-06 16:16:00,8,7089.77,0.10,COD
S0051163,C03525,P00005,ST009,2026-09-26 16:59:00,1,3720.45,0.15,COD
S0051164,C03912,P00509,ST048,2027-01-02 22:25:00,1,6695.51,0.00,CARD
S0051165,C03017,P00564,ST039,2027-03-08 18:16:00,4,13288.39,0.15,WALLET
S0051166,C05449,P00631,ST017,2026-12-12 21:37:00,4,2764.58,0.00,CARD
S0051167,C02195,P01065,ST016,2027-03-27 08:06:00,4,4965.92,0.05,CARD
S0051168,C02041,P00585,ST028,2026-11-21 20:26:00,3,4078.01,0.00,COD
S0051169,C05184,P00375,ST026,2027-02-18 02:06:00,1,8641.01,0.05,NET_BANKING
S0051170,C01127,P00245,ST011,2027-01-10 14:24:00,6,8201.28,0.00,WALLET
S0051171,C00791,P00973,ST050,2027-01-03 06:56:00,1,13784.89,0.15,WALLET
S0051172,C00020,P00052,ST003,2027-04-19 06:52:00,5,6138.64,0.10,COD
S0051173,C01684,P00105,ST011,2026-09-21 21:09:00,3,7300.13,0.00,WALLET
S0051174,C04328,P00222,ST037,2026-11-21 04:59:00,2,10998.10,0.15,WALLET
S0051175,C01191,P00020,ST043,2027-05-15 11:58:00,6,3070.15,0.05,COD
S0051176,C03528,P00795,ST010,2026-09-23 01:45:00,4,123.55,0.15,COD
S0051177,C02031,P00458,ST042,2027-02-05 14:09:00,6,9495.95,0.05,NET_BANKING
S0051178,C03398,P00790,ST048,2027-05-07 22:34:00,4,14518.69,0.10,COD
S0051179,C00961,P00039,ST041,2027-01-31 13:57:00,3,11380.58,0.15,NET_BANKING
S0051180,C03366,P00129,ST047,2026-11-29 14:19:00,6,5652.18,0.05,UPI
S0051181,C04060,P00066,ST014,2027-01-06 00:00:00,4,13989.36,0.15,WALLET
S0051182,C01480,P00991,ST008,2027-03-11 14:45:00,7,240.75,0.15,COD
S0051183,C03840,P00378,ST024,2027-03-19 18:03:00,4,14078.19,0.00,NET_BANKING
S0051184,C05317,P00084,ST023,2026-12-10 19:50:00,5,9370.43,0.10,UPI
S0051185,C03609,P01086,ST005,2026-10-12 18:00:00,3,3284.34,0.05,COD
S0051186,C02278,P00838,ST049,2026-11-20 01:57:00,6,11094.78,0.00,NET_BANKING
S0051187,C05012,P00320,ST032,2027-03-30 06:39:00,5,7970.92,0.10,WALLET
S0051188,C03627,P00531,ST019,2027-05-01 07:14:00,8,137.66,0.05,UPI
S0051189,C04738,P00947,ST028,2027-01-14 03:00:00,7,5493.18,0.10,COD
S0051190,C02501,P00286,ST005,2027-01-27 12:29:00,7,2796.88,0.15,CARD
S0051191,C02733,P00384,ST039,2027-01-14 02:23:00,6,2659.04,0.05,WALLET
S0051192,C00631,P00996,ST041,2027-03-12 18:21:00,3,12724.73,0.00,COD
S0051193,C01873,P00776,ST024,2027-03-31 03:46:00,4,571.16,0.05,COD
S0051194,C02836,P00228,ST028,2027-01-18 03:42:00,5,4532.08,0.15,UPI
S0051195,C02065,P00098,ST046,2027-04-22 19:11:00,8,3874.92,0.15,UPI
S0051196,C00778,P00540,ST015,2027-03-25 15:34:00,5,8768.71,0.15,NET_BANKING
S0051197,C04185,P00868,ST015,2027-01-21 02:13:00,2,14973.26,0.00,WALLET
S0051198,C01745,P00338,ST026,2027-03-29 08:38:00,7,9729.31,0.10,COD
S0051199,C01722,P00682,ST019,2026-12-01 19:19:00,8,14995.19,0.00,COD
S0051200,C03059,P00538,ST026,2027-04-07 14:23:00,3,12711.98,0.10,WALLET
S0051201,C01731,P00601,ST050,2026-12-31 09:55:00,5,9389.35,0.00,COD
S0051202,C05001,P00524,ST006,2027-03-04 08:38:00,3,11462.06,0.05,COD
S0051203,C00100,P00698,ST025,2026-12-22 02:56:00,1,4891.44,0.00,COD
S0051204,C02507,P00123,ST002,2027-04-02 11:28:00,2,4247.43,0.10,NET_BANKING
S0051205,C00840,P00473,ST033,2027-02-25 20:42:00,6,671.21,0.10,UPI
S0051206,C01654,P00384,ST010,2027-04-21 22:11:00,7,2659.04,0.05,WALLET
S0051207,C04788,P00622,ST023,2027-01-10 10:55:00,3,6264.75,0.00,COD
S0051208,C04130,P00852,ST034,2027-03-19 09:50:00,2,9756.12,0.10,COD
S0051209,C00975,P00607,ST009,2027-03-08 23:10:00,1,9830.20,0.00,WALLET
S0051210,C02700,P00084,ST023,2027-03-23 06:08:00,4,9370.43,0.05,WALLET
S0051211,C04548,P00714,ST024,2026-10-07 22:45:00,5,12834.77,0.15,CARD
S0051212,C03007,P00886,ST010,2027-05-03 22:29:00,6,2075.82,0.00,CARD
S0051213,C01107,P00465,ST017,2026-10-09 05:01:00,8,2736.41,0.10,NET_BANKING
S0051214,C01226,P00970,ST007,2026-12-06 06:34:00,8,11802.25,0.00,UPI
S0051215,C03320,P00186,ST021,2026-10-12 05:25:00,4,5509.22,0.00,WALLET
S0051216,C01952,P00885,ST027,2027-01-16 10:24:00,2,2276.62,0.00,UPI
S0051217,C00511,P00970,ST012,2027-02-19 09:45:00,8,11802.25,0.15,WALLET
S0051218,C04260,P00698,ST002,2027-02-09 15:53:00,8,4891.44,0.10,NET_BANKING
S0051219,C04032,P00092,ST035,2027-03-19 13:58:00,2,8564.59,0.00,WALLET
S0051220,C02219,P00984,ST046,2027-04-06 21:03:00,8,7532.32,0.00,CARD
S0051221,C05460,P00667,ST007,2027-01-14 22:02:00,5,14053.41,0.00,COD
S0051222,C01537,P01024,ST032,2026-12-04 17:18:00,6,3435.06,0.00,CARD
S0051223,C03893,P00098,ST007,2027-03-13 23:44:00,7,3874.92,0.00,COD
S0051224,C04842,P00444,ST018,2027-04-15 03:23:00,7,910.78,0.00,COD
S0051225,C02762,P00813,ST018,2027-04-25 07:00:00,2,9218.67,0.10,WALLET
S0051226,C00920,P00200,ST027,2027-04-15 08:06:00,4,12660.04,0.00,NET_BANKING
S0051227,C00130,P00601,ST048,2027-02-03 06:21:00,8,9389.35,0.00,NET_BANKING
S0051228,C00678,P00397,ST047,2027-01-14 22:04:00,3,12844.97,0.00,WALLET
S0051229,C00351,P00602,ST041,2026-09-09 21:03:00,1,10282.25,0.10,CARD
S0051230,C01906,P00586,ST012,2026-11-27 02:34:00,5,3287.74,0.00,COD
S0051231,C01665,P00796,ST001,2027-03-12 09:09:00,8,7252.60,0.00,WALLET
S0051232,C04389,P00697,ST045,2027-01-06 04:01:00,8,10439.87,0.05,CARD
S0051233,C02634,P00564,ST046,2027-02-20 10:09:00,5,13288.39,0.15,WALLET
S0051234,C04833,P00784,ST003,2026-10-25 06:02:00,1,13461.16,0.00,CARD
S0051235,C00847,P00987,ST023,2027-03-25 00:34:00,6,8796.88,0.15,WALLET
S0051236,C02407,P00205,ST043,2027-01-30 03:00:00,8,2535.39,0.00,WALLET
S0051237,C05069,P00439,ST018,2027-04-17 22:29:00,1,11875.56,0.05,WALLET
S0051238,C05258,P00042,ST022,2027-04-07 05:50:00,3,14409.73,0.00,NET_BANKING
S0051239,C02074,P00343,ST039,2026-10-10 04:56:00,5,4575.42,0.00,COD
S0051240,C02614,P01063,ST007,2027-04-24 00:13:00,5,1066.40,0.15,COD
S0051241,C04636,P00352,ST009,2027-04-23 15:05:00,3,13564.85,0.00,UPI
S0051242,C04730,P00946,ST022,2027-01-14 18:19:00,4,536.50,0.00,COD
S0051243,C01640,P00092,ST033,2027-01-23 03:12:00,1,8564.59,0.00,COD
S0051244,C04463,P00094,ST005,2026-12-23 23:43:00,6,3538.71,0.15,WALLET
S0051245,C04881,P00503,ST046,2026-12-14 13:03:00,6,5972.66,0.05,UPI
S0051246,C05171,P00740,ST025,2027-01-13 17:55:00,7,10365.11,0.00,WALLET
S0051247,C02722,P00878,ST029,2027-03-09 15:47:00,3,13136.21,0.05,COD
S0051248,C04614,P00294,ST002,2027-02-22 12:03:00,5,9198.98,0.10,COD
S0051249,C01731,P01098,ST023,2027-01-14 20:24:00,3,2094.17,0.00,NET_BANKING
S0051250,C00080,P00143,ST001,2027-05-08 18:27:00,6,7704.38,0.10,COD
S0051251,C00095,P00946,ST032,2027-03-17 00:03:00,7,536.50,0.00,COD
S0051252,C02128,P00314,ST050,2026-10-11 14:27:00,2,1767.09,0.05,UPI
S0051253,C00076,P00652,ST043,2026-10-10 23:18:00,5,7213.51,0.05,CARD
S0051254,C03544,P00538,ST029,2027-04-22 17:30:00,1,12711.98,0.00,WALLET
S0051255,C02297,P00699,ST031,2027-02-16 15:31:00,8,14544.40,0.15,WALLET
S0051256,C05167,P00710,ST005,2026-11-25 01:03:00,8,3147.74,0.05,WALLET
S0051257,C02985,P00933,ST019,2026-10-28 06:06:00,2,7457.39,0.10,CARD
S0051258,C03347,P00743,ST023,2027-01-15 09:16:00,5,11438.19,0.15,COD
S0051259,C04097,P00868,ST027,2027-01-18 22:42:00,7,14973.26,0.10,UPI
S0051260,C05031,P00772,ST028,2026-12-26 00:18:00,4,13512.62,0.15,CARD
S0051261,C00026,P00168,ST048,2026-12-27 23:28:00,4,5532.44,0.05,CARD
S0051262,C01596,P00878,ST039,2026-11-25 06:38:00,4,13136.21,0.10,WALLET
S0051263,C02312,P00009,ST025,2027-03-27 20:35:00,8,14426.84,0.00,CARD
S0051264,C03764,P01007,ST001,2026-12-20 04:12:00,7,4473.82,0.00,CARD
S0051265,C03840,P00701,ST040,2027-05-09 20:37:00,2,9710.18,0.00,COD
S0051266,C01253,P00312,ST037,2026-10-26 18:04:00,5,5466.28,0.00,NET_BANKING
S0051267,C04919,P01083,ST025,2026-09-21 03:37:00,2,123.88,0.10,COD
S0051268,C05187,P01076,ST001,2026-09-24 22:42:00,7,623.31,0.00,UPI
S0051269,C00113,P00145,ST030,2026-11-30 23:28:00,6,10011.24,0.05,WALLET
S0051270,C03962,P00155,ST039,2026-10-03 07:24:00,6,7087.72,0.05,NET_BANKING
S0051271,C03363,P00305,ST023,2027-05-02 12:54:00,8,8188.13,0.10,NET_BANKING
S0051272,C04477,P00518,ST043,2026-12-30 10:29:00,1,7226.67,0.15,CARD
S0051273,C00198,P00292,ST046,2027-02-25 17:08:00,7,387.24,0.05,UPI
S0051274,C00035,P01096,ST005,2027-04-30 12:20:00,3,935.63,0.00,CARD
S0051275,C01318,P00231,ST015,2026-12-02 15:42:00,8,4512.73,0.15,NET_BANKING
S0051276,C02325,P00887,ST024,2026-11-20 23:36:00,1,6975.28,0.05,CARD
S0051277,C00705,P00720,ST010,2027-05-02 04:53:00,8,4896.05,0.00,CARD
S0051278,C01851,P00837,ST019,2026-11-30 19:24:00,1,11678.05,0.10,NET_BANKING
S0051279,C00985,P00108,ST041,2026-11-21 09:18:00,2,8643.88,0.00,UPI
S0051280,C05214,P00997,ST040,2026-09-18 22:23:00,2,2288.79,0.10,NET_BANKING
S0051281,C04914,P00846,ST016,2026-09-16 02:15:00,1,5378.97,0.00,CARD
S0051282,C03253,P00738,ST001,2027-02-18 08:36:00,1,14125.52,0.00,WALLET
S0051283,C00019,P01055,ST037,2027-05-01 18:19:00,3,1591.27,0.05,WALLET
S0051284,C01426,P00011,ST050,2026-10-18 09:00:00,3,9660.40,0.15,UPI
S0051285,C00687,P00878,ST028,2026-10-15 19:39:00,6,13136.21,0.10,UPI
S0051286,C00076,P00423,ST006,2027-04-23 02:21:00,4,562.41,0.00,NET_BANKING
S0051287,C02281,P00196,ST014,2026-12-27 10:02:00,8,10921.34,0.00,NET_BANKING
S0051288,C05256,P00316,ST050,2027-03-21 06:07:00,4,4896.51,0.05,WALLET
S0051289,C02507,P00569,ST040,2026-10-20 07:51:00,5,11413.80,0.00,NET_BANKING
S0051290,C00944,P00026,ST029,2026-11-22 07:02:00,6,3973.71,0.00,WALLET
S0051291,C02758,P00277,ST006,2027-01-30 05:28:00,5,4475.85,0.15,UPI
S0051292,C01659,P00329,ST041,2027-02-02 04:37:00,8,1364.47,0.05,WALLET
S0051293,C04193,P00555,ST016,2027-03-24 08:40:00,1,3239.18,0.10,CARD
S0051294,C01019,P00358,ST003,2026-12-20 15:04:00,3,7269.79,0.00,CARD
S0051295,C03907,P00250,ST027,2026-11-21 05:08:00,2,4598.66,0.05,WALLET
S0051296,C02915,P00848,ST001,2026-11-18 10:46:00,6,12246.43,0.15,NET_BANKING
S0051297,C03900,P00905,ST029,2026-11-15 05:16:00,2,7562.39,0.05,UPI
S0051298,C03664,P00585,ST005,2026-09-12 04:13:00,4,4078.01,0.00,UPI
S0051299,C02280,P00173,ST014,2027-05-03 08:21:00,6,2556.28,0.00,COD
S0051300,C05103,P00493,ST025,2027-02-25 12:55:00,5,10898.38,0.00,CARD
S0051301,C04227,P00539,ST012,2026-12-11 01:43:00,7,7157.77,0.00,WALLET
S0051302,C03674,P00212,ST006,2027-04-24 01:44:00,8,13581.02,0.00,NET_BANKING
S0051303,C05357,P00386,ST043,2026-09-05 23:42:00,8,344.42,0.05,UPI
S0051304,C02549,P00491,ST048,2026-10-07 23:11:00,6,4754.80,0.00,CARD
S0051305,C05221,P00263,ST046,2027-05-17 04:16:00,3,12638.42,0.10,CARD
S0051306,C01810,P00245,ST044,2027-02-22 04:18:00,3,8201.28,0.00,CARD
S0051307,C01807,P00658,ST018,2027-05-15 04:12:00,2,3910.13,0.10,UPI
S0051308,C04979,P00027,ST012,2026-12-09 23:51:00,7,2538.93,0.10,NET_BANKING
S0051309,C04673,P00525,ST022,2027-03-31 08:04:00,1,10778.97,0.10,NET_BANKING
S0051310,C03531,P00501,ST042,2026-11-14 00:59:00,2,591.28,0.00,WALLET
S0051311,C00932,P00040,ST043,2026-10-28 08:15:00,2,1501.66,0.05,CARD
S0051312,C01904,P01006,ST045,2026-11-05 23:08:00,1,2317.18,0.10,NET_BANKING
S0051313,C03657,P00852,ST011,2026-12-03 20:07:00,2,9756.12,0.10,UPI
S0051314,C00496,P00190,ST015,2026-11-29 14:58:00,1,6844.10,0.00,COD
S0051315,C02463,P00229,ST016,2026-09-29 11:48:00,7,718.51,0.00,CARD
S0051316,C05462,P00338,ST001,2026-10-25 16:41:00,8,9729.31,0.10,UPI
S0051317,C05410,P00145,ST035,2026-10-11 18:32:00,6,10011.24,0.00,CARD
S0051318,C03144,P00254,ST028,2027-04-28 07:38:00,4,1267.62,0.10,CARD
S0051319,C01191,P00885,ST021,2027-03-05 07:49:00,1,2276.62,0.00,WALLET
S0051320,C01985,P00311,ST006,2026-12-09 08:37:00,3,10510.03,0.05,WALLET
S0051321,C01544,P00628,ST025,2026-12-21 23:57:00,4,11204.97,0.00,CARD
S0051322,C02586,P01068,ST045,2027-03-19 18:19:00,8,926.03,0.15,CARD
S0051323,C00348,P00027,ST037,2026-12-01 00:18:00,2,2538.93,0.00,UPI
S0051324,C05134,P00550,ST024,2026-11-01 12:14:00,5,1961.46,0.00,CARD
S0051325,C00637,P00288,ST002,2027-01-09 14:34:00,3,8330.78,0.00,NET_BANKING
S0051326,C00647,P00721,ST009,2026-12-23 22:30:00,3,2539.40,0.00,UPI
S0051327,C01454,P00390,ST009,2027-04-24 19:12:00,6,5645.91,0.00,NET_BANKING
S0051328,C01901,P00309,ST003,2027-03-23 16:06:00,5,9944.41,0.15,CARD
S0051329,C04565,P00326,ST039,2026-12-18 12:15:00,3,13983.47,0.10,UPI
S0051330,C04864,P00636,ST003,2027-05-18 13:45:00,6,12658.75,0.15,UPI
S0051331,C05072,P00299,ST029,2026-11-22 02:21:00,8,4344.66,0.10,NET_BANKING
S0051332,C00352,P00163,ST017,2027-02-22 06:37:00,1,2045.70,0.00,NET_BANKING
S0051333,C04459,P00154,ST017,2027-01-25 02:09:00,4,3193.19,0.05,NET_BANKING
S0051334,C05393,P00384,ST034,2027-03-19 10:20:00,2,2659.04,0.00,NET_BANKING
S0051335,C05207,P00936,ST019,2026-11-18 22:03:00,1,4432.63,0.00,COD
S0051336,C05474,P00487,ST045,2027-04-25 06:00:00,3,5449.32,0.15,UPI
S0051337,C02452,P00178,ST034,2026-12-29 07:03:00,5,10707.38,0.00,UPI
S0051338,C05285,P00454,ST033,2026-09-22 20:34:00,4,8517.58,0.00,WALLET
S0051339,C02851,P00395,ST036,2027-01-22 22:57:00,4,4137.07,0.15,NET_BANKING
S0051340,C04697,P00493,ST027,2026-09-11 14:25:00,1,10898.38,0.05,COD
S0051341,C01952,P00465,ST030,2026-12-10 14:52:00,5,2736.41,0.00,COD
S0051342,C04493,P00995,ST043,2027-05-14 03:16:00,3,10497.82,0.00,COD
S0051343,C04073,P00754,ST030,2027-03-23 02:14:00,4,4946.47,0.05,WALLET
S0051344,C02957,P01044,ST006,2026-09-22 07:04:00,8,2106.09,0.00,NET_BANKING
S0051345,C03230,P00026,ST032,2026-12-07 05:33:00,8,3973.71,0.15,UPI
S0051346,C01136,P00712,ST016,2027-04-23 20:41:00,6,2775.71,0.15,UPI
S0051347,C03738,P00247,ST030,2026-09-23 15:38:00,8,3627.73,0.00,COD
S0051348,C03354,P00105,ST024,2026-10-20 23:08:00,5,7300.13,0.15,WALLET
S0051349,C00659,P00878,ST039,2026-10-08 18:17:00,7,13136.21,0.00,UPI
S0051350,C03037,P00073,ST048,2027-02-03 03:22:00,2,13519.47,0.00,WALLET
S0051351,C04773,P00243,ST021,2027-04-07 16:25:00,4,6859.66,0.00,CARD
S0051352,C03730,P00824,ST026,2027-04-01 11:20:00,4,5681.80,0.05,NET_BANKING
S0051353,C00478,P01037,ST041,2027-04-10 23:51:00,4,2203.47,0.10,UPI
S0051354,C01713,P01014,ST026,2026-12-26 17:19:00,3,1509.01,0.00,NET_BANKING
S0051355,C00666,P00955,ST025,2027-03-03 01:26:00,4,5719.71,0.00,UPI
S0051356,C04252,P00076,ST007,2027-05-03 22:37:00,7,2643.86,0.15,UPI
S0051357,C00972,P00860,ST029,2027-04-08 01:02:00,1,207.98,0.10,UPI
S0051358,C02725,P00878,ST032,2026-09-18 23:34:00,2,13136.21,0.00,CARD
S0051359,C04908,P00696,ST041,2027-03-14 23:01:00,7,444.90,0.00,WALLET
S0051360,C04219,P00792,ST050,2027-02-01 12:28:00,8,13052.60,0.00,UPI
S0051361,C00235,P00478,ST011,2026-10-18 03:21:00,7,1905.90,0.15,COD
S0051362,C03873,P00869,ST016,2026-11-16 09:21:00,1,5521.33,0.00,CARD
S0051363,C01772,P00523,ST006,2026-12-13 05:36:00,5,3568.60,0.00,COD
S0051364,C01021,P00236,ST034,2026-09-19 17:48:00,5,10256.02,0.00,WALLET
S0051365,C00427,P00522,ST024,2026-11-04 16:38:00,5,1719.44,0.05,COD
S0051366,C02912,P00149,ST001,2027-01-02 21:53:00,6,6470.19,0.15,UPI
S0051367,C00713,P00408,ST014,2026-10-09 17:30:00,2,61.60,0.10,UPI
S0051368,C00508,P00127,ST046,2026-09-01 03:56:00,2,11914.83,0.10,UPI
S0051369,C04923,P00991,ST007,2026-12-13 01:12:00,5,240.75,0.10,CARD
S0051370,C03864,P00275,ST017,2026-11-03 09:56:00,2,6304.00,0.15,WALLET
S0051371,C02304,P00343,ST025,2026-12-15 02:05:00,7,4575.42,0.15,CARD
S0051372,C01269,P00934,ST041,2026-12-20 09:23:00,3,6341.80,0.10,WALLET
S0051373,C03326,P00199,ST050,2027-04-19 03:31:00,1,10119.49,0.10,NET_BANKING
S0051374,C02717,P00531,ST040,2026-10-03 12:15:00,7,137.66,0.00,COD
S0051375,C04689,P00174,ST026,2027-02-18 13:19:00,6,322.73,0.15,CARD
S0051376,C02437,P00263,ST023,2027-04-07 07:37:00,7,12638.42,0.00,WALLET
S0051377,C02340,P00433,ST029,2027-01-19 10:42:00,4,6296.95,0.15,UPI
S0051378,C04803,P00296,ST006,2026-12-13 13:25:00,4,4617.53,0.00,COD
S0051379,C00240,P00024,ST021,2027-02-02 23:29:00,3,7530.12,0.00,NET_BANKING
S0051380,C02222,P00903,ST048,2026-09-09 13:00:00,4,4390.79,0.00,WALLET
S0051381,C04662,P00339,ST042,2027-04-14 04:23:00,6,2464.80,0.15,UPI
S0051382,C02402,P00498,ST045,2026-12-02 20:49:00,6,302.97,0.00,UPI
S0051383,C02932,P00640,ST015,2027-04-24 19:26:00,4,9013.79,0.00,CARD
S0051384,C01262,P00073,ST006,2027-03-25 23:42:00,5,13519.47,0.00,WALLET
S0051385,C04062,P00006,ST032,2026-09-04 19:05:00,6,12375.85,0.05,COD
S0051386,C02314,P00238,ST005,2027-02-10 09:37:00,3,2175.91,0.05,COD
S0051387,C01306,P00075,ST046,2026-11-27 17:28:00,1,288.24,0.00,COD
S0051388,C01630,P01033,ST020,2027-03-28 13:49:00,2,2902.76,0.10,COD
S0051389,C02950,P00783,ST015,2027-03-02 15:06:00,8,1108.76,0.00,CARD
S0051390,C04700,P00558,ST037,2026-11-14 08:43:00,1,2884.27,0.00,WALLET
S0051391,C03444,P00803,ST037,2026-09-21 05:21:00,6,4458.92,0.00,WALLET
S0051392,C02102,P00566,ST001,2027-02-12 22:44:00,8,9094.95,0.05,CARD
S0051393,C05401,P00144,ST043,2027-03-30 07:58:00,7,9162.18,0.10,WALLET
S0051394,C01654,P00343,ST039,2027-04-04 01:21:00,4,4575.42,0.05,UPI
S0051395,C01542,P01035,ST036,2027-04-10 01:24:00,3,4277.49,0.15,WALLET
S0051396,C00342,P00538,ST018,2027-04-29 14:57:00,7,12711.98,0.00,CARD
S0051397,C00284,P00972,ST012,2026-11-25 05:37:00,5,11724.34,0.10,NET_BANKING
S0051398,C01511,P00383,ST046,2026-09-29 23:14:00,5,4193.79,0.00,NET_BANKING
S0051399,C01625,P00939,ST025,2027-01-17 07:35:00,4,7892.75,0.00,UPI
S0051400,C02533,P00636,ST016,2026-09-17 11:02:00,5,12658.75,0.00,UPI
S0051401,C02306,P00784,ST035,2027-04-03 10:27:00,5,13461.16,0.10,COD
S0051402,C01817,P00801,ST029,2027-03-27 20:14:00,6,6852.19,0.15,CARD
S0051403,C05100,P00776,ST032,2027-01-01 19:23:00,1,571.16,0.10,UPI
S0051404,C04861,P00106,ST031,2027-02-15 16:43:00,6,14238.90,0.10,WALLET
S0051405,C03335,P00468,ST010,2026-09-05 20:04:00,6,2151.00,0.00,CARD
S0051406,C00139,P00665,ST021,2026-11-04 19:18:00,6,13897.47,0.15,CARD
S0051407,C03318,P00324,ST041,2027-01-16 23:45:00,8,2603.61,0.00,UPI
S0051408,C02563,P00121,ST001,2026-11-02 12:36:00,6,612.71,0.00,NET_BANKING
S0051409,C04244,P00163,ST020,2026-12-25 20:33:00,3,2045.70,0.15,CARD
S0051410,C05359,P00541,ST036,2027-04-28 17:57:00,5,12514.58,0.00,WALLET
S0051411,C02464,P00860,ST001,2027-03-27 18:26:00,2,207.98,0.00,UPI
S0051412,C03802,P00552,ST050,2027-05-09 09:39:00,3,14232.88,0.05,CARD
S0051413,C02829,P00255,ST001,2026-09-24 02:20:00,5,6191.54,0.10,CARD
S0051414,C00403,P01085,ST015,2026-12-13 21:42:00,6,3474.41,0.00,CARD
S0051415,C03210,P00092,ST010,2026-11-21 10:27:00,8,8564.59,0.05,NET_BANKING
S0051416,C04934,P00266,ST029,2027-04-03 03:38:00,6,13447.25,0.00,NET_BANKING
S0051417,C05453,P00304,ST039,2027-01-07 14:11:00,1,8379.11,0.00,UPI
S0051418,C04710,P00585,ST002,2026-09-17 16:45:00,7,4078.01,0.15,NET_BANKING
S0051419,C02716,P00787,ST024,2027-03-23 21:58:00,1,12290.08,0.05,UPI
S0051420,C03701,P00120,ST013,2026-12-26 20:52:00,7,2796.10,0.10,CARD
S0051421,C01642,P00128,ST047,2026-10-22 13:19:00,4,12585.65,0.00,NET_BANKING
S0051422,C03625,P00837,ST007,2027-02-12 08:59:00,4,11678.05,0.15,UPI
S0051423,C00311,P00992,ST027,2026-11-18 16:59:00,1,9363.29,0.00,CARD
S0051424,C04323,P00792,ST038,2026-12-27 04:18:00,3,13052.60,0.05,COD
S0051425,C00226,P01043,ST047,2026-11-12 23:01:00,6,2729.13,0.15,CARD
S0051426,C03977,P00307,ST039,2026-10-30 19:29:00,3,13759.94,0.10,COD
S0051427,C00826,P00877,ST015,2026-09-17 08:58:00,6,9491.54,0.05,COD
S0051428,C02466,P00021,ST030,2027-04-08 12:57:00,6,282.59,0.05,CARD
S0051429,C02649,P00051,ST006,2026-12-02 07:48:00,3,8015.72,0.00,UPI
S0051430,C01914,P00056,ST042,2027-01-06 02:07:00,6,12872.42,0.00,COD
S0051431,C00651,P00897,ST033,2026-12-02 02:56:00,5,3588.17,0.00,CARD
S0051432,C05025,P00656,ST025,2027-01-18 14:03:00,2,5514.15,0.00,WALLET
S0051433,C04319,P00914,ST039,2026-12-30 20:56:00,8,14608.30,0.00,CARD
S0051434,C03085,P00480,ST050,2026-09-08 06:53:00,5,2188.07,0.10,WALLET
S0051435,C00641,P00676,ST040,2026-09-27 23:04:00,3,13208.41,0.05,NET_BANKING
S0051436,C04068,P00622,ST038,2026-10-05 11:53:00,6,6264.75,0.00,CARD
S0051437,C05334,P01025,ST045,2027-02-04 10:15:00,7,2101.38,0.00,CARD
S0051438,C04578,P00910,ST011,2026-12-12 21:44:00,6,1660.00,0.00,NET_BANKING
S0051439,C03067,P00733,ST031,2026-10-24 11:58:00,6,7733.54,0.00,COD
S0051440,C00879,P00491,ST020,2027-04-02 05:42:00,7,4754.80,0.00,COD
S0051441,C00840,P00422,ST047,2026-09-10 06:17:00,6,8067.73,0.05,COD
S0051442,C01541,P00197,ST041,2027-04-14 09:00:00,3,14262.88,0.05,NET_BANKING
S0051443,C02615,P00406,ST044,2026-09-08 18:55:00,3,1162.78,0.15,WALLET
S0051444,C00286,P00058,ST025,2027-01-20 16:39:00,4,1589.53,0.00,NET_BANKING
S0051445,C03216,P00476,ST022,2026-09-16 18:52:00,1,10059.57,0.10,WALLET
S0051446,C01355,P00163,ST029,2026-09-13 00:53:00,5,2045.70,0.05,WALLET
S0051447,C04789,P00453,ST026,2027-04-02 21:49:00,3,7401.19,0.05,WALLET
S0051448,C02929,P00340,ST012,2026-09-23 00:49:00,5,13721.56,0.00,UPI
S0051449,C00797,P00924,ST008,2027-04-30 20:25:00,7,2977.90,0.00,NET_BANKING
S0051450,C00077,P00941,ST035,2027-05-02 19:37:00,1,4779.66,0.05,UPI
S0051451,C03835,P00091,ST007,2027-01-22 10:35:00,7,11974.70,0.10,CARD
S0051452,C03875,P00121,ST013,2026-09-17 07:37:00,7,612.71,0.15,UPI
S0051453,C02931,P01017,ST023,2027-03-26 18:26:00,7,2173.91,0.00,UPI
S0051454,C02584,P00636,ST038,2027-03-11 22:37:00,6,12658.75,0.15,CARD
S0051455,C01809,P01000,ST020,2026-12-03 09:57:00,3,3161.37,0.10,NET_BANKING
S0051456,C01243,P00330,ST024,2027-02-23 05:14:00,8,3475.34,0.05,COD
S0051457,C05461,P01018,ST011,2027-05-18 15:09:00,2,340.25,0.00,NET_BANKING
S0051458,C03796,P00855,ST009,2026-09-05 21:18:00,4,3531.06,0.15,COD
S0051459,C03858,P00672,ST030,2027-03-23 20:43:00,3,7478.34,0.05,CARD
S0051460,C04258,P01087,ST004,2026-12-20 15:18:00,2,521.58,0.00,CARD
S0051461,C05471,P00766,ST027,2027-03-28 20:16:00,6,889.54,0.15,UPI
S0051462,C04057,P00186,ST045,2026-09-26 15:29:00,2,5509.22,0.05,NET_BANKING
S0051463,C02761,P00190,ST031,2026-09-13 04:08:00,5,6844.10,0.05,NET_BANKING
S0051464,C01688,P00125,ST046,2026-12-10 09:04:00,6,8537.50,0.05,NET_BANKING
S0051465,C04594,P00134,ST047,2027-02-08 02:20:00,5,9455.44,0.10,COD
S0051466,C01533,P00557,ST049,2026-12-12 10:28:00,2,9429.31,0.00,CARD
S0051467,C04123,P00075,ST007,2027-01-22 02:51:00,7,288.24,0.15,UPI
S0051468,C02046,P00321,ST039,2027-03-25 19:27:00,7,1068.85,0.05,UPI
S0051469,C04378,P00387,ST022,2027-02-20 03:24:00,8,9454.62,0.10,CARD
S0051470,C02053,P00893,ST032,2027-04-20 12:52:00,3,11968.39,0.10,WALLET
S0051471,C05109,P00275,ST010,2027-02-10 18:14:00,3,6304.00,0.00,NET_BANKING
S0051472,C01922,P00393,ST036,2026-11-24 08:40:00,1,7337.73,0.00,NET_BANKING
S0051473,C03374,P00082,ST015,2026-09-05 23:47:00,7,3347.34,0.10,COD
S0051474,C03248,P00343,ST037,2027-01-23 13:59:00,4,4575.42,0.05,UPI
S0051475,C03816,P00106,ST015,2027-04-30 22:36:00,5,14238.90,0.10,WALLET
S0051476,C03181,P00275,ST001,2027-05-09 04:14:00,6,6304.00,0.10,UPI
S0051477,C02228,P00145,ST019,2026-09-19 00:27:00,6,10011.24,0.00,COD
S0051478,C00700,P00240,ST028,2026-12-24 07:53:00,8,9582.36,0.10,WALLET
S0051479,C02829,P00678,ST002,2026-12-08 15:34:00,8,5849.17,0.15,CARD
S0051480,C04459,P00615,ST045,2026-10-19 09:58:00,1,5873.54,0.10,NET_BANKING
S0051481,C00904,P01013,ST029,2027-03-24 14:58:00,4,2005.62,0.05,COD
S0051482,C05044,P00538,ST003,2027-03-07 20:23:00,3,12711.98,0.00,COD
S0051483,C01360,P01082,ST006,2026-09-21 19:50:00,6,1743.01,0.10,NET_BANKING
S0051484,C02151,P00992,ST005,2026-09-11 04:02:00,1,9363.29,0.05,NET_BANKING
S0051485,C02706,P00089,ST024,2026-10-31 11:39:00,2,9250.21,0.05,WALLET
S0051486,C03033,P00545,ST035,2027-01-27 11:21:00,3,2928.27,0.00,COD
S0051487,C04354,P01072,ST015,2027-05-10 01:46:00,4,3894.73,0.05,NET_BANKING
S0051488,C00149,P00528,ST049,2027-03-06 04:03:00,1,12190.45,0.15,CARD
S0051489,C00881,P00903,ST012,2027-02-28 17:59:00,5,4390.79,0.10,CARD
S0051490,C05036,P00312,ST039,2026-09-12 15:46:00,4,5466.28,0.00,UPI
S0051491,C01595,P00321,ST047,2026-10-21 08:59:00,1,1068.85,0.05,CARD
S0051492,C01310,P00864,ST014,2026-10-27 21:44:00,5,934.40,0.00,CARD
S0051493,C04752,P00453,ST003,2026-09-06 19:56:00,4,7401.19,0.10,UPI
S0051494,C02119,P00482,ST027,2027-01-18 18:14:00,1,3964.41,0.00,COD
S0051495,C01266,P00216,ST047,2027-04-22 12:06:00,4,1540.77,0.05,NET_BANKING
S0051496,C02224,P00258,ST006,2027-04-20 03:47:00,1,9537.16,0.00,UPI
S0051497,C01464,P01016,ST031,2027-03-08 23:00:00,2,4714.84,0.15,UPI
S0051498,C03188,P00746,ST018,2026-09-02 22:07:00,7,8367.69,0.05,UPI
S0051499,C02589,P00401,ST014,2026-11-11 03:43:00,6,14612.89,0.15,NET_BANKING
S0051500,C00097,P00392,ST008,2026-09-24 20:20:00,8,1926.43,0.05,NET_BANKING
S0051501,C03616,P00030,ST007,2026-11-26 22:53:00,5,7478.66,0.10,COD
S0051502,C04699,P00132,ST006,2026-12-19 06:29:00,4,661.50,0.10,CARD
S0051503,C03670,P01029,ST019,2027-02-13 11:11:00,5,1145.75,0.15,WALLET
S0051504,C02487,P00398,ST044,2027-04-30 00:48:00,5,12199.29,0.15,NET_BANKING
S0051505,C04721,P00875,ST029,2027-04-28 03:45:00,8,9193.50,0.05,NET_BANKING
S0051506,C01909,P00087,ST026,2027-04-28 14:48:00,7,2943.27,0.05,UPI
S0051507,C05493,P00054,ST012,2027-05-16 08:51:00,1,6510.78,0.15,COD
S0051508,C03827,P00788,ST011,2026-11-07 12:42:00,4,14058.06,0.00,UPI
S0051509,C01991,P00550,ST036,2026-10-20 02:38:00,7,1961.46,0.10,COD
S0051510,C00423,P00240,ST025,2026-10-22 03:00:00,5,9582.36,0.00,WALLET
S0051511,C04194,P00859,ST035,2027-01-15 03:26:00,8,4987.90,0.15,NET_BANKING
S0051512,C02033,P00199,ST036,2026-12-16 09:03:00,3,10119.49,0.10,COD
S0051513,C01080,P00540,ST004,2026-11-12 10:21:00,6,8768.71,0.10,NET_BANKING
S0051514,C04107,P00920,ST011,2027-01-26 20:24:00,6,13420.77,0.00,NET_BANKING
S0051515,C01603,P00165,ST034,2027-03-21 14:11:00,7,14497.74,0.10,CARD
S0051516,C04222,P00548,ST016,2027-01-27 09:17:00,8,11468.53,0.00,COD
S0051517,C02698,P01058,ST033,2026-11-18 16:18:00,1,3061.01,0.05,NET_BANKING
S0051518,C02777,P00869,ST031,2026-11-26 06:19:00,3,5521.33,0.15,NET_BANKING
S0051519,C05088,P00736,ST037,2027-04-04 15:00:00,4,10626.28,0.00,WALLET
S0051520,C02620,P01075,ST003,2026-09-20 01:23:00,8,1895.77,0.15,NET_BANKING
S0051521,C00233,P00204,ST040,2026-11-09 17:43:00,2,1600.11,0.15,CARD
S0051522,C02424,P00310,ST014,2026-09-28 05:26:00,6,7286.34,0.00,COD
S0051523,C03280,P00210,ST049,2026-11-18 14:56:00,5,3260.81,0.10,UPI
S0051524,C04773,P00426,ST038,2027-01-09 09:29:00,8,6898.62,0.10,COD
S0051525,C02040,P00501,ST010,2026-11-06 05:45:00,8,591.28,0.00,WALLET
S0051526,C03467,P01018,ST030,2026-11-10 07:22:00,7,4457.85,0.15,UPI
S0051527,C02375,P00034,ST048,2027-04-23 06:29:00,6,14038.19,0.00,CARD
S0051528,C01833,P00952,ST048,2026-10-14 00:08:00,3,7725.11,0.10,NET_BANKING
S0051529,C00104,P00554,ST038,2027-01-16 10:44:00,1,14870.16,0.10,CARD
S0051530,C01323,P00018,ST006,2026-09-13 14:20:00,4,10580.36,0.05,WALLET
S0051531,C04676,P00094,ST010,2027-02-09 19:13:00,2,3538.71,0.05,WALLET
S0051532,C00765,P00819,ST025,2027-01-25 08:15:00,5,5314.55,0.05,NET_BANKING
S0051533,C00225,P00496,ST036,2026-10-04 14:42:00,6,3469.95,0.15,COD
S0051534,C05384,P00147,ST031,2027-03-02 06:36:00,8,8610.17,0.05,COD
S0051535,C01765,P00559,ST010,2027-02-09 09:27:00,2,9132.88,0.00,CARD
S0051536,C03922,P00691,ST040,2026-09-10 15:28:00,2,11997.97,0.00,NET_BANKING
S0051537,C04044,P00871,ST034,2026-10-03 14:15:00,6,9556.52,0.15,COD
S0051538,C01100,P01051,ST041,2026-11-17 03:09:00,7,3027.99,0.10,COD
S0051539,C02567,P00781,ST001,2027-02-13 20:02:00,1,8887.88,0.05,WALLET
S0051540,C01182,P00931,ST004,2027-04-29 07:11:00,6,10365.83,0.00,NET_BANKING
S0051541,C05026,P00976,ST020,2027-01-10 20:26:00,2,3815.57,0.00,CARD
S0051542,C03495,P00239,ST033,2026-12-07 02:36:00,2,2668.52,0.15,UPI
S0051543,C00165,P00923,ST013,2027-04-22 17:50:00,7,12391.37,0.15,WALLET
S0051544,C00219,P00741,ST014,2027-03-26 19:37:00,5,14542.74,0.00,CARD
S0051545,C03341,P00304,ST026,2027-02-07 12:02:00,8,8379.11,0.10,COD
S0051546,C01222,P00505,ST001,2026-12-03 14:11:00,4,13158.37,0.15,WALLET
S0051547,C01187,P00103,ST015,2027-05-13 15:12:00,2,3719.77,0.10,COD
S0051548,C01413,P01058,ST022,2027-05-03 07:51:00,7,908.68,0.05,NET_BANKING
S0051549,C00751,P00279,ST010,2026-10-12 22:27:00,8,7949.95,0.00,WALLET
S0051550,C02843,P00955,ST049,2027-02-23 10:45:00,7,5719.71,0.05,UPI
S0051551,C02673,P00664,ST006,2026-10-12 19:22:00,1,2596.83,0.10,WALLET
S0051552,C04470,P00642,ST047,2027-01-25 01:55:00,3,4616.48,0.00,WALLET
S0051553,C02526,P01055,ST012,2027-03-31 07:11:00,2,2873.78,0.00,COD
S0051554,C01153,P01011,ST003,2026-10-23 01:43:00,7,3686.07,0.10,UPI
S0051555,C02901,P00062,ST005,2027-03-18 10:40:00,5,6290.18,0.00,NET_BANKING
S0051556,C03985,P00397,ST010,2027-03-16 07:31:00,7,12844.97,0.00,WALLET
S0051557,C00714,P00418,ST047,2027-03-12 21:12:00,7,7868.89,0.00,COD
S0051558,C00569,P00919,ST019,2027-04-23 03:34:00,4,8906.88,0.10,UPI
S0051559,C04344,P00363,ST009,2027-03-15 17:53:00,6,7028.08,0.00,CARD
S0051560,C05014,P00618,ST016,2026-10-21 20:50:00,3,9855.53,0.00,UPI
S0051561,C01141,P01010,ST025,2027-05-08 14:41:00,2,109.60,0.10,UPI
S0051562,C02349,P00380,ST015,2026-11-03 05:27:00,8,10594.68,0.00,COD
S0051563,C00492,P00505,ST031,2026-10-09 02:12:00,8,13158.37,0.15,UPI
S0051564,C00185,P00979,ST020,2027-01-18 16:11:00,4,5063.99,0.15,CARD
S0051565,C00255,P00788,ST049,2027-04-27 08:32:00,2,14058.06,0.00,COD
S0051566,C03321,P00498,ST037,2026-09-14 23:14:00,4,302.97,0.05,CARD
S0051567,C03624,P00400,ST046,2027-05-16 17:53:00,6,11156.69,0.05,CARD
S0051568,C01536,P00518,ST021,2027-03-17 17:19:00,3,7226.67,0.05,WALLET
S0051569,C02801,P00225,ST036,2027-04-27 15:40:00,8,9830.38,0.00,NET_BANKING
S0051570,C04012,P00133,ST033,2026-09-01 21:29:00,2,12379.20,0.10,WALLET
S0051571,C03651,P00048,ST045,2026-12-16 17:07:00,1,5018.49,0.05,COD
S0051572,C02259,P00380,ST049,2027-05-04 17:30:00,3,10594.68,0.00,UPI
S0051573,C00077,P00215,ST018,2026-12-11 05:49:00,5,3285.00,0.00,COD
S0051574,C00608,P00628,ST014,2026-12-20 13:20:00,8,11204.97,0.15,WALLET
S0051575,C03872,P00997,ST038,2026-09-11 14:48:00,7,2288.79,0.05,WALLET
S0051576,C01034,P00513,ST010,2027-01-14 19:06:00,7,2594.81,0.05,UPI
S0051577,C01779,P00425,ST028,2027-01-13 21:49:00,3,14157.41,0.05,NET_BANKING
S0051578,C00180,P00130,ST048,2027-01-03 14:40:00,8,1609.69,0.10,CARD
S0051579,C01867,P00288,ST018,2027-01-11 12:20:00,8,8330.78,0.05,UPI
S0051580,C00359,P00757,ST048,2027-03-15 06:59:00,1,226.72,0.10,COD
S0051581,C00050,P00112,ST001,2027-02-12 06:39:00,4,1012.33,0.05,WALLET
S0051582,C04714,P00064,ST003,2026-11-28 19:16:00,6,9773.23,0.05,UPI
S0051583,C01767,P00829,ST040,2026-11-28 17:53:00,1,5882.19,0.05,CARD
S0051584,C05040,P00715,ST027,2026-12-18 06:11:00,3,9749.53,0.00,UPI
S0051585,C05379,P00219,ST043,2026-10-06 02:49:00,2,13496.03,0.00,CARD
S0051586,C03736,P00741,ST005,2027-04-28 08:05:00,1,14542.74,0.10,WALLET
S0051587,C04598,P00948,ST034,2026-11-11 16:55:00,3,7783.05,0.00,UPI
S0051588,C05389,P00479,ST025,2026-11-28 05:06:00,3,1921.66,0.10,NET_BANKING
S0051589,C01600,P01034,ST050,2026-09-28 20:56:00,1,361.79,0.15,UPI
S0051590,C02808,P00113,ST033,2027-02-08 20:40:00,3,13315.47,0.00,NET_BANKING
S0051591,C02441,P00166,ST043,2026-12-07 07:30:00,3,8032.81,0.00,WALLET
S0051592,C00470,P00435,ST040,2027-04-27 14:12:00,3,6495.05,0.10,WALLET
S0051593,C04121,P00998,ST018,2027-02-10 09:20:00,1,2576.28,0.00,NET_BANKING
S0051594,C04999,P00470,ST034,2027-01-11 19:25:00,8,2213.98,0.15,WALLET
S0051595,C04249,P00069,ST031,2026-09-03 18:53:00,3,2410.61,0.10,WALLET
S0051596,C03676,P00142,ST041,2026-10-16 17:16:00,4,3934.33,0.00,WALLET
S0051597,C05178,P00719,ST045,2027-03-05 06:54:00,8,6837.75,0.00,COD
S0051598,C04494,P00857,ST008,2026-10-13 09:29:00,3,10083.38,0.15,NET_BANKING
S0051599,C04853,P00523,ST049,2027-03-06 05:07:00,6,3568.60,0.00,CARD
S0051600,C02767,P00689,ST021,2027-02-16 16:06:00,8,1747.51,0.05,CARD
S0051601,C01597,P00384,ST030,2026-10-19 16:58:00,7,2659.04,0.15,NET_BANKING
S0051602,C02416,P01066,ST009,2026-11-21 22:25:00,6,2649.36,0.05,COD
S0051603,C03693,P00857,ST005,2027-01-29 08:39:00,5,10083.38,0.10,COD
S0051604,C01874,P00555,ST013,2027-01-16 15:42:00,3,3239.18,0.05,COD
S0051605,C05344,P00998,ST019,2027-05-14 22:02:00,4,2576.28,0.15,WALLET
S0051606,C01585,P00611,ST011,2027-04-23 19:20:00,4,13074.44,0.05,NET_BANKING
S0051607,C03491,P00399,ST043,2026-12-03 18:19:00,1,12674.98,0.00,COD
S0051608,C05032,P00321,ST024,2026-10-10 15:05:00,5,1068.85,0.00,NET_BANKING
S0051609,C01575,P00121,ST033,2027-05-17 09:29:00,2,612.71,0.05,UPI
S0051610,C00413,P00768,ST012,2026-09-06 10:03:00,5,11814.22,0.10,NET_BANKING
S0051611,C05467,P00149,ST048,2026-09-19 20:49:00,7,6470.19,0.05,CARD
S0051612,C04108,P00706,ST046,2027-03-26 04:56:00,2,2797.24,0.15,NET_BANKING
S0051613,C00775,P00166,ST035,2026-10-01 22:55:00,1,8032.81,0.10,COD
S0051614,C02727,P00809,ST019,2026-10-17 02:47:00,4,7203.83,0.00,UPI
S0051615,C04500,P00069,ST047,2027-02-26 12:48:00,6,2410.61,0.00,NET_BANKING
S0051616,C04188,P01030,ST032,2026-09-22 07:27:00,8,1750.37,0.10,COD
S0051617,C04924,P00832,ST008,2027-05-07 01:47:00,2,12604.04,0.00,WALLET
S0051618,C01995,P00102,ST043,2027-01-13 14:15:00,8,8070.99,0.15,NET_BANKING
S0051619,C03637,P00338,ST004,2026-10-28 11:35:00,1,9729.31,0.05,NET_BANKING
S0051620,C00979,P00771,ST008,2027-05-13 10:04:00,7,9138.48,0.15,COD
S0051621,C04690,P01054,ST031,2027-03-31 12:47:00,4,3045.34,0.15,COD
S0051622,C04845,P00568,ST001,2026-11-25 20:54:00,4,11436.07,0.05,WALLET
S0051623,C00415,P00586,ST039,2027-04-04 05:31:00,7,3287.74,0.15,NET_BANKING
S0051624,C04820,P00296,ST003,2026-10-18 00:01:00,8,4617.53,0.00,UPI
S0051625,C02994,P00556,ST043,2027-05-07 17:29:00,5,4347.03,0.05,UPI
S0051626,C04255,P00082,ST017,2027-03-31 00:36:00,8,3347.34,0.05,UPI
S0051627,C02299,P00011,ST033,2026-12-09 04:24:00,1,9660.40,0.00,WALLET
S0051628,C01349,P00123,ST048,2026-09-15 20:03:00,6,4247.43,0.05,CARD
S0051629,C01745,P00383,ST038,2027-01-30 00:47:00,2,4193.79,0.00,CARD
S0051630,C01319,P00426,ST048,2027-02-20 09:25:00,3,6898.62,0.05,COD
S0051631,C01958,P00444,ST025,2027-03-01 11:49:00,4,910.78,0.00,CARD
S0051632,C01929,P00088,ST018,2027-01-15 12:44:00,3,8857.37,0.05,NET_BANKING
S0051633,C03574,P00488,ST010,2027-03-17 07:21:00,6,764.11,0.00,COD
S0051634,C05295,P00769,ST017,2027-03-30 16:04:00,4,14064.61,0.00,CARD
S0051635,C04213,P00092,ST010,2027-05-08 20:09:00,3,8564.59,0.15,NET_BANKING
S0051636,C00122,P01074,ST016,2027-04-20 16:09:00,6,253.15,0.00,UPI
S0051637,C01174,P00369,ST010,2026-09-14 06:46:00,2,2410.82,0.00,WALLET
S0051638,C01451,P00129,ST020,2026-10-29 10:14:00,2,5652.18,0.15,COD
S0051639,C00642,P01006,ST010,2026-10-27 00:59:00,6,2015.91,0.10,WALLET
S0051640,C01883,P01062,ST022,2027-05-07 01:22:00,1,2925.64,0.05,UPI
S0051641,C01897,P00229,ST047,2027-02-03 05:06:00,2,718.51,0.00,NET_BANKING
S0051642,C05119,P00103,ST006,2027-03-01 18:19:00,1,3719.77,0.00,COD
S0051643,C03388,P01023,ST008,2026-10-24 12:51:00,3,4699.63,0.05,UPI
S0051644,C04473,P00084,ST042,2026-09-30 11:41:00,3,9370.43,0.00,COD
S0051645,C00390,P00632,ST028,2027-02-22 21:58:00,5,6057.90,0.00,WALLET
S0051646,C03652,P00756,ST038,2026-12-21 23:15:00,3,7470.61,0.00,CARD
S0051647,C05421,P01092,ST013,2027-02-02 06:44:00,1,3043.36,0.10,COD
S0051648,C05371,P00966,ST043,2026-10-15 08:23:00,3,14692.30,0.00,CARD
S0051649,C04177,P00659,ST036,2026-11-08 15:41:00,7,3678.56,0.10,NET_BANKING
S0051650,C00712,P00926,ST005,2026-10-14 02:04:00,8,11337.89,0.00,NET_BANKING
S0051651,C01706,P00304,ST024,2026-10-09 23:01:00,1,8379.11,0.10,NET_BANKING
S0051652,C03136,P00689,ST043,2027-03-28 06:43:00,3,1747.51,0.00,UPI
S0051653,C00754,P00556,ST021,2027-02-13 02:26:00,4,4347.03,0.00,UPI
S0051654,C04637,P00373,ST043,2027-03-01 22:52:00,2,11139.22,0.00,COD
S0051655,C01125,P00827,ST011,2027-02-26 23:20:00,7,14075.22,0.15,NET_BANKING
S0051656,C04140,P00076,ST040,2027-03-06 11:32:00,6,2643.86,0.15,UPI
S0051657,C04185,P00316,ST044,2026-09-06 20:33:00,8,4896.51,0.05,WALLET
S0051658,C04527,P00852,ST021,2026-11-12 02:55:00,8,9756.12,0.00,COD
S0051659,C03843,P00048,ST044,2026-09-25 21:05:00,1,5018.49,0.00,COD
S0051660,C02150,P00359,ST004,2027-05-15 22:34:00,1,6112.49,0.10,NET_BANKING
S0051661,C01984,P00482,ST027,2026-10-25 14:48:00,3,3964.41,0.15,COD
S0051662,C04430,P00872,ST035,2026-09-03 00:18:00,4,6939.07,0.05,CARD
S0051663,C02983,P00144,ST047,2027-05-15 07:36:00,7,9162.18,0.00,NET_BANKING
S0051664,C00805,P00995,ST013,2027-01-27 09:55:00,7,10497.82,0.00,NET_BANKING
S0051665,C02673,P00403,ST023,2027-03-09 20:44:00,1,6512.03,0.10,WALLET
S0051666,C00554,P01088,ST050,2027-04-24 14:16:00,6,3382.87,0.05,NET_BANKING
S0051667,C03761,P00004,ST005,2027-01-06 06:07:00,4,7022.90,0.10,CARD
S0051668,C01350,P00481,ST038,2027-04-28 16:50:00,5,10052.76,0.05,NET_BANKING
S0051669,C03829,P00300,ST022,2026-09-11 15:37:00,5,14429.61,0.10,NET_BANKING
S0051670,C02648,P01064,ST033,2027-04-24 07:24:00,6,3405.55,0.10,UPI
S0051671,C03673,P00461,ST042,2027-02-02 18:20:00,6,9906.46,0.10,WALLET
S0051672,C01204,P00213,ST028,2026-09-02 08:45:00,7,2854.32,0.05,UPI
S0051673,C04775,P00089,ST002,2027-01-07 06:40:00,6,9250.21,0.00,CARD
S0051674,C02221,P00876,ST038,2026-10-05 23:10:00,1,13453.44,0.00,NET_BANKING
S0051675,C01184,P00936,ST032,2026-10-14 11:45:00,7,4432.63,0.00,NET_BANKING
S0051676,C02213,P00635,ST041,2026-09-03 09:50:00,2,7089.77,0.05,CARD
S0051677,C01197,P00447,ST048,2027-03-29 10:54:00,5,13780.12,0.05,COD
S0051678,C05442,P00694,ST040,2027-02-16 12:57:00,5,11037.40,0.00,COD
S0051679,C04169,P00154,ST040,2026-09-13 10:53:00,5,3193.19,0.10,NET_BANKING
S0051680,C05189,P00590,ST017,2027-04-20 04:32:00,8,265.48,0.15,UPI
S0051681,C02309,P00135,ST006,2027-05-11 04:26:00,4,4518.74,0.15,NET_BANKING
S0051682,C01619,P00858,ST015,2027-01-11 21:48:00,1,2715.82,0.10,WALLET
S0051683,C00801,P00343,ST045,2027-05-07 21:19:00,4,4575.42,0.15,NET_BANKING
S0051684,C00190,P00044,ST025,2027-04-24 13:33:00,7,10352.60,0.05,WALLET
S0051685,C01786,P00797,ST005,2027-02-28 04:04:00,7,13199.71,0.05,CARD
S0051686,C02484,P01018,ST003,2027-04-25 06:19:00,6,1335.38,0.10,CARD
S0051687,C02998,P00342,ST011,2026-09-06 16:43:00,5,2514.86,0.15,WALLET
S0051688,C01610,P00785,ST034,2027-05-01 01:23:00,8,8966.99,0.00,NET_BANKING
S0051689,C01975,P00477,ST019,2026-10-26 11:11:00,4,3992.23,0.15,NET_BANKING
S0051690,C00719,P00795,ST009,2027-03-27 15:26:00,4,123.55,0.00,WALLET
S0051691,C01087,P00029,ST001,2027-04-18 02:12:00,7,10510.24,0.00,UPI
S0051692,C02029,P00602,ST031,2026-10-16 12:28:00,3,10282.25,0.10,NET_BANKING
S0051693,C00475,P00497,ST039,2027-02-16 15:37:00,4,9469.60,0.15,NET_BANKING
S0051694,C00327,P00565,ST040,2026-11-12 00:43:00,3,2663.33,0.10,NET_BANKING
S0051695,C03443,P00075,ST042,2026-11-10 10:00:00,3,288.24,0.15,WALLET
S0051696,C05266,P01017,ST036,2026-10-11 00:04:00,4,4301.51,0.00,COD
S0051697,C02753,P00987,ST006,2026-11-04 04:54:00,2,8796.88,0.00,COD
S0051698,C05042,P00637,ST040,2027-05-08 04:45:00,6,14361.31,0.00,UPI
S0051699,C00398,P00494,ST038,2027-04-07 18:22:00,7,4019.59,0.00,COD
S0051700,C05414,P00468,ST040,2026-11-28 22:40:00,2,2151.00,0.00,COD
S0051701,C05249,P00416,ST018,2027-04-18 03:41:00,4,7537.51,0.10,WALLET
S0051702,C00709,P00436,ST022,2026-10-26 21:41:00,6,14953.84,0.05,CARD
S0051703,C00688,P00318,ST008,2026-10-12 16:26:00,3,10232.53,0.15,COD
S0051704,C02162,P00789,ST045,2027-02-18 17:39:00,5,2259.56,0.15,CARD
S0051705,C02964,P00758,ST008,2026-09-08 07:53:00,5,8501.92,0.15,CARD
S0051706,C01496,P00976,ST025,2027-03-14 08:12:00,1,3815.57,0.00,NET_BANKING
S0051707,C02487,P00225,ST016,2027-03-23 03:10:00,8,9830.38,0.15,NET_BANKING
S0051708,C04699,P00539,ST040,2027-01-13 17:45:00,3,7157.77,0.10,WALLET
S0051709,C04157,P00624,ST024,2026-10-25 16:19:00,1,10459.90,0.05,WALLET
S0051710,C04916,P00694,ST004,2026-10-14 06:01:00,1,11037.40,0.15,UPI
S0051711,C03021,P01018,ST003,2026-10-22 15:06:00,6,4343.99,0.10,CARD
S0051712,C02159,P00686,ST002,2027-05-09 07:20:00,4,1168.81,0.10,NET_BANKING
S0051713,C03318,P00516,ST012,2027-02-06 03:51:00,7,7808.79,0.10,COD
S0051714,C01446,P00245,ST017,2027-03-20 14:00:00,6,8201.28,0.05,WALLET
S0051715,C03451,P00535,ST007,2027-02-21 10:37:00,3,11264.22,0.00,COD
S0051716,C03931,P00385,ST049,2027-01-27 01:42:00,4,6877.27,0.15,CARD
S0051717,C03439,P00172,ST014,2027-02-16 06:57:00,6,13640.80,0.10,UPI
S0051718,C01302,P00230,ST039,2027-05-02 17:40:00,4,9832.40,0.15,COD
S0051719,C02947,P00065,ST050,2027-04-10 14:31:00,2,505.63,0.10,WALLET
S0051720,C00394,P00668,ST001,2026-09-21 09:38:00,5,9801.28,0.15,NET_BANKING
S0051721,C00452,P00348,ST049,2026-10-30 14:33:00,2,6541.94,0.10,COD
S0051722,C03141,P00489,ST044,2027-03-02 14:00:00,3,12272.05,0.10,WALLET
S0051723,C05006,P00061,ST030,2027-03-22 08:41:00,8,9979.10,0.10,UPI
S0051724,C00577,P00865,ST037,2026-09-09 05:24:00,5,8660.01,0.00,NET_BANKING
S0051725,C01920,P00422,ST004,2027-04-28 11:50:00,8,8067.73,0.00,UPI
S0051726,C02585,P00619,ST036,2027-04-04 16:43:00,3,14183.29,0.05,CARD
S0051727,C04561,P00983,ST013,2026-11-28 20:12:00,1,14539.34,0.00,NET_BANKING
S0051728,C01539,P00274,ST029,2026-11-20 11:02:00,4,13222.64,0.10,WALLET
S0051729,C04222,P00455,ST001,2027-01-13 07:14:00,4,11331.19,0.05,NET_BANKING
S0051730,C01304,P00419,ST023,2027-01-25 20:45:00,4,11021.19,0.05,CARD
S0051731,C01388,P00292,ST022,2027-05-10 11:38:00,8,387.24,0.00,COD
S0051732,C02612,P00260,ST020,2027-03-08 03:02:00,1,11471.26,0.10,CARD
S0051733,C00868,P00631,ST039,2026-12-18 17:50:00,6,2764.58,0.15,CARD
S0051734,C03689,P00374,ST018,2027-03-02 10:05:00,7,688.46,0.00,CARD
S0051735,C01444,P00273,ST034,2027-02-15 03:51:00,1,1657.16,0.00,UPI
S0051736,C05272,P00256,ST001,2026-10-02 10:50:00,5,1987.06,0.00,NET_BANKING
S0051737,C03273,P00896,ST010,2027-05-18 20:40:00,3,9136.34,0.00,CARD
S0051738,C05328,P00425,ST031,2026-10-11 10:33:00,3,14157.41,0.00,UPI
S0051739,C03693,P00452,ST035,2027-05-06 04:45:00,3,3389.85,0.10,WALLET
S0051740,C02021,P00291,ST030,2027-05-16 23:35:00,6,3274.34,0.00,UPI
S0051741,C00945,P00750,ST014,2026-12-08 19:36:00,7,10881.74,0.00,COD
S0051742,C04250,P01008,ST050,2027-02-19 23:46:00,3,2051.50,0.00,UPI
S0051743,C03991,P00990,ST030,2027-01-02 07:38:00,4,1411.89,0.10,COD
S0051744,C03122,P00701,ST011,2027-05-18 05:40:00,1,9710.18,0.05,WALLET
S0051745,C02652,P00586,ST045,2027-04-01 07:58:00,7,3287.74,0.00,CARD
S0051746,C03812,P00260,ST002,2026-11-03 01:28:00,3,11471.26,0.10,COD
S0051747,C01872,P00753,ST011,2026-09-04 03:12:00,8,9739.34,0.00,WALLET
S0051748,C02301,P00380,ST017,2027-05-19 02:01:00,1,10594.68,0.05,WALLET
S0051749,C01032,P00960,ST022,2027-04-14 12:37:00,1,6003.64,0.15,NET_BANKING
S0051750,C03930,P00524,ST040,2027-03-04 03:54:00,2,11462.06,0.05,UPI
S0051751,C02819,P00983,ST046,2027-04-24 17:28:00,2,14539.34,0.00,UPI
S0051752,C00186,P00175,ST013,2027-01-28 05:21:00,5,14956.51,0.10,COD
S0051753,C02074,P00554,ST029,2027-04-07 16:56:00,3,14870.16,0.10,UPI
S0051754,C04254,P00161,ST043,2027-03-11 15:33:00,1,3469.31,0.00,CARD
S0051755,C02958,P00162,ST016,2026-09-18 03:37:00,1,12288.78,0.10,CARD
S0051756,C00081,P00556,ST037,2027-04-17 03:30:00,7,4347.03,0.10,WALLET
S0051757,C01549,P00741,ST045,2027-04-03 13:15:00,3,14542.74,0.05,NET_BANKING
S0051758,C05139,P00452,ST004,2026-11-23 12:00:00,8,3389.85,0.00,CARD
S0051759,C05062,P00672,ST026,2027-01-18 00:56:00,4,7478.34,0.10,COD
S0051760,C05419,P00475,ST023,2027-01-02 12:38:00,4,1870.66,0.00,WALLET
S0051761,C05461,P00835,ST044,2026-09-20 08:08:00,4,14703.43,0.10,NET_BANKING
S0051762,C05364,P00885,ST050,2026-12-20 01:43:00,4,2276.62,0.15,COD
S0051763,C02253,P00554,ST047,2026-10-18 08:15:00,5,14870.16,0.00,CARD
S0051764,C02428,P00110,ST040,2026-10-29 02:02:00,1,11820.01,0.05,WALLET
S0051765,C05365,P00879,ST005,2027-04-03 09:19:00,6,5207.36,0.05,COD
S0051766,C00743,P00183,ST034,2027-02-02 08:33:00,5,4082.17,0.15,UPI
S0051767,C00293,P00592,ST008,2027-03-11 21:20:00,1,3828.55,0.15,COD
S0051768,C03379,P00339,ST027,2026-12-26 05:38:00,1,2464.80,0.10,WALLET
S0051769,C03769,P00303,ST033,2027-03-21 16:55:00,1,14560.81,0.15,NET_BANKING
S0051770,C02711,P01003,ST002,2027-05-16 06:49:00,8,3889.73,0.00,WALLET
S0051771,C01714,P01034,ST026,2027-01-17 14:34:00,8,1631.90,0.00,NET_BANKING
S0051772,C02978,P00060,ST016,2027-04-09 22:51:00,7,13328.41,0.00,UPI
S0051773,C01300,P00728,ST046,2027-03-14 05:23:00,6,2376.69,0.15,WALLET
S0051774,C01991,P00435,ST007,2026-12-16 15:48:00,6,6495.05,0.05,UPI
S0051775,C01973,P00486,ST040,2026-11-21 21:25:00,2,10044.32,0.00,UPI
S0051776,C01377,P01033,ST039,2026-10-16 11:03:00,7,1071.26,0.15,WALLET
S0051777,C02662,P01067,ST006,2027-01-09 05:19:00,8,221.54,0.05,COD
S0051778,C03586,P00559,ST034,2027-01-22 07:03:00,1,9132.88,0.05,UPI
S0051779,C03189,P00761,ST024,2027-01-05 19:59:00,7,7126.90,0.05,COD
S0051780,C01043,P00587,ST022,2026-10-19 02:48:00,8,7939.21,0.00,COD
S0051781,C02270,P00552,ST024,2026-09-23 21:10:00,6,14232.88,0.15,NET_BANKING
S0051782,C04507,P00774,ST034,2026-10-02 07:39:00,4,12009.08,0.15,WALLET
S0051783,C04733,P00879,ST025,2026-09-23 17:41:00,5,5207.36,0.00,COD
S0051784,C02702,P00470,ST007,2026-10-04 16:17:00,4,2213.98,0.00,WALLET
S0051785,C02252,P01020,ST046,2026-09-09 21:57:00,8,2932.39,0.05,UPI
S0051786,C02254,P01028,ST032,2026-10-11 05:12:00,7,1666.71,0.00,CARD
S0051787,C03217,P00727,ST004,2027-04-08 18:07:00,7,12337.64,0.00,WALLET
S0051788,C05129,P01025,ST015,2027-03-11 09:10:00,7,1853.85,0.15,WALLET
S0051789,C03621,P00660,ST028,2026-11-30 06:45:00,2,7080.45,0.00,COD
S0051790,C05282,P00942,ST045,2026-12-13 21:37:00,5,13417.77,0.05,COD
S0051791,C00577,P00698,ST015,2026-09-19 03:26:00,7,4891.44,0.15,UPI
S0051792,C03050,P00977,ST022,2026-11-13 07:48:00,5,12203.63,0.10,NET_BANKING
S0051793,C04204,P00215,ST027,2026-09-01 09:46:00,4,3285.00,0.00,NET_BANKING
S0051794,C02057,P00860,ST031,2027-02-18 00:39:00,7,207.98,0.00,NET_BANKING
S0051795,C03241,P00989,ST032,2027-02-05 22:30:00,8,6367.31,0.15,COD
S0051796,C04090,P00349,ST008,2026-12-05 15:24:00,7,4491.15,0.00,COD
S0051797,C01452,P00102,ST002,2026-09-24 01:39:00,6,8070.99,0.10,WALLET
S0051798,C01703,P00226,ST033,2027-05-01 06:55:00,8,14378.99,0.10,NET_BANKING
S0051799,C03886,P00984,ST030,2027-05-18 07:02:00,2,7532.32,0.05,COD
S0051800,C03753,P00810,ST033,2027-01-19 08:43:00,6,5274.62,0.10,UPI
S0051801,C01902,P00756,ST010,2027-04-23 16:22:00,6,7470.61,0.00,COD
S0051802,C01776,P00117,ST043,2026-10-05 06:15:00,8,9637.83,0.10,UPI
S0051803,C01631,P00179,ST005,2026-09-17 18:11:00,4,6066.21,0.10,UPI
S0051804,C04008,P00342,ST011,2026-09-07 04:03:00,1,2514.86,0.10,COD
S0051805,C03078,P00968,ST014,2026-10-16 04:58:00,7,10372.46,0.05,UPI
S0051806,C03994,P00395,ST028,2026-11-15 07:59:00,1,4137.07,0.00,COD
S0051807,C00632,P00500,ST013,2027-03-26 02:34:00,1,13885.62,0.00,COD
S0051808,C00808,P01058,ST007,2026-10-02 07:05:00,8,747.06,0.05,WALLET
S0051809,C02062,P00432,ST003,2026-11-13 01:16:00,3,578.01,0.00,WALLET
S0051810,C03288,P00975,ST021,2026-12-12 14:39:00,3,14210.52,0.05,NET_BANKING
S0051811,C02539,P00783,ST040,2026-12-06 03:49:00,1,1108.76,0.00,NET_BANKING
S0051812,C05428,P00132,ST030,2027-02-11 06:03:00,2,661.50,0.00,WALLET
S0051813,C03899,P01036,ST018,2026-11-05 03:20:00,7,3425.53,0.00,COD
S0051814,C02282,P00633,ST015,2026-09-06 15:29:00,6,8834.04,0.05,COD
S0051815,C03170,P00662,ST018,2026-09-14 15:21:00,6,6965.19,0.05,COD
S0051816,C04445,P00833,ST017,2026-09-10 22:27:00,2,1413.00,0.00,UPI
S0051817,C00457,P00995,ST048,2026-09-06 14:33:00,4,10497.82,0.00,COD
S0051818,C00736,P01012,ST034,2026-12-22 01:31:00,4,2573.93,0.00,NET_BANKING
S0051819,C00791,P00997,ST036,2027-04-14 23:24:00,4,2288.79,0.05,COD
S0051820,C04934,P00012,ST047,2027-03-06 22:35:00,7,50.90,0.05,COD
S0051821,C00651,P00401,ST049,2026-11-19 23:17:00,7,14612.89,0.05,CARD
S0051822,C05054,P00094,ST017,2026-12-30 05:24:00,3,3538.71,0.05,CARD
S0051823,C02765,P00894,ST009,2027-02-16 15:48:00,5,12465.27,0.00,WALLET
S0051824,C00506,P00663,ST033,2027-01-02 04:22:00,1,4192.70,0.00,CARD
S0051825,C01536,P00694,ST017,2027-03-02 18:53:00,5,11037.40,0.00,WALLET
S0051826,C00905,P00824,ST014,2027-03-16 13:06:00,1,5681.80,0.00,UPI
S0051827,C05013,P00713,ST044,2026-10-29 11:48:00,7,3603.18,0.00,NET_BANKING
S0051828,C00389,P00542,ST011,2026-11-08 07:56:00,8,13862.55,0.15,UPI
S0051829,C02073,P00034,ST006,2027-02-04 05:41:00,7,14038.19,0.00,NET_BANKING
S0051830,C03592,P00677,ST022,2027-05-07 18:12:00,3,9646.68,0.00,NET_BANKING
S0051831,C03482,P00702,ST043,2026-09-17 23:16:00,3,10861.46,0.10,WALLET
S0051832,C01508,P00292,ST005,2027-01-18 03:47:00,4,387.24,0.10,NET_BANKING
S0051833,C01334,P00418,ST018,2026-12-27 01:44:00,6,7868.89,0.10,UPI
S0051834,C03229,P00993,ST043,2027-01-02 01:31:00,8,11078.12,0.15,NET_BANKING
S0051835,C00693,P00779,ST034,2027-05-12 10:54:00,8,9277.18,0.05,WALLET
S0051836,C04844,P00782,ST028,2026-12-27 04:07:00,6,13670.11,0.10,UPI
S0051837,C03346,P00609,ST046,2026-09-23 05:04:00,6,12112.83,0.00,COD
S0051838,C04210,P01002,ST021,2026-09-19 01:50:00,3,88.05,0.05,CARD
S0051839,C04476,P00484,ST023,2026-09-18 07:02:00,3,195.13,0.10,COD
S0051840,C03869,P00567,ST017,2026-12-28 20:23:00,7,2522.97,0.10,WALLET
S0051841,C02966,P00801,ST027,2026-12-20 13:53:00,3,6852.19,0.05,COD
S0051842,C02333,P00669,ST027,2027-01-30 16:41:00,7,14324.33,0.00,COD
S0051843,C04835,P01014,ST003,2027-01-02 10:22:00,1,3419.28,0.10,UPI
S0051844,C02085,P00457,ST025,2026-09-02 20:25:00,7,2393.60,0.15,COD
S0051845,C01139,P00344,ST048,2027-03-05 12:29:00,2,12170.01,0.00,COD
S0051846,C01279,P00875,ST040,2027-04-12 11:54:00,8,9193.50,0.00,CARD
S0051847,C02371,P00109,ST033,2027-02-13 16:13:00,3,9560.87,0.05,CARD
S0051848,C00440,P01058,ST006,2026-10-31 00:59:00,7,405.39,0.05,UPI
S0051849,C03449,P00521,ST022,2026-10-07 16:18:00,7,6093.07,0.15,WALLET
S0051850,C03901,P00105,ST050,2026-10-30 23:34:00,4,7300.13,0.00,UPI
S0051851,C01427,P00960,ST050,2027-05-15 20:43:00,5,6003.64,0.05,NET_BANKING
S0051852,C04963,P00133,ST012,2027-03-25 01:54:00,6,12379.20,0.00,WALLET
S0051853,C04505,P00840,ST015,2026-12-22 19:52:00,5,4066.13,0.10,WALLET
S0051854,C00450,P00558,ST003,2027-02-27 09:37:00,2,2884.27,0.00,NET_BANKING
S0051855,C04237,P00849,ST015,2026-11-16 20:02:00,2,11840.46,0.00,UPI
S0051856,C02520,P00398,ST014,2026-10-10 11:57:00,1,12199.29,0.00,NET_BANKING
S0051857,C04255,P01038,ST017,2026-11-25 09:51:00,2,4482.21,0.00,NET_BANKING
S0051858,C04605,P00108,ST044,2026-12-07 19:10:00,5,8643.88,0.05,WALLET
S0051859,C04832,P00507,ST023,2027-02-15 08:27:00,8,13477.84,0.00,UPI
S0051860,C03821,P00009,ST013,2027-03-19 18:28:00,5,14426.84,0.00,WALLET
S0051861,C03981,P00974,ST010,2026-09-08 10:23:00,3,2875.19,0.00,CARD
S0051862,C01244,P00948,ST018,2027-04-24 04:20:00,3,7783.05,0.15,NET_BANKING
S0051863,C04539,P00269,ST012,2027-03-19 22:42:00,6,1436.31,0.00,COD
S0051864,C04452,P00639,ST050,2027-04-12 00:55:00,1,5321.74,0.10,CARD
S0051865,C04354,P00353,ST047,2026-09-27 08:01:00,6,10161.42,0.10,NET_BANKING
S0051866,C01238,P00928,ST035,2027-04-29 00:58:00,7,6951.77,0.10,CARD
S0051867,C00931,P00118,ST049,2027-01-17 09:47:00,6,7964.36,0.00,COD
S0051868,C05078,P00121,ST009,2027-05-01 02:04:00,1,612.71,0.15,COD
S0051869,C02790,P00795,ST036,2027-01-16 09:55:00,5,123.55,0.00,UPI
S0051870,C05339,P00073,ST010,2027-03-07 06:44:00,8,13519.47,0.00,COD
S0051871,C02132,P00995,ST031,2026-12-28 10:18:00,4,10497.82,0.05,NET_BANKING
S0051872,C05490,P00359,ST046,2026-10-15 17:34:00,7,6112.49,0.15,UPI
S0051873,C04519,P00326,ST048,2027-03-13 14:56:00,4,13983.47,0.10,NET_BANKING
S0051874,C04597,P01014,ST049,2026-12-12 04:34:00,4,2658.71,0.00,UPI
S0051875,C00416,P00955,ST034,2026-10-10 02:20:00,1,5719.71,0.05,NET_BANKING
S0051876,C03472,P00221,ST014,2027-03-03 01:04:00,8,7251.17,0.00,WALLET
S0051877,C02670,P00561,ST046,2026-11-22 01:16:00,1,4145.03,0.05,COD
S0051878,C04504,P00969,ST034,2026-09-24 01:02:00,2,3154.51,0.05,COD
S0051879,C01804,P00005,ST024,2027-04-05 10:34:00,2,3720.45,0.05,COD
S0051880,C01692,P00176,ST025,2026-12-31 06:53:00,5,10058.14,0.00,UPI
S0051881,C03983,P00382,ST041,2027-02-18 21:16:00,7,14341.57,0.15,NET_BANKING
S0051882,C05239,P00843,ST003,2026-10-12 08:15:00,4,13366.08,0.05,WALLET
S0051883,C00903,P00182,ST023,2027-03-21 16:56:00,5,11258.08,0.15,NET_BANKING
S0051884,C01956,P00010,ST003,2027-03-01 02:22:00,2,10965.99,0.15,WALLET
S0051885,C01387,P00122,ST048,2027-03-24 06:01:00,2,9607.56,0.10,CARD
S0051886,C02953,P00033,ST041,2027-03-02 03:45:00,4,11598.07,0.10,UPI
S0051887,C03645,P00226,ST010,2026-09-08 10:19:00,5,14378.99,0.00,UPI
S0051888,C01928,P00366,ST046,2026-11-04 11:09:00,3,13188.09,0.15,COD
S0051889,C02734,P00714,ST025,2026-10-15 05:41:00,5,12834.77,0.00,UPI
S0051890,C05480,P00030,ST024,2026-12-08 12:04:00,8,7478.66,0.05,NET_BANKING
S0051891,C04192,P00876,ST017,2026-12-16 21:23:00,4,13453.44,0.05,COD
S0051892,C00762,P00794,ST030,2026-10-15 00:09:00,2,9152.31,0.05,UPI
S0051893,C01104,P00539,ST031,2027-04-29 09:30:00,3,7157.77,0.00,WALLET
S0051894,C03630,P00077,ST007,2027-04-04 16:44:00,3,5411.25,0.10,UPI
S0051895,C01078,P00744,ST005,2027-02-10 13:51:00,8,3611.42,0.05,WALLET
S0051896,C02896,P01066,ST004,2027-02-28 00:40:00,2,4224.86,0.00,NET_BANKING
S0051897,C02431,P00554,ST041,2027-05-12 12:59:00,4,14870.16,0.05,NET_BANKING
S0051898,C01242,P00267,ST050,2026-11-14 14:08:00,7,4567.81,0.15,COD
S0051899,C03731,P00159,ST048,2027-01-31 07:41:00,7,6984.00,0.15,UPI
S0051900,C05135,P00570,ST044,2026-11-25 05:08:00,6,8154.82,0.00,CARD
S0051901,C05215,P00846,ST029,2026-11-19 14:11:00,2,5378.97,0.00,UPI
S0051902,C05219,P00452,ST034,2027-03-21 14:43:00,2,3389.85,0.10,UPI
S0051903,C02411,P00188,ST007,2026-10-29 18:04:00,3,6455.12,0.00,WALLET
S0051904,C00642,P00562,ST009,2026-09-27 23:36:00,5,10013.06,0.15,NET_BANKING
S0051905,C02594,P00243,ST030,2026-12-03 22:05:00,3,6859.66,0.15,WALLET
S0051906,C02631,P00660,ST021,2027-04-17 22:34:00,3,7080.45,0.00,WALLET
S0051907,C01363,P00118,ST028,2027-01-22 14:24:00,3,7964.36,0.15,NET_BANKING
S0051908,C04396,P00994,ST008,2027-05-14 15:08:00,2,14986.15,0.00,COD
S0051909,C03636,P00788,ST042,2026-10-30 13:58:00,8,14058.06,0.15,UPI
S0051910,C03220,P00868,ST036,2026-10-08 14:40:00,3,14973.26,0.10,WALLET
S0051911,C00102,P00309,ST010,2027-05-11 08:22:00,8,9944.41,0.00,WALLET
S0051912,C01348,P00478,ST043,2027-03-27 09:02:00,8,1905.90,0.00,CARD
S0051913,C03493,P00008,ST006,2027-03-08 23:50:00,3,1347.12,0.15,NET_BANKING
S0051914,C00354,P01038,ST001,2026-12-19 15:20:00,5,4162.07,0.15,CARD
S0051915,C00769,P00681,ST022,2027-05-02 21:27:00,7,10247.66,0.00,UPI
S0051916,C04508,P00705,ST022,2026-09-21 02:30:00,8,12535.43,0.05,WALLET
S0051917,C02622,P00827,ST035,2027-04-26 15:53:00,3,14075.22,0.00,NET_BANKING
S0051918,C03340,P00587,ST007,2027-03-13 03:59:00,6,7939.21,0.00,NET_BANKING
S0051919,C02359,P01048,ST004,2027-03-22 17:43:00,5,4692.24,0.10,WALLET
S0051920,C04448,P00281,ST029,2026-12-22 05:44:00,4,12950.39,0.15,UPI
S0051921,C00371,P00559,ST024,2027-02-28 00:51:00,4,9132.88,0.00,NET_BANKING
S0051922,C03829,P00286,ST010,2026-11-24 01:28:00,6,2796.88,0.15,COD
S0051923,C00876,P00316,ST044,2027-01-27 09:39:00,3,4896.51,0.10,NET_BANKING
S0051924,C04542,P00465,ST031,2026-09-27 13:01:00,4,2736.41,0.05,CARD
S0051925,C04801,P00033,ST022,2027-04-09 10:32:00,7,11598.07,0.05,CARD
S0051926,C01811,P00785,ST001,2026-10-22 00:26:00,2,8966.99,0.10,CARD
S0051927,C01022,P00483,ST001,2027-03-28 14:32:00,7,7759.25,0.05,WALLET
S0051928,C02833,P00550,ST027,2027-04-02 06:34:00,8,1961.46,0.05,WALLET
S0051929,C03026,P00792,ST025,2027-03-18 19:13:00,5,13052.60,0.10,NET_BANKING
S0051930,C03464,P00882,ST020,2026-09-14 03:43:00,7,1160.87,0.05,COD
S0051931,C00439,P00368,ST044,2026-09-09 22:42:00,2,14776.53,0.00,CARD
S0051932,C00271,P01046,ST050,2026-11-09 19:04:00,4,2875.87,0.00,CARD
S0051933,C02027,P00366,ST004,2027-04-26 03:10:00,5,13188.09,0.00,COD
S0051934,C05257,P00725,ST010,2027-02-06 21:54:00,4,5516.84,0.00,NET_BANKING
S0051935,C00222,P00267,ST038,2026-10-22 02:11:00,4,4567.81,0.10,COD
S0051936,C04814,P00949,ST045,2027-05-11 04:37:00,4,5923.78,0.10,WALLET
S0051937,C00468,P00304,ST025,2027-04-22 12:57:00,2,8379.11,0.15,WALLET
S0051938,C04866,P00828,ST034,2027-03-26 23:53:00,8,6520.23,0.15,UPI
S0051939,C01697,P01074,ST048,2027-03-20 14:32:00,3,1964.28,0.00,NET_BANKING
S0051940,C02639,P00841,ST048,2027-03-18 19:40:00,5,8077.31,0.15,COD
S0051941,C01567,P00868,ST050,2027-04-06 04:00:00,7,14973.26,0.00,CARD
S0051942,C00111,P01021,ST010,2026-11-10 07:06:00,1,2455.81,0.00,CARD
S0051943,C03691,P00729,ST030,2027-05-03 23:49:00,2,5458.72,0.00,UPI
S0051944,C04953,P00778,ST007,2027-05-05 06:19:00,4,5364.50,0.15,UPI
S0051945,C02919,P01011,ST007,2027-01-22 19:22:00,3,939.86,0.10,CARD
S0051946,C00549,P00857,ST037,2026-11-04 23:30:00,1,10083.38,0.15,COD
S0051947,C00482,P00574,ST041,2027-04-28 16:59:00,8,8927.79,0.00,UPI
S0051948,C00837,P00708,ST023,2026-09-27 12:22:00,5,605.04,0.10,NET_BANKING
S0051949,C03445,P00095,ST012,2026-12-23 19:56:00,8,5408.19,0.05,UPI
S0051950,C01570,P00681,ST044,2027-02-01 01:57:00,3,10247.66,0.00,COD
S0051951,C01510,P00553,ST012,2027-05-12 22:41:00,7,10883.36,0.05,NET_BANKING
S0051952,C02645,P01098,ST011,2026-09-15 13:01:00,8,3875.86,0.00,COD
S0051953,C04978,P00535,ST037,2027-03-27 05:46:00,3,11264.22,0.10,WALLET
S0051954,C02501,P00748,ST002,2027-02-07 23:29:00,7,7740.82,0.00,WALLET
S0051955,C03117,P00344,ST007,2026-09-21 06:14:00,2,12170.01,0.10,WALLET
S0051956,C02311,P00024,ST023,2026-11-03 04:41:00,7,7530.12,0.05,CARD
S0051957,C04121,P00758,ST034,2026-11-16 22:13:00,8,8501.92,0.15,UPI
S0051958,C02390,P00555,ST022,2027-02-22 05:53:00,3,3239.18,0.15,COD
S0051959,C04626,P00764,ST020,2026-12-22 06:33:00,5,2546.62,0.00,COD
S0051960,C03249,P01035,ST001,2027-05-07 23:34:00,7,936.42,0.10,UPI
S0051961,C05287,P00028,ST014,2026-09-04 11:08:00,6,9694.84,0.05,WALLET
S0051962,C02733,P00599,ST013,2026-09-15 08:23:00,1,1086.85,0.15,CARD
S0051963,C04488,P00324,ST036,2027-02-21 13:06:00,8,2603.61,0.00,COD
S0051964,C00610,P00269,ST024,2026-10-08 07:53:00,1,1436.31,0.05,UPI
S0051965,C04565,P00900,ST014,2026-10-10 06:59:00,7,10665.28,0.15,WALLET
S0051966,C03087,P00319,ST002,2026-09-02 12:50:00,7,5444.74,0.10,CARD
S0051967,C02365,P00058,ST009,2026-09-19 08:04:00,3,1589.53,0.00,WALLET
S0051968,C02734,P00015,ST024,2027-04-08 09:27:00,8,6091.54,0.00,CARD
S0051969,C01631,P00480,ST041,2027-02-01 01:34:00,7,2188.07,0.00,NET_BANKING
S0051970,C00677,P00196,ST047,2026-10-11 08:34:00,4,10921.34,0.10,NET_BANKING
S0051971,C04185,P00319,ST017,2027-02-12 01:02:00,4,5444.74,0.15,COD
S0051972,C04829,P01028,ST039,2027-03-18 00:57:00,6,103.03,0.00,CARD
S0051973,C04843,P00148,ST018,2026-12-22 01:20:00,1,4636.94,0.00,WALLET
S0051974,C00049,P00261,ST035,2026-10-07 12:18:00,3,6561.97,0.10,WALLET
S0051975,C02588,P00398,ST034,2027-03-01 06:44:00,5,12199.29,0.00,NET_BANKING
S0051976,C04666,P00341,ST017,2027-02-07 08:03:00,4,12040.98,0.05,CARD
S0051977,C01186,P00711,ST040,2027-03-17 11:56:00,6,6883.58,0.10,WALLET
S0051978,C00618,P00876,ST049,2027-02-21 15:01:00,2,13453.44,0.00,NET_BANKING
S0051979,C03713,P00970,ST004,2027-02-21 00:28:00,1,11802.25,0.00,WALLET
S0051980,C04739,P00415,ST027,2026-10-17 19:07:00,2,3287.41,0.10,COD
S0051981,C03540,P00763,ST044,2027-05-16 13:21:00,4,4853.30,0.00,NET_BANKING
S0051982,C02328,P00893,ST036,2027-03-04 12:51:00,1,11968.39,0.00,COD
S0051983,C00338,P00058,ST041,2027-01-21 17:45:00,7,1589.53,0.00,NET_BANKING
S0051984,C01483,P00273,ST007,2027-02-13 23:04:00,4,1657.16,0.00,CARD
S0051985,C03868,P00039,ST042,2026-09-01 22:23:00,7,11380.58,0.05,CARD
S0051986,C02105,P00678,ST012,2026-11-30 12:21:00,6,5849.17,0.00,UPI
S0051987,C04230,P00839,ST049,2026-12-05 04:58:00,8,14909.42,0.05,COD
S0051988,C03619,P00753,ST033,2026-09-12 14:53:00,8,9739.34,0.00,CARD
S0051989,C03268,P00784,ST023,2027-05-13 11:55:00,7,13461.16,0.00,CARD
S0051990,C04071,P00574,ST022,2026-12-09 06:59:00,6,8927.79,0.05,WALLET
S0051991,C01162,P01048,ST031,2027-03-09 03:10:00,2,3723.60,0.05,COD
S0051992,C02476,P00004,ST043,2027-05-09 03:59:00,2,7022.90,0.05,COD
S0051993,C03691,P00622,ST035,2027-03-25 12:03:00,3,6264.75,0.10,NET_BANKING
S0051994,C01298,P00969,ST015,2027-04-24 13:16:00,6,3154.51,0.10,CARD
S0051995,C02190,P00853,ST044,2026-09-07 14:54:00,8,14567.44,0.00,WALLET
S0051996,C04487,P00788,ST031,2026-10-04 07:07:00,8,14058.06,0.05,CARD
S0051997,C01981,P00405,ST040,2027-02-26 04:02:00,5,11768.32,0.10,CARD
S0051998,C00241,P00698,ST003,2026-09-13 01:07:00,8,4891.44,0.00,COD
S0051999,C02806,P01052,ST002,2027-04-18 18:51:00,1,2743.97,0.15,COD
S0052000,C04717,P00674,ST005,2027-04-18 03:59:00,3,12623.07,0.00,UPI
S0052001,C01964,P00920,ST033,2026-12-24 19:48:00,3,13420.77,0.15,CARD
S0052002,C01405,P00393,ST001,2027-04-26 23:38:00,8,7337.73,0.15,NET_BANKING
S0052003,C01547,P00761,ST025,2026-12-13 13:09:00,2,7126.90,0.00,COD
S0052004,C02519,P00276,ST038,2026-09-06 16:49:00,7,6865.96,0.05,NET_BANKING
S0052005,C01857,P00537,ST036,2026-10-30 04:06:00,2,9956.19,0.15,WALLET
S0052006,C04609,P00097,ST027,2026-11-26 11:37:00,7,9879.74,0.00,WALLET
S0052007,C01529,P00026,ST031,2027-04-19 11:16:00,5,3973.71,0.05,NET_BANKING
S0052008,C02748,P01064,ST014,2026-11-30 18:43:00,2,4567.36,0.10,NET_BANKING
S0052009,C04211,P00550,ST021,2026-10-26 11:58:00,3,1961.46,0.00,CARD
S0052010,C03061,P00875,ST037,2027-05-08 11:23:00,8,9193.50,0.10,UPI
S0052011,C05460,P00156,ST002,2026-10-10 12:39:00,3,12020.51,0.15,CARD
S0052012,C04562,P00671,ST042,2027-03-03 17:44:00,5,12833.33,0.00,WALLET
S0052013,C01162,P01066,ST015,2027-02-17 12:22:00,5,4949.31,0.10,NET_BANKING
S0052014,C03645,P00827,ST026,2027-01-14 16:28:00,2,14075.22,0.10,CARD
S0052015,C01786,P00500,ST040,2026-11-25 14:12:00,6,13885.62,0.00,WALLET
S0052016,C04749,P00517,ST005,2027-02-27 17:42:00,7,13887.99,0.00,WALLET
S0052017,C01820,P00772,ST002,2027-01-09 19:33:00,5,13512.62,0.15,NET_BANKING
S0052018,C01532,P00158,ST044,2027-04-10 14:20:00,3,3652.82,0.15,WALLET
S0052019,C01260,P00192,ST034,2026-09-30 23:49:00,6,1641.73,0.00,UPI
S0052020,C01605,P00363,ST045,2027-04-22 06:59:00,3,7028.08,0.15,CARD
S0052021,C02472,P00424,ST033,2027-03-06 18:26:00,5,12370.62,0.00,COD
S0052022,C04189,P00917,ST039,2026-09-29 05:52:00,6,12206.45,0.10,COD
S0052023,C00344,P01064,ST042,2027-03-06 04:22:00,6,4122.61,0.05,NET_BANKING
S0052024,C03572,P00233,ST040,2026-12-28 11:59:00,6,5834.21,0.05,NET_BANKING
S0052025,C04636,P00445,ST017,2027-02-26 02:58:00,8,9889.85,0.00,NET_BANKING
S0052026,C03089,P00422,ST008,2026-09-07 01:28:00,5,8067.73,0.10,WALLET
S0052027,C01621,P00037,ST004,2026-10-04 05:03:00,4,11915.11,0.15,CARD
S0052028,C02453,P00675,ST002,2027-04-04 19:44:00,8,10065.36,0.05,UPI
S0052029,C01012,P00493,ST026,2027-01-03 20:19:00,8,10898.38,0.00,COD
S0052030,C04480,P00872,ST050,2027-04-09 22:07:00,1,6939.07,0.15,UPI
S0052031,C03556,P00712,ST037,2026-10-28 09:08:00,2,2775.71,0.00,CARD
S0052032,C02140,P00115,ST028,2027-03-15 10:43:00,7,7420.65,0.10,NET_BANKING
S0052033,C03913,P00637,ST026,2026-10-17 21:53:00,2,14361.31,0.05,UPI
S0052034,C00134,P01091,ST005,2027-01-13 14:55:00,8,3118.33,0.00,NET_BANKING
S0052035,C01657,P00645,ST005,2027-04-10 07:46:00,1,11979.98,0.15,COD
S0052036,C02273,P00987,ST013,2027-02-12 00:20:00,6,8796.88,0.00,WALLET
S0052037,C04523,P00062,ST034,2026-10-29 01:43:00,2,6290.18,0.15,CARD
S0052038,C02776,P00279,ST012,2026-09-12 14:25:00,1,7949.95,0.10,UPI
S0052039,C01689,P00825,ST017,2026-11-25 02:34:00,1,4481.95,0.15,CARD
S0052040,C02776,P00202,ST034,2027-01-01 07:15:00,4,13459.06,0.05,COD
S0052041,C02634,P00150,ST042,2027-02-02 22:05:00,1,10110.81,0.05,NET_BANKING
S0052042,C03060,P01019,ST036,2027-04-12 14:34:00,8,83.74,0.00,COD
S0052043,C03435,P00464,ST029,2026-11-15 10:05:00,5,6498.78,0.05,NET_BANKING
S0052044,C05097,P00914,ST014,2027-04-19 04:21:00,4,14608.30,0.10,UPI
S0052045,C04707,P00523,ST034,2027-04-29 02:50:00,5,3568.60,0.15,UPI
S0052046,C04961,P00039,ST001,2027-02-01 02:43:00,5,11380.58,0.10,NET_BANKING
S0052047,C03650,P00502,ST023,2027-02-26 01:42:00,7,5017.69,0.10,UPI
S0052048,C00708,P00598,ST005,2027-02-14 04:50:00,6,4459.15,0.05,WALLET
S0052049,C04481,P00978,ST049,2027-02-02 11:38:00,3,12166.54,0.15,COD
S0052050,C01413,P00856,ST019,2027-03-06 20:28:00,2,4490.45,0.15,UPI
S0052051,C03255,P00147,ST005,2027-03-04 17:32:00,7,8610.17,0.05,NET_BANKING
S0052052,C03511,P00107,ST043,2027-03-17 04:10:00,8,7220.47,0.00,CARD
S0052053,C01072,P00008,ST044,2027-03-08 21:39:00,6,1347.12,0.10,CARD
S0052054,C00652,P00376,ST001,2026-10-31 18:58:00,7,6826.58,0.05,UPI
S0052055,C01040,P00490,ST003,2026-11-05 21:45:00,2,3009.09,0.05,CARD
S0052056,C02270,P00409,ST018,2026-11-19 16:47:00,6,2349.95,0.10,NET_BANKING
S0052057,C00026,P00666,ST023,2027-02-24 01:21:00,6,12463.65,0.05,COD
S0052058,C00382,P00909,ST007,2027-03-27 05:10:00,1,12153.06,0.00,NET_BANKING
S0052059,C03228,P00745,ST002,2026-10-25 19:52:00,1,11887.46,0.10,UPI
S0052060,C03768,P00693,ST024,2027-02-05 07:09:00,2,10171.16,0.00,UPI
S0052061,C01042,P00786,ST009,2027-05-12 07:30:00,2,8674.28,0.15,COD
S0052062,C04543,P00985,ST011,2027-01-06 02:28:00,6,12971.94,0.15,WALLET
S0052063,C00076,P00453,ST009,2026-12-11 15:31:00,3,7401.19,0.00,WALLET
S0052064,C03004,P00168,ST037,2026-10-20 12:37:00,2,5532.44,0.00,NET_BANKING
S0052065,C00329,P00281,ST023,2026-09-23 11:45:00,3,12950.39,0.10,WALLET
S0052066,C02267,P00619,ST044,2027-02-27 12:06:00,7,14183.29,0.05,CARD
S0052067,C03981,P00003,ST048,2027-02-20 19:33:00,1,9487.90,0.00,UPI
S0052068,C00428,P00749,ST041,2026-11-04 19:15:00,6,5536.94,0.05,NET_BANKING
S0052069,C00371,P00119,ST037,2026-09-20 06:51:00,2,794.81,0.10,NET_BANKING
S0052070,C03771,P00419,ST023,2026-11-16 12:37:00,8,11021.19,0.15,UPI
S0052071,C04604,P00578,ST009,2026-12-13 22:59:00,3,2566.07,0.10,NET_BANKING
S0052072,C02030,P00007,ST039,2027-02-09 22:21:00,7,8987.92,0.10,CARD
S0052073,C01244,P00169,ST022,2026-09-14 07:39:00,5,11639.94,0.15,WALLET
S0052074,C02509,P00912,ST008,2026-09-16 07:47:00,2,12258.78,0.00,WALLET
S0052075,C05311,P00478,ST002,2026-12-13 23:58:00,8,1905.90,0.15,NET_BANKING
S0052076,C01238,P00754,ST020,2027-04-10 02:49:00,1,4946.47,0.05,COD
S0052077,C03925,P01078,ST039,2026-10-15 22:00:00,1,667.50,0.05,NET_BANKING
S0052078,C02795,P00292,ST023,2027-02-23 09:49:00,8,387.24,0.00,NET_BANKING
S0052079,C03537,P00906,ST014,2026-12-16 02:51:00,8,12896.50,0.15,CARD
S0052080,C01131,P00852,ST029,2027-02-02 07:34:00,4,9756.12,0.15,WALLET
S0052081,C01015,P00955,ST013,2027-03-01 10:22:00,3,5719.71,0.00,NET_BANKING
S0052082,C04774,P00332,ST025,2026-11-29 21:03:00,8,9532.30,0.00,UPI
S0052083,C00874,P00007,ST034,2027-01-14 13:14:00,7,8987.92,0.10,NET_BANKING
S0052084,C01370,P00917,ST012,2026-12-16 23:28:00,5,12206.45,0.05,COD
S0052085,C03157,P00065,ST044,2027-01-16 17:14:00,1,505.63,0.15,WALLET
S0052086,C02880,P00599,ST003,2026-09-15 15:10:00,2,1086.85,0.00,COD
S0052087,C01262,P00300,ST043,2027-04-18 18:07:00,5,14429.61,0.00,UPI
S0052088,C05120,P00978,ST044,2026-11-24 18:25:00,5,12166.54,0.05,NET_BANKING
S0052089,C04763,P00520,ST026,2027-03-05 12:05:00,8,9276.97,0.15,WALLET
S0052090,C01077,P00509,ST024,2027-01-10 01:07:00,4,6695.51,0.00,NET_BANKING
S0052091,C04366,P00131,ST032,2027-04-01 07:39:00,5,13217.23,0.00,WALLET
S0052092,C04108,P00390,ST029,2026-09-02 19:13:00,3,5645.91,0.15,UPI
S0052093,C04985,P00326,ST008,2026-10-15 08:52:00,3,13983.47,0.10,CARD
S0052094,C00575,P00176,ST001,2026-12-13 23:22:00,4,10058.14,0.10,WALLET
S0052095,C03746,P01076,ST003,2027-02-07 23:24:00,3,178.96,0.00,NET_BANKING
S0052096,C03802,P00874,ST016,2027-02-27 22:29:00,6,13474.71,0.15,UPI
S0052097,C04440,P01004,ST024,2027-04-07 16:48:00,7,4095.28,0.00,UPI
S0052098,C00807,P00973,ST020,2026-11-01 05:06:00,2,13784.89,0.15,UPI
S0052099,C05390,P00098,ST044,2026-11-07 18:19:00,2,3874.92,0.15,COD
S0052100,C03245,P00360,ST012,2026-10-14 03:37:00,6,8928.80,0.05,UPI
S0052101,C01042,P00823,ST030,2027-05-18 02:58:00,3,13235.97,0.10,COD
S0052102,C03405,P00020,ST043,2026-09-06 23:35:00,4,2411.29,0.15,WALLET
S0052103,C01914,P00512,ST033,2027-01-31 19:40:00,4,11395.40,0.10,WALLET
S0052104,C01813,P00582,ST027,2027-02-27 01:47:00,5,3449.31,0.00,CARD
S0052105,C01122,P00584,ST048,2026-11-07 16:47:00,5,1058.35,0.10,NET_BANKING
S0052106,C02575,P00182,ST029,2027-01-28 05:29:00,6,11258.08,0.00,NET_BANKING
S0052107,C03287,P00553,ST034,2027-02-05 00:43:00,3,10883.36,0.05,NET_BANKING
S0052108,C04574,P00996,ST035,2026-09-28 07:11:00,3,12724.73,0.00,CARD
S0052109,C02267,P00891,ST014,2027-04-10 13:15:00,8,2634.44,0.00,NET_BANKING
S0052110,C00166,P01048,ST046,2026-10-26 14:49:00,6,2846.13,0.00,WALLET
S0052111,C02889,P00740,ST010,2027-03-20 03:32:00,6,10365.11,0.10,COD
S0052112,C00274,P00006,ST049,2026-09-28 13:48:00,1,12375.85,0.05,COD
S0052113,C01110,P01064,ST047,2026-12-20 05:15:00,2,660.19,0.00,CARD
S0052114,C00627,P00590,ST006,2027-03-22 10:22:00,6,265.48,0.00,UPI
S0052115,C02975,P00143,ST042,2026-10-01 12:13:00,5,7704.38,0.15,NET_BANKING
S0052116,C01371,P01067,ST012,2026-12-29 00:56:00,4,1162.75,0.00,NET_BANKING
S0052117,C04280,P01034,ST012,2026-09-13 12:17:00,3,4123.81,0.15,CARD
S0052118,C00860,P00553,ST008,2027-01-12 17:18:00,3,10883.36,0.05,WALLET
S0052119,C03299,P00162,ST036,2026-12-20 07:45:00,7,12288.78,0.00,COD
S0052120,C00407,P00691,ST002,2026-11-04 01:02:00,3,11997.97,0.00,COD
S0052121,C05175,P01000,ST014,2026-09-04 00:52:00,1,3161.37,0.15,COD
S0052122,C02855,P01097,ST042,2027-01-30 03:26:00,5,1434.04,0.00,COD
S0052123,C01475,P00226,ST010,2027-01-10 20:58:00,4,14378.99,0.15,CARD
S0052124,C02608,P00129,ST008,2027-03-06 05:00:00,2,5652.18,0.00,WALLET
S0052125,C00617,P00861,ST046,2026-11-22 17:42:00,7,3963.47,0.10,UPI
S0052126,C04111,P00830,ST047,2026-10-09 10:44:00,5,8076.01,0.00,CARD
S0052127,C02810,P00646,ST017,2027-02-28 15:19:00,3,1788.47,0.00,NET_BANKING
S0052128,C04515,P00067,ST026,2027-04-02 12:14:00,2,3494.40,0.05,WALLET
S0052129,C05007,P00988,ST005,2027-04-26 14:10:00,6,6169.02,0.00,UPI
S0052130,C04567,P00177,ST041,2027-01-31 10:45:00,3,5272.03,0.10,CARD
S0052131,C02657,P01097,ST050,2026-09-15 15:41:00,2,2233.01,0.05,NET_BANKING
S0052132,C01268,P00837,ST015,2027-03-27 18:33:00,8,11678.05,0.15,NET_BANKING
S0052133,C01289,P01060,ST028,2027-02-20 19:04:00,8,1374.46,0.15,UPI
S0052134,C02120,P00108,ST028,2026-11-18 14:21:00,5,8643.88,0.05,NET_BANKING
S0052135,C05297,P00351,ST022,2026-12-04 19:45:00,3,9073.84,0.15,CARD
S0052136,C03657,P00155,ST021,2026-09-14 18:55:00,4,7087.72,0.00,CARD
S0052137,C03323,P00102,ST048,2026-09-08 23:08:00,3,8070.99,0.05,WALLET
S0052138,C01115,P00935,ST018,2027-05-01 13:23:00,2,12673.48,0.15,CARD
S0052139,C02984,P00596,ST035,2027-01-20 09:09:00,7,8194.29,0.00,NET_BANKING
S0052140,C02210,P00448,ST037,2026-10-06 13:45:00,3,9484.91,0.00,COD
S0052141,C02788,P00045,ST034,2026-12-13 07:39:00,2,3670.33,0.00,COD
S0052142,C03328,P00636,ST021,2026-10-05 21:47:00,4,12658.75,0.00,WALLET
S0052143,C00879,P00991,ST010,2027-05-09 16:25:00,1,240.75,0.00,WALLET
S0052144,C04089,P00442,ST032,2027-01-25 12:42:00,6,12602.76,0.00,WALLET
S0052145,C00661,P00940,ST017,2027-02-26 07:31:00,5,10304.16,0.00,UPI
S0052146,C03449,P00631,ST009,2026-11-17 07:31:00,5,2764.58,0.05,NET_BANKING
S0052147,C00208,P00887,ST027,2027-05-01 17:59:00,1,6975.28,0.00,COD
S0052148,C01572,P00941,ST002,2027-01-05 06:37:00,8,4779.66,0.10,COD
S0052149,C02429,P00311,ST018,2026-09-15 12:42:00,7,10510.03,0.00,COD
S0052150,C01897,P00049,ST040,2026-11-03 18:43:00,1,856.91,0.05,CARD
S0052151,C01454,P00010,ST020,2027-04-19 17:43:00,7,10965.99,0.05,UPI
S0052152,C02505,P01075,ST002,2027-02-16 02:34:00,8,3143.35,0.05,COD
S0052153,C05071,P00018,ST007,2026-11-30 07:32:00,4,10580.36,0.00,COD
S0052154,C04073,P00352,ST024,2027-02-20 01:55:00,6,13564.85,0.05,COD
S0052155,C01801,P00511,ST020,2027-01-14 19:47:00,6,1704.19,0.10,WALLET
S0052156,C02129,P00783,ST029,2027-03-12 03:49:00,1,1108.76,0.15,COD
S0052157,C03208,P00718,ST047,2027-02-07 03:14:00,4,3535.94,0.05,WALLET
S0052158,C05318,P00092,ST046,2027-03-02 14:28:00,2,8564.59,0.05,COD
S0052159,C00677,P00461,ST031,2026-10-17 16:32:00,8,9906.46,0.10,COD
S0052160,C01962,P00390,ST021,2026-12-21 09:51:00,6,5645.91,0.15,NET_BANKING
S0052161,C02305,P01078,ST042,2026-11-02 12:31:00,5,4559.42,0.05,COD
S0052162,C01147,P00010,ST001,2027-04-08 17:34:00,4,10965.99,0.15,COD
S0052163,C04525,P00015,ST044,2026-10-04 01:52:00,3,6091.54,0.00,COD
S0052164,C02033,P00141,ST042,2026-10-26 04:21:00,7,8257.89,0.10,COD
S0052165,C02088,P00199,ST004,2027-05-08 23:06:00,7,10119.49,0.10,NET_BANKING
S0052166,C00501,P00517,ST035,2026-11-12 23:38:00,6,13887.99,0.15,CARD
S0052167,C00213,P00304,ST026,2026-12-31 03:43:00,6,8379.11,0.00,CARD
S0052168,C04252,P00717,ST010,2027-01-31 20:28:00,1,679.75,0.00,NET_BANKING
S0052169,C03091,P00905,ST049,2026-10-11 12:50:00,2,7562.39,0.00,NET_BANKING
S0052170,C05201,P00624,ST013,2026-09-29 05:34:00,4,10459.90,0.10,UPI
S0052171,C03479,P00750,ST009,2027-03-08 18:05:00,8,10881.74,0.10,UPI
S0052172,C02137,P00031,ST044,2027-04-11 18:49:00,5,13784.17,0.00,NET_BANKING
S0052173,C00594,P00576,ST007,2027-01-30 20:23:00,5,829.35,0.00,NET_BANKING
S0052174,C03250,P00438,ST048,2026-11-22 08:22:00,2,2063.81,0.00,CARD
S0052175,C00153,P00429,ST047,2027-05-09 16:22:00,6,8780.62,0.00,WALLET
S0052176,C00658,P00119,ST025,2026-09-30 14:11:00,4,794.81,0.05,COD
S0052177,C01793,P00625,ST034,2026-12-01 23:29:00,2,12569.93,0.00,NET_BANKING
S0052178,C03725,P00774,ST031,2027-01-15 16:53:00,2,12009.08,0.10,CARD
S0052179,C03504,P00683,ST026,2027-04-05 17:01:00,6,6906.08,0.10,UPI
S0052180,C03728,P00579,ST034,2027-04-04 08:17:00,2,10886.45,0.15,COD
S0052181,C03610,P00165,ST036,2026-12-01 11:21:00,2,14497.74,0.10,WALLET
S0052182,C03042,P00205,ST012,2027-03-20 13:21:00,4,2535.39,0.00,COD
S0052183,C03531,P00153,ST035,2027-05-12 02:22:00,3,5456.59,0.15,COD
S0052184,C01919,P00618,ST016,2026-10-30 08:06:00,6,9855.53,0.05,UPI
S0052185,C00689,P00673,ST039,2026-11-30 13:15:00,6,7917.40,0.10,CARD
S0052186,C02013,P00086,ST010,2027-04-25 10:16:00,6,394.30,0.15,WALLET
S0052187,C04949,P00559,ST040,2027-04-05 15:37:00,4,9132.88,0.10,NET_BANKING
S0052188,C01085,P01091,ST026,2027-04-05 06:23:00,3,3598.47,0.00,WALLET
S0052189,C00396,P00334,ST001,2027-02-07 23:42:00,1,10056.18,0.00,UPI
S0052190,C01793,P00822,ST030,2026-09-25 19:33:00,1,11979.30,0.05,CARD
S0052191,C02004,P00635,ST004,2027-04-11 02:09:00,7,7089.77,0.05,NET_BANKING
S0052192,C01067,P00482,ST037,2026-09-27 09:40:00,1,3964.41,0.10,CARD
S0052193,C04521,P00795,ST050,2026-10-10 18:21:00,2,123.55,0.00,UPI
S0052194,C00972,P00954,ST047,2027-03-29 19:16:00,2,8183.55,0.10,CARD
S0052195,C03717,P00556,ST020,2027-05-13 21:02:00,1,4347.03,0.00,CARD
S0052196,C00486,P00605,ST007,2026-11-04 00:02:00,7,10366.72,0.15,WALLET
S0052197,C04591,P00051,ST013,2027-05-02 04:55:00,8,8015.72,0.00,NET_BANKING
S0052198,C04884,P00458,ST047,2027-01-03 09:05:00,6,9495.95,0.15,CARD
S0052199,C03368,P00090,ST002,2026-11-28 23:06:00,2,1862.74,0.00,NET_BANKING
S0052200,C05157,P00347,ST021,2027-02-13 17:08:00,8,13728.26,0.00,NET_BANKING
S0052201,C03539,P00001,ST023,2027-04-27 23:42:00,6,14748.70,0.10,WALLET
S0052202,C05377,P00334,ST043,2027-03-27 17:40:00,2,10056.18,0.10,COD
S0052203,C04070,P00129,ST036,2027-02-03 06:48:00,4,5652.18,0.00,WALLET
S0052204,C02473,P00737,ST017,2026-10-11 01:03:00,4,69.58,0.00,COD
S0052205,C01099,P00468,ST040,2026-11-27 06:23:00,7,2151.00,0.00,UPI
S0052206,C05016,P00924,ST020,2026-12-11 05:51:00,4,2977.90,0.10,UPI
S0052207,C01490,P00343,ST010,2027-03-31 18:36:00,7,4575.42,0.00,UPI
S0052208,C03915,P00208,ST026,2026-09-22 05:05:00,2,9299.51,0.15,WALLET
S0052209,C04535,P00932,ST041,2027-02-22 19:28:00,7,10233.75,0.05,WALLET
S0052210,C04857,P00104,ST049,2026-09-04 15:48:00,8,5175.58,0.15,COD
S0052211,C02972,P00014,ST035,2027-02-04 10:32:00,3,9230.95,0.10,NET_BANKING
S0052212,C03210,P00692,ST022,2026-09-13 13:31:00,5,3776.76,0.00,WALLET
S0052213,C02741,P00470,ST006,2026-10-21 11:13:00,3,2213.98,0.10,COD
S0052214,C01988,P00444,ST010,2026-11-22 11:43:00,6,910.78,0.00,UPI
S0052215,C04160,P00758,ST024,2026-10-06 14:20:00,3,8501.92,0.00,NET_BANKING
S0052216,C04874,P00743,ST010,2027-02-05 05:07:00,5,11438.19,0.15,NET_BANKING
S0052217,C03567,P01044,ST041,2027-04-02 10:09:00,3,4169.05,0.15,WALLET
S0052218,C03231,P00325,ST034,2027-02-19 20:17:00,8,878.26,0.05,WALLET
S0052219,C03474,P00569,ST027,2026-10-28 18:18:00,4,11413.80,0.15,WALLET
S0052220,C01377,P00360,ST043,2026-12-22 14:04:00,6,8928.80,0.10,CARD
S0052221,C04333,P00050,ST035,2026-11-21 09:46:00,6,930.35,0.15,NET_BANKING
S0052222,C04057,P00449,ST001,2026-11-14 19:26:00,3,4682.35,0.00,NET_BANKING
S0052223,C01969,P00986,ST002,2027-02-10 17:08:00,8,6941.31,0.15,NET_BANKING
S0052224,C01835,P00530,ST001,2026-09-25 20:42:00,3,1909.30,0.00,COD
S0052225,C03853,P00905,ST029,2027-01-06 05:19:00,7,7562.39,0.05,WALLET
S0052226,C03642,P00951,ST003,2026-09-19 11:56:00,1,6661.86,0.05,WALLET
S0052227,C00410,P00006,ST023,2027-03-16 18:45:00,4,12375.85,0.10,WALLET
S0052228,C02438,P00237,ST030,2026-11-15 10:48:00,4,5637.77,0.05,UPI
S0052229,C04134,P00635,ST036,2026-10-13 09:14:00,8,7089.77,0.00,UPI
S0052230,C03207,P00720,ST049,2027-04-04 04:56:00,6,4896.05,0.00,CARD
S0052231,C01431,P00817,ST002,2027-03-08 11:03:00,7,11269.31,0.05,COD
S0052232,C02508,P00269,ST023,2027-02-11 12:46:00,6,1436.31,0.10,WALLET
S0052233,C04669,P00300,ST006,2026-12-22 11:16:00,7,14429.61,0.00,WALLET
S0052234,C04570,P00460,ST016,2027-04-13 06:19:00,3,11166.19,0.10,CARD
S0052235,C05447,P00516,ST018,2027-05-10 19:52:00,6,7808.79,0.00,UPI
S0052236,C02524,P00011,ST037,2027-03-05 00:57:00,4,9660.40,0.00,COD
S0052237,C02368,P00182,ST013,2026-09-04 06:49:00,7,11258.08,0.00,WALLET
S0052238,C02043,P00741,ST039,2027-03-24 01:19:00,8,14542.74,0.10,NET_BANKING
S0052239,C05223,P00601,ST021,2027-01-25 14:54:00,2,9389.35,0.05,NET_BANKING
S0052240,C02339,P00949,ST049,2027-04-21 23:27:00,8,5923.78,0.15,COD
S0052241,C00904,P00285,ST016,2026-11-09 13:48:00,5,6123.71,0.10,COD
S0052242,C03730,P00954,ST017,2026-10-03 04:04:00,7,8183.55,0.00,NET_BANKING
S0052243,C04464,P00612,ST008,2027-05-19 09:45:00,1,12611.50,0.15,CARD
S0052244,C03639,P00138,ST013,2027-03-11 18:55:00,5,11081.05,0.10,WALLET
S0052245,C00228,P00596,ST016,2026-09-25 01:58:00,8,8194.29,0.10,COD
S0052246,C03696,P00670,ST032,2026-11-02 19:26:00,5,12195.01,0.00,CARD
S0052247,C03663,P00426,ST032,2026-09-08 07:55:00,4,6898.62,0.10,CARD
S0052248,C00723,P00594,ST026,2027-01-02 01:33:00,8,10755.95,0.00,WALLET
S0052249,C03029,P00320,ST044,2026-10-05 01:11:00,2,7970.92,0.15,CARD
S0052250,C00364,P00033,ST035,2026-11-25 03:50:00,8,11598.07,0.10,CARD
S0052251,C03529,P00197,ST046,2026-11-30 06:51:00,2,14262.88,0.00,CARD
S0052252,C00716,P00698,ST045,2026-09-01 11:26:00,6,4891.44,0.00,UPI
S0052253,C03933,P00280,ST023,2027-04-11 17:17:00,7,5715.39,0.05,WALLET
S0052254,C00794,P00122,ST046,2027-05-09 00:04:00,3,9607.56,0.10,CARD
S0052255,C03688,P00624,ST032,2026-12-16 15:17:00,3,10459.90,0.00,COD
S0052256,C00006,P01036,ST020,2027-02-04 23:44:00,4,3707.90,0.00,COD
S0052257,C00027,P00533,ST047,2027-03-22 02:24:00,6,13218.50,0.05,COD
S0052258,C05202,P00960,ST020,2027-01-18 07:58:00,5,6003.64,0.00,COD
S0052259,C03640,P00230,ST024,2026-10-07 16:42:00,1,9832.40,0.00,NET_BANKING
S0052260,C01781,P00188,ST032,2027-03-26 06:42:00,2,6455.12,0.00,COD
S0052261,C04986,P00471,ST020,2027-03-27 20:26:00,6,8186.09,0.15,UPI
S0052262,C04149,P00032,ST005,2026-10-12 14:42:00,2,2163.25,0.00,NET_BANKING
S0052263,C01893,P00020,ST040,2027-01-14 16:23:00,6,967.84,0.15,CARD
S0052264,C01579,P00370,ST036,2026-11-15 23:58:00,8,9728.34,0.00,COD
S0052265,C00342,P00474,ST032,2026-10-20 18:44:00,5,2329.87,0.00,WALLET
S0052266,C01582,P00489,ST046,2027-01-27 22:08:00,8,12272.05,0.05,NET_BANKING
S0052267,C05069,P00689,ST003,2027-02-12 09:54:00,3,1747.51,0.15,UPI
S0052268,C02012,P00106,ST049,2027-01-08 01:11:00,7,14238.90,0.00,COD
S0052269,C04191,P00722,ST032,2027-05-09 02:18:00,4,2303.35,0.00,NET_BANKING
S0052270,C04958,P00260,ST029,2027-02-25 16:59:00,4,11471.26,0.00,CARD
S0052271,C00942,P01093,ST035,2027-04-04 22:01:00,7,3207.00,0.00,NET_BANKING
S0052272,C01626,P00696,ST006,2027-01-07 12:31:00,2,444.90,0.15,NET_BANKING
S0052273,C00413,P00133,ST041,2027-04-17 23:05:00,2,12379.20,0.10,NET_BANKING
S0052274,C00979,P00140,ST050,2027-01-26 04:13:00,6,343.17,0.10,WALLET
S0052275,C04683,P00620,ST010,2027-04-26 16:28:00,5,1987.43,0.00,WALLET
S0052276,C01630,P01059,ST011,2027-05-03 03:19:00,8,4647.92,0.00,UPI
S0052277,C02517,P00535,ST036,2027-02-02 00:15:00,6,11264.22,0.05,CARD
S0052278,C01267,P00311,ST040,2027-01-20 06:55:00,6,10510.03,0.10,UPI
S0052279,C05043,P00299,ST004,2026-10-12 12:56:00,2,4344.66,0.00,CARD
S0052280,C00038,P00834,ST018,2026-11-17 16:33:00,4,13773.56,0.05,UPI
S0052281,C01735,P00923,ST049,2027-04-28 11:20:00,7,12391.37,0.15,NET_BANKING
S0052282,C00436,P00666,ST006,2027-01-05 23:56:00,5,12463.65,0.00,WALLET
S0052283,C01234,P00468,ST028,2027-01-12 17:27:00,2,2151.00,0.00,WALLET
S0052284,C04680,P00913,ST028,2027-01-07 02:55:00,1,11417.61,0.10,COD
S0052285,C00637,P00457,ST022,2026-12-11 02:35:00,3,2393.60,0.10,COD
S0052286,C02730,P00636,ST010,2027-02-25 17:30:00,2,12658.75,0.10,WALLET
S0052287,C03903,P01091,ST050,2027-04-28 17:04:00,5,1043.54,0.15,COD
S0052288,C05055,P00884,ST036,2027-01-30 17:38:00,1,13619.78,0.15,CARD
S0052289,C04924,P00263,ST040,2026-09-18 18:22:00,2,12638.42,0.10,UPI
S0052290,C04565,P00245,ST016,2027-04-24 09:00:00,4,8201.28,0.05,CARD
S0052291,C05043,P01085,ST021,2027-04-12 17:17:00,6,136.86,0.15,CARD
S0052292,C00957,P00914,ST034,2026-09-12 22:47:00,8,14608.30,0.15,CARD
S0052293,C03484,P00892,ST031,2027-05-04 04:57:00,2,12540.67,0.05,NET_BANKING
S0052294,C04095,P01060,ST004,2026-12-02 11:04:00,1,2251.12,0.05,COD
S0052295,C03696,P00354,ST035,2026-11-01 20:11:00,7,11455.34,0.15,UPI
S0052296,C05050,P00167,ST014,2026-11-22 13:56:00,4,9994.61,0.05,CARD
S0052297,C05045,P00963,ST003,2027-02-16 12:18:00,4,9496.66,0.05,NET_BANKING
S0052298,C02037,P00009,ST050,2026-12-19 04:17:00,8,14426.84,0.05,UPI
S0052299,C05334,P00693,ST049,2027-04-02 08:48:00,8,10171.16,0.00,CARD
S0052300,C01115,P00476,ST028,2027-01-14 17:31:00,3,10059.57,0.15,NET_BANKING
S0052301,C03214,P00369,ST039,2026-11-23 06:17:00,2,2410.82,0.15,CARD
S0052302,C01222,P00373,ST026,2026-09-14 14:36:00,1,11139.22,0.00,COD
S0052303,C03658,P00398,ST035,2027-01-13 05:22:00,3,12199.29,0.10,WALLET
S0052304,C05499,P00353,ST001,2027-01-30 21:11:00,2,10161.42,0.15,COD
S0052305,C04341,P00743,ST006,2026-10-30 19:45:00,7,11438.19,0.00,NET_BANKING
S0052306,C03876,P01043,ST049,2027-05-15 08:48:00,5,935.82,0.15,NET_BANKING
S0052307,C01179,P00831,ST003,2026-09-13 18:38:00,7,4958.66,0.05,WALLET
S0052308,C00075,P00413,ST033,2026-11-18 01:36:00,6,8913.27,0.05,COD
S0052309,C03767,P00438,ST014,2026-09-29 19:35:00,5,2063.81,0.15,UPI
S0052310,C01508,P00277,ST019,2027-05-08 22:14:00,6,4475.85,0.00,WALLET
S0052311,C00181,P01053,ST039,2027-02-14 19:11:00,7,783.49,0.10,WALLET
S0052312,C05171,P00429,ST006,2026-09-30 15:57:00,5,8780.62,0.00,NET_BANKING
S0052313,C00770,P00856,ST006,2027-01-22 07:45:00,7,4490.45,0.15,UPI
S0052314,C05261,P01015,ST042,2026-12-25 20:47:00,6,2185.79,0.15,NET_BANKING
S0052315,C03163,P00049,ST010,2026-12-28 21:00:00,7,856.91,0.00,UPI
S0052316,C03690,P01037,ST033,2027-02-04 10:23:00,3,2258.58,0.10,CARD
S0052317,C03392,P00835,ST046,2027-01-17 17:16:00,5,14703.43,0.05,UPI
S0052318,C03079,P00889,ST036,2026-10-09 09:02:00,1,10263.87,0.10,COD
S0052319,C04377,P01016,ST029,2026-11-29 07:53:00,2,464.21,0.15,NET_BANKING
S0052320,C00330,P01081,ST018,2026-09-06 05:41:00,5,1793.28,0.00,COD
S0052321,C03363,P00552,ST035,2026-11-11 14:53:00,1,14232.88,0.15,CARD
S0052322,C02945,P00968,ST036,2027-04-02 01:36:00,1,10372.46,0.10,COD
S0052323,C04327,P00435,ST011,2026-11-09 16:58:00,8,6495.05,0.00,COD
S0052324,C01629,P00857,ST020,2026-11-09 22:11:00,7,10083.38,0.10,CARD
S0052325,C05132,P00592,ST003,2026-09-16 18:42:00,8,3828.55,0.05,UPI
S0052326,C02985,P00581,ST001,2027-02-16 03:51:00,8,5203.27,0.15,UPI
S0052327,C00420,P00603,ST008,2026-12-02 05:07:00,3,7723.35,0.15,UPI
S0052328,C01662,P00785,ST020,2027-02-09 10:16:00,4,8966.99,0.15,CARD
S0052329,C03622,P00636,ST042,2026-09-01 16:47:00,8,12658.75,0.00,CARD
S0052330,C00182,P00411,ST050,2027-01-19 09:52:00,4,13165.10,0.05,COD
S0052331,C04470,P00379,ST026,2026-09-30 09:28:00,2,1917.87,0.15,NET_BANKING
S0052332,C03730,P00307,ST023,2026-09-06 02:26:00,1,13759.94,0.15,NET_BANKING
S0052333,C00488,P00734,ST002,2026-12-25 17:56:00,5,2368.19,0.00,UPI
S0052334,C02431,P00664,ST037,2027-02-03 01:02:00,1,2596.83,0.10,COD
S0052335,C00392,P00881,ST043,2027-01-16 13:24:00,4,13418.59,0.10,COD
S0052336,C04670,P01004,ST025,2026-10-21 20:22:00,4,3525.17,0.10,NET_BANKING
S0052337,C00568,P00430,ST044,2027-02-12 03:06:00,2,5232.86,0.00,CARD
S0052338,C01366,P00447,ST049,2027-04-23 08:08:00,1,13780.12,0.00,UPI
S0052339,C03376,P00761,ST037,2027-01-24 14:29:00,6,7126.90,0.05,NET_BANKING
S0052340,C02464,P00477,ST039,2027-02-01 20:16:00,2,3992.23,0.00,CARD
S0052341,C01692,P00103,ST007,2027-01-11 05:57:00,5,3719.77,0.05,COD
S0052342,C01169,P00079,ST032,2026-12-11 08:43:00,4,398.24,0.05,CARD
S0052343,C00836,P00441,ST036,2027-04-11 15:26:00,3,10328.32,0.05,WALLET
S0052344,C01241,P00106,ST008,2027-03-13 05:39:00,4,14238.90,0.10,NET_BANKING
S0052345,C03094,P00864,ST011,2026-10-07 18:05:00,2,934.40,0.00,CARD
S0052346,C01026,P00167,ST015,2026-11-16 01:47:00,3,9994.61,0.10,UPI
S0052347,C04414,P00029,ST023,2027-03-11 20:03:00,7,10510.24,0.15,WALLET
S0052348,C04414,P01022,ST013,2026-11-01 14:06:00,5,777.85,0.00,NET_BANKING
S0052349,C04421,P00702,ST050,2027-01-27 20:07:00,8,10861.46,0.00,COD
S0052350,C04753,P00348,ST016,2026-09-27 09:23:00,2,6541.94,0.00,WALLET
S0052351,C01409,P00431,ST015,2026-12-19 21:17:00,4,13380.90,0.10,CARD
S0052352,C03637,P00162,ST026,2026-12-12 20:38:00,6,12288.78,0.05,COD
S0052353,C04700,P01071,ST033,2027-04-11 02:22:00,2,3653.64,0.00,CARD
S0052354,C03292,P00162,ST017,2027-01-31 12:13:00,5,12288.78,0.10,NET_BANKING
S0052355,C00286,P00374,ST017,2026-10-22 20:41:00,5,688.46,0.05,COD
S0052356,C03924,P00468,ST028,2026-10-14 22:36:00,2,2151.00,0.00,NET_BANKING
S0052357,C01787,P00737,ST001,2027-04-06 12:24:00,6,69.58,0.00,COD
S0052358,C00023,P00564,ST014,2026-12-21 04:41:00,3,13288.39,0.15,COD
S0052359,C01814,P00889,ST001,2027-03-21 08:52:00,1,10263.87,0.10,WALLET
S0052360,C01177,P00724,ST011,2026-12-21 00:59:00,5,842.59,0.00,UPI
S0052361,C04906,P00121,ST032,2026-12-01 18:27:00,5,612.71,0.00,NET_BANKING
S0052362,C03557,P00738,ST007,2026-09-25 15:06:00,4,14125.52,0.05,UPI
S0052363,C02599,P00294,ST018,2026-11-09 18:45:00,8,9198.98,0.00,NET_BANKING
S0052364,C00275,P00996,ST023,2026-09-13 18:49:00,6,12724.73,0.05,NET_BANKING
S0052365,C05136,P00968,ST021,2026-09-27 12:39:00,4,10372.46,0.15,COD
S0052366,C04767,P00647,ST004,2027-04-05 20:45:00,3,8946.93,0.10,COD
S0052367,C03104,P00889,ST033,2026-12-09 14:42:00,3,10263.87,0.05,CARD
S0052368,C01498,P00119,ST003,2027-04-07 23:54:00,2,794.81,0.05,UPI
S0052369,C00868,P01013,ST009,2026-10-09 11:57:00,8,3272.58,0.15,WALLET
S0052370,C04071,P00325,ST023,2027-04-11 14:41:00,2,878.26,0.05,WALLET
S0052371,C03273,P00912,ST049,2027-02-21 03:59:00,8,12258.78,0.05,NET_BANKING
S0052372,C04155,P00756,ST047,2026-09-22 21:59:00,3,7470.61,0.05,WALLET
S0052373,C04061,P00997,ST017,2027-04-17 11:35:00,2,2288.79,0.00,WALLET
S0052374,C02145,P00843,ST010,2026-10-04 17:02:00,1,13366.08,0.00,CARD
S0052375,C01214,P00057,ST049,2027-01-22 03:04:00,4,6283.79,0.10,CARD
S0052376,C01194,P00761,ST028,2027-05-06 13:23:00,2,7126.90,0.00,NET_BANKING
S0052377,C04061,P00827,ST017,2026-11-07 17:15:00,3,14075.22,0.10,WALLET
S0052378,C00146,P00545,ST045,2026-11-03 03:55:00,7,2928.27,0.15,WALLET
S0052379,C00382,P00109,ST044,2026-11-12 05:19:00,5,9560.87,0.00,UPI
S0052380,C01061,P01095,ST032,2026-11-04 03:06:00,2,2821.31,0.10,WALLET
S0052381,C00005,P00981,ST003,2026-09-15 06:28:00,6,5838.61,0.00,NET_BANKING
S0052382,C02191,P00991,ST009,2027-02-26 20:06:00,7,240.75,0.00,WALLET
S0052383,C02897,P00353,ST018,2027-02-07 09:51:00,3,10161.42,0.10,COD
S0052384,C03323,P00347,ST034,2027-04-29 00:04:00,7,13728.26,0.00,UPI
S0052385,C01719,P00918,ST018,2027-05-11 20:33:00,5,11736.74,0.00,COD
S0052386,C01853,P00898,ST025,2026-12-25 03:08:00,2,1340.84,0.00,NET_BANKING
S0052387,C04103,P00149,ST019,2026-11-10 06:40:00,7,6470.19,0.10,NET_BANKING
S0052388,C02047,P01002,ST019,2027-01-25 02:53:00,5,1715.08,0.00,UPI
S0052389,C04832,P01087,ST018,2027-03-05 05:22:00,5,1715.99,0.15,WALLET
S0052390,C05082,P00212,ST032,2027-05-14 22:50:00,5,13581.02,0.15,UPI
S0052391,C04052,P00239,ST008,2027-05-09 19:14:00,6,2668.52,0.00,WALLET
S0052392,C00273,P00129,ST001,2026-11-11 04:46:00,7,5652.18,0.00,NET_BANKING
S0052393,C03289,P00514,ST023,2026-11-04 00:30:00,2,14174.96,0.00,NET_BANKING
S0052394,C03328,P00055,ST009,2027-05-17 16:46:00,8,8397.51,0.00,WALLET
S0052395,C05312,P00983,ST033,2027-03-22 14:59:00,6,14539.34,0.00,UPI
S0052396,C02382,P00851,ST003,2026-10-02 19:11:00,8,10520.35,0.00,CARD
S0052397,C04027,P00243,ST019,2027-04-30 23:20:00,2,6859.66,0.00,WALLET
S0052398,C02692,P01055,ST028,2027-03-27 05:27:00,8,1366.73,0.00,WALLET
S0052399,C01102,P00328,ST010,2027-05-16 06:04:00,1,3281.70,0.00,UPI
S0052400,C00112,P00669,ST032,2027-02-08 05:58:00,3,14324.33,0.00,WALLET
S0052401,C04398,P01062,ST039,2027-01-20 18:20:00,8,3857.44,0.00,WALLET
S0052402,C05032,P00985,ST030,2027-04-10 17:53:00,1,12971.94,0.05,UPI
S0052403,C02087,P00062,ST006,2027-04-03 00:59:00,7,6290.18,0.00,COD
S0052404,C04726,P00214,ST041,2027-05-01 17:17:00,5,8311.62,0.00,WALLET
S0052405,C02890,P00290,ST034,2027-04-13 07:34:00,6,3515.83,0.00,COD
S0052406,C03107,P00944,ST003,2027-04-15 01:35:00,2,13637.69,0.05,CARD
S0052407,C04628,P01061,ST020,2027-02-22 04:45:00,6,949.60,0.00,COD
S0052408,C01743,P00720,ST001,2026-10-20 17:23:00,7,4896.05,0.10,UPI
S0052409,C00764,P00394,ST045,2026-11-22 23:26:00,3,12895.03,0.00,WALLET
S0052410,C05131,P00423,ST015,2027-01-12 07:21:00,2,562.41,0.00,COD
S0052411,C02525,P00827,ST015,2027-02-20 10:31:00,8,14075.22,0.15,COD
S0052412,C02984,P00384,ST008,2026-12-26 09:25:00,4,2659.04,0.10,WALLET
S0052413,C03275,P00667,ST018,2027-01-30 01:59:00,8,14053.41,0.10,UPI
S0052414,C04900,P00521,ST003,2026-10-09 06:39:00,6,6093.07,0.00,COD
S0052415,C04722,P01033,ST019,2027-03-29 03:15:00,6,4592.11,0.05,CARD
S0052416,C01841,P00322,ST010,2027-01-31 08:07:00,1,7023.69,0.05,COD
S0052417,C04071,P00551,ST046,2026-09-26 09:33:00,8,9996.39,0.00,COD
S0052418,C02122,P00609,ST026,2026-10-02 01:55:00,1,12112.83,0.05,COD
S0052419,C03350,P00652,ST011,2026-10-23 10:47:00,6,7213.51,0.05,COD
S0052420,C02703,P00929,ST014,2026-12-02 21:36:00,6,6068.78,0.00,WALLET
S0052421,C01421,P00092,ST010,2026-12-31 22:33:00,7,8564.59,0.10,WALLET
S0052422,C00498,P00087,ST028,2027-01-03 14:53:00,1,2943.27,0.00,CARD
S0052423,C05434,P00365,ST021,2026-11-12 09:42:00,3,14402.02,0.00,CARD
S0052424,C01883,P00103,ST023,2027-01-17 07:32:00,5,3719.77,0.00,CARD
S0052425,C04428,P00794,ST020,2027-01-21 09:17:00,8,9152.31,0.15,COD
S0052426,C04661,P00315,ST009,2026-09-17 08:52:00,4,8151.43,0.00,WALLET
S0052427,C00202,P00506,ST021,2026-10-27 07:43:00,3,4110.78,0.15,CARD
S0052428,C03193,P01043,ST050,2027-04-04 05:27:00,5,2718.38,0.05,UPI
S0052429,C05087,P00549,ST026,2027-01-27 03:51:00,5,8615.76,0.00,NET_BANKING
S0052430,C00753,P00610,ST004,2026-12-24 15:40:00,1,2166.11,0.00,COD
S0052431,C04121,P00956,ST003,2027-03-15 04:16:00,3,1818.03,0.10,UPI
S0052432,C01814,P01025,ST032,2026-12-18 05:44:00,3,4315.23,0.00,CARD
S0052433,C02206,P00880,ST048,2026-11-23 20:04:00,1,9958.92,0.15,CARD
S0052434,C05433,P00665,ST009,2027-04-07 03:31:00,3,13897.47,0.05,UPI
S0052435,C04231,P00988,ST020,2027-03-08 00:49:00,8,6169.02,0.00,CARD
S0052436,C04883,P00695,ST017,2026-11-05 15:18:00,2,13599.96,0.15,COD
S0052437,C04938,P00423,ST031,2026-12-07 01:15:00,6,562.41,0.00,UPI
S0052438,C03131,P00368,ST046,2027-04-29 12:14:00,2,14776.53,0.05,NET_BANKING
S0052439,C00527,P00835,ST047,2027-04-23 16:16:00,5,14703.43,0.15,WALLET
S0052440,C04254,P00052,ST033,2027-01-13 14:00:00,2,6138.64,0.00,UPI
S0052441,C02477,P00450,ST025,2027-01-24 13:17:00,7,11985.09,0.15,COD
S0052442,C03938,P00603,ST042,2027-04-05 06:33:00,2,7723.35,0.15,COD
S0052443,C05351,P01098,ST023,2027-01-09 05:55:00,1,2207.73,0.10,UPI
S0052444,C04214,P00975,ST003,2026-11-11 05:14:00,3,14210.52,0.00,CARD
S0052445,C03720,P00194,ST023,2027-03-09 01:10:00,3,4680.85,0.00,UPI
S0052446,C02187,P00602,ST046,2027-02-25 14:06:00,2,10282.25,0.00,WALLET
S0052447,C03287,P00122,ST013,2027-01-31 00:33:00,5,9607.56,0.15,WALLET
S0052448,C01038,P00026,ST031,2027-01-16 05:28:00,1,3973.71,0.10,COD
S0052449,C03830,P00602,ST003,2026-12-21 12:15:00,4,10282.25,0.00,UPI
S0052450,C04538,P00048,ST038,2026-11-15 02:51:00,7,5018.49,0.05,CARD
S0052451,C01094,P00712,ST004,2027-03-19 07:22:00,1,2775.71,0.15,CARD
S0052452,C02746,P00968,ST005,2027-05-16 17:01:00,4,10372.46,0.05,COD
S0052453,C04946,P00186,ST009,2027-02-06 12:26:00,4,5509.22,0.00,CARD
S0052454,C00947,P00100,ST009,2027-01-25 21:34:00,5,2281.28,0.15,UPI
S0052455,C01496,P00361,ST011,2027-03-20 06:23:00,1,3502.39,0.00,COD
S0052456,C04872,P00621,ST024,2026-09-03 01:29:00,8,12280.84,0.15,COD
S0052457,C01333,P00389,ST045,2026-09-25 11:22:00,5,7161.01,0.10,CARD
S0052458,C05498,P01045,ST002,2027-01-22 06:43:00,6,2511.50,0.10,NET_BANKING
S0052459,C00189,P00359,ST049,2026-11-01 08:34:00,6,6112.49,0.00,NET_BANKING
S0052460,C04793,P00720,ST026,2026-11-15 22:39:00,2,4896.05,0.15,NET_BANKING
S0052461,C01442,P00742,ST023,2026-12-31 05:57:00,1,7019.87,0.10,UPI
S0052462,C05478,P00533,ST024,2027-01-17 09:31:00,7,13218.50,0.00,NET_BANKING
S0052463,C02637,P01014,ST028,2026-11-08 12:26:00,8,3279.64,0.15,WALLET
S0052464,C05058,P00811,ST038,2026-10-07 23:12:00,8,12059.60,0.05,CARD
S0052465,C00292,P00479,ST022,2026-12-29 05:03:00,6,1921.66,0.00,WALLET
S0052466,C04491,P00693,ST012,2027-02-07 00:28:00,3,10171.16,0.10,WALLET
S0052467,C05304,P00182,ST022,2026-12-03 07:06:00,3,11258.08,0.00,NET_BANKING
S0052468,C03533,P00515,ST042,2027-01-28 08:45:00,6,6743.70,0.15,COD
S0052469,C01294,P00194,ST049,2027-03-17 01:33:00,5,4680.85,0.15,CARD
S0052470,C01498,P00382,ST042,2027-03-15 09:03:00,7,14341.57,0.15,CARD
S0052471,C00183,P00810,ST008,2027-04-12 23:59:00,7,5274.62,0.05,COD
S0052472,C00838,P01012,ST045,2026-11-07 12:21:00,5,3634.92,0.10,WALLET
S0052473,C04221,P00988,ST017,2026-09-16 03:04:00,1,6169.02,0.15,WALLET
S0052474,C00617,P00450,ST027,2027-04-11 07:54:00,6,11985.09,0.15,WALLET
S0052475,C03123,P00048,ST013,2027-05-03 03:48:00,5,5018.49,0.10,COD
S0052476,C04209,P01035,ST025,2027-03-14 08:24:00,6,3743.78,0.00,NET_BANKING
S0052477,C04415,P00904,ST006,2027-01-28 14:58:00,6,437.50,0.15,NET_BANKING
S0052478,C04388,P00755,ST036,2027-01-10 10:13:00,1,13881.05,0.00,CARD
S0052479,C02744,P00866,ST032,2027-02-28 22:46:00,3,7507.05,0.00,UPI
S0052480,C04616,P00082,ST041,2027-04-06 07:55:00,2,3347.34,0.00,NET_BANKING
S0052481,C04559,P00373,ST019,2026-10-28 02:51:00,1,11139.22,0.10,WALLET
S0052482,C02382,P00219,ST042,2026-09-22 01:59:00,7,13496.03,0.00,NET_BANKING
S0052483,C04513,P00902,ST046,2026-10-19 00:14:00,3,6441.41,0.05,COD
S0052484,C00906,P00753,ST031,2027-03-16 06:18:00,7,9739.34,0.10,NET_BANKING
S0052485,C03813,P00124,ST036,2027-03-08 09:21:00,6,9023.03,0.10,UPI
S0052486,C02609,P00188,ST008,2027-04-21 06:19:00,7,6455.12,0.05,WALLET
S0052487,C03416,P00971,ST046,2026-12-10 00:01:00,3,9483.16,0.00,CARD
S0052488,C03833,P00993,ST044,2026-09-10 01:42:00,7,11078.12,0.05,COD
S0052489,C01783,P00569,ST007,2026-11-05 23:37:00,8,11413.80,0.00,COD
S0052490,C00558,P00560,ST028,2026-12-26 19:59:00,3,9161.86,0.00,UPI
S0052491,C04835,P00004,ST005,2027-01-09 08:16:00,1,7022.90,0.00,NET_BANKING
S0052492,C01755,P00120,ST047,2027-03-23 08:07:00,2,2796.10,0.00,CARD
S0052493,C03064,P00038,ST008,2027-03-24 12:10:00,4,5447.04,0.00,UPI
S0052494,C02949,P00331,ST018,2026-11-08 00:04:00,3,9971.71,0.05,NET_BANKING
S0052495,C04869,P00002,ST009,2027-01-26 19:52:00,7,14309.77,0.05,COD
S0052496,C04950,P00614,ST038,2026-12-08 21:40:00,7,71.45,0.05,NET_BANKING
S0052497,C03298,P00528,ST040,2026-11-09 10:57:00,4,12190.45,0.05,UPI
S0052498,C05184,P00519,ST021,2026-12-07 09:31:00,3,3550.37,0.05,NET_BANKING
S0052499,C03705,P00240,ST009,2026-11-21 21:28:00,1,9582.36,0.00,CARD
S0052500,C02075,P00542,ST038,2027-04-10 08:57:00,3,13862.55,0.00,CARD
S0052501,C02923,P00707,ST021,2026-12-14 16:10:00,1,10164.19,0.05,CARD
S0052502,C00333,P00390,ST037,2027-03-26 18:57:00,2,5645.91,0.15,CARD
S0052503,C04775,P00978,ST033,2027-02-15 22:05:00,8,12166.54,0.00,NET_BANKING
S0052504,C01792,P00097,ST015,2027-01-02 07:04:00,8,9879.74,0.00,NET_BANKING
S0052505,C02703,P01041,ST025,2027-03-31 00:51:00,6,2870.86,0.00,UPI
S0052506,C02347,P00727,ST020,2026-10-20 00:46:00,2,12337.64,0.00,WALLET
S0052507,C02222,P01080,ST024,2027-05-16 21:18:00,5,544.84,0.00,CARD
S0052508,C01630,P00247,ST024,2026-10-24 05:51:00,1,3627.73,0.00,UPI
S0052509,C00791,P00580,ST007,2027-04-30 21:36:00,6,4489.50,0.05,CARD
S0052510,C00064,P00624,ST043,2027-01-26 22:28:00,3,10459.90,0.10,CARD
S0052511,C04252,P00305,ST016,2026-11-05 07:49:00,3,8188.13,0.00,WALLET
S0052512,C04044,P00836,ST034,2026-11-04 18:18:00,2,8199.84,0.00,COD
S0052513,C00380,P00053,ST030,2027-04-21 01:10:00,8,4727.29,0.10,UPI
S0052514,C03920,P00239,ST030,2027-03-25 06:43:00,8,2668.52,0.00,COD
S0052515,C05137,P00243,ST046,2027-02-25 03:22:00,2,6859.66,0.00,WALLET
S0052516,C01446,P00145,ST039,2027-04-22 03:54:00,3,10011.24,0.15,NET_BANKING
S0052517,C00593,P00631,ST039,2027-02-19 19:49:00,8,2764.58,0.00,UPI
S0052518,C02207,P00429,ST011,2027-01-25 18:37:00,7,8780.62,0.15,NET_BANKING
S0052519,C02988,P00949,ST044,2027-03-28 22:47:00,7,5923.78,0.00,WALLET
S0052520,C03114,P00787,ST001,2027-03-28 08:22:00,3,12290.08,0.00,CARD
S0052521,C00581,P00267,ST004,2027-02-18 03:17:00,2,4567.81,0.05,COD
S0052522,C05135,P00058,ST031,2027-01-20 02:01:00,8,1589.53,0.15,WALLET
S0052523,C01111,P00620,ST018,2026-10-01 13:25:00,6,1987.43,0.10,UPI
S0052524,C05359,P00914,ST035,2027-02-19 23:41:00,6,14608.30,0.05,WALLET
S0052525,C01128,P01034,ST018,2027-02-15 16:35:00,3,3488.70,0.15,CARD
S0052526,C02317,P00117,ST026,2027-03-03 05:10:00,4,9637.83,0.15,CARD
S0052527,C03109,P00423,ST050,2027-01-17 18:48:00,8,562.41,0.00,UPI
S0052528,C04547,P00666,ST040,2026-12-05 00:53:00,8,12463.65,0.10,COD
S0052529,C02324,P00012,ST045,2026-11-01 04:35:00,4,50.90,0.00,CARD
S0052530,C01344,P00987,ST047,2027-02-17 02:04:00,8,8796.88,0.00,NET_BANKING
S0052531,C03752,P00917,ST012,2027-02-06 16:25:00,4,12206.45,0.00,COD
S0052532,C05214,P00640,ST009,2027-01-13 19:04:00,4,9013.79,0.05,COD
S0052533,C01882,P00285,ST042,2026-10-13 02:32:00,4,6123.71,0.00,CARD
S0052534,C01561,P00135,ST005,2027-01-27 20:20:00,4,4518.74,0.00,WALLET
S0052535,C04178,P00033,ST040,2027-01-20 09:29:00,1,11598.07,0.00,COD
S0052536,C03058,P00671,ST048,2026-11-28 14:12:00,7,12833.33,0.00,NET_BANKING
S0052537,C03742,P00425,ST032,2027-03-16 18:46:00,8,14157.41,0.10,WALLET
S0052538,C04624,P00990,ST016,2026-11-29 13:39:00,4,1411.89,0.05,CARD
S0052539,C02668,P00577,ST008,2027-03-28 04:18:00,5,286.38,0.05,WALLET
S0052540,C03624,P00993,ST042,2026-12-15 15:27:00,6,11078.12,0.00,WALLET
S0052541,C04967,P00311,ST014,2027-01-06 14:29:00,3,10510.03,0.05,NET_BANKING
S0052542,C03487,P00332,ST010,2026-09-06 17:20:00,7,9532.30,0.05,COD
S0052543,C05291,P00381,ST005,2027-03-21 23:02:00,2,12953.05,0.00,NET_BANKING
S0052544,C02306,P01045,ST003,2027-02-28 01:59:00,2,4112.41,0.15,UPI
S0052545,C01121,P00979,ST030,2027-04-13 00:32:00,3,5063.99,0.15,NET_BANKING
S0052546,C05350,P00522,ST016,2026-11-25 07:30:00,2,1719.44,0.00,UPI
S0052547,C00946,P00041,ST033,2026-11-17 08:56:00,8,1420.91,0.00,COD
S0052548,C01124,P00486,ST002,2026-09-08 14:01:00,4,10044.32,0.15,COD
S0052549,C03465,P00517,ST017,2027-03-01 23:27:00,6,13887.99,0.05,NET_BANKING
S0052550,C05095,P00304,ST036,2026-10-14 09:53:00,2,8379.11,0.00,COD
S0052551,C01611,P00514,ST034,2026-12-13 22:55:00,6,14174.96,0.00,COD
S0052552,C01626,P00018,ST035,2027-01-28 11:38:00,8,10580.36,0.15,WALLET
S0052553,C02917,P00525,ST013,2027-04-07 23:25:00,8,10778.97,0.15,UPI
S0052554,C04447,P00278,ST026,2026-09-01 20:09:00,3,3088.10,0.05,UPI
S0052555,C03609,P01056,ST028,2027-01-15 02:15:00,4,427.23,0.05,COD
S0052556,C03546,P01050,ST021,2026-11-20 05:33:00,5,4200.75,0.05,COD
S0052557,C01777,P00291,ST031,2027-04-24 19:18:00,5,3274.34,0.00,COD
S0052558,C02671,P00451,ST017,2026-12-13 22:47:00,6,10085.19,0.05,UPI
S0052559,C03680,P01019,ST040,2026-09-09 05:05:00,1,3066.86,0.00,WALLET
S0052560,C01545,P00361,ST039,2026-12-24 16:46:00,4,3502.39,0.00,UPI
S0052561,C03557,P00910,ST037,2026-09-24 11:36:00,4,1660.00,0.05,CARD
S0052562,C02965,P00321,ST024,2027-01-17 09:23:00,7,1068.85,0.00,COD
S0052563,C03174,P00852,ST039,2026-11-17 17:15:00,2,9756.12,0.00,WALLET
S0052564,C02059,P00021,ST003,2027-04-19 23:51:00,7,4979.43,0.00,CARD
S0052565,C05477,P00744,ST002,2027-02-08 22:42:00,7,3611.42,0.00,CARD
S0052566,C04643,P00272,ST045,2026-09-18 08:01:00,2,13352.08,0.00,WALLET
S0052567,C01256,P00072,ST007,2027-01-24 03:42:00,1,2213.98,0.15,WALLET
S0052568,C04248,P00681,ST050,2027-01-13 04:04:00,6,10247.66,0.15,CARD
S0052569,C05351,P00623,ST006,2027-01-09 04:58:00,5,2478.31,0.05,NET_BANKING
S0052570,C01108,P00295,ST025,2027-03-07 14:56:00,5,8088.40,0.10,COD
S0052571,C00998,P00311,ST023,2026-09-22 09:37:00,1,10510.03,0.00,COD
S0052572,C00863,P00380,ST020,2026-11-18 07:04:00,1,10594.68,0.10,CARD
S0052573,C02565,P00441,ST018,2027-03-23 01:15:00,1,10328.32,0.00,CARD
S0052574,C05386,P00868,ST020,2026-12-31 11:47:00,8,14973.26,0.00,COD
S0052575,C04973,P00625,ST020,2027-01-04 11:30:00,4,12569.93,0.10,COD
S0052576,C03670,P00434,ST049,2027-05-05 18:17:00,4,11454.78,0.00,UPI
S0052577,C04455,P00514,ST008,2027-03-29 01:03:00,2,14174.96,0.15,WALLET
S0052578,C04931,P00166,ST018,2026-11-05 16:56:00,2,8032.81,0.05,COD
S0052579,C03701,P01086,ST019,2026-10-29 22:29:00,6,4192.54,0.05,COD
S0052580,C04867,P00950,ST029,2026-12-21 20:24:00,3,3458.38,0.10,UPI
S0052581,C00960,P00985,ST002,2026-12-13 19:39:00,3,12971.94,0.15,UPI
S0052582,C02274,P00327,ST036,2027-04-11 22:53:00,6,7639.94,0.00,COD
S0052583,C02383,P00656,ST021,2026-11-08 12:18:00,5,5514.15,0.10,UPI
S0052584,C05369,P00034,ST017,2027-02-17 18:53:00,2,14038.19,0.05,UPI
S0052585,C04734,P00277,ST036,2027-05-03 01:37:00,1,4475.85,0.00,COD
S0052586,C01290,P01063,ST034,2027-03-04 06:15:00,8,2815.01,0.00,CARD
S0052587,C03990,P00576,ST048,2027-01-04 03:31:00,6,829.35,0.10,CARD
S0052588,C03295,P00038,ST002,2026-11-05 08:04:00,6,5447.04,0.10,NET_BANKING
S0052589,C04597,P00667,ST022,2027-03-27 05:45:00,4,14053.41,0.00,NET_BANKING
S0052590,C01195,P00838,ST035,2026-09-21 02:42:00,2,11094.78,0.05,CARD
S0052591,C00089,P00057,ST040,2027-02-16 15:43:00,6,6283.79,0.05,COD
S0052592,C02794,P00290,ST008,2026-11-17 01:06:00,4,3515.83,0.15,NET_BANKING
S0052593,C00323,P00868,ST024,2027-02-06 05:46:00,8,14973.26,0.05,COD
S0052594,C01669,P00074,ST044,2027-04-14 15:02:00,5,9655.66,0.05,WALLET
S0052595,C03146,P00316,ST021,2026-12-11 21:39:00,8,4896.51,0.05,UPI
S0052596,C01365,P00086,ST001,2026-11-22 18:00:00,5,394.30,0.05,NET_BANKING
S0052597,C03860,P00017,ST037,2027-02-15 03:22:00,1,3528.42,0.05,CARD
S0052598,C00226,P00615,ST031,2027-04-22 03:38:00,4,5873.54,0.00,COD
S0052599,C01403,P00452,ST016,2026-10-09 16:06:00,5,3389.85,0.10,CARD
S0052600,C03481,P00773,ST040,2026-11-13 06:23:00,8,11513.99,0.10,COD
S0052601,C00173,P00700,ST012,2027-04-10 22:53:00,5,7501.36,0.15,COD
S0052602,C03141,P00295,ST007,2027-02-24 08:41:00,5,8088.40,0.10,UPI
S0052603,C00077,P00263,ST036,2027-05-14 08:48:00,7,12638.42,0.05,CARD
S0052604,C01462,P01000,ST044,2026-10-17 15:54:00,6,3161.37,0.05,NET_BANKING
S0052605,C02765,P01064,ST027,2027-03-09 21:20:00,3,2638.15,0.05,NET_BANKING
S0052606,C05341,P00774,ST006,2026-11-19 09:50:00,6,12009.08,0.15,COD
S0052607,C01960,P00232,ST021,2026-12-05 21:26:00,7,10782.96,0.15,WALLET
S0052608,C03676,P00521,ST032,2027-01-12 00:31:00,1,6093.07,0.00,UPI
S0052609,C03421,P00843,ST031,2027-04-01 09:04:00,1,13366.08,0.00,UPI
S0052610,C02386,P01092,ST039,2027-02-28 02:13:00,3,3918.31,0.05,WALLET
S0052611,C01051,P00430,ST005,2027-03-20 12:17:00,4,5232.86,0.00,UPI
S0052612,C01251,P00804,ST029,2027-05-10 02:14:00,5,13775.11,0.00,CARD
S0052613,C01578,P00573,ST001,2027-01-09 19:59:00,1,7520.25,0.15,NET_BANKING
S0052614,C00413,P00777,ST043,2027-05-13 13:02:00,3,7574.57,0.00,CARD
S0052615,C00775,P00024,ST003,2027-05-15 07:14:00,1,7530.12,0.10,WALLET
S0052616,C04127,P00749,ST047,2027-03-25 05:24:00,5,5536.94,0.10,CARD
S0052617,C04348,P00293,ST019,2026-12-12 12:01:00,3,8511.68,0.10,NET_BANKING
S0052618,C04617,P00769,ST045,2027-01-10 01:09:00,5,14064.61,0.00,NET_BANKING
S0052619,C02913,P00254,ST023,2026-12-10 21:44:00,7,1267.62,0.00,CARD
S0052620,C04917,P00781,ST015,2026-09-17 20:49:00,4,8887.88,0.00,NET_BANKING
S0052621,C00858,P00586,ST003,2026-09-10 01:49:00,4,3287.74,0.15,NET_BANKING
S0052622,C03529,P00401,ST023,2026-11-07 11:30:00,1,14612.89,0.05,WALLET
S0052623,C04107,P00006,ST042,2027-01-20 06:01:00,7,12375.85,0.10,WALLET
S0052624,C04655,P01082,ST037,2027-04-29 10:49:00,1,2854.69,0.00,CARD
S0052625,C05079,P00465,ST027,2027-03-17 20:52:00,7,2736.41,0.00,NET_BANKING
S0052626,C00145,P00118,ST009,2026-12-17 21:29:00,7,7964.36,0.10,UPI
S0052627,C02356,P00464,ST009,2027-01-17 19:21:00,6,6498.78,0.00,UPI
S0052628,C04405,P00917,ST001,2026-10-30 16:35:00,1,12206.45,0.00,WALLET
S0052629,C02321,P00837,ST010,2027-01-08 21:31:00,2,11678.05,0.15,CARD
S0052630,C00743,P00006,ST010,2026-10-13 20:19:00,8,12375.85,0.10,NET_BANKING
S0052631,C04888,P00047,ST041,2026-09-07 09:42:00,8,4471.06,0.00,NET_BANKING
S0052632,C03292,P00978,ST044,2026-11-09 02:04:00,1,12166.54,0.05,WALLET
S0052633,C04351,P00817,ST017,2027-01-24 10:54:00,8,11269.31,0.10,WALLET
S0052634,C02107,P00582,ST027,2027-04-30 08:48:00,8,3449.31,0.05,WALLET
S0052635,C00814,P00680,ST014,2027-01-27 06:25:00,1,6161.56,0.00,CARD
S0052636,C00995,P00602,ST007,2027-04-01 10:46:00,6,10282.25,0.05,UPI
S0052637,C00836,P00807,ST045,2026-09-27 08:28:00,4,3804.96,0.00,COD
S0052638,C03367,P00725,ST002,2026-12-14 05:32:00,5,5516.84,0.00,CARD
S0052639,C04216,P01086,ST013,2026-12-23 09:15:00,8,4752.61,0.00,CARD
S0052640,C04330,P00015,ST014,2026-09-02 20:21:00,7,6091.54,0.00,COD
S0052641,C03562,P00475,ST047,2027-01-19 22:38:00,4,1870.66,0.15,NET_BANKING
S0052642,C03617,P00130,ST041,2026-09-27 19:45:00,5,1609.69,0.05,WALLET
S0052643,C04255,P00827,ST022,2027-04-07 14:03:00,4,14075.22,0.00,UPI
S0052644,C01787,P00795,ST049,2027-04-07 13:48:00,5,123.55,0.15,NET_BANKING
S0052645,C01109,P00713,ST013,2027-01-22 09:01:00,6,3603.18,0.10,CARD
S0052646,C05072,P00982,ST027,2027-04-26 23:08:00,1,1313.93,0.15,UPI
S0052647,C00353,P00917,ST001,2026-09-24 13:29:00,3,12206.45,0.00,NET_BANKING
S0052648,C01182,P00237,ST015,2027-05-13 00:43:00,8,5637.77,0.15,WALLET
S0052649,C00255,P00447,ST043,2027-01-07 05:17:00,2,13780.12,0.05,CARD
S0052650,C03578,P00218,ST009,2027-02-07 12:00:00,8,7857.30,0.00,UPI
S0052651,C01820,P00023,ST022,2027-01-05 08:02:00,8,8298.86,0.15,NET_BANKING
S0052652,C04762,P00170,ST009,2027-04-20 00:05:00,4,4556.11,0.10,COD
S0052653,C02791,P01072,ST025,2026-12-23 22:08:00,8,4860.43,0.15,WALLET
S0052654,C02964,P00007,ST031,2027-01-08 09:41:00,1,8987.92,0.00,COD
S0052655,C03052,P00970,ST024,2026-10-02 02:59:00,4,11802.25,0.10,NET_BANKING
S0052656,C01968,P00850,ST026,2026-12-31 01:58:00,1,4390.79,0.05,COD
S0052657,C03795,P00966,ST011,2026-11-04 02:03:00,2,14692.30,0.00,NET_BANKING
S0052658,C03380,P01020,ST044,2026-11-19 09:17:00,1,2800.16,0.15,NET_BANKING
S0052659,C04075,P00869,ST028,2026-11-08 21:36:00,3,5521.33,0.00,COD
S0052660,C04104,P00830,ST039,2027-01-26 22:19:00,5,8076.01,0.00,CARD
S0052661,C01179,P01042,ST044,2027-04-21 18:45:00,6,3959.16,0.05,WALLET
S0052662,C04070,P00854,ST031,2026-10-13 17:26:00,5,6348.82,0.00,UPI
S0052663,C03741,P01043,ST040,2027-01-11 02:33:00,4,3024.13,0.00,WALLET
S0052664,C01692,P00711,ST006,2026-09-24 10:45:00,8,6883.58,0.10,COD
S0052665,C03914,P00926,ST033,2027-03-18 07:33:00,6,11337.89,0.05,COD
S0052666,C04137,P00753,ST013,2027-03-02 02:10:00,8,9739.34,0.05,COD
S0052667,C05489,P00354,ST019,2026-11-14 06:51:00,8,11455.34,0.15,CARD
S0052668,C02022,P01025,ST034,2026-12-27 05:44:00,5,4557.76,0.00,NET_BANKING
S0052669,C01227,P00555,ST025,2026-09-15 06:02:00,2,3239.18,0.15,UPI
S0052670,C05218,P00531,ST030,2026-10-15 12:20:00,4,137.66,0.00,COD
S0052671,C03436,P01022,ST046,2027-05-11 20:52:00,2,1749.59,0.05,CARD
S0052672,C00478,P00897,ST011,2027-05-03 16:42:00,5,3588.17,0.15,NET_BANKING
S0052673,C01071,P00486,ST013,2027-03-16 09:46:00,1,10044.32,0.00,COD
S0052674,C04451,P00891,ST040,2026-09-14 13:16:00,4,2634.44,0.00,WALLET
S0052675,C02318,P00980,ST012,2027-01-10 08:42:00,5,8929.07,0.05,NET_BANKING
S0052676,C02333,P00867,ST044,2027-02-12 15:17:00,7,5370.01,0.15,WALLET
S0052677,C03613,P00381,ST032,2027-01-05 12:26:00,5,12953.05,0.10,COD
S0052678,C04935,P00330,ST046,2027-05-10 09:09:00,3,3475.34,0.00,WALLET
S0052679,C02823,P00248,ST043,2027-05-02 05:11:00,8,13778.23,0.05,WALLET
S0052680,C03826,P00912,ST019,2026-12-04 10:12:00,3,12258.78,0.15,CARD
S0052681,C05100,P00926,ST038,2027-03-29 17:55:00,2,11337.89,0.15,NET_BANKING
S0052682,C05281,P00101,ST030,2027-01-17 13:55:00,1,8045.20,0.05,UPI
S0052683,C04781,P01051,ST026,2027-01-17 00:25:00,2,1028.12,0.05,CARD
S0052684,C00810,P00937,ST044,2027-05-05 16:25:00,1,2930.83,0.00,WALLET
S0052685,C03317,P00263,ST005,2026-09-29 13:43:00,5,12638.42,0.00,COD
S0052686,C03934,P00864,ST014,2027-03-11 16:15:00,8,934.40,0.10,WALLET
S0052687,C03797,P00010,ST003,2026-09-04 10:19:00,2,10965.99,0.10,WALLET
S0052688,C00302,P00713,ST017,2026-12-12 12:18:00,6,3603.18,0.10,WALLET
S0052689,C02308,P00834,ST031,2026-11-17 03:00:00,1,13773.56,0.15,NET_BANKING
S0052690,C04285,P00177,ST044,2026-10-28 07:47:00,8,5272.03,0.00,UPI
S0052691,C00373,P00666,ST028,2026-12-14 08:01:00,3,12463.65,0.15,UPI
S0052692,C00254,P00721,ST027,2027-02-15 18:22:00,1,2539.40,0.00,COD
S0052693,C02858,P00011,ST014,2027-03-28 05:20:00,3,9660.40,0.05,UPI
S0052694,C01607,P00713,ST042,2027-04-23 16:26:00,3,3603.18,0.15,NET_BANKING
S0052695,C00301,P01019,ST031,2027-03-05 09:21:00,3,3549.66,0.10,COD
S0052696,C01461,P00940,ST038,2027-01-16 13:23:00,8,10304.16,0.10,CARD
S0052697,C01330,P00387,ST008,2027-05-05 01:27:00,4,9454.62,0.00,WALLET
S0052698,C03291,P00742,ST038,2026-09-24 19:22:00,8,7019.87,0.00,CARD
S0052699,C02663,P00056,ST023,2027-02-01 16:29:00,4,12872.42,0.15,NET_BANKING
S0052700,C03710,P00258,ST040,2026-11-05 03:58:00,8,9537.16,0.00,UPI
S0052701,C02707,P00897,ST027,2027-02-05 18:37:00,2,3588.17,0.05,NET_BANKING
S0052702,C03006,P01001,ST034,2026-12-04 16:00:00,2,2257.08,0.00,CARD
S0052703,C02311,P00942,ST017,2026-11-02 12:43:00,5,13417.77,0.15,WALLET
S0052704,C02540,P00683,ST046,2027-01-08 12:01:00,1,6906.08,0.15,UPI
S0052705,C05235,P00277,ST019,2027-05-11 11:23:00,2,4475.85,0.10,CARD
S0052706,C02539,P00008,ST030,2026-10-27 15:44:00,3,1347.12,0.00,UPI
S0052707,C04834,P00711,ST011,2027-03-17 10:13:00,8,6883.58,0.10,NET_BANKING
S0052708,C01097,P00055,ST049,2026-11-05 00:43:00,3,8397.51,0.15,CARD
S0052709,C01942,P00643,ST029,2026-12-26 10:16:00,8,13117.03,0.00,WALLET
S0052710,C04581,P00857,ST027,2027-01-22 23:39:00,2,10083.38,0.15,WALLET
S0052711,C01124,P01064,ST011,2026-11-09 12:30:00,2,1987.26,0.05,NET_BANKING
S0052712,C02279,P00837,ST007,2026-10-23 02:36:00,5,11678.05,0.00,WALLET
S0052713,C05428,P00229,ST043,2027-03-25 22:10:00,5,718.51,0.10,UPI
S0052714,C01186,P01038,ST046,2027-04-09 17:49:00,1,1426.57,0.05,UPI
S0052715,C05484,P00862,ST043,2026-11-11 04:18:00,3,12635.93,0.15,NET_BANKING
S0052716,C01708,P00507,ST028,2027-01-09 03:57:00,8,13477.84,0.00,NET_BANKING
S0052717,C01183,P00769,ST048,2026-09-24 02:49:00,1,14064.61,0.05,UPI
S0052718,C01053,P00330,ST035,2026-12-06 09:42:00,7,3475.34,0.10,WALLET
S0052719,C04592,P00380,ST046,2027-03-31 03:44:00,6,10594.68,0.05,CARD
S0052720,C02015,P01026,ST029,2027-02-23 21:53:00,7,3714.28,0.15,COD
S0052721,C04492,P00710,ST037,2027-04-01 16:27:00,6,3147.74,0.10,NET_BANKING
S0052722,C04577,P00934,ST005,2027-01-09 14:06:00,5,6341.80,0.15,NET_BANKING
S0052723,C04403,P01076,ST045,2026-11-06 07:58:00,4,2724.45,0.00,WALLET
S0052724,C05218,P00698,ST039,2027-03-20 11:13:00,8,4891.44,0.10,WALLET
S0052725,C03673,P00587,ST034,2027-03-06 03:22:00,4,7939.21,0.00,COD
S0052726,C01218,P00610,ST001,2026-11-20 00:36:00,3,2166.11,0.05,COD
S0052727,C00954,P00560,ST006,2027-02-18 23:14:00,7,9161.86,0.00,CARD
S0052728,C00342,P00504,ST017,2026-12-13 20:55:00,2,6640.14,0.05,UPI
S0052729,C03681,P00109,ST045,2026-09-07 00:00:00,2,9560.87,0.10,NET_BANKING
S0052730,C03814,P00700,ST005,2026-10-05 03:36:00,8,7501.36,0.10,UPI
S0052731,C04992,P00154,ST050,2027-03-03 02:31:00,4,3193.19,0.05,NET_BANKING
S0052732,C04368,P00055,ST036,2027-02-03 20:51:00,2,8397.51,0.00,NET_BANKING
S0052733,C03481,P00871,ST020,2026-09-02 16:11:00,4,9556.52,0.15,COD
S0052734,C02493,P00223,ST024,2027-02-14 08:45:00,2,6560.58,0.05,COD
S0052735,C03856,P00629,ST025,2026-09-28 12:47:00,6,11585.25,0.05,WALLET
S0052736,C03227,P00150,ST012,2026-09-23 08:00:00,8,10110.81,0.10,UPI
S0052737,C04884,P00422,ST001,2027-01-14 06:08:00,4,8067.73,0.05,CARD
S0052738,C01211,P00170,ST050,2027-03-15 04:54:00,1,4556.11,0.00,NET_BANKING
S0052739,C00521,P00689,ST003,2026-12-19 13:16:00,6,1747.51,0.00,UPI
S0052740,C01273,P00303,ST047,2027-05-19 13:11:00,3,14560.81,0.10,COD
S0052741,C03626,P00265,ST048,2027-04-03 13:19:00,5,11238.83,0.10,COD
S0052742,C00955,P00341,ST041,2027-04-30 19:41:00,7,12040.98,0.10,CARD
S0052743,C03129,P00828,ST031,2027-05-16 20:49:00,1,6520.23,0.00,COD
S0052744,C04653,P00685,ST003,2027-02-14 18:46:00,7,2866.20,0.15,WALLET
S0052745,C03333,P00890,ST016,2026-09-26 19:49:00,2,2569.54,0.00,WALLET
S0052746,C03073,P00241,ST017,2026-12-25 18:04:00,4,14291.38,0.15,NET_BANKING
S0052747,C02903,P00373,ST018,2026-12-10 09:40:00,4,11139.22,0.00,NET_BANKING
S0052748,C03907,P00001,ST028,2027-02-04 14:41:00,3,14748.70,0.15,NET_BANKING
S0052749,C04622,P00832,ST049,2026-11-15 11:26:00,4,12604.04,0.00,COD
S0052750,C00138,P00871,ST050,2026-10-11 20:22:00,5,9556.52,0.00,WALLET
S0052751,C02233,P00002,ST024,2026-10-30 13:01:00,6,14309.77,0.10,COD
S0052752,C01592,P00347,ST019,2026-11-30 10:34:00,3,13728.26,0.15,CARD
S0052753,C04432,P00237,ST012,2026-12-23 20:38:00,6,5637.77,0.00,COD
S0052754,C03205,P01090,ST006,2027-01-08 02:02:00,1,916.49,0.15,NET_BANKING
S0052755,C05369,P00911,ST034,2027-04-18 15:28:00,5,10076.98,0.10,UPI
S0052756,C03216,P00835,ST012,2026-09-12 11:40:00,8,14703.43,0.00,UPI
S0052757,C02539,P00885,ST008,2026-09-30 16:29:00,7,2276.62,0.15,COD
S0052758,C01989,P01099,ST043,2026-09-14 03:24:00,7,3732.11,0.05,UPI
S0052759,C02967,P00084,ST007,2027-04-09 00:59:00,1,9370.43,0.05,WALLET
S0052760,C02683,P00159,ST023,2027-04-11 08:39:00,2,6984.00,0.10,WALLET
S0052761,C00765,P00671,ST009,2027-04-18 21:16:00,5,12833.33,0.00,WALLET
S0052762,C04540,P00705,ST013,2027-04-10 06:55:00,5,12535.43,0.05,WALLET
S0052763,C04246,P00114,ST043,2027-01-28 05:31:00,6,1848.49,0.00,COD
S0052764,C00244,P00246,ST019,2027-01-24 08:24:00,8,9342.29,0.10,COD
S0052765,C00716,P00155,ST004,2026-12-22 10:20:00,6,7087.72,0.10,CARD
S0052766,C00158,P00496,ST006,2026-11-27 13:54:00,5,3469.95,0.05,CARD
S0052767,C05281,P00927,ST001,2027-02-17 11:43:00,8,9200.17,0.00,UPI
S0052768,C00032,P00218,ST012,2027-04-15 09:35:00,8,7857.30,0.00,COD
S0052769,C04872,P00158,ST035,2026-12-09 18:14:00,7,3652.82,0.15,COD
S0052770,C01427,P00500,ST022,2026-12-06 12:56:00,6,13885.62,0.15,NET_BANKING
S0052771,C03378,P00571,ST017,2026-09-14 07:36:00,4,4671.20,0.15,UPI
S0052772,C03286,P01039,ST002,2027-01-19 13:21:00,5,457.43,0.00,COD
S0052773,C02798,P00038,ST025,2027-03-18 00:11:00,2,5447.04,0.15,UPI
S0052774,C04780,P00968,ST011,2026-10-30 21:03:00,7,10372.46,0.15,COD
S0052775,C04331,P00350,ST026,2027-01-27 02:32:00,1,12905.92,0.05,UPI
S0052776,C04746,P00839,ST010,2026-09-10 16:50:00,5,14909.42,0.05,CARD
S0052777,C01812,P00187,ST010,2027-02-28 07:31:00,3,6392.10,0.15,NET_BANKING
S0052778,C02374,P00095,ST031,2027-02-06 20:12:00,1,5408.19,0.00,NET_BANKING
S0052779,C01433,P00317,ST015,2026-09-13 17:55:00,3,4717.68,0.10,NET_BANKING
S0052780,C01967,P01072,ST012,2027-01-25 17:39:00,7,4485.47,0.00,UPI
S0052781,C02376,P00927,ST044,2027-03-02 00:48:00,6,9200.17,0.00,CARD
S0052782,C03390,P00226,ST024,2027-03-16 14:30:00,3,14378.99,0.10,COD
S0052783,C01236,P00141,ST022,2027-01-11 11:26:00,5,8257.89,0.10,WALLET
S0052784,C02607,P00513,ST036,2026-10-24 09:32:00,3,2594.81,0.00,UPI
S0052785,C05293,P00736,ST020,2026-11-01 05:25:00,5,10626.28,0.10,NET_BANKING
S0052786,C00810,P00382,ST036,2027-04-12 01:16:00,2,14341.57,0.00,UPI
S0052787,C05122,P01093,ST040,2026-10-02 03:27:00,7,4878.55,0.15,COD
S0052788,C00558,P00218,ST047,2027-01-24 13:43:00,3,7857.30,0.05,WALLET
S0052789,C01331,P00028,ST041,2027-03-23 23:32:00,4,9694.84,0.05,COD
S0052790,C02342,P01023,ST016,2026-11-01 10:07:00,2,2214.39,0.10,WALLET
S0052791,C03295,P00346,ST011,2027-02-23 03:01:00,8,10411.85,0.00,WALLET
S0052792,C00791,P00561,ST044,2026-10-21 04:49:00,8,4145.03,0.10,WALLET
S0052793,C01958,P00980,ST024,2026-12-19 19:49:00,4,8929.07,0.00,COD
S0052794,C05196,P00359,ST038,2026-09-25 04:03:00,1,6112.49,0.15,COD
S0052795,C05034,P00715,ST013,2027-04-09 00:13:00,1,9749.53,0.15,UPI
S0052796,C02127,P00409,ST015,2027-03-24 01:51:00,6,2349.95,0.10,UPI
S0052797,C02114,P00106,ST002,2027-01-27 02:41:00,7,14238.90,0.15,UPI
S0052798,C04564,P00639,ST047,2027-05-03 16:00:00,1,5321.74,0.00,WALLET
S0052799,C00473,P01022,ST041,2026-10-20 02:48:00,2,592.73,0.05,UPI
S0052800,C04098,P00309,ST001,2027-04-04 11:15:00,8,9944.41,0.05,NET_BANKING
S0052801,C05251,P00744,ST021,2026-12-13 13:20:00,3,3611.42,0.00,CARD
S0052802,C03903,P00176,ST031,2026-10-07 18:42:00,6,10058.14,0.10,UPI
S0052803,C04172,P00434,ST014,2026-09-12 05:35:00,6,11454.78,0.00,WALLET
S0052804,C01549,P01047,ST007,2026-11-21 16:14:00,5,257.18,0.05,WALLET
S0052805,C00969,P00891,ST016,2027-01-15 08:58:00,7,2634.44,0.15,CARD
S0052806,C04552,P00962,ST026,2027-01-16 18:41:00,7,12113.97,0.00,COD
S0052807,C01021,P00128,ST048,2026-10-15 03:27:00,1,12585.65,0.00,COD
S0052808,C04364,P00816,ST018,2026-10-13 12:16:00,5,12563.10,0.15,NET_BANKING
S0052809,C00831,P00630,ST040,2027-05-17 02:33:00,6,12265.22,0.10,UPI
S0052810,C03331,P00909,ST045,2027-01-29 10:41:00,4,12153.06,0.05,COD
S0052811,C04788,P00937,ST031,2026-12-31 06:26:00,3,2930.83,0.05,COD
S0052812,C00921,P00474,ST034,2027-03-21 12:18:00,3,2329.87,0.15,UPI
S0052813,C02703,P00029,ST017,2027-03-18 15:23:00,2,10510.24,0.00,WALLET
S0052814,C01020,P01074,ST023,2026-10-08 05:34:00,5,2568.28,0.15,CARD
S0052815,C01182,P00477,ST041,2026-09-28 14:34:00,1,3992.23,0.05,NET_BANKING
S0052816,C05032,P00893,ST028,2026-09-05 04:50:00,1,11968.39,0.15,UPI
S0052817,C00665,P01008,ST026,2027-01-27 18:46:00,2,2988.84,0.10,COD
S0052818,C04922,P00410,ST024,2027-05-14 16:11:00,4,12139.70,0.00,COD
S0052819,C03250,P00025,ST050,2026-12-20 11:22:00,2,4571.56,0.05,WALLET
S0052820,C00735,P00194,ST013,2027-03-20 11:09:00,3,4680.85,0.05,UPI
S0052821,C02983,P00701,ST033,2027-01-23 20:52:00,2,9710.18,0.00,COD
S0052822,C00617,P00936,ST020,2027-05-06 11:31:00,1,4432.63,0.00,WALLET
S0052823,C00345,P00196,ST016,2027-03-06 06:18:00,3,10921.34,0.00,UPI
S0052824,C04068,P01091,ST048,2027-03-16 01:58:00,4,759.97,0.05,NET_BANKING
S0052825,C01382,P00766,ST001,2026-12-16 14:49:00,3,889.54,0.00,NET_BANKING
S0052826,C01354,P00267,ST020,2026-10-06 22:59:00,6,4567.81,0.05,UPI
S0052827,C02371,P00290,ST027,2026-10-11 12:31:00,7,3515.83,0.00,WALLET
S0052828,C02380,P00611,ST027,2027-01-04 15:40:00,1,13074.44,0.10,CARD
S0052829,C00003,P00227,ST020,2027-05-06 02:31:00,2,7877.11,0.05,COD
S0052830,C01647,P00270,ST046,2026-11-08 21:53:00,1,12684.63,0.00,UPI
S0052831,C01790,P00305,ST005,2027-03-23 13:42:00,2,8188.13,0.15,COD
S0052832,C03477,P00297,ST002,2027-02-14 09:28:00,5,10745.27,0.10,NET_BANKING
S0052833,C03201,P00359,ST041,2027-04-02 20:10:00,7,6112.49,0.00,NET_BANKING
S0052834,C04462,P00625,ST045,2027-01-07 00:18:00,2,12569.93,0.00,UPI
S0052835,C00734,P00424,ST008,2027-04-07 14:42:00,4,12370.62,0.00,CARD
S0052836,C01726,P00025,ST027,2026-10-19 12:46:00,5,4571.56,0.10,UPI
S0052837,C00171,P00154,ST028,2026-10-31 21:53:00,2,3193.19,0.00,WALLET
S0052838,C02193,P00913,ST016,2026-09-22 12:37:00,4,11417.61,0.05,WALLET
S0052839,C02177,P00237,ST024,2027-04-20 19:54:00,6,5637.77,0.15,NET_BANKING
S0052840,C02873,P00953,ST008,2027-01-17 05:15:00,8,11654.98,0.00,NET_BANKING
S0052841,C00824,P00693,ST020,2026-10-16 22:41:00,3,10171.16,0.10,NET_BANKING
S0052842,C00884,P00111,ST003,2026-10-12 20:01:00,1,7353.74,0.00,NET_BANKING
S0052843,C04721,P00336,ST007,2026-10-27 17:25:00,7,10827.01,0.10,WALLET
S0052844,C02573,P00911,ST042,2027-04-07 12:48:00,5,10076.98,0.10,COD
S0052845,C02551,P00136,ST001,2027-04-02 00:28:00,3,2339.70,0.00,WALLET
S0052846,C05074,P00545,ST013,2026-10-16 10:58:00,6,2928.27,0.15,WALLET
S0052847,C02834,P00758,ST021,2026-10-15 02:22:00,5,8501.92,0.05,NET_BANKING
S0052848,C02646,P01053,ST035,2026-11-30 19:42:00,5,2743.57,0.00,WALLET
S0052849,C00655,P00031,ST009,2026-10-10 10:21:00,8,13784.17,0.00,COD
S0052850,C05410,P00881,ST035,2027-02-12 10:01:00,8,13418.59,0.10,CARD
S0052851,C01212,P00418,ST014,2027-03-29 18:15:00,8,7868.89,0.00,NET_BANKING
S0052852,C00365,P00898,ST031,2026-12-19 05:46:00,5,1340.84,0.15,UPI
S0052853,C02962,P00329,ST013,2027-04-14 04:03:00,2,1364.47,0.05,NET_BANKING
S0052854,C02602,P00586,ST030,2026-12-15 08:36:00,1,3287.74,0.05,NET_BANKING
S0052855,C00155,P00042,ST001,2027-03-09 12:20:00,8,14409.73,0.15,UPI
S0052856,C01352,P00976,ST003,2026-10-21 14:51:00,2,3815.57,0.00,CARD
S0052857,C00582,P00132,ST044,2027-03-09 23:07:00,3,661.50,0.10,NET_BANKING
S0052858,C01392,P00037,ST040,2026-11-26 10:21:00,3,11915.11,0.00,NET_BANKING
S0052859,C03097,P00267,ST018,2026-09-20 02:06:00,1,4567.81,0.05,CARD
S0052860,C05371,P00165,ST040,2026-12-29 05:16:00,7,14497.74,0.05,CARD
S0052861,C03065,P00295,ST006,2027-04-18 23:53:00,1,8088.40,0.00,COD
S0052862,C00529,P00780,ST025,2026-09-19 20:54:00,1,5639.59,0.00,UPI
S0052863,C01057,P00863,ST025,2026-09-21 17:01:00,4,6218.08,0.05,COD
S0052864,C03973,P00737,ST018,2027-01-31 09:54:00,5,69.58,0.00,NET_BANKING
S0052865,C03427,P00649,ST037,2026-12-02 21:46:00,5,9552.52,0.05,CARD
S0052866,C00905,P01028,ST028,2027-04-07 16:25:00,6,4047.39,0.00,CARD
S0052867,C03382,P00951,ST033,2026-09-23 17:06:00,5,6661.86,0.00,COD
S0052868,C01130,P01024,ST049,2026-10-28 10:10:00,2,350.71,0.05,NET_BANKING
S0052869,C02931,P00129,ST046,2027-03-08 05:04:00,4,5652.18,0.10,UPI
S0052870,C00089,P00931,ST038,2027-04-08 05:47:00,8,10365.83,0.00,COD
S0052871,C01313,P00785,ST010,2027-01-22 03:53:00,1,8966.99,0.05,WALLET
S0052872,C04989,P00999,ST026,2027-04-18 00:37:00,3,6110.48,0.00,NET_BANKING
S0052873,C04935,P01090,ST042,2027-04-08 04:48:00,1,2502.75,0.10,NET_BANKING
S0052874,C03931,P00847,ST041,2027-01-23 09:37:00,1,11650.44,0.00,NET_BANKING
S0052875,C03427,P00422,ST045,2027-03-03 23:33:00,5,8067.73,0.00,COD
S0052876,C01957,P00939,ST046,2026-09-18 22:48:00,5,7892.75,0.15,CARD
S0052877,C00701,P00569,ST027,2027-04-18 15:44:00,3,11413.80,0.00,UPI
S0052878,C01423,P00118,ST043,2027-01-16 10:12:00,3,7964.36,0.10,WALLET
S0052879,C02609,P00793,ST011,2027-05-04 16:13:00,3,9165.88,0.10,CARD
S0052880,C00814,P00997,ST015,2027-01-20 16:41:00,4,2288.79,0.15,UPI
S0052881,C03959,P00113,ST045,2027-05-07 05:27:00,7,13315.47,0.10,WALLET
S0052882,C01861,P00851,ST016,2027-05-07 15:43:00,3,10520.35,0.00,CARD
S0052883,C04373,P00184,ST004,2027-02-08 11:15:00,2,8980.87,0.10,NET_BANKING
S0052884,C03484,P00566,ST021,2026-12-07 04:54:00,3,9094.95,0.15,UPI
S0052885,C05402,P00931,ST029,2027-02-09 01:53:00,5,10365.83,0.00,WALLET
S0052886,C04786,P00673,ST011,2026-10-03 14:35:00,5,7917.40,0.05,NET_BANKING
S0052887,C01864,P00830,ST042,2027-02-01 15:39:00,1,8076.01,0.10,WALLET
S0052888,C05088,P01042,ST037,2027-03-06 18:56:00,5,1323.25,0.10,UPI
S0052889,C01570,P00029,ST003,2026-11-22 08:09:00,7,10510.24,0.05,CARD
S0052890,C04846,P00313,ST004,2026-12-15 21:05:00,5,7134.65,0.15,UPI
S0052891,C02439,P00996,ST014,2026-09-04 17:12:00,3,12724.73,0.00,COD
S0052892,C02413,P00425,ST022,2027-04-04 05:10:00,8,14157.41,0.10,CARD
S0052893,C01778,P00106,ST043,2026-12-15 18:02:00,3,14238.90,0.00,CARD
S0052894,C00964,P00952,ST045,2026-11-18 21:14:00,7,7725.11,0.05,COD
S0052895,C03160,P00825,ST048,2027-02-18 21:13:00,5,4481.95,0.00,UPI
S0052896,C05409,P01068,ST028,2027-04-18 07:18:00,1,1635.91,0.15,NET_BANKING
S0052897,C01309,P00643,ST050,2026-10-07 10:33:00,5,13117.03,0.00,NET_BANKING
S0052898,C01220,P00730,ST016,2027-01-11 02:13:00,5,3796.60,0.00,COD
S0052899,C01258,P00169,ST029,2027-05-11 00:52:00,4,11639.94,0.00,WALLET
S0052900,C01501,P00242,ST031,2026-12-23 02:40:00,8,6380.48,0.00,COD
S0052901,C05341,P00493,ST040,2027-03-24 11:06:00,6,10898.38,0.10,CARD
S0052902,C01527,P00335,ST009,2027-05-01 23:21:00,6,2003.90,0.10,UPI
S0052903,C02140,P00602,ST005,2026-10-16 13:21:00,3,10282.25,0.00,UPI
S0052904,C02696,P00133,ST045,2027-01-14 22:45:00,2,12379.20,0.00,UPI
S0052905,C02635,P00308,ST012,2026-11-24 11:26:00,6,8424.73,0.05,WALLET
S0052906,C00075,P01000,ST011,2027-04-16 06:30:00,8,3161.37,0.00,NET_BANKING
S0052907,C02918,P00795,ST033,2026-09-23 05:30:00,7,123.55,0.15,WALLET
S0052908,C04483,P00948,ST037,2027-03-02 07:47:00,2,7783.05,0.15,CARD
S0052909,C04100,P00390,ST001,2026-11-04 12:38:00,7,5645.91,0.15,CARD
S0052910,C03861,P00369,ST002,2027-04-20 20:55:00,3,2410.82,0.00,UPI
S0052911,C04078,P00283,ST022,2026-11-26 11:13:00,4,6670.75,0.10,COD
S0052912,C04168,P00820,ST041,2027-04-26 09:33:00,1,1994.37,0.00,CARD
S0052913,C02485,P00727,ST042,2027-03-05 11:54:00,1,12337.64,0.15,COD
S0052914,C01560,P00374,ST038,2027-03-21 04:22:00,4,688.46,0.05,CARD
S0052915,C01351,P00539,ST022,2026-11-29 22:18:00,2,7157.77,0.00,COD
S0052916,C01894,P00784,ST039,2027-02-20 04:41:00,7,13461.16,0.00,WALLET
S0052917,C02369,P00349,ST037,2026-09-02 09:19:00,6,4491.15,0.15,COD
S0052918,C00349,P00375,ST042,2027-05-19 04:53:00,5,8641.01,0.05,NET_BANKING
S0052919,C02557,P00911,ST012,2027-04-05 13:04:00,6,10076.98,0.00,WALLET
S0052920,C04529,P00896,ST005,2027-05-07 06:24:00,1,9136.34,0.05,NET_BANKING
S0052921,C03417,P00452,ST037,2026-09-20 02:23:00,2,3389.85,0.10,WALLET
S0052922,C03672,P00680,ST034,2026-10-17 17:26:00,7,6161.56,0.00,WALLET
S0052923,C02052,P01079,ST027,2027-01-03 01:39:00,5,2019.98,0.00,COD
S0052924,C04583,P00790,ST008,2026-10-28 02:03:00,6,14518.69,0.00,COD
S0052925,C01055,P00015,ST002,2026-09-27 14:34:00,5,6091.54,0.00,UPI
S0052926,C01201,P00428,ST012,2027-04-28 06:13:00,5,11541.27,0.15,NET_BANKING
S0052927,C01639,P00232,ST016,2026-10-30 12:10:00,8,10782.96,0.05,UPI
S0052928,C01403,P00483,ST012,2027-01-16 22:59:00,2,7759.25,0.00,UPI
S0052929,C03688,P00755,ST004,2027-02-13 03:51:00,7,13881.05,0.00,NET_BANKING
S0052930,C02173,P00396,ST032,2027-01-25 08:48:00,2,1114.54,0.00,COD
S0052931,C01395,P00989,ST047,2027-04-26 18:46:00,8,6367.31,0.00,UPI
S0052932,C00666,P00840,ST040,2027-05-11 03:12:00,4,4066.13,0.05,WALLET
S0052933,C01783,P00776,ST010,2027-03-20 03:28:00,8,571.16,0.10,UPI
S0052934,C01295,P00318,ST049,2026-09-18 13:35:00,5,10232.53,0.15,COD
S0052935,C05413,P01043,ST018,2026-12-22 19:00:00,8,2883.74,0.05,UPI
S0052936,C01031,P00834,ST017,2026-10-27 00:31:00,4,13773.56,0.15,NET_BANKING
S0052937,C00046,P00971,ST033,2026-11-08 08:33:00,8,9483.16,0.10,NET_BANKING
S0052938,C02907,P00338,ST012,2026-09-27 07:28:00,3,9729.31,0.10,NET_BANKING
S0052939,C02260,P00597,ST020,2026-10-04 11:13:00,7,148.42,0.00,UPI
S0052940,C01384,P00983,ST038,2027-04-08 17:45:00,7,14539.34,0.00,WALLET
S0052941,C00938,P00892,ST005,2027-05-15 02:10:00,2,12540.67,0.00,WALLET
S0052942,C01278,P00172,ST021,2027-04-11 18:53:00,5,13640.80,0.00,CARD
S0052943,C01826,P00425,ST046,2027-05-15 15:18:00,7,14157.41,0.10,COD
S0052944,C01805,P00179,ST025,2026-10-13 00:45:00,7,6066.21,0.15,COD
S0052945,C04123,P00818,ST020,2026-09-23 05:04:00,6,9748.07,0.00,COD
S0052946,C03349,P00277,ST032,2026-11-15 04:02:00,1,4475.85,0.05,NET_BANKING
S0052947,C00587,P00226,ST036,2027-05-04 18:36:00,6,14378.99,0.00,UPI
S0052948,C02597,P00457,ST002,2026-11-28 20:56:00,5,2393.60,0.15,WALLET
S0052949,C01959,P01077,ST004,2026-11-26 20:54:00,7,1256.06,0.15,WALLET
S0052950,C00248,P00236,ST026,2027-05-13 14:59:00,8,10256.02,0.10,COD
S0052951,C00818,P00743,ST020,2027-05-02 08:12:00,1,11438.19,0.15,COD
S0052952,C03936,P00724,ST016,2026-12-20 22:16:00,4,842.59,0.00,NET_BANKING
S0052953,C01640,P00193,ST045,2027-04-16 13:38:00,1,754.57,0.05,CARD
S0052954,C02323,P00885,ST014,2026-11-16 18:19:00,3,2276.62,0.00,UPI
S0052955,C04471,P01097,ST016,2027-04-27 11:36:00,7,2809.60,0.00,COD
S0052956,C00891,P00223,ST004,2026-12-24 02:08:00,8,6560.58,0.15,CARD
S0052957,C02903,P00644,ST005,2026-12-16 23:51:00,8,8264.91,0.00,UPI
S0052958,C04049,P00115,ST002,2026-12-01 06:10:00,1,7420.65,0.00,COD
S0052959,C01483,P00120,ST025,2026-09-15 20:35:00,8,2796.10,0.15,NET_BANKING
S0052960,C05282,P00270,ST030,2026-10-01 19:18:00,2,12684.63,0.05,COD
S0052961,C02610,P00095,ST039,2027-02-22 00:49:00,1,5408.19,0.15,UPI
S0052962,C02341,P00551,ST031,2027-02-09 01:22:00,5,9996.39,0.00,WALLET
S0052963,C02574,P00962,ST020,2026-12-21 22:15:00,3,12113.97,0.10,NET_BANKING
S0052964,C05148,P01060,ST042,2026-10-23 20:14:00,3,3575.35,0.05,COD
S0052965,C02574,P00326,ST045,2027-03-17 05:51:00,8,13983.47,0.05,CARD
S0052966,C02406,P00636,ST034,2027-05-11 09:57:00,6,12658.75,0.00,CARD
S0052967,C03515,P00698,ST017,2026-09-05 12:39:00,4,4891.44,0.10,CARD
S0052968,C02676,P00556,ST036,2026-12-31 07:26:00,8,4347.03,0.00,WALLET
S0052969,C04402,P00837,ST037,2027-02-12 23:24:00,3,11678.05,0.00,COD
S0052970,C01873,P00103,ST022,2026-10-06 10:17:00,3,3719.77,0.05,CARD
S0052971,C02734,P00634,ST016,2027-02-19 21:22:00,3,13541.02,0.05,UPI
S0052972,C01954,P00617,ST047,2026-10-14 12:08:00,4,11028.99,0.15,COD
S0052973,C00094,P00220,ST011,2026-09-12 06:05:00,2,3145.53,0.10,UPI
S0052974,C04247,P00898,ST001,2026-09-30 10:00:00,5,1340.84,0.00,UPI
S0052975,C04382,P00034,ST026,2026-12-05 13:37:00,6,14038.19,0.05,UPI
S0052976,C05234,P00017,ST029,2027-05-10 20:08:00,4,3528.42,0.15,WALLET
S0052977,C04154,P00123,ST030,2027-01-18 03:37:00,8,4247.43,0.00,UPI
S0052978,C01271,P00030,ST033,2026-12-29 12:15:00,1,7478.66,0.00,COD
S0052979,C03112,P00899,ST024,2026-09-04 16:18:00,1,12008.75,0.10,CARD
S0052980,C03515,P01037,ST046,2026-09-14 04:11:00,1,4511.71,0.00,CARD
S0052981,C04286,P00043,ST045,2027-05-01 05:59:00,4,3923.78,0.05,UPI
S0052982,C04568,P00182,ST048,2027-02-05 04:16:00,8,11258.08,0.00,UPI
S0052983,C04741,P00573,ST020,2026-10-14 01:55:00,4,7520.25,0.10,COD
S0052984,C00024,P00359,ST045,2027-05-16 09:42:00,5,6112.49,0.00,WALLET
S0052985,C01884,P00444,ST016,2027-03-18 08:01:00,8,910.78,0.15,NET_BANKING
S0052986,C04258,P00258,ST034,2026-11-15 04:47:00,1,9537.16,0.00,UPI
S0052987,C00165,P00115,ST029,2027-03-21 05:30:00,6,7420.65,0.00,NET_BANKING
S0052988,C04502,P00661,ST025,2027-05-08 05:24:00,1,12752.32,0.00,COD
S0052989,C05403,P00944,ST031,2027-04-26 07:04:00,1,13637.69,0.10,CARD
S0052990,C04705,P00556,ST046,2026-09-20 00:57:00,6,4347.03,0.15,NET_BANKING
S0052991,C04457,P00529,ST037,2027-04-22 19:00:00,6,10534.37,0.00,UPI
S0052992,C01520,P00826,ST045,2026-10-05 10:58:00,1,8287.08,0.10,UPI
S0052993,C02638,P00785,ST034,2026-10-30 00:37:00,3,8966.99,0.10,WALLET
S0052994,C04975,P00027,ST032,2027-05-15 20:57:00,5,2538.93,0.05,CARD
S0052995,C00768,P00294,ST001,2026-12-01 02:16:00,4,9198.98,0.10,WALLET
S0052996,C02001,P00107,ST016,2027-05-16 01:00:00,3,7220.47,0.10,NET_BANKING
S0052997,C03806,P00695,ST006,2027-01-24 10:34:00,7,13599.96,0.10,WALLET
S0052998,C00366,P01029,ST037,2027-04-20 16:07:00,6,3545.45,0.15,CARD
S0052999,C04626,P00642,ST026,2026-11-25 18:31:00,1,4616.48,0.05,CARD
S0053000,C01745,P01029,ST016,2027-03-25 00:34:00,7,713.98,0.00,COD
S0053001,C01900,P00589,ST026,2026-12-05 10:05:00,2,4410.37,0.00,COD
S0053002,C05123,P00499,ST038,2027-05-13 10:41:00,7,5291.36,0.15,NET_BANKING
S0053003,C01146,P00427,ST050,2027-02-18 09:08:00,1,7760.69,0.05,WALLET
S0053004,C02119,P00559,ST018,2026-11-11 03:47:00,1,9132.88,0.05,COD
S0053005,C05304,P00732,ST028,2026-12-14 14:20:00,2,7048.14,0.05,COD
S0053006,C04333,P00256,ST021,2027-03-08 04:42:00,7,1987.06,0.15,CARD
S0053007,C03862,P00004,ST009,2026-12-20 12:30:00,8,7022.90,0.10,UPI
S0053008,C03323,P00594,ST018,2027-03-13 00:37:00,2,10755.95,0.10,UPI
S0053009,C00213,P00082,ST049,2027-02-11 05:05:00,4,3347.34,0.15,COD
S0053010,C03118,P00675,ST002,2026-10-12 19:48:00,3,10065.36,0.15,UPI
S0053011,C03162,P00996,ST022,2026-11-02 01:26:00,8,12724.73,0.00,UPI
S0053012,C01691,P00088,ST009,2027-04-10 00:02:00,8,8857.37,0.00,COD
S0053013,C03051,P00401,ST034,2027-04-28 15:56:00,2,14612.89,0.10,COD
S0053014,C04004,P00091,ST005,2027-02-28 14:05:00,2,11974.70,0.15,NET_BANKING
S0053015,C00393,P01020,ST012,2026-12-13 07:31:00,2,404.57,0.15,NET_BANKING
S0053016,C05171,P00856,ST019,2026-12-22 03:20:00,8,4490.45,0.05,UPI
S0053017,C04869,P00125,ST002,2027-03-22 10:07:00,7,8537.50,0.05,UPI
S0053018,C03004,P00641,ST048,2027-01-09 23:36:00,5,6765.73,0.00,COD
S0053019,C00039,P00962,ST008,2027-02-09 15:21:00,6,12113.97,0.00,COD
S0053020,C01440,P00402,ST044,2026-12-10 10:42:00,8,7483.33,0.00,WALLET
S0053021,C00835,P00735,ST030,2027-05-09 05:28:00,3,7714.11,0.00,COD
S0053022,C04505,P00904,ST013,2027-02-21 19:48:00,4,437.50,0.15,WALLET
S0053023,C02651,P00995,ST042,2027-04-26 14:52:00,4,10497.82,0.00,NET_BANKING
S0053024,C03643,P00298,ST021,2027-01-19 16:19:00,5,14106.08,0.10,COD
S0053025,C03369,P00020,ST033,2027-04-10 21:30:00,3,2351.28,0.05,COD
S0053026,C02053,P00363,ST001,2027-02-19 11:38:00,3,7028.08,0.05,NET_BANKING
S0053027,C01909,P00558,ST012,2027-04-03 13:29:00,5,2884.27,0.05,COD
S0053028,C01068,P00637,ST005,2026-09-14 16:16:00,3,14361.31,0.10,UPI
S0053029,C02463,P00347,ST008,2027-01-21 06:53:00,1,13728.26,0.15,NET_BANKING
S0053030,C00755,P00153,ST050,2027-02-20 08:29:00,5,5456.59,0.00,COD
S0053031,C05488,P00041,ST011,2026-11-16 14:02:00,7,1420.91,0.00,UPI
S0053032,C04543,P00603,ST001,2026-12-02 20:33:00,4,7723.35,0.10,WALLET
S0053033,C04909,P00928,ST007,2026-12-28 02:33:00,8,6951.77,0.00,NET_BANKING
S0053034,C01221,P00021,ST047,2027-01-04 03:42:00,3,79.04,0.00,CARD
S0053035,C01378,P00256,ST023,2027-01-26 20:43:00,2,1987.06,0.05,CARD
S0053036,C00761,P00751,ST027,2027-02-20 17:34:00,8,4310.47,0.10,CARD
S0053037,C01421,P01087,ST018,2026-11-04 12:00:00,8,935.58,0.00,NET_BANKING
S0053038,C03217,P00208,ST047,2027-04-25 00:53:00,6,9299.51,0.10,WALLET
S0053039,C00518,P00586,ST003,2027-03-06 22:59:00,7,3287.74,0.05,COD
S0053040,C01185,P00664,ST032,2027-05-03 03:32:00,7,2596.83,0.15,NET_BANKING
S0053041,C04113,P00996,ST009,2026-11-23 00:36:00,2,12724.73,0.15,COD
S0053042,C04332,P00028,ST013,2026-09-19 14:14:00,5,9694.84,0.00,UPI
S0053043,C03340,P00928,ST019,2027-03-11 13:04:00,2,6951.77,0.05,COD
S0053044,C02770,P00645,ST022,2026-09-20 13:43:00,4,11979.98,0.05,COD
S0053045,C02139,P01018,ST024,2026-10-21 08:07:00,6,4094.94,0.00,COD
S0053046,C02904,P00002,ST025,2027-01-29 05:17:00,5,14309.77,0.05,WALLET
S0053047,C04554,P00336,ST018,2026-11-13 06:04:00,2,10827.01,0.15,UPI
S0053048,C02674,P00340,ST050,2027-04-10 01:01:00,7,13721.56,0.15,UPI
S0053049,C05371,P00511,ST024,2026-09-27 19:56:00,2,1704.19,0.00,COD
S0053050,C01584,P00338,ST003,2026-11-12 11:22:00,4,9729.31,0.00,NET_BANKING
S0053051,C02674,P00663,ST020,2027-03-23 00:48:00,8,4192.70,0.05,NET_BANKING
S0053052,C05018,P00748,ST050,2026-10-24 11:44:00,2,7740.82,0.00,UPI
S0053053,C04123,P00789,ST013,2026-12-31 19:41:00,8,2259.56,0.00,UPI
S0053054,C01359,P00047,ST042,2026-11-20 09:25:00,7,4471.06,0.00,COD
S0053055,C02272,P00854,ST047,2026-12-12 14:21:00,1,6348.82,0.00,WALLET
S0053056,C02207,P00277,ST041,2027-01-10 15:57:00,4,4475.85,0.00,UPI
S0053057,C04717,P00128,ST047,2026-09-19 17:09:00,7,12585.65,0.15,CARD
S0053058,C04034,P00968,ST031,2026-11-21 20:38:00,5,10372.46,0.00,WALLET
S0053059,C01426,P00333,ST031,2027-04-29 08:20:00,3,1647.52,0.05,COD
S0053060,C00571,P00932,ST003,2027-05-01 23:06:00,4,10233.75,0.00,UPI
S0053061,C05159,P00504,ST029,2026-11-07 13:01:00,1,6640.14,0.00,WALLET
S0053062,C02495,P00413,ST029,2027-02-09 21:46:00,3,8913.27,0.00,UPI
S0053063,C04593,P01044,ST028,2026-11-15 05:32:00,7,3785.79,0.00,CARD
S0053064,C02538,P01030,ST033,2026-12-05 15:14:00,4,871.59,0.10,NET_BANKING
S0053065,C04031,P00905,ST041,2026-11-24 23:14:00,6,7562.39,0.00,WALLET
S0053066,C03731,P00730,ST050,2027-04-23 06:05:00,7,3796.60,0.00,UPI
S0053067,C00962,P00832,ST042,2027-05-02 16:08:00,6,12604.04,0.15,NET_BANKING
S0053068,C01360,P00317,ST032,2027-03-16 03:29:00,1,4717.68,0.00,WALLET
S0053069,C01434,P00987,ST006,2026-11-23 15:41:00,7,8796.88,0.05,UPI
S0053070,C04444,P00584,ST041,2027-03-10 22:44:00,5,1058.35,0.15,WALLET
S0053071,C05396,P00110,ST005,2026-12-28 09:57:00,5,11820.01,0.05,WALLET
S0053072,C01259,P00585,ST017,2027-02-15 10:23:00,1,4078.01,0.00,WALLET
S0053073,C00081,P00566,ST011,2027-03-25 15:36:00,2,9094.95,0.15,COD
S0053074,C05118,P00868,ST050,2027-05-16 09:16:00,7,14973.26,0.10,NET_BANKING
S0053075,C03802,P00515,ST003,2026-11-21 03:22:00,5,6743.70,0.00,WALLET
S0053076,C04456,P00768,ST037,2027-01-23 04:35:00,5,11814.22,0.00,CARD
S0053077,C03753,P00387,ST017,2026-10-29 16:41:00,1,9454.62,0.10,WALLET
S0053078,C02980,P00568,ST007,2026-11-14 02:29:00,3,11436.07,0.15,WALLET
S0053079,C00579,P00482,ST026,2026-12-06 08:12:00,6,3964.41,0.10,WALLET
S0053080,C03749,P00863,ST013,2027-01-24 08:55:00,2,6218.08,0.00,COD
S0053081,C01192,P00429,ST040,2027-02-13 00:25:00,4,8780.62,0.00,UPI
S0053082,C04172,P00754,ST010,2027-03-09 08:17:00,1,4946.47,0.05,CARD
S0053083,C00949,P00059,ST006,2026-12-31 06:48:00,6,14733.93,0.15,UPI
S0053084,C00050,P00135,ST021,2027-03-01 22:25:00,5,4518.74,0.15,COD
S0053085,C01553,P01024,ST003,2026-11-28 19:39:00,5,2763.78,0.15,COD
S0053086,C02392,P00442,ST049,2026-11-17 01:51:00,7,12602.76,0.10,COD
S0053087,C03551,P00274,ST043,2026-12-26 04:13:00,2,13222.64,0.10,CARD
S0053088,C03943,P00622,ST029,2026-11-30 11:32:00,6,6264.75,0.00,NET_BANKING
S0053089,C02790,P00479,ST047,2026-09-26 23:17:00,6,1921.66,0.00,NET_BANKING
S0053090,C01605,P00076,ST020,2027-04-12 17:43:00,6,2643.86,0.00,CARD
S0053091,C02337,P01012,ST019,2027-03-07 19:42:00,3,4047.80,0.15,COD
S0053092,C05024,P00931,ST028,2027-01-21 13:41:00,6,10365.83,0.10,COD
S0053093,C02332,P00380,ST011,2027-05-01 11:45:00,2,10594.68,0.10,CARD
S0053094,C01427,P00123,ST020,2027-01-07 06:28:00,3,4247.43,0.10,COD
S0053095,C01333,P00896,ST024,2026-11-02 18:17:00,3,9136.34,0.10,WALLET
S0053096,C00612,P00998,ST050,2026-11-14 15:41:00,8,2576.28,0.05,NET_BANKING
S0053097,C03129,P00630,ST029,2027-05-17 15:10:00,2,12265.22,0.00,NET_BANKING
S0053098,C03783,P00088,ST021,2027-03-02 08:47:00,4,8857.37,0.10,NET_BANKING
S0053099,C04984,P00545,ST029,2027-04-16 22:30:00,3,2928.27,0.05,UPI
S0053100,C03819,P00711,ST007,2026-12-20 03:23:00,1,6883.58,0.00,COD
S0053101,C02875,P00137,ST041,2026-11-30 04:35:00,6,9416.73,0.10,WALLET
S0053102,C04516,P00610,ST026,2026-10-22 05:02:00,4,2166.11,0.00,NET_BANKING
S0053103,C00354,P00810,ST018,2027-04-21 08:36:00,2,5274.62,0.10,WALLET
S0053104,C04506,P00768,ST008,2026-12-04 06:28:00,1,11814.22,0.00,WALLET
S0053105,C02705,P00733,ST024,2027-04-04 16:03:00,6,7733.54,0.00,COD
S0053106,C01800,P00954,ST026,2027-02-12 06:25:00,7,8183.55,0.00,UPI
S0053107,C00400,P00878,ST016,2027-03-04 04:03:00,3,13136.21,0.10,UPI
S0053108,C00412,P00848,ST013,2027-02-10 01:40:00,3,12246.43,0.00,CARD
S0053109,C05109,P00758,ST016,2027-03-24 01:15:00,2,8501.92,0.05,COD
S0053110,C03706,P00462,ST017,2027-03-02 19:49:00,3,3972.80,0.00,COD
S0053111,C01943,P00540,ST033,2027-05-15 06:07:00,3,8768.71,0.00,CARD
S0053112,C05279,P00916,ST050,2026-10-23 16:35:00,2,1771.51,0.00,NET_BANKING
S0053113,C04738,P00980,ST032,2027-02-01 12:14:00,4,8929.07,0.00,UPI
S0053114,C00025,P00442,ST042,2027-04-27 12:29:00,6,12602.76,0.00,WALLET
S0053115,C05104,P00952,ST028,2027-01-23 15:22:00,7,7725.11,0.15,COD
S0053116,C01575,P00549,ST031,2026-12-17 19:36:00,1,8615.76,0.00,NET_BANKING
S0053117,C00018,P00659,ST012,2027-02-21 05:22:00,6,3678.56,0.15,UPI
S0053118,C00680,P00181,ST047,2026-09-06 01:18:00,4,9255.83,0.00,CARD
S0053119,C02162,P00395,ST037,2027-05-05 05:54:00,6,4137.07,0.05,CARD
S0053120,C03212,P00143,ST020,2027-02-09 05:23:00,2,7704.38,0.15,COD
S0053121,C03812,P00130,ST032,2026-12-23 04:25:00,8,1609.69,0.00,COD
S0053122,C02231,P00367,ST042,2027-03-30 20:28:00,4,13780.17,0.15,COD
S0053123,C04908,P00198,ST018,2027-01-23 11:40:00,3,11526.28,0.00,CARD
S0053124,C01760,P00265,ST046,2027-05-19 04:57:00,2,11238.83,0.10,NET_BANKING
S0053125,C05033,P00575,ST022,2027-04-24 13:40:00,1,10494.08,0.15,COD
S0053126,C01773,P00339,ST002,2027-03-16 18:59:00,1,2464.80,0.00,CARD
S0053127,C05265,P00291,ST044,2026-09-24 13:41:00,3,3274.34,0.00,COD
S0053128,C00151,P01093,ST025,2026-11-10 05:28:00,2,3198.93,0.05,COD
S0053129,C05321,P00970,ST030,2027-03-24 09:23:00,3,11802.25,0.15,WALLET
S0053130,C00261,P00588,ST045,2026-11-22 22:45:00,1,12949.54,0.15,NET_BANKING
S0053131,C01765,P00098,ST026,2026-11-04 11:39:00,8,3874.92,0.05,UPI
S0053132,C03795,P00366,ST043,2027-01-23 03:13:00,7,13188.09,0.00,UPI
S0053133,C03027,P00879,ST046,2026-10-10 15:31:00,1,5207.36,0.00,UPI
S0053134,C01853,P00984,ST047,2027-05-18 21:41:00,5,7532.32,0.05,NET_BANKING
S0053135,C02025,P00436,ST008,2026-10-18 02:39:00,5,14953.84,0.10,COD
S0053136,C02282,P00829,ST002,2027-01-10 14:33:00,6,5882.19,0.10,COD
S0053137,C02558,P00120,ST024,2026-12-03 22:52:00,6,2796.10,0.05,NET_BANKING
S0053138,C04760,P00534,ST007,2027-03-30 16:26:00,5,5928.36,0.15,CARD
S0053139,C03550,P01078,ST040,2026-11-20 16:27:00,3,1265.33,0.15,WALLET
S0053140,C04224,P00382,ST030,2026-09-11 07:04:00,1,14341.57,0.05,UPI
S0053141,C01873,P00434,ST039,2026-12-20 04:06:00,1,11454.78,0.00,COD
S0053142,C00092,P00137,ST021,2027-01-08 01:37:00,2,9416.73,0.00,CARD
S0053143,C00670,P00026,ST049,2026-09-19 06:44:00,5,3973.71,0.05,COD
S0053144,C00658,P00023,ST039,2026-12-31 03:37:00,2,8298.86,0.00,COD
S0053145,C01905,P00373,ST018,2027-04-13 07:50:00,3,11139.22,0.05,NET_BANKING
S0053146,C04609,P00954,ST035,2026-10-31 19:05:00,7,8183.55,0.00,WALLET
S0053147,C01902,P00500,ST050,2026-11-22 10:23:00,8,13885.62,0.15,COD
S0053148,C04752,P00663,ST013,2027-05-03 04:27:00,6,4192.70,0.00,NET_BANKING
S0053149,C02396,P00509,ST049,2026-10-09 08:37:00,4,6695.51,0.15,COD
S0053150,C03960,P00461,ST033,2027-02-04 21:07:00,4,9906.46,0.15,CARD
S0053151,C03675,P00304,ST025,2027-03-24 06:17:00,1,8379.11,0.00,CARD
S0053152,C05376,P00852,ST048,2026-10-23 14:25:00,5,9756.12,0.00,UPI
S0053153,C03057,P00424,ST004,2027-04-03 22:30:00,8,12370.62,0.00,UPI
S0053154,C04271,P00693,ST045,2026-09-04 15:54:00,6,10171.16,0.15,UPI
S0053155,C00435,P00139,ST048,2026-09-24 12:45:00,8,13296.70,0.15,NET_BANKING
S0053156,C03656,P00818,ST046,2027-04-16 16:01:00,7,9748.07,0.00,NET_BANKING
S0053157,C04233,P00609,ST008,2026-11-19 02:03:00,7,12112.83,0.05,NET_BANKING
S0053158,C05404,P00615,ST044,2027-04-03 13:34:00,7,5873.54,0.00,WALLET
S0053159,C01350,P00543,ST020,2026-09-13 16:23:00,3,1249.06,0.15,UPI
S0053160,C03456,P01034,ST037,2027-05-06 14:37:00,5,544.20,0.05,NET_BANKING
S0053161,C04217,P00621,ST050,2026-09-21 10:02:00,5,12280.84,0.10,COD
S0053162,C02375,P00041,ST009,2027-01-10 17:07:00,6,1420.91,0.10,NET_BANKING
S0053163,C01815,P00668,ST029,2027-04-16 18:18:00,3,9801.28,0.05,CARD
S0053164,C00647,P00274,ST008,2026-10-05 07:45:00,2,13222.64,0.00,WALLET
S0053165,C02791,P00339,ST020,2026-11-28 17:05:00,5,2464.80,0.15,NET_BANKING
S0053166,C01394,P00651,ST017,2027-05-19 20:40:00,7,1796.64,0.00,UPI
S0053167,C00617,P00131,ST019,2026-12-28 11:51:00,8,13217.23,0.05,COD
S0053168,C03667,P00985,ST033,2026-11-27 16:03:00,2,12971.94,0.05,NET_BANKING
S0053169,C02420,P00240,ST036,2027-03-04 02:01:00,1,9582.36,0.00,NET_BANKING
S0053170,C00887,P00028,ST024,2027-03-23 16:33:00,3,9694.84,0.00,UPI
S0053171,C03484,P00570,ST014,2027-01-29 02:41:00,2,8154.82,0.05,UPI
S0053172,C04596,P00320,ST042,2027-04-21 14:48:00,1,7970.92,0.15,UPI
S0053173,C05124,P00428,ST026,2026-09-10 18:31:00,1,11541.27,0.15,NET_BANKING
S0053174,C03196,P01020,ST035,2027-02-06 22:43:00,4,4135.05,0.00,CARD
S0053175,C00716,P00308,ST022,2027-05-19 22:13:00,7,8424.73,0.00,WALLET
S0053176,C03402,P00645,ST031,2027-01-06 04:19:00,5,11979.98,0.15,NET_BANKING
S0053177,C03211,P00817,ST017,2027-03-31 04:47:00,8,11269.31,0.05,NET_BANKING
S0053178,C04572,P00281,ST044,2026-10-15 18:50:00,5,12950.39,0.00,NET_BANKING
S0053179,C00050,P00173,ST042,2027-01-07 07:34:00,6,2556.28,0.00,UPI
S0053180,C04083,P00916,ST024,2026-12-07 01:47:00,5,1771.51,0.00,UPI
S0053181,C00565,P00899,ST001,2026-10-11 00:40:00,1,12008.75,0.15,CARD
S0053182,C01014,P00396,ST012,2026-11-21 09:38:00,2,1114.54,0.10,WALLET
S0053183,C04494,P00941,ST001,2027-01-25 02:24:00,3,4779.66,0.05,WALLET
S0053184,C00088,P00036,ST009,2027-03-20 17:24:00,1,9317.16,0.00,UPI
S0053185,C02394,P00605,ST006,2026-10-21 03:56:00,8,10366.72,0.00,NET_BANKING
S0053186,C00007,P00980,ST043,2027-01-06 00:32:00,2,8929.07,0.00,UPI
S0053187,C01220,P00051,ST021,2027-01-01 21:02:00,6,8015.72,0.10,UPI
S0053188,C00724,P01086,ST045,2027-01-04 20:43:00,1,1354.42,0.15,UPI
S0053189,C01557,P00620,ST010,2027-02-22 12:27:00,7,1987.43,0.10,CARD
S0053190,C01001,P00920,ST001,2026-12-15 08:47:00,3,13420.77,0.10,CARD
S0053191,C05361,P00785,ST026,2026-12-08 17:32:00,6,8966.99,0.05,WALLET
S0053192,C00506,P00551,ST021,2027-02-22 15:50:00,5,9996.39,0.10,COD
S0053193,C02464,P00244,ST009,2027-04-21 09:25:00,2,12653.48,0.05,COD
S0053194,C00664,P00533,ST027,2026-11-15 07:37:00,2,13218.50,0.10,CARD
S0053195,C05338,P00077,ST039,2026-11-27 23:07:00,5,5411.25,0.10,WALLET
S0053196,C03805,P00787,ST050,2027-03-13 03:30:00,6,12290.08,0.05,COD
S0053197,C02107,P01001,ST022,2027-01-19 05:38:00,5,582.45,0.00,NET_BANKING
S0053198,C05357,P00393,ST033,2026-11-26 12:52:00,1,7337.73,0.15,CARD
S0053199,C01866,P00569,ST014,2027-04-13 10:37:00,1,11413.80,0.10,UPI
S0053200,C05327,P00227,ST045,2027-01-20 08:49:00,8,7877.11,0.10,COD
S0053201,C03113,P00120,ST039,2027-02-11 00:34:00,6,2796.10,0.00,WALLET
S0053202,C03469,P00486,ST038,2027-01-20 15:11:00,2,10044.32,0.10,CARD
S0053203,C02666,P00303,ST043,2026-12-03 14:19:00,7,14560.81,0.00,NET_BANKING
S0053204,C02498,P00170,ST034,2026-11-07 10:10:00,6,4556.11,0.15,NET_BANKING
S0053205,C02615,P00778,ST016,2027-02-21 12:29:00,7,5364.50,0.10,COD
S0053206,C03549,P01061,ST032,2027-03-31 08:37:00,2,1468.73,0.00,CARD
S0053207,C03774,P01060,ST039,2026-10-06 13:08:00,8,3763.36,0.05,NET_BANKING
S0053208,C03862,P01054,ST033,2027-05-05 15:10:00,3,4049.74,0.15,NET_BANKING
S0053209,C00489,P00587,ST049,2027-03-26 18:31:00,7,7939.21,0.10,UPI
S0053210,C05392,P00025,ST029,2026-11-14 08:39:00,6,4571.56,0.05,COD
S0053211,C01223,P00370,ST003,2026-12-26 05:07:00,7,9728.34,0.05,COD
S0053212,C00614,P01048,ST017,2027-02-15 06:35:00,5,439.80,0.00,COD
S0053213,C03548,P01087,ST045,2026-11-26 11:22:00,2,3199.50,0.05,UPI
S0053214,C01059,P00232,ST006,2026-11-22 17:30:00,2,10782.96,0.15,UPI
S0053215,C05055,P00267,ST039,2026-11-25 03:11:00,3,4567.81,0.00,COD
S0053216,C00728,P00954,ST006,2027-03-08 03:51:00,3,8183.55,0.15,CARD
S0053217,C02245,P00652,ST016,2027-03-15 23:58:00,2,7213.51,0.10,UPI
S0053218,C02278,P00304,ST041,2026-12-20 16:06:00,8,8379.11,0.00,COD
S0053219,C02418,P00960,ST026,2026-12-07 03:06:00,2,6003.64,0.15,NET_BANKING
S0053220,C05348,P00107,ST046,2027-04-13 00:52:00,5,7220.47,0.00,UPI
S0053221,C04579,P00516,ST038,2026-09-10 03:28:00,2,7808.79,0.15,COD
S0053222,C02592,P00060,ST036,2027-01-10 00:32:00,8,13328.41,0.15,CARD
S0053223,C00777,P00423,ST050,2026-12-22 05:04:00,2,562.41,0.15,WALLET
S0053224,C00762,P00470,ST010,2027-04-13 19:43:00,6,2213.98,0.00,CARD
S0053225,C03045,P00728,ST023,2027-04-21 03:35:00,3,2376.69,0.05,COD
S0053226,C01970,P01039,ST038,2026-12-08 00:28:00,2,4051.33,0.00,NET_BANKING
S0053227,C01369,P00659,ST044,2026-09-09 05:31:00,1,3678.56,0.00,COD
S0053228,C05153,P00505,ST013,2027-03-02 23:10:00,2,13158.37,0.15,NET_BANKING
S0053229,C04294,P00611,ST036,2026-09-08 05:30:00,7,13074.44,0.15,COD
S0053230,C03009,P00848,ST044,2026-12-13 07:33:00,3,12246.43,0.10,COD
S0053231,C04256,P01059,ST029,2026-10-06 05:32:00,1,2310.36,0.00,COD
S0053232,C00836,P00675,ST034,2027-04-18 14:58:00,5,10065.36,0.10,WALLET
S0053233,C04500,P00863,ST023,2027-04-22 20:02:00,6,6218.08,0.05,UPI
S0053234,C01552,P00236,ST042,2026-11-27 08:45:00,2,10256.02,0.00,NET_BANKING
S0053235,C03741,P00108,ST033,2026-10-10 20:31:00,4,8643.88,0.05,UPI
S0053236,C03356,P00309,ST034,2027-03-09 06:35:00,6,9944.41,0.10,NET_BANKING
S0053237,C05323,P00775,ST001,2027-01-31 22:00:00,1,7767.36,0.05,WALLET
S0053238,C05005,P00397,ST013,2027-05-13 21:11:00,6,12844.97,0.10,WALLET
S0053239,C03903,P00452,ST040,2026-11-24 03:15:00,4,3389.85,0.10,UPI
S0053240,C03742,P00074,ST042,2027-03-20 07:00:00,8,9655.66,0.15,UPI
S0053241,C01191,P00861,ST015,2027-02-09 10:51:00,4,3963.47,0.00,NET_BANKING
S0053242,C00650,P00430,ST009,2026-12-04 01:00:00,4,5232.86,0.05,UPI
S0053243,C03239,P01032,ST049,2026-10-10 07:53:00,1,853.17,0.05,UPI
S0053244,C01231,P00360,ST035,2026-12-02 17:06:00,8,8928.80,0.15,CARD
S0053245,C05308,P00829,ST026,2026-11-17 04:42:00,1,5882.19,0.10,WALLET
S0053246,C02778,P00681,ST044,2026-11-07 19:23:00,6,10247.66,0.00,WALLET
S0053247,C00347,P00087,ST031,2026-11-28 20:30:00,1,2943.27,0.10,COD
S0053248,C04667,P00858,ST024,2026-09-03 06:31:00,4,2715.82,0.00,UPI
S0053249,C03908,P00780,ST005,2027-03-13 16:03:00,2,5639.59,0.00,UPI
S0053250,C02296,P00392,ST032,2026-09-12 19:43:00,4,1926.43,0.10,WALLET
S0053251,C00591,P00145,ST037,2027-04-20 19:05:00,1,10011.24,0.15,WALLET
S0053252,C02743,P00788,ST045,2027-03-15 13:51:00,4,14058.06,0.00,UPI
S0053253,C03718,P00963,ST023,2027-01-15 12:51:00,6,9496.66,0.00,UPI
S0053254,C05170,P00972,ST032,2026-12-05 16:58:00,3,11724.34,0.00,WALLET
S0053255,C04630,P00876,ST045,2027-04-13 04:28:00,5,13453.44,0.00,UPI
S0053256,C02272,P00216,ST023,2027-05-04 01:00:00,8,1540.77,0.10,NET_BANKING
S0053257,C01861,P00498,ST004,2026-10-30 03:25:00,2,302.97,0.15,CARD
S0053258,C05326,P00189,ST035,2027-03-15 11:33:00,4,10563.30,0.15,COD
S0053259,C02461,P00342,ST014,2027-02-09 20:11:00,2,2514.86,0.15,UPI
S0053260,C04999,P00248,ST011,2026-09-13 03:16:00,2,13778.23,0.00,CARD
S0053261,C03899,P00761,ST009,2026-11-30 18:44:00,3,7126.90,0.00,CARD
S0053262,C02963,P00926,ST004,2026-11-29 12:04:00,3,11337.89,0.00,COD
S0053263,C01073,P00534,ST023,2027-04-26 10:26:00,2,5928.36,0.00,CARD
S0053264,C04932,P00947,ST028,2026-10-26 20:53:00,1,5493.18,0.05,NET_BANKING
S0053265,C05228,P00591,ST016,2027-05-07 17:28:00,7,11159.58,0.05,COD
S0053266,C02978,P00682,ST049,2026-10-22 00:18:00,8,14995.19,0.00,UPI
S0053267,C02410,P00613,ST039,2026-09-08 11:16:00,1,10916.90,0.00,COD
S0053268,C02646,P00631,ST023,2026-10-29 19:28:00,7,2764.58,0.10,CARD
S0053269,C02709,P00460,ST037,2027-02-19 10:06:00,1,11166.19,0.00,WALLET
S0053270,C02808,P00493,ST003,2026-12-22 22:38:00,8,10898.38,0.05,WALLET
S0053271,C00085,P00349,ST043,2027-05-10 10:31:00,6,4491.15,0.00,NET_BANKING
S0053272,C02397,P00330,ST027,2027-03-11 23:27:00,7,3475.34,0.15,UPI
S0053273,C05146,P00167,ST002,2027-01-16 10:56:00,2,9994.61,0.15,CARD
S0053274,C01420,P00162,ST026,2027-05-02 00:53:00,8,12288.78,0.10,WALLET
S0053275,C04424,P00829,ST005,2027-05-08 17:22:00,2,5882.19,0.10,UPI
S0053276,C00570,P00552,ST003,2026-11-05 08:19:00,5,14232.88,0.00,NET_BANKING
S0053277,C04102,P00523,ST029,2027-01-13 18:29:00,3,3568.60,0.10,COD
S0053278,C04165,P00497,ST028,2027-04-23 09:23:00,4,9469.60,0.05,NET_BANKING
S0053279,C03094,P00289,ST045,2027-04-14 15:08:00,1,535.61,0.05,CARD
S0053280,C04121,P00776,ST016,2026-09-21 15:51:00,2,571.16,0.05,CARD
S0053281,C00695,P00518,ST046,2026-09-20 17:43:00,8,7226.67,0.15,WALLET
S0053282,C01551,P00555,ST035,2027-01-04 17:49:00,6,3239.18,0.05,COD
S0053283,C05286,P00098,ST034,2027-01-18 22:05:00,2,3874.92,0.00,WALLET
S0053284,C04987,P00107,ST004,2027-04-28 06:59:00,6,7220.47,0.00,CARD
S0053285,C04335,P00351,ST022,2027-03-11 13:16:00,3,9073.84,0.05,WALLET
S0053286,C01584,P01004,ST024,2026-11-29 12:43:00,2,759.67,0.00,WALLET
S0053287,C00430,P00536,ST002,2027-03-22 11:21:00,2,8908.32,0.15,CARD
S0053288,C03116,P00825,ST027,2026-11-12 02:29:00,1,4481.95,0.10,COD
S0053289,C00563,P00361,ST044,2027-04-24 20:48:00,3,3502.39,0.10,WALLET
S0053290,C02115,P00809,ST047,2027-02-28 03:03:00,6,7203.83,0.15,CARD
S0053291,C00403,P01036,ST012,2026-11-09 00:17:00,2,1269.13,0.15,WALLET
S0053292,C02826,P00217,ST031,2027-02-08 20:00:00,1,10077.87,0.00,COD
S0053293,C04797,P00896,ST010,2027-01-09 07:44:00,1,9136.34,0.15,NET_BANKING
S0053294,C03430,P00841,ST032,2027-02-04 13:26:00,5,8077.31,0.15,CARD
S0053295,C02170,P00508,ST038,2026-12-06 20:36:00,7,14824.01,0.10,COD
S0053296,C04681,P00148,ST047,2027-02-27 02:50:00,4,4636.94,0.10,WALLET
S0053297,C05191,P00949,ST015,2026-09-20 09:53:00,5,5923.78,0.00,COD
S0053298,C04207,P00728,ST006,2027-01-08 13:30:00,6,2376.69,0.10,CARD
S0053299,C03059,P00863,ST014,2027-02-13 16:41:00,4,6218.08,0.00,NET_BANKING
S0053300,C00320,P01066,ST011,2027-04-18 17:55:00,5,879.68,0.05,UPI
S0053301,C00456,P00827,ST042,2027-04-30 01:26:00,2,14075.22,0.00,COD
S0053302,C03732,P00831,ST047,2027-04-01 21:08:00,5,4958.66,0.00,NET_BANKING
S0053303,C05028,P00631,ST032,2026-12-16 18:25:00,8,2764.58,0.10,COD
S0053304,C03106,P00746,ST009,2026-10-19 22:48:00,5,8367.69,0.10,UPI
S0053305,C00618,P00680,ST010,2026-12-13 06:21:00,8,6161.56,0.00,CARD
S0053306,C01767,P00293,ST037,2027-03-07 01:33:00,5,8511.68,0.00,COD
S0053307,C00607,P00357,ST045,2026-09-10 01:29:00,3,4341.85,0.15,WALLET
S0053308,C00477,P01036,ST031,2026-11-06 09:43:00,1,2312.91,0.10,UPI
S0053309,C03724,P00381,ST005,2027-03-29 16:23:00,1,12953.05,0.00,NET_BANKING
S0053310,C01659,P00195,ST001,2026-09-04 01:35:00,6,10101.96,0.05,COD
S0053311,C00849,P00591,ST027,2027-04-05 20:43:00,1,11159.58,0.05,COD
S0053312,C04190,P00959,ST015,2027-05-18 08:07:00,2,9477.36,0.05,CARD
S0053313,C05128,P00122,ST044,2026-09-15 19:21:00,3,9607.56,0.15,NET_BANKING
S0053314,C03235,P00692,ST006,2026-12-02 05:43:00,2,3776.76,0.05,UPI
S0053315,C04619,P01006,ST031,2026-11-13 21:53:00,1,356.47,0.15,NET_BANKING
S0053316,C03270,P01098,ST029,2027-02-01 16:18:00,3,3029.15,0.00,UPI
S0053317,C00205,P00114,ST047,2027-02-15 09:17:00,4,1848.49,0.00,COD
S0053318,C03619,P00328,ST022,2026-11-14 00:25:00,2,3281.70,0.10,COD
S0053319,C00487,P00633,ST021,2027-02-19 22:22:00,7,8834.04,0.15,COD
S0053320,C04506,P00121,ST038,2026-10-29 12:25:00,5,612.71,0.00,CARD
S0053321,C03767,P00668,ST020,2027-04-15 21:47:00,4,9801.28,0.00,CARD
S0053322,C01675,P00906,ST010,2026-10-13 14:31:00,2,12896.50,0.00,NET_BANKING
S0053323,C01217,P00459,ST035,2027-01-06 03:26:00,4,608.46,0.00,NET_BANKING
S0053324,C03841,P00663,ST040,2026-10-11 06:40:00,4,4192.70,0.00,COD
S0053325,C02316,P00467,ST023,2026-10-02 23:13:00,8,8776.36,0.10,CARD
S0053326,C04343,P00670,ST048,2027-04-03 08:58:00,1,12195.01,0.00,WALLET
S0053327,C02246,P00965,ST045,2027-02-06 21:42:00,2,14887.52,0.00,CARD
S0053328,C04696,P00656,ST008,2026-12-03 08:47:00,2,5514.15,0.00,NET_BANKING
S0053329,C03254,P00599,ST045,2027-04-13 12:33:00,7,1086.85,0.00,UPI
S0053330,C03700,P01086,ST031,2027-02-11 19:41:00,3,4046.74,0.05,NET_BANKING
S0053331,C04467,P00354,ST030,2027-02-18 18:47:00,8,11455.34,0.00,WALLET
S0053332,C04769,P00858,ST042,2027-04-30 18:57:00,4,2715.82,0.10,CARD
S0053333,C01653,P00170,ST038,2027-04-18 17:29:00,5,4556.11,0.10,WALLET
S0053334,C03996,P00159,ST049,2027-03-20 03:17:00,8,6984.00,0.15,CARD
S0053335,C03035,P00430,ST002,2026-11-06 17:10:00,5,5232.86,0.05,COD
S0053336,C03258,P00687,ST043,2026-09-08 17:56:00,2,10669.90,0.10,UPI
S0053337,C05378,P00953,ST027,2027-05-15 15:16:00,4,11654.98,0.05,WALLET
S0053338,C03042,P00584,ST048,2026-11-16 19:33:00,2,1058.35,0.05,COD
S0053339,C02949,P00503,ST033,2026-12-19 21:03:00,2,5972.66,0.00,CARD
S0053340,C04714,P00524,ST036,2027-02-15 10:18:00,5,11462.06,0.00,NET_BANKING
S0053341,C02452,P00576,ST010,2026-11-08 02:22:00,4,829.35,0.00,NET_BANKING
S0053342,C01884,P00923,ST005,2027-03-29 05:24:00,5,12391.37,0.10,CARD
S0053343,C01483,P00714,ST040,2026-10-06 08:06:00,6,12834.77,0.15,CARD
S0053344,C02539,P00145,ST018,2026-12-01 02:14:00,2,10011.24,0.15,COD
S0053345,C00980,P00561,ST034,2026-10-05 17:05:00,7,4145.03,0.15,COD
S0053346,C03031,P00086,ST009,2026-12-08 19:32:00,1,394.30,0.15,UPI
S0053347,C00462,P00642,ST003,2027-02-26 01:47:00,8,4616.48,0.00,WALLET
S0053348,C01080,P00209,ST047,2026-11-22 18:54:00,5,6800.00,0.10,COD
S0053349,C04181,P00845,ST033,2027-03-26 06:39:00,3,596.43,0.05,COD
S0053350,C05117,P00655,ST034,2027-01-15 22:58:00,6,8138.00,0.00,NET_BANKING
S0053351,C05151,P01019,ST006,2026-10-12 20:32:00,6,3238.68,0.05,CARD
S0053352,C01799,P00052,ST034,2027-01-03 19:34:00,6,6138.64,0.10,CARD
S0053353,C05143,P00164,ST026,2027-05-09 01:57:00,4,6049.30,0.10,COD
S0053354,C03595,P00745,ST042,2026-12-30 18:18:00,1,11887.46,0.15,WALLET
S0053355,C04772,P00299,ST007,2027-04-09 18:11:00,1,4344.66,0.00,COD
S0053356,C00174,P00080,ST014,2026-10-27 03:51:00,7,4990.71,0.15,UPI
S0053357,C02030,P00434,ST023,2027-03-11 13:46:00,5,11454.78,0.10,UPI
S0053358,C02870,P00737,ST031,2026-11-15 13:00:00,8,69.58,0.00,COD
S0053359,C03612,P00524,ST041,2026-09-21 21:33:00,6,11462.06,0.05,COD
S0053360,C04019,P00690,ST037,2026-12-01 18:11:00,3,4018.76,0.00,WALLET
S0053361,C02014,P00762,ST024,2026-11-04 17:45:00,7,9970.99,0.10,UPI
S0053362,C05460,P00679,ST050,2026-12-08 12:58:00,2,10688.41,0.05,COD
S0053363,C02137,P00176,ST044,2026-10-12 20:05:00,1,10058.14,0.15,UPI
S0053364,C01653,P00112,ST012,2027-03-04 13:18:00,4,1012.33,0.05,NET_BANKING
S0053365,C04371,P00507,ST002,2027-01-31 12:45:00,5,13477.84,0.10,NET_BANKING
S0053366,C02108,P00799,ST026,2026-12-11 00:40:00,1,5194.85,0.10,WALLET
S0053367,C00950,P00659,ST044,2027-02-17 10:05:00,1,3678.56,0.05,UPI
S0053368,C01080,P00446,ST014,2027-03-22 13:28:00,6,14903.24,0.00,COD
S0053369,C03704,P00536,ST037,2026-10-15 10:27:00,6,8908.32,0.15,CARD
S0053370,C01700,P00649,ST012,2026-11-13 06:22:00,5,9552.52,0.00,NET_BANKING
S0053371,C00393,P00158,ST040,2027-05-13 03:14:00,4,3652.82,0.10,NET_BANKING
S0053372,C03858,P00586,ST016,2026-12-17 08:20:00,3,3287.74,0.15,UPI
S0053373,C01261,P00971,ST038,2027-02-24 16:57:00,8,9483.16,0.10,NET_BANKING
S0053374,C04003,P00885,ST035,2027-04-18 01:35:00,5,2276.62,0.00,COD
S0053375,C05343,P00756,ST048,2027-04-13 16:41:00,6,7470.61,0.10,NET_BANKING
S0053376,C02602,P00746,ST023,2026-12-24 13:03:00,3,8367.69,0.10,UPI
S0053377,C03976,P00186,ST035,2026-09-09 00:03:00,3,5509.22,0.00,UPI
S0053378,C00216,P00368,ST009,2026-11-15 18:09:00,4,14776.53,0.10,COD
S0053379,C01962,P00214,ST008,2026-11-24 06:51:00,7,8311.62,0.15,COD
S0053380,C03819,P00075,ST042,2027-01-02 05:41:00,6,288.24,0.00,NET_BANKING
S0053381,C00259,P00417,ST003,2027-04-28 12:06:00,2,4251.66,0.00,CARD
S0053382,C04059,P00062,ST027,2026-10-12 20:01:00,5,6290.18,0.00,WALLET
S0053383,C00464,P00182,ST033,2026-12-12 22:05:00,4,11258.08,0.00,UPI
S0053384,C02574,P00489,ST046,2026-10-21 19:48:00,3,12272.05,0.00,NET_BANKING
S0053385,C04314,P00631,ST030,2026-11-12 08:02:00,8,2764.58,0.15,UPI
S0053386,C00295,P00606,ST004,2027-02-26 14:19:00,6,2062.87,0.15,WALLET
S0053387,C01772,P01001,ST005,2026-12-20 22:22:00,5,4088.47,0.10,NET_BANKING
S0053388,C05331,P00795,ST013,2027-03-07 04:09:00,2,123.55,0.05,UPI
S0053389,C03715,P00337,ST033,2027-01-22 04:56:00,7,14544.49,0.15,UPI
S0053390,C03391,P01053,ST037,2026-11-22 00:28:00,4,4054.09,0.00,CARD
S0053391,C01415,P00020,ST007,2027-03-22 19:21:00,5,3687.94,0.00,COD
S0053392,C00983,P00416,ST040,2027-04-15 04:43:00,2,7537.51,0.10,UPI
S0053393,C02720,P00003,ST009,2027-03-20 14:37:00,6,9487.90,0.05,COD
S0053394,C03383,P00490,ST010,2027-03-04 11:53:00,6,3009.09,0.00,NET_BANKING
S0053395,C03852,P00705,ST012,2027-01-08 17:08:00,3,12535.43,0.10,WALLET
S0053396,C04641,P00657,ST020,2026-09-04 07:39:00,3,5978.63,0.00,WALLET
S0053397,C02868,P00398,ST027,2027-04-27 08:01:00,3,12199.29,0.15,WALLET
S0053398,C05146,P00056,ST014,2026-10-25 21:03:00,5,12872.42,0.15,COD
S0053399,C04103,P00162,ST040,2026-10-13 19:21:00,1,12288.78,0.05,CARD
S0053400,C00507,P00157,ST028,2027-02-14 23:25:00,6,8754.83,0.00,UPI
S0053401,C04780,P00210,ST021,2026-10-10 15:44:00,2,3260.81,0.00,WALLET
S0053402,C00855,P00128,ST016,2026-12-10 20:47:00,5,12585.65,0.00,WALLET
S0053403,C04765,P00810,ST022,2027-01-02 06:45:00,7,5274.62,0.00,NET_BANKING
S0053404,C05267,P00426,ST019,2026-11-08 06:55:00,5,6898.62,0.15,NET_BANKING
S0053405,C04727,P00391,ST038,2027-02-24 00:53:00,5,3490.76,0.00,WALLET
S0053406,C02605,P00419,ST001,2027-01-05 08:42:00,6,11021.19,0.10,CARD
S0053407,C04333,P00840,ST008,2026-12-20 16:32:00,1,4066.13,0.10,WALLET
S0053408,C01259,P00833,ST019,2026-09-04 07:26:00,1,1413.00,0.00,WALLET
S0053409,C05058,P00767,ST021,2026-10-26 15:02:00,6,11689.48,0.05,WALLET
S0053410,C00460,P00006,ST030,2026-09-17 04:23:00,8,12375.85,0.00,UPI
S0053411,C03070,P00253,ST046,2026-09-24 06:02:00,1,12129.99,0.15,COD
S0053412,C05366,P00471,ST006,2027-02-10 01:39:00,2,8186.09,0.15,CARD
S0053413,C05003,P00848,ST042,2027-02-28 19:21:00,8,12246.43,0.05,CARD
S0053414,C05450,P01001,ST010,2027-04-05 11:40:00,7,4722.12,0.00,WALLET
S0053415,C01426,P00204,ST015,2027-03-12 12:09:00,1,1600.11,0.05,NET_BANKING
S0053416,C02964,P00096,ST013,2027-03-25 03:58:00,8,891.62,0.10,UPI
S0053417,C04528,P00550,ST042,2026-11-10 16:25:00,3,1961.46,0.05,CARD
S0053418,C04795,P00522,ST047,2026-10-04 23:35:00,4,1719.44,0.10,NET_BANKING
S0053419,C00648,P00622,ST045,2026-12-29 20:00:00,3,6264.75,0.00,CARD
S0053420,C03710,P00990,ST041,2026-12-23 19:19:00,4,1411.89,0.00,CARD
S0053421,C02172,P00902,ST023,2026-09-11 04:56:00,5,6441.41,0.00,NET_BANKING
S0053422,C00232,P00298,ST008,2026-10-26 00:33:00,5,14106.08,0.15,WALLET
S0053423,C04169,P00826,ST014,2027-05-12 21:34:00,4,8287.08,0.00,CARD
S0053424,C00312,P00147,ST013,2027-03-28 08:03:00,7,8610.17,0.10,CARD
S0053425,C00261,P00839,ST049,2026-11-01 11:06:00,8,14909.42,0.00,CARD
S0053426,C00512,P01050,ST043,2026-09-15 06:23:00,2,2932.42,0.10,CARD
S0053427,C01551,P01090,ST018,2026-10-02 13:02:00,2,123.53,0.00,WALLET
S0053428,C02934,P00515,ST049,2027-05-10 02:10:00,4,6743.70,0.00,COD
S0053429,C03435,P00339,ST028,2027-04-02 22:27:00,3,2464.80,0.00,CARD
S0053430,C02486,P00904,ST049,2027-03-10 07:35:00,7,437.50,0.00,NET_BANKING
S0053431,C00246,P00246,ST018,2026-11-13 06:02:00,5,9342.29,0.10,UPI
S0053432,C04856,P00830,ST030,2026-11-28 22:01:00,2,8076.01,0.10,COD
S0053433,C04784,P00834,ST050,2026-10-15 20:33:00,6,13773.56,0.05,CARD
S0053434,C01703,P00758,ST020,2026-09-11 15:14:00,4,8501.92,0.10,COD
S0053435,C00791,P00621,ST010,2026-09-09 10:32:00,5,12280.84,0.10,COD
S0053436,C01344,P00943,ST009,2027-04-22 18:50:00,7,12935.87,0.00,NET_BANKING
S0053437,C02484,P00886,ST023,2027-01-16 17:55:00,3,2075.82,0.05,COD
S0053438,C03768,P00504,ST011,2026-12-06 02:32:00,3,6640.14,0.00,WALLET
S0053439,C04092,P00364,ST047,2027-01-20 22:27:00,3,12302.90,0.05,COD
S0053440,C03890,P00881,ST035,2027-01-03 20:49:00,7,13418.59,0.10,NET_BANKING
S0053441,C01899,P00712,ST048,2026-12-11 08:45:00,3,2775.71,0.10,WALLET
S0053442,C02639,P00005,ST036,2027-01-10 09:18:00,8,3720.45,0.10,WALLET
S0053443,C03321,P00728,ST039,2027-05-17 14:48:00,7,2376.69,0.00,WALLET
S0053444,C01072,P00021,ST045,2026-09-11 21:22:00,8,915.99,0.05,WALLET
S0053445,C00416,P00811,ST049,2027-01-06 21:50:00,5,12059.60,0.00,WALLET
S0053446,C04256,P00634,ST008,2027-03-06 10:29:00,3,13541.02,0.00,CARD
S0053447,C04653,P00500,ST028,2026-12-15 14:59:00,5,13885.62,0.05,UPI
S0053448,C03740,P00122,ST021,2026-12-03 17:10:00,8,9607.56,0.00,WALLET
S0053449,C01085,P00251,ST001,2026-10-25 22:21:00,8,1347.37,0.10,UPI
S0053450,C00320,P00064,ST027,2027-05-14 03:22:00,7,9773.23,0.10,NET_BANKING
S0053451,C03383,P00014,ST029,2027-04-20 09:09:00,1,9230.95,0.10,UPI
S0053452,C04674,P00730,ST028,2027-04-24 09:42:00,5,3796.60,0.05,CARD
S0053453,C04086,P00135,ST044,2026-09-07 02:07:00,7,4518.74,0.00,COD
S0053454,C00528,P00667,ST002,2026-11-30 04:36:00,2,14053.41,0.00,WALLET
S0053455,C02727,P00982,ST047,2027-01-30 22:22:00,2,1313.93,0.05,CARD
S0053456,C00077,P00707,ST024,2026-10-07 23:05:00,1,10164.19,0.10,UPI
S0053457,C00769,P00255,ST029,2026-11-21 16:26:00,1,6191.54,0.05,WALLET
S0053458,C04886,P00873,ST015,2027-04-16 15:05:00,2,9917.75,0.10,UPI
S0053459,C00191,P00400,ST044,2026-11-08 12:52:00,4,11156.69,0.00,CARD
S0053460,C02590,P00184,ST048,2026-10-07 14:11:00,1,8980.87,0.10,WALLET
S0053461,C02988,P00726,ST013,2026-12-02 23:00:00,4,7391.49,0.15,NET_BANKING
S0053462,C03945,P01028,ST033,2027-01-19 11:44:00,4,2486.67,0.10,CARD
S0053463,C05335,P00389,ST047,2026-11-28 05:22:00,6,7161.01,0.15,NET_BANKING
S0053464,C00203,P01097,ST003,2027-03-13 12:19:00,1,919.58,0.10,NET_BANKING
S0053465,C01130,P00342,ST027,2027-02-04 01:48:00,8,2514.86,0.05,COD
S0053466,C00813,P01078,ST024,2026-11-04 20:49:00,7,1260.81,0.10,CARD
S0053467,C02826,P00817,ST002,2026-10-02 10:40:00,6,11269.31,0.00,NET_BANKING
S0053468,C01432,P00701,ST028,2027-04-21 03:13:00,8,9710.18,0.00,UPI
S0053469,C01623,P00931,ST003,2027-03-23 12:28:00,3,10365.83,0.05,UPI
S0053470,C03745,P00111,ST023,2026-10-04 07:00:00,5,7353.74,0.15,NET_BANKING
S0053471,C00896,P00781,ST019,2026-10-13 03:10:00,2,8887.88,0.00,UPI
S0053472,C02160,P00321,ST026,2026-09-09 12:36:00,7,1068.85,0.15,UPI
S0053473,C03150,P00824,ST050,2027-05-04 03:20:00,2,5681.80,0.00,NET_BANKING
S0053474,C03557,P00914,ST003,2027-02-08 18:42:00,2,14608.30,0.05,COD
S0053475,C04000,P01055,ST007,2027-04-20 18:14:00,6,2680.66,0.05,COD
S0053476,C04714,P00892,ST043,2026-09-16 17:28:00,7,12540.67,0.00,CARD
S0053477,C02417,P00910,ST050,2026-12-15 16:29:00,4,1660.00,0.15,NET_BANKING
S0053478,C04803,P00199,ST006,2027-04-02 18:04:00,4,10119.49,0.15,CARD
S0053479,C02154,P00237,ST011,2027-01-09 21:19:00,2,5637.77,0.15,UPI
S0053480,C00071,P00821,ST015,2026-11-18 04:22:00,5,7398.56,0.00,COD
S0053481,C02591,P00287,ST037,2027-05-03 16:12:00,2,1326.71,0.00,NET_BANKING
S0053482,C05376,P00262,ST024,2026-11-23 07:47:00,2,4686.95,0.15,CARD
S0053483,C03658,P00785,ST009,2026-10-21 16:19:00,7,8966.99,0.00,NET_BANKING
S0053484,C02527,P00166,ST007,2027-02-09 21:22:00,4,8032.81,0.05,CARD
S0053485,C01798,P00007,ST048,2027-02-09 15:32:00,4,8987.92,0.00,UPI
S0053486,C03629,P00634,ST045,2027-05-12 07:12:00,4,13541.02,0.15,COD
S0053487,C04791,P00270,ST025,2027-04-11 10:53:00,5,12684.63,0.00,UPI
S0053488,C04967,P00130,ST021,2026-12-05 23:59:00,4,1609.69,0.00,UPI
S0053489,C05460,P00633,ST042,2027-04-26 00:45:00,7,8834.04,0.15,UPI
S0053490,C03819,P00949,ST050,2027-02-28 08:16:00,2,5923.78,0.05,UPI
S0053491,C03675,P00883,ST028,2027-05-08 05:56:00,6,9173.36,0.10,UPI
S0053492,C03639,P00654,ST034,2026-11-01 07:31:00,4,12742.05,0.00,NET_BANKING
S0053493,C00334,P01077,ST015,2027-01-17 00:54:00,8,3945.10,0.15,COD
S0053494,C02784,P00609,ST038,2026-11-27 00:12:00,2,12112.83,0.15,UPI
S0053495,C01141,P00966,ST034,2026-10-08 07:25:00,6,14692.30,0.15,COD
S0053496,C03377,P00993,ST041,2027-04-12 07:12:00,1,11078.12,0.05,COD
S0053497,C05002,P00572,ST012,2026-11-26 17:53:00,2,413.41,0.15,UPI
S0053498,C02837,P00321,ST020,2027-01-15 03:30:00,8,1068.85,0.10,COD
S0053499,C01167,P00214,ST037,2027-04-27 08:02:00,5,8311.62,0.05,UPI
S0053500,C04382,P00102,ST043,2027-02-08 22:43:00,7,8070.99,0.10,CARD
S0053501,C04346,P00048,ST040,2027-03-30 05:45:00,2,5018.49,0.15,CARD
S0053502,C05196,P00160,ST040,2026-09-27 02:02:00,1,1889.89,0.05,UPI
S0053503,C05437,P00296,ST045,2027-04-20 20:10:00,5,4617.53,0.00,NET_BANKING
S0053504,C02562,P00902,ST001,2027-01-16 19:48:00,4,6441.41,0.00,COD
S0053505,C01142,P00044,ST028,2026-11-06 05:46:00,7,10352.60,0.15,COD
S0053506,C02218,P00597,ST036,2026-11-17 06:48:00,6,148.42,0.00,NET_BANKING
S0053507,C04679,P00419,ST002,2026-12-08 22:52:00,7,11021.19,0.05,COD
S0053508,C03391,P00094,ST018,2026-11-13 06:52:00,3,3538.71,0.00,UPI
S0053509,C04756,P00685,ST038,2026-10-15 15:34:00,6,2866.20,0.00,COD
S0053510,C03251,P00862,ST008,2027-01-09 07:22:00,2,12635.93,0.00,WALLET
S0053511,C02351,P00455,ST020,2027-04-24 00:53:00,4,11331.19,0.00,NET_BANKING
S0053512,C03560,P00440,ST023,2027-05-16 14:57:00,8,11929.30,0.05,CARD
S0053513,C00533,P00443,ST033,2026-09-24 02:07:00,7,10115.80,0.15,CARD
S0053514,C02993,P00388,ST048,2027-02-19 18:48:00,1,6375.35,0.05,NET_BANKING
S0053515,C02363,P00233,ST010,2026-10-25 22:20:00,7,5834.21,0.15,COD
S0053516,C00605,P00456,ST009,2026-09-01 09:23:00,5,2960.04,0.10,CARD
S0053517,C01899,P00026,ST012,2026-11-26 11:34:00,8,3973.71,0.10,COD
S0053518,C05312,P00665,ST021,2026-09-10 00:56:00,8,13897.47,0.00,CARD
S0053519,C03316,P01031,ST025,2026-12-23 18:42:00,8,138.00,0.15,WALLET
S0053520,C02777,P00044,ST009,2026-11-10 19:36:00,3,10352.60,0.00,WALLET
S0053521,C02090,P00524,ST004,2027-03-04 18:16:00,3,11462.06,0.10,NET_BANKING
S0053522,C01264,P00562,ST038,2027-03-08 00:24:00,3,10013.06,0.00,NET_BANKING
S0053523,C00891,P00029,ST034,2026-10-09 21:43:00,4,10510.24,0.00,WALLET
S0053524,C02251,P00692,ST042,2026-09-20 12:55:00,8,3776.76,0.15,WALLET
S0053525,C04885,P00183,ST002,2026-12-06 16:47:00,3,4082.17,0.00,CARD
S0053526,C04216,P00276,ST035,2026-10-24 03:05:00,3,6865.96,0.15,COD
S0053527,C02317,P00836,ST050,2027-02-20 10:21:00,2,8199.84,0.05,NET_BANKING
S0053528,C02836,P00017,ST002,2026-11-26 06:31:00,7,3528.42,0.00,NET_BANKING
S0053529,C02316,P00656,ST044,2027-03-10 08:49:00,2,5514.15,0.15,UPI
S0053530,C04011,P00505,ST001,2027-01-17 14:43:00,5,13158.37,0.10,UPI
S0053531,C04198,P00605,ST039,2027-02-04 01:20:00,8,10366.72,0.00,UPI
S0053532,C00249,P00446,ST022,2026-12-03 08:40:00,2,14903.24,0.15,UPI
S0053533,C00283,P00911,ST038,2027-02-21 09:00:00,3,10076.98,0.05,NET_BANKING
S0053534,C04404,P00331,ST046,2027-02-27 14:05:00,5,9971.71,0.15,CARD
S0053535,C05149,P00575,ST043,2026-10-20 16:08:00,4,10494.08,0.05,NET_BANKING
S0053536,C04081,P00883,ST039,2027-01-03 04:33:00,6,9173.36,0.05,COD
S0053537,C00104,P00413,ST023,2026-11-28 01:50:00,4,8913.27,0.00,NET_BANKING
S0053538,C01172,P00495,ST027,2026-10-26 05:53:00,6,105.46,0.10,WALLET
S0053539,C01704,P00662,ST001,2026-10-03 03:25:00,3,6965.19,0.00,COD
S0053540,C02587,P00590,ST028,2026-11-03 02:34:00,1,265.48,0.15,UPI
S0053541,C00218,P00024,ST019,2027-03-25 07:20:00,2,7530.12,0.00,WALLET
S0053542,C02429,P00349,ST031,2026-11-27 22:12:00,5,4491.15,0.05,UPI
S0053543,C02006,P00237,ST016,2027-05-16 15:39:00,1,5637.77,0.00,NET_BANKING
S0053544,C02973,P00818,ST019,2027-01-15 10:52:00,3,9748.07,0.10,COD
S0053545,C02092,P00556,ST040,2026-12-15 18:40:00,6,4347.03,0.00,UPI
S0053546,C01694,P00705,ST043,2027-01-06 02:00:00,7,12535.43,0.05,UPI
S0053547,C00423,P00888,ST030,2026-11-05 12:24:00,1,2165.37,0.10,UPI
S0053548,C03676,P00288,ST049,2026-10-12 03:01:00,1,8330.78,0.05,COD
S0053549,C04665,P00851,ST045,2027-04-28 07:24:00,5,10520.35,0.00,WALLET
S0053550,C00927,P00812,ST028,2027-04-17 17:55:00,4,13449.06,0.05,WALLET
S0053551,C00271,P00777,ST041,2026-10-13 18:55:00,5,7574.57,0.00,WALLET
S0053552,C03065,P00315,ST030,2026-11-25 08:14:00,1,8151.43,0.00,COD
S0053553,C04060,P00264,ST042,2027-05-07 08:55:00,4,3453.32,0.00,COD
S0053554,C00474,P00755,ST028,2026-12-10 01:25:00,8,13881.05,0.10,UPI
S0053555,C00735,P01043,ST015,2027-01-03 01:23:00,8,3002.76,0.00,CARD
S0053556,C02844,P00254,ST017,2027-05-07 07:47:00,3,1267.62,0.05,WALLET
S0053557,C00638,P00243,ST040,2027-05-12 09:32:00,6,6859.66,0.10,COD
S0053558,C00527,P00928,ST029,2027-03-28 15:02:00,5,6951.77,0.00,COD
S0053559,C03852,P00559,ST012,2026-12-26 06:27:00,7,9132.88,0.10,UPI
S0053560,C03154,P00321,ST020,2026-12-18 18:23:00,4,1068.85,0.00,WALLET
S0053561,C02822,P00562,ST037,2026-10-04 18:22:00,6,10013.06,0.15,NET_BANKING
S0053562,C05115,P00697,ST017,2027-04-26 00:36:00,5,10439.87,0.00,COD
S0053563,C05064,P00551,ST041,2026-09-19 14:19:00,2,9996.39,0.05,COD
S0053564,C03712,P00692,ST004,2026-11-09 01:46:00,3,3776.76,0.00,COD
S0053565,C02987,P00478,ST021,2027-01-18 01:38:00,6,1905.90,0.15,NET_BANKING
S0053566,C01173,P00330,ST015,2026-12-23 06:53:00,5,3475.34,0.05,WALLET
S0053567,C02263,P00374,ST022,2027-04-26 12:50:00,7,688.46,0.00,WALLET
S0053568,C00961,P00008,ST004,2027-04-15 23:35:00,5,1347.12,0.00,COD
S0053569,C04126,P00598,ST041,2026-09-20 09:26:00,3,4459.15,0.15,CARD
S0053570,C04523,P00568,ST019,2027-03-27 05:26:00,8,11436.07,0.05,WALLET
S0053571,C00589,P00725,ST009,2027-04-11 09:34:00,4,5516.84,0.00,COD
S0053572,C01067,P00459,ST035,2027-02-16 04:10:00,6,608.46,0.00,CARD
S0053573,C03501,P00685,ST007,2026-09-19 20:18:00,6,2866.20,0.00,WALLET
S0053574,C02198,P00456,ST033,2027-01-17 22:07:00,8,2960.04,0.00,COD
S0053575,C01313,P00620,ST006,2027-05-14 11:54:00,6,1987.43,0.10,NET_BANKING
S0053576,C04324,P00975,ST047,2026-11-22 01:02:00,6,14210.52,0.15,NET_BANKING
S0053577,C03916,P00948,ST045,2026-12-26 19:02:00,5,7783.05,0.10,CARD
S0053578,C00375,P00744,ST004,2026-10-05 21:40:00,1,3611.42,0.05,WALLET
S0053579,C05216,P00448,ST025,2027-03-17 21:14:00,6,9484.91,0.00,UPI
S0053580,C02578,P00727,ST040,2027-01-22 14:58:00,6,12337.64,0.00,CARD
S0053581,C02293,P01013,ST041,2027-02-04 07:13:00,6,102.19,0.15,WALLET
S0053582,C02382,P00733,ST013,2027-04-13 21:45:00,8,7733.54,0.00,UPI
S0053583,C00794,P00947,ST031,2026-09-30 02:04:00,3,5493.18,0.00,NET_BANKING
S0053584,C03395,P00662,ST030,2027-05-02 02:23:00,3,6965.19,0.05,UPI
S0053585,C01075,P01094,ST042,2026-12-15 05:26:00,7,579.25,0.00,WALLET
S0053586,C04523,P00195,ST022,2026-10-21 08:44:00,5,10101.96,0.15,NET_BANKING
S0053587,C03018,P00136,ST003,2027-01-31 01:35:00,5,2339.70,0.00,WALLET
S0053588,C04486,P00128,ST008,2026-09-26 06:44:00,4,12585.65,0.15,COD
S0053589,C03670,P00684,ST016,2026-11-16 10:52:00,4,9364.88,0.00,NET_BANKING
S0053590,C02072,P00970,ST024,2027-04-08 18:23:00,1,11802.25,0.15,COD
S0053591,C04810,P01034,ST043,2027-05-11 01:08:00,8,1607.80,0.15,NET_BANKING
S0053592,C02936,P00712,ST039,2027-01-27 18:53:00,7,2775.71,0.10,CARD
S0053593,C01181,P00214,ST028,2027-04-10 16:06:00,7,8311.62,0.00,WALLET
S0053594,C04350,P00570,ST048,2026-11-03 12:03:00,8,8154.82,0.05,NET_BANKING
S0053595,C00765,P00326,ST033,2026-09-19 06:20:00,4,13983.47,0.00,UPI
S0053596,C01818,P01009,ST037,2027-03-31 01:31:00,3,2790.39,0.15,NET_BANKING
S0053597,C03597,P00687,ST049,2027-03-11 19:44:00,1,10669.90,0.15,CARD
S0053598,C01139,P00340,ST029,2026-11-22 20:21:00,4,13721.56,0.00,CARD
S0053599,C01070,P00822,ST031,2026-11-16 19:36:00,7,11979.30,0.05,CARD
S0053600,C00955,P00225,ST008,2026-11-11 20:11:00,6,9830.38,0.05,WALLET
S0053601,C00521,P00132,ST015,2026-12-03 09:41:00,7,661.50,0.00,CARD
S0053602,C01987,P00507,ST032,2027-01-24 10:28:00,8,13477.84,0.00,WALLET
S0053603,C04260,P00679,ST038,2027-02-05 21:59:00,5,10688.41,0.05,WALLET
S0053604,C03715,P00138,ST014,2026-09-26 02:02:00,6,11081.05,0.00,UPI
S0053605,C03436,P01041,ST013,2027-05-15 23:19:00,4,2742.53,0.00,UPI
S0053606,C02048,P00009,ST030,2027-05-15 11:13:00,8,14426.84,0.05,NET_BANKING
S0053607,C05215,P00365,ST020,2026-12-16 15:33:00,2,14402.02,0.00,NET_BANKING
S0053608,C00302,P00128,ST011,2026-11-03 18:33:00,6,12585.65,0.15,CARD
S0053609,C01026,P00855,ST033,2027-01-06 10:03:00,6,3531.06,0.15,CARD
S0053610,C03279,P00080,ST021,2026-11-22 03:03:00,8,4990.71,0.00,NET_BANKING
S0053611,C04893,P00060,ST040,2027-02-08 00:38:00,1,13328.41,0.00,CARD
S0053612,C00287,P00220,ST029,2026-12-14 19:31:00,7,3145.53,0.00,WALLET
S0053613,C02443,P00921,ST033,2027-02-24 03:24:00,2,10747.60,0.00,UPI
S0053614,C03859,P01064,ST010,2027-03-28 19:16:00,6,4673.18,0.00,NET_BANKING
S0053615,C04808,P00250,ST002,2026-12-26 09:01:00,4,4598.66,0.10,WALLET
S0053616,C04976,P00064,ST030,2026-10-24 11:20:00,2,9773.23,0.05,WALLET
S0053617,C00124,P00573,ST021,2027-04-01 08:19:00,8,7520.25,0.00,UPI
S0053618,C00725,P00355,ST035,2027-04-04 03:05:00,5,9628.58,0.00,UPI
S0053619,C03054,P00431,ST032,2026-11-26 02:30:00,2,13380.90,0.05,UPI
S0053620,C05231,P00090,ST012,2027-03-14 20:34:00,5,1862.74,0.00,UPI
S0053621,C02853,P00909,ST011,2026-10-08 00:51:00,2,12153.06,0.00,WALLET
S0053622,C01785,P00994,ST030,2026-10-10 03:34:00,5,14986.15,0.15,WALLET
S0053623,C04049,P00335,ST046,2026-12-21 08:34:00,8,2003.90,0.00,WALLET
S0053624,C04222,P00446,ST012,2026-11-18 08:36:00,5,14903.24,0.10,NET_BANKING
S0053625,C02791,P00957,ST030,2027-05-08 15:58:00,7,13167.89,0.00,WALLET
S0053626,C00295,P01007,ST039,2027-05-11 11:48:00,2,2599.38,0.10,WALLET
S0053627,C00937,P00117,ST039,2026-10-17 19:54:00,4,9637.83,0.00,NET_BANKING
S0053628,C03519,P00975,ST028,2026-10-21 23:32:00,7,14210.52,0.05,NET_BANKING
S0053629,C00733,P00906,ST038,2027-03-04 13:59:00,3,12896.50,0.00,UPI
S0053630,C04516,P00380,ST024,2026-12-29 20:34:00,2,10594.68,0.05,UPI
S0053631,C03605,P00880,ST004,2026-11-22 04:15:00,4,9958.92,0.00,NET_BANKING
S0053632,C04770,P00022,ST024,2027-04-09 16:13:00,3,4659.49,0.15,UPI
S0053633,C02840,P00356,ST038,2027-01-03 02:51:00,6,6310.49,0.00,UPI
S0053634,C03990,P01048,ST043,2026-12-05 06:33:00,2,1898.33,0.00,NET_BANKING
S0053635,C01774,P00066,ST026,2026-10-15 06:56:00,7,13989.36,0.10,WALLET
S0053636,C03042,P00739,ST027,2027-03-22 03:09:00,4,5997.32,0.10,COD
S0053637,C03492,P00578,ST040,2026-10-01 01:22:00,3,2566.07,0.05,NET_BANKING
S0053638,C02321,P00334,ST034,2027-04-22 04:09:00,6,10056.18,0.05,COD
S0053639,C03106,P00398,ST009,2027-03-02 22:03:00,4,12199.29,0.00,CARD
S0053640,C00358,P00721,ST034,2026-10-10 08:44:00,4,2539.40,0.05,CARD
S0053641,C03204,P00084,ST008,2026-11-20 20:12:00,7,9370.43,0.05,CARD
S0053642,C04589,P00162,ST003,2026-10-23 20:45:00,3,12288.78,0.05,CARD
S0053643,C04039,P00379,ST001,2026-12-28 11:56:00,1,1917.87,0.00,UPI
S0053644,C04273,P00688,ST001,2027-05-05 02:57:00,2,14801.08,0.05,COD
S0053645,C04051,P00883,ST050,2027-04-09 18:59:00,7,9173.36,0.15,WALLET
S0053646,C04749,P00363,ST004,2026-12-24 14:37:00,5,7028.08,0.15,UPI
S0053647,C01091,P00071,ST010,2026-09-09 07:32:00,8,11038.49,0.10,CARD
S0053648,C02661,P00307,ST024,2027-02-13 05:07:00,6,13759.94,0.05,CARD
S0053649,C03719,P00007,ST015,2027-02-06 12:55:00,4,8987.92,0.15,CARD
S0053650,C03595,P00617,ST024,2027-03-28 08:20:00,7,11028.99,0.00,WALLET
S0053651,C00591,P00513,ST007,2026-10-22 18:09:00,2,2594.81,0.00,COD
S0053652,C01952,P00730,ST019,2026-12-27 02:52:00,5,3796.60,0.00,CARD
S0053653,C01703,P00311,ST046,2026-10-14 00:03:00,6,10510.03,0.15,WALLET
S0053654,C00637,P00869,ST028,2027-04-16 00:14:00,2,5521.33,0.00,COD
S0053655,C02254,P00792,ST015,2026-09-25 16:02:00,6,13052.60,0.10,CARD
S0053656,C03147,P00249,ST028,2027-05-14 16:31:00,3,10604.98,0.10,UPI
S0053657,C04785,P00876,ST023,2026-09-13 14:31:00,1,13453.44,0.10,UPI
S0053658,C01779,P00525,ST038,2026-12-31 07:44:00,8,10778.97,0.10,CARD
S0053659,C00467,P00538,ST035,2027-04-24 04:14:00,2,12711.98,0.00,CARD
S0053660,C00462,P00094,ST037,2026-12-15 14:39:00,6,3538.71,0.15,WALLET
S0053661,C04264,P00170,ST041,2026-12-14 09:58:00,4,4556.11,0.10,NET_BANKING
S0053662,C03946,P00025,ST006,2026-10-15 20:13:00,3,4571.56,0.05,NET_BANKING
S0053663,C01858,P01002,ST005,2026-10-25 14:09:00,4,3565.46,0.05,NET_BANKING
S0053664,C04031,P00839,ST030,2027-05-02 18:43:00,7,14909.42,0.15,UPI
S0053665,C02041,P00923,ST017,2026-11-13 00:23:00,3,12391.37,0.00,NET_BANKING
S0053666,C02160,P00071,ST023,2027-03-06 18:50:00,8,11038.49,0.00,NET_BANKING
S0053667,C02559,P00264,ST001,2027-01-05 06:17:00,7,3453.32,0.15,CARD
S0053668,C00121,P00560,ST032,2027-01-23 14:54:00,4,9161.86,0.10,NET_BANKING
S0053669,C03780,P01055,ST022,2027-05-15 07:11:00,7,1632.54,0.00,WALLET
S0053670,C05142,P00103,ST047,2027-04-02 12:49:00,6,3719.77,0.00,CARD
S0053671,C03968,P00349,ST048,2026-09-01 13:48:00,6,4491.15,0.05,UPI
S0053672,C00200,P00198,ST038,2026-12-20 11:36:00,3,11526.28,0.05,WALLET
S0053673,C05030,P00199,ST011,2027-04-16 20:47:00,4,10119.49,0.10,COD
S0053674,C05071,P00111,ST050,2027-02-21 12:22:00,7,7353.74,0.15,WALLET
S0053675,C01036,P01032,ST012,2026-11-28 04:32:00,4,3158.62,0.05,UPI
S0053676,C00558,P01094,ST019,2027-03-02 14:49:00,7,2513.25,0.05,CARD
S0053677,C01724,P00737,ST008,2027-01-17 07:31:00,2,69.58,0.00,WALLET
S0053678,C05427,P00719,ST035,2026-10-12 10:25:00,3,6837.75,0.05,WALLET
S0053679,C04747,P00706,ST016,2027-04-27 14:25:00,2,2797.24,0.15,UPI
S0053680,C04520,P00812,ST034,2027-03-02 18:18:00,6,13449.06,0.05,NET_BANKING
S0053681,C00369,P01027,ST027,2026-12-30 15:59:00,2,67.86,0.05,CARD
S0053682,C03141,P00666,ST048,2027-03-03 14:49:00,5,12463.65,0.00,NET_BANKING
S0053683,C03528,P00808,ST006,2027-04-17 09:51:00,4,2340.21,0.15,CARD
S0053684,C02595,P00935,ST047,2027-01-28 13:53:00,1,12673.48,0.00,NET_BANKING
S0053685,C04055,P00427,ST035,2027-05-01 13:14:00,6,7760.69,0.00,WALLET
S0053686,C04810,P00642,ST030,2026-11-15 07:22:00,6,4616.48,0.10,COD
S0053687,C01110,P00314,ST031,2026-12-19 15:08:00,6,1767.09,0.15,UPI
S0053688,C02208,P01018,ST023,2026-09-29 20:38:00,4,4511.08,0.15,CARD
S0053689,C02724,P00548,ST001,2027-04-19 17:48:00,5,11468.53,0.05,NET_BANKING
S0053690,C04954,P01053,ST028,2027-02-18 08:50:00,3,2826.10,0.15,CARD
S0053691,C02594,P01068,ST049,2027-02-05 14:06:00,7,1033.89,0.00,COD
S0053692,C00951,P00334,ST014,2026-11-20 12:59:00,8,10056.18,0.10,UPI
S0053693,C03591,P00795,ST021,2026-11-08 15:01:00,1,123.55,0.10,NET_BANKING
S0053694,C02491,P00778,ST038,2027-02-21 20:57:00,4,5364.50,0.05,CARD
S0053695,C01489,P00081,ST023,2027-04-25 00:16:00,3,13513.67,0.05,UPI
S0053696,C04909,P00794,ST025,2026-09-18 03:22:00,5,9152.31,0.05,CARD
S0053697,C01617,P00083,ST034,2027-01-30 13:43:00,5,6669.82,0.00,WALLET
S0053698,C02994,P00672,ST007,2027-05-16 04:20:00,3,7478.34,0.05,CARD
S0053699,C02387,P00878,ST033,2027-05-14 23:58:00,6,13136.21,0.15,CARD
S0053700,C02473,P00208,ST022,2027-01-04 07:07:00,3,9299.51,0.00,COD
S0053701,C01629,P00270,ST048,2026-12-19 07:57:00,8,12684.63,0.15,WALLET
S0053702,C05413,P00936,ST041,2027-01-26 11:43:00,8,4432.63,0.00,UPI
S0053703,C04974,P00656,ST030,2027-05-08 20:25:00,7,5514.15,0.00,CARD
S0053704,C01580,P00500,ST012,2026-12-14 15:06:00,6,13885.62,0.00,WALLET
S0053705,C02608,P00329,ST022,2026-10-10 02:28:00,2,1364.47,0.10,WALLET
S0053706,C04274,P00940,ST009,2026-10-21 23:07:00,4,10304.16,0.15,CARD
S0053707,C02001,P00171,ST041,2027-01-06 17:25:00,4,6161.32,0.00,NET_BANKING
S0053708,C03526,P00313,ST002,2026-12-24 09:15:00,8,7134.65,0.10,UPI
S0053709,C00386,P00528,ST036,2026-11-02 21:23:00,6,12190.45,0.05,COD
S0053710,C03578,P00909,ST032,2026-09-07 03:49:00,5,12153.06,0.00,NET_BANKING
S0053711,C04928,P00068,ST049,2026-11-09 13:24:00,6,2033.40,0.00,WALLET
S0053712,C04192,P00565,ST047,2026-10-30 05:40:00,1,2663.33,0.10,WALLET
S0053713,C04604,P00905,ST018,2027-02-21 08:24:00,7,7562.39,0.00,CARD
S0053714,C00878,P00629,ST018,2026-09-07 12:22:00,4,11585.25,0.05,UPI
S0053715,C05009,P00456,ST027,2027-03-13 22:23:00,1,2960.04,0.15,COD
S0053716,C02388,P00735,ST020,2026-12-23 20:55:00,1,7714.11,0.00,CARD
S0053717,C03846,P00045,ST005,2027-05-14 07:47:00,1,3670.33,0.00,WALLET
S0053718,C01649,P00629,ST043,2027-04-09 05:31:00,3,11585.25,0.00,COD
S0053719,C04527,P00413,ST007,2027-02-26 05:04:00,4,8913.27,0.05,COD
S0053720,C02813,P00688,ST001,2026-10-20 20:38:00,1,14801.08,0.05,UPI
S0053721,C04619,P00191,ST031,2026-09-26 22:08:00,8,11697.40,0.15,COD
S0053722,C02306,P00263,ST020,2026-09-15 19:43:00,6,12638.42,0.15,COD
S0053723,C04565,P00063,ST009,2027-04-29 06:46:00,7,9510.65,0.05,COD
S0053724,C03348,P00976,ST024,2026-11-11 10:17:00,8,3815.57,0.00,COD
S0053725,C00141,P00227,ST050,2026-10-17 07:44:00,8,7877.11,0.15,COD
S0053726,C00687,P00766,ST013,2026-11-14 22:44:00,7,889.54,0.10,WALLET
S0053727,C05336,P00575,ST038,2026-09-10 14:26:00,3,10494.08,0.05,UPI
S0053728,C01949,P00722,ST014,2027-04-23 21:52:00,6,2303.35,0.00,CARD
S0053729,C04440,P01059,ST005,2027-01-15 02:51:00,8,2982.43,0.05,UPI
S0053730,C02694,P00264,ST045,2026-09-12 04:03:00,2,3453.32,0.10,WALLET
S0053731,C05312,P01032,ST025,2027-01-21 01:59:00,3,2063.83,0.05,COD
S0053732,C01179,P00539,ST031,2026-09-06 19:19:00,2,7157.77,0.15,COD
S0053733,C01876,P00946,ST015,2027-02-24 19:26:00,1,536.50,0.15,UPI
S0053734,C02480,P00908,ST026,2027-04-17 13:25:00,4,10685.50,0.00,NET_BANKING
S0053735,C03296,P00318,ST035,2026-09-01 05:21:00,2,10232.53,0.05,CARD
S0053736,C03491,P00984,ST016,2027-05-09 02:42:00,2,7532.32,0.15,COD
S0053737,C00277,P00735,ST026,2026-12-22 13:10:00,3,7714.11,0.15,NET_BANKING
S0053738,C04183,P00834,ST047,2027-03-26 09:57:00,2,13773.56,0.00,COD
S0053739,C04726,P00887,ST027,2026-10-17 14:41:00,4,6975.28,0.00,COD
S0053740,C03627,P00382,ST021,2026-12-18 02:37:00,4,14341.57,0.05,UPI
S0053741,C03718,P01074,ST021,2026-11-05 13:47:00,3,4572.89,0.00,COD
S0053742,C03069,P00096,ST006,2027-03-22 11:40:00,5,891.62,0.15,WALLET
S0053743,C03114,P00668,ST036,2026-10-06 11:49:00,2,9801.28,0.00,WALLET
S0053744,C01083,P00720,ST004,2027-01-22 17:13:00,3,4896.05,0.15,COD
S0053745,C04409,P00540,ST031,2027-02-23 17:33:00,3,8768.71,0.10,UPI
S0053746,C05479,P00664,ST037,2027-01-05 10:22:00,6,2596.83,0.10,WALLET
S0053747,C04167,P00028,ST023,2027-01-06 12:44:00,4,9694.84,0.00,NET_BANKING
S0053748,C04571,P00397,ST049,2026-12-23 10:50:00,1,12844.97,0.00,UPI
S0053749,C02508,P00016,ST024,2026-11-05 00:05:00,5,9646.46,0.05,CARD
S0053750,C01446,P01055,ST050,2026-11-09 02:08:00,4,624.98,0.00,CARD
S0053751,C04859,P00141,ST032,2026-12-13 17:39:00,2,8257.89,0.00,CARD
S0053752,C01703,P00747,ST039,2027-03-19 07:12:00,8,91.31,0.00,NET_BANKING
S0053753,C01778,P00117,ST032,2026-12-24 07:36:00,6,9637.83,0.00,WALLET
S0053754,C02716,P00088,ST006,2027-05-02 00:29:00,5,8857.37,0.00,NET_BANKING
S0053755,C01662,P01049,ST018,2026-11-09 03:37:00,7,615.01,0.15,CARD
S0053756,C01044,P00986,ST039,2027-04-25 00:29:00,2,6941.31,0.00,COD
S0053757,C02557,P01004,ST049,2027-03-25 22:13:00,3,346.26,0.15,NET_BANKING
S0053758,C03056,P00829,ST005,2026-10-01 10:27:00,8,5882.19,0.10,UPI
S0053759,C03355,P00773,ST008,2026-10-01 22:20:00,3,11513.99,0.15,UPI
S0053760,C03521,P00840,ST002,2027-04-15 12:59:00,5,4066.13,0.15,COD
S0053761,C04403,P00613,ST011,2027-01-02 08:18:00,7,10916.90,0.10,NET_BANKING
S0053762,C03875,P00173,ST004,2027-04-08 14:26:00,2,2556.28,0.05,WALLET
S0053763,C02493,P00135,ST018,2027-01-23 18:43:00,4,4518.74,0.15,CARD
S0053764,C05370,P00221,ST050,2026-09-24 22:49:00,5,7251.17,0.10,WALLET
S0053765,C01635,P00506,ST014,2027-01-29 09:28:00,7,4110.78,0.05,CARD
S0053766,C00807,P00026,ST012,2027-04-22 09:49:00,2,3973.71,0.15,WALLET
S0053767,C05133,P00078,ST041,2027-05-07 12:10:00,5,6017.13,0.15,UPI
S0053768,C02029,P00584,ST010,2026-09-21 20:02:00,8,1058.35,0.15,CARD
S0053769,C01635,P00283,ST034,2026-10-19 02:55:00,3,6670.75,0.00,COD
S0053770,C04149,P00944,ST021,2027-02-01 12:44:00,5,13637.69,0.05,WALLET
S0053771,C02973,P00176,ST009,2026-10-28 13:23:00,7,10058.14,0.10,NET_BANKING
S0053772,C02759,P00534,ST026,2027-03-11 09:03:00,7,5928.36,0.00,UPI
S0053773,C01774,P00257,ST036,2027-01-13 03:26:00,5,14449.49,0.15,COD
S0053774,C01966,P00395,ST046,2027-03-27 20:58:00,4,4137.07,0.10,COD
S0053775,C04208,P01076,ST034,2026-09-23 13:01:00,3,1045.54,0.15,COD
S0053776,C01380,P00775,ST004,2026-11-10 22:25:00,4,7767.36,0.00,NET_BANKING
S0053777,C05476,P00707,ST024,2027-03-12 22:05:00,4,10164.19,0.00,NET_BANKING
S0053778,C04884,P00783,ST021,2026-11-26 08:27:00,8,1108.76,0.00,NET_BANKING
S0053779,C02735,P00975,ST028,2027-04-10 06:17:00,6,14210.52,0.10,CARD
S0053780,C03166,P00916,ST008,2027-04-07 13:13:00,4,1771.51,0.00,NET_BANKING
S0053781,C05319,P00271,ST003,2026-10-14 19:21:00,2,11702.78,0.05,CARD
S0053782,C02792,P00401,ST014,2027-03-27 03:26:00,1,14612.89,0.00,WALLET
S0053783,C01098,P00502,ST004,2027-02-03 03:35:00,2,5017.69,0.10,NET_BANKING
S0053784,C03305,P00177,ST023,2027-01-07 07:41:00,1,5272.03,0.00,UPI
S0053785,C04197,P00812,ST048,2026-10-08 15:23:00,5,13449.06,0.15,UPI
S0053786,C03493,P00352,ST034,2026-11-13 08:25:00,1,13564.85,0.05,WALLET
S0053787,C04477,P00849,ST013,2026-09-07 05:29:00,3,11840.46,0.10,UPI
S0053788,C04814,P00290,ST049,2027-03-20 17:39:00,4,3515.83,0.10,COD
S0053789,C02107,P00753,ST004,2027-01-07 08:52:00,7,9739.34,0.05,CARD
S0053790,C00999,P00252,ST038,2026-11-14 15:51:00,8,10612.68,0.05,UPI
S0053791,C00645,P00931,ST010,2027-03-25 20:44:00,3,10365.83,0.00,CARD
S0053792,C02317,P00663,ST022,2027-04-15 09:35:00,1,4192.70,0.10,CARD
S0053793,C01235,P00779,ST049,2027-04-02 04:32:00,6,9277.18,0.00,NET_BANKING
S0053794,C00934,P00787,ST035,2026-11-27 16:00:00,1,12290.08,0.15,NET_BANKING
S0053795,C03316,P00841,ST034,2026-11-03 08:17:00,8,8077.31,0.00,CARD
S0053796,C02824,P00485,ST040,2027-02-12 00:38:00,7,2390.76,0.00,WALLET
S0053797,C03281,P00524,ST015,2026-11-22 06:53:00,4,11462.06,0.10,UPI
S0053798,C03066,P00272,ST013,2027-01-17 00:02:00,3,13352.08,0.05,CARD
S0053799,C05469,P00419,ST005,2026-10-07 13:14:00,3,11021.19,0.00,COD
S0053800,C02982,P00366,ST037,2026-12-27 17:33:00,2,13188.09,0.05,NET_BANKING
S0053801,C00026,P01094,ST014,2026-09-10 02:07:00,4,3908.02,0.05,COD
S0053802,C04207,P00205,ST046,2026-12-31 23:18:00,5,2535.39,0.05,UPI
S0053803,C03313,P00801,ST027,2026-10-24 20:40:00,6,6852.19,0.10,NET_BANKING
S0053804,C01690,P00731,ST016,2027-02-26 19:53:00,1,6650.71,0.10,NET_BANKING
S0053805,C03941,P00733,ST020,2027-01-14 17:48:00,4,7733.54,0.10,WALLET
S0053806,C05165,P00443,ST024,2027-04-20 12:10:00,7,10115.80,0.15,UPI
S0053807,C01308,P00181,ST041,2027-01-12 14:33:00,5,9255.83,0.15,UPI
S0053808,C04678,P00956,ST033,2026-11-12 20:54:00,8,1818.03,0.00,COD
S0053809,C03766,P00373,ST002,2026-10-21 01:00:00,5,11139.22,0.10,COD
S0053810,C02080,P00882,ST003,2026-09-29 07:57:00,4,1160.87,0.00,COD
S0053811,C02762,P00546,ST019,2027-04-19 12:59:00,6,9420.65,0.10,COD
S0053812,C03449,P00324,ST010,2027-02-28 05:41:00,8,2603.61,0.15,NET_BANKING
S0053813,C01306,P00648,ST044,2026-11-18 13:41:00,7,4120.80,0.05,UPI
S0053814,C04822,P00028,ST008,2027-03-27 04:45:00,2,9694.84,0.00,UPI
S0053815,C05475,P00868,ST018,2027-01-27 10:17:00,5,14973.26,0.15,UPI
S0053816,C00446,P00278,ST011,2026-12-01 18:12:00,5,3088.10,0.05,UPI
S0053817,C03121,P00788,ST042,2026-09-26 16:30:00,1,14058.06,0.10,UPI
S0053818,C04519,P00474,ST009,2026-11-17 08:50:00,6,2329.87,0.10,UPI
S0053819,C01872,P00039,ST044,2026-09-23 19:56:00,2,11380.58,0.05,WALLET
S0053820,C00707,P00944,ST036,2027-03-10 10:28:00,5,13637.69,0.00,CARD
S0053821,C05034,P00247,ST020,2027-03-11 10:37:00,8,3627.73,0.10,WALLET
S0053822,C00050,P00902,ST002,2026-10-30 10:35:00,1,6441.41,0.00,NET_BANKING
S0053823,C04097,P00958,ST026,2027-02-10 08:03:00,1,6025.05,0.00,UPI
S0053824,C02082,P01050,ST038,2027-03-26 01:42:00,3,2626.66,0.05,NET_BANKING
S0053825,C03154,P00834,ST010,2027-04-16 18:42:00,2,13773.56,0.00,UPI
S0053826,C01437,P00015,ST045,2027-02-08 16:02:00,2,6091.54,0.00,NET_BANKING
S0053827,C03672,P00695,ST049,2027-05-05 11:43:00,2,13599.96,0.00,CARD
S0053828,C03818,P00233,ST042,2027-04-19 15:00:00,6,5834.21,0.15,WALLET
S0053829,C03659,P01046,ST017,2026-10-09 13:50:00,3,740.76,0.10,WALLET
S0053830,C03316,P01092,ST050,2027-03-09 17:52:00,1,4824.32,0.05,CARD
S0053831,C05050,P00532,ST026,2027-02-14 10:55:00,5,13097.07,0.00,WALLET
S0053832,C04546,P00431,ST005,2026-12-03 16:09:00,2,13380.90,0.00,UPI
S0053833,C04366,P01009,ST006,2027-01-31 04:45:00,7,2928.06,0.05,UPI
S0053834,C01003,P00981,ST008,2026-09-24 09:12:00,4,5838.61,0.00,COD
S0053835,C03471,P00741,ST009,2027-01-06 04:55:00,8,14542.74,0.10,CARD
S0053836,C02163,P00717,ST004,2027-03-06 01:34:00,6,679.75,0.00,COD
S0053837,C03453,P00868,ST018,2027-05-09 13:05:00,3,14973.26,0.00,CARD
S0053838,C01722,P00534,ST014,2027-03-31 04:19:00,4,5928.36,0.10,NET_BANKING
S0053839,C05441,P00327,ST003,2026-11-14 08:20:00,5,7639.94,0.10,COD
S0053840,C03799,P00907,ST049,2027-03-04 19:26:00,3,14264.28,0.10,WALLET
S0053841,C00529,P00508,ST018,2027-01-21 22:57:00,8,14824.01,0.05,COD
S0053842,C00091,P00591,ST033,2027-01-19 15:19:00,4,11159.58,0.00,NET_BANKING
S0053843,C02144,P00636,ST010,2026-12-24 11:35:00,7,12658.75,0.05,NET_BANKING
S0053844,C01079,P01019,ST011,2026-11-06 02:38:00,8,74.58,0.00,COD
S0053845,C01512,P00431,ST007,2027-04-28 16:26:00,5,13380.90,0.15,UPI
S0053846,C02925,P00541,ST021,2027-03-09 03:31:00,7,12514.58,0.15,UPI
S0053847,C00953,P00090,ST039,2026-12-29 05:18:00,6,1862.74,0.15,COD
S0053848,C04380,P00824,ST002,2026-09-09 10:52:00,8,5681.80,0.15,WALLET
S0053849,C05278,P00764,ST019,2026-09-08 14:36:00,4,2546.62,0.15,NET_BANKING
S0053850,C02642,P00953,ST041,2026-11-29 06:05:00,4,11654.98,0.15,UPI
S0053851,C04523,P00699,ST009,2027-02-17 14:41:00,4,14544.40,0.00,UPI
S0053852,C02034,P00938,ST046,2026-12-30 16:01:00,5,9016.69,0.05,CARD
S0053853,C02307,P00025,ST032,2026-09-05 00:47:00,3,4571.56,0.00,CARD
S0053854,C03909,P00304,ST014,2026-09-25 10:31:00,1,8379.11,0.00,COD
S0053855,C01921,P00278,ST002,2027-01-19 20:28:00,8,3088.10,0.15,UPI
S0053856,C01796,P00599,ST041,2026-12-29 22:13:00,1,1086.85,0.00,UPI
S0053857,C04866,P00845,ST023,2026-10-05 09:23:00,2,596.43,0.00,CARD
S0053858,C00238,P00755,ST040,2027-01-02 03:53:00,6,13881.05,0.05,CARD
S0053859,C02639,P01079,ST041,2026-12-03 16:53:00,3,2535.99,0.05,WALLET
S0053860,C03770,P00882,ST037,2026-09-25 03:45:00,4,1160.87,0.10,UPI
S0053861,C00763,P00658,ST014,2026-10-28 02:46:00,5,3910.13,0.10,NET_BANKING
S0053862,C01382,P00730,ST016,2027-04-14 16:20:00,5,3796.60,0.00,CARD
S0053863,C00233,P00155,ST006,2026-12-08 13:46:00,8,7087.72,0.15,COD
S0053864,C03597,P00713,ST015,2026-12-18 21:03:00,4,3603.18,0.00,UPI
S0053865,C02956,P00650,ST043,2026-09-01 18:49:00,1,155.14,0.00,NET_BANKING
S0053866,C04425,P01079,ST016,2027-01-17 14:46:00,8,2121.99,0.10,WALLET
S0053867,C04253,P00360,ST044,2027-01-25 16:51:00,3,8928.80,0.05,CARD
S0053868,C03377,P00697,ST002,2026-10-09 15:26:00,8,10439.87,0.00,CARD
S0053869,C03947,P00151,ST040,2026-09-21 21:10:00,7,9961.31,0.10,NET_BANKING
S0053870,C01739,P00894,ST034,2026-09-07 01:51:00,3,12465.27,0.10,UPI
S0053871,C03307,P00807,ST037,2027-03-14 07:45:00,3,3804.96,0.00,COD
S0053872,C00396,P00320,ST045,2026-12-01 05:03:00,4,7970.92,0.00,CARD
S0053873,C04961,P00910,ST007,2026-11-14 01:46:00,1,1660.00,0.00,CARD
S0053874,C00799,P00921,ST033,2027-04-19 14:27:00,8,10747.60,0.10,WALLET
S0053875,C04784,P01020,ST018,2026-12-05 16:58:00,3,3298.04,0.00,UPI
S0053876,C02407,P00399,ST007,2026-09-06 09:16:00,3,12674.98,0.05,UPI
S0053877,C04646,P00256,ST035,2026-10-23 12:52:00,5,1987.06,0.00,WALLET
S0053878,C02520,P00523,ST008,2027-01-08 12:17:00,1,3568.60,0.05,NET_BANKING
S0053879,C02835,P00010,ST017,2026-11-26 15:42:00,1,10965.99,0.00,UPI
S0053880,C01360,P01082,ST049,2027-02-11 18:03:00,2,4845.11,0.15,UPI
S0053881,C04078,P00134,ST023,2026-11-16 23:22:00,2,9455.44,0.15,WALLET
S0053882,C04465,P00267,ST005,2026-09-27 13:26:00,3,4567.81,0.00,UPI
S0053883,C03088,P00686,ST009,2027-01-21 13:17:00,3,1168.81,0.00,CARD
S0053884,C04724,P00590,ST039,2026-11-26 20:22:00,7,265.48,0.05,CARD
S0053885,C01006,P00167,ST026,2027-03-26 21:41:00,8,9994.61,0.15,CARD
S0053886,C02898,P00256,ST025,2027-01-13 22:23:00,5,1987.06,0.05,COD
S0053887,C01700,P00132,ST004,2026-12-18 02:02:00,2,661.50,0.05,UPI
S0053888,C03307,P00306,ST015,2026-11-22 13:43:00,8,8871.87,0.15,COD
S0053889,C02319,P00210,ST026,2026-10-11 16:16:00,6,3260.81,0.10,COD
S0053890,C04507,P00748,ST043,2027-04-16 14:27:00,1,7740.82,0.00,CARD
S0053891,C01983,P00155,ST042,2026-10-13 20:23:00,7,7087.72,0.00,NET_BANKING
S0053892,C01873,P00241,ST025,2026-11-05 00:16:00,4,14291.38,0.10,CARD
S0053893,C00382,P00196,ST023,2026-10-10 01:44:00,6,10921.34,0.05,WALLET
S0053894,C01221,P00851,ST036,2026-10-18 21:46:00,2,10520.35,0.00,WALLET
S0053895,C01963,P00956,ST035,2027-03-22 23:40:00,4,1818.03,0.15,CARD
S0053896,C00828,P00907,ST023,2027-02-08 04:36:00,3,14264.28,0.15,COD
S0053897,C03336,P00653,ST001,2027-01-16 05:43:00,2,13600.13,0.00,WALLET
S0053898,C00660,P00323,ST006,2027-04-13 13:17:00,8,2608.20,0.00,WALLET
S0053899,C03819,P00375,ST016,2026-09-03 21:43:00,6,8641.01,0.00,CARD
S0053900,C04233,P00874,ST009,2026-09-06 07:04:00,7,13474.71,0.10,NET_BANKING
S0053901,C04113,P00032,ST005,2027-04-02 16:34:00,1,2163.25,0.05,COD
S0053902,C02722,P00076,ST035,2026-11-10 08:28:00,4,2643.86,0.00,CARD
S0053903,C03954,P00035,ST008,2026-11-24 21:42:00,2,1827.96,0.15,WALLET
S0053904,C02055,P00183,ST010,2026-12-29 02:39:00,3,4082.17,0.05,COD
S0053905,C01165,P00985,ST017,2026-11-30 08:45:00,5,12971.94,0.00,WALLET
S0053906,C04849,P01011,ST027,2026-11-17 04:51:00,5,1814.25,0.00,COD
S0053907,C03805,P00930,ST035,2026-11-16 20:21:00,1,3721.19,0.00,UPI
S0053908,C02688,P00423,ST039,2027-04-24 20:56:00,1,562.41,0.15,WALLET
S0053909,C03316,P00174,ST005,2026-10-15 09:19:00,7,322.73,0.15,WALLET
S0053910,C01771,P00787,ST039,2027-03-03 06:58:00,4,12290.08,0.15,COD
S0053911,C04420,P00027,ST001,2027-04-25 15:15:00,6,2538.93,0.05,CARD
S0053912,C03213,P00565,ST003,2026-09-28 00:20:00,8,2663.33,0.00,UPI
S0053913,C00636,P00118,ST001,2027-05-03 00:29:00,1,7964.36,0.00,NET_BANKING
S0053914,C05098,P00213,ST011,2026-11-28 21:21:00,7,2854.32,0.10,COD
S0053915,C04275,P01059,ST022,2026-11-08 05:21:00,6,247.09,0.00,NET_BANKING
S0053916,C01881,P00198,ST048,2027-02-02 12:08:00,8,11526.28,0.10,CARD
S0053917,C02717,P00695,ST016,2027-03-21 18:54:00,3,13599.96,0.05,COD
S0053918,C04203,P00300,ST013,2027-04-17 20:18:00,8,14429.61,0.00,UPI
S0053919,C04903,P00301,ST012,2026-10-01 11:35:00,7,2542.44,0.10,CARD
S0053920,C00684,P00064,ST017,2027-02-09 04:19:00,4,9773.23,0.00,UPI
S0053921,C05006,P00418,ST034,2026-11-15 08:10:00,1,7868.89,0.00,NET_BANKING
S0053922,C05204,P01074,ST010,2026-12-09 04:30:00,8,393.49,0.00,CARD
S0053923,C04795,P01020,ST043,2026-09-15 05:31:00,5,2346.87,0.10,WALLET
S0053924,C04623,P01089,ST036,2027-04-14 11:35:00,3,4663.24,0.00,UPI
S0053925,C03952,P00639,ST044,2027-03-07 12:42:00,6,5321.74,0.15,WALLET
S0053926,C02524,P00380,ST014,2026-09-02 20:46:00,2,10594.68,0.05,UPI
S0053927,C03889,P00527,ST039,2026-09-27 09:59:00,8,14547.75,0.00,UPI
S0053928,C03445,P00463,ST028,2027-04-07 09:10:00,5,13244.30,0.10,NET_BANKING
S0053929,C00422,P00034,ST010,2027-01-04 07:56:00,5,14038.19,0.00,CARD
S0053930,C03719,P00175,ST050,2027-03-05 11:09:00,8,14956.51,0.10,NET_BANKING
S0053931,C00845,P00242,ST002,2027-04-21 23:22:00,3,6380.48,0.00,CARD
S0053932,C04647,P00046,ST042,2027-03-19 10:27:00,4,4750.20,0.05,NET_BANKING
S0053933,C00223,P00897,ST023,2026-12-16 17:35:00,7,3588.17,0.05,CARD
S0053934,C01819,P00983,ST041,2027-01-03 13:36:00,5,14539.34,0.10,COD
S0053935,C02546,P00939,ST001,2026-10-26 03:15:00,2,7892.75,0.00,CARD
S0053936,C00591,P00464,ST028,2027-02-02 19:28:00,2,6498.78,0.10,WALLET
S0053937,C04761,P00747,ST036,2027-05-19 13:41:00,2,91.31,0.05,WALLET
S0053938,C02175,P00393,ST023,2027-05-06 21:35:00,2,7337.73,0.00,COD
S0053939,C01134,P01082,ST050,2026-12-12 13:48:00,4,902.01,0.00,UPI
S0053940,C00063,P00929,ST027,2027-04-24 22:54:00,2,6068.78,0.15,UPI
S0053941,C00167,P00342,ST049,2026-11-19 20:20:00,7,2514.86,0.15,UPI
S0053942,C01523,P00938,ST045,2026-10-09 07:07:00,2,9016.69,0.00,CARD
S0053943,C03663,P00896,ST034,2026-12-24 11:26:00,6,9136.34,0.05,UPI
S0053944,C04508,P00594,ST034,2026-11-20 22:21:00,3,10755.95,0.05,UPI
S0053945,C02014,P00448,ST042,2027-02-19 05:01:00,1,9484.91,0.00,UPI
S0053946,C00866,P00921,ST009,2027-01-03 02:09:00,8,10747.60,0.00,CARD
S0053947,C04286,P00231,ST021,2026-10-11 19:27:00,6,4512.73,0.05,CARD
S0053948,C01562,P00386,ST033,2026-10-31 17:24:00,2,344.42,0.00,UPI
S0053949,C03045,P00620,ST037,2027-01-19 13:03:00,4,1987.43,0.00,UPI
S0053950,C02872,P00878,ST001,2027-04-09 21:00:00,6,13136.21,0.15,NET_BANKING
S0053951,C00999,P00378,ST011,2027-01-24 22:25:00,8,14078.19,0.00,WALLET
S0053952,C00482,P00748,ST019,2026-11-01 01:54:00,7,7740.82,0.00,UPI
S0053953,C00846,P00785,ST039,2027-04-25 14:54:00,1,8966.99,0.00,WALLET
S0053954,C01179,P00610,ST034,2026-11-30 09:44:00,7,2166.11,0.00,WALLET
S0053955,C04233,P01015,ST023,2026-09-29 20:51:00,2,249.11,0.10,NET_BANKING
S0053956,C00004,P00221,ST042,2027-03-09 17:39:00,5,7251.17,0.15,NET_BANKING
S0053957,C00398,P00616,ST005,2027-02-24 08:18:00,8,114.05,0.10,COD
S0053958,C00985,P00272,ST029,2027-02-12 04:50:00,6,13352.08,0.00,CARD
S0053959,C05335,P00888,ST040,2027-01-24 23:31:00,7,2165.37,0.05,UPI
S0053960,C03994,P01015,ST026,2027-01-17 16:44:00,8,199.21,0.05,CARD
S0053961,C01045,P01015,ST038,2026-10-16 21:41:00,2,2202.28,0.00,COD
S0053962,C01364,P00141,ST050,2027-05-16 01:55:00,2,8257.89,0.15,WALLET
S0053963,C00107,P00573,ST027,2027-04-17 12:13:00,2,7520.25,0.00,NET_BANKING
S0053964,C05386,P00853,ST044,2027-03-23 19:34:00,1,14567.44,0.05,CARD
S0053965,C01133,P00475,ST029,2026-09-24 17:15:00,1,1870.66,0.00,CARD
S0053966,C04397,P00893,ST034,2027-03-21 19:59:00,5,11968.39,0.10,NET_BANKING
S0053967,C02274,P00586,ST040,2027-05-16 18:52:00,6,3287.74,0.00,WALLET
S0053968,C05047,P00785,ST011,2026-10-01 16:57:00,8,8966.99,0.00,UPI
S0053969,C01626,P00127,ST041,2026-12-31 19:52:00,3,11914.83,0.10,NET_BANKING
S0053970,C05437,P00410,ST038,2026-09-28 21:39:00,8,12139.70,0.10,COD
S0053971,C02737,P00081,ST026,2026-10-10 05:22:00,3,13513.67,0.15,NET_BANKING
S0053972,C01173,P00935,ST028,2026-10-09 10:35:00,4,12673.48,0.15,UPI
S0053973,C04068,P00514,ST022,2027-01-02 12:33:00,6,14174.96,0.15,UPI
S0053974,C04036,P00809,ST023,2027-02-27 12:44:00,8,7203.83,0.15,CARD
S0053975,C02624,P00979,ST008,2027-03-04 07:15:00,3,5063.99,0.15,CARD
S0053976,C00469,P01088,ST003,2026-12-17 12:21:00,1,3785.60,0.00,WALLET
S0053977,C01003,P00314,ST008,2027-03-01 03:34:00,5,1767.09,0.00,COD
S0053978,C00842,P01052,ST031,2027-05-12 07:30:00,5,1373.72,0.15,NET_BANKING
S0053979,C03107,P01059,ST008,2027-04-30 11:29:00,8,1903.94,0.15,UPI
S0053980,C03771,P00198,ST041,2027-04-17 19:04:00,8,11526.28,0.00,UPI
S0053981,C01852,P01019,ST026,2027-03-21 22:36:00,6,4544.74,0.05,NET_BANKING
S0053982,C00106,P00554,ST047,2027-03-29 03:30:00,4,14870.16,0.05,CARD
S0053983,C03664,P00811,ST048,2027-01-04 16:15:00,5,12059.60,0.05,WALLET
S0053984,C02209,P00005,ST028,2026-10-04 03:06:00,6,3720.45,0.10,UPI
S0053985,C03777,P00898,ST046,2027-04-30 23:17:00,2,1340.84,0.05,WALLET
S0053986,C02927,P00986,ST043,2027-04-13 15:59:00,6,6941.31,0.00,UPI
S0053987,C01306,P00456,ST043,2026-09-21 01:15:00,2,2960.04,0.15,UPI
S0053988,C01430,P00260,ST004,2026-10-15 03:52:00,6,11471.26,0.00,WALLET
S0053989,C01806,P00159,ST015,2026-12-21 18:39:00,3,6984.00,0.05,CARD
S0053990,C04962,P00140,ST005,2026-09-07 12:52:00,6,343.17,0.00,UPI
S0053991,C01226,P00605,ST039,2027-01-29 12:09:00,6,10366.72,0.05,NET_BANKING
S0053992,C01172,P00225,ST019,2026-10-22 19:53:00,1,9830.38,0.00,NET_BANKING
S0053993,C05022,P00179,ST039,2027-01-04 13:37:00,6,6066.21,0.00,CARD
S0053994,C01548,P00861,ST049,2026-09-21 02:57:00,6,3963.47,0.10,WALLET
S0053995,C00815,P00738,ST021,2026-11-02 23:01:00,1,14125.52,0.15,CARD
S0053996,C01853,P00452,ST035,2027-04-16 04:51:00,5,3389.85,0.10,UPI
S0053997,C00715,P00175,ST001,2027-05-19 22:57:00,8,14956.51,0.15,COD
S0053998,C00174,P00498,ST001,2026-10-04 04:15:00,4,302.97,0.15,CARD
S0053999,C02091,P00817,ST009,2027-01-13 01:28:00,2,11269.31,0.00,WALLET
S0054000,C03448,P00188,ST008,2027-03-22 20:42:00,2,6455.12,0.00,UPI
S0054001,C05196,P00427,ST018,2027-03-13 08:23:00,7,7760.69,0.10,COD
S0054002,C02714,P00965,ST028,2027-01-06 19:21:00,7,14887.52,0.05,WALLET
S0054003,C03151,P00397,ST039,2026-12-02 14:38:00,8,12844.97,0.05,UPI
S0054004,C03126,P00309,ST028,2027-03-03 10:55:00,2,9944.41,0.00,UPI
S0054005,C02696,P00485,ST036,2026-11-16 05:54:00,7,2390.76,0.10,UPI
S0054006,C03211,P00662,ST031,2026-12-31 00:14:00,1,6965.19,0.00,NET_BANKING
S0054007,C05108,P00280,ST027,2026-09-20 11:30:00,3,5715.39,0.05,COD
S0054008,C04163,P00040,ST026,2026-11-20 13:42:00,6,1501.66,0.00,UPI
S0054009,C02291,P01054,ST009,2026-10-15 03:18:00,3,585.62,0.15,NET_BANKING
S0054010,C00993,P00603,ST021,2027-02-08 22:14:00,5,7723.35,0.00,NET_BANKING
S0054011,C03347,P00540,ST005,2026-12-07 01:18:00,2,8768.71,0.05,NET_BANKING
S0054012,C00885,P00873,ST010,2027-03-16 14:08:00,3,9917.75,0.10,COD
S0054013,C01915,P00297,ST026,2027-01-24 13:02:00,7,10745.27,0.05,WALLET
S0054014,C00860,P00116,ST032,2026-10-09 08:11:00,8,6123.57,0.15,UPI
S0054015,C01582,P00386,ST002,2026-12-11 13:32:00,2,344.42,0.00,UPI
S0054016,C03842,P00503,ST008,2026-12-25 18:22:00,1,5972.66,0.05,NET_BANKING
S0054017,C00870,P00450,ST026,2026-12-19 04:25:00,2,11985.09,0.05,COD
S0054018,C00850,P00784,ST007,2027-02-22 12:49:00,8,13461.16,0.15,COD
S0054019,C04208,P00420,ST007,2027-05-17 03:28:00,4,13992.32,0.00,UPI
S0054020,C03286,P00475,ST046,2027-04-06 13:45:00,6,1870.66,0.00,UPI
S0054021,C03699,P00985,ST022,2027-03-28 11:54:00,2,12971.94,0.15,COD
S0054022,C01601,P01071,ST007,2026-12-19 07:55:00,1,4636.09,0.05,COD
S0054023,C01750,P00654,ST011,2026-12-21 17:57:00,4,12742.05,0.00,UPI
S0054024,C04076,P00706,ST015,2027-05-15 12:17:00,5,2797.24,0.00,UPI
S0054025,C04179,P00094,ST036,2027-05-08 04:14:00,6,3538.71,0.00,COD
S0054026,C05432,P00456,ST007,2027-03-30 02:44:00,8,2960.04,0.00,CARD
S0054027,C02803,P01064,ST003,2027-01-25 02:39:00,5,2457.60,0.15,CARD
S0054028,C05449,P00026,ST025,2027-05-13 16:51:00,1,3973.71,0.10,WALLET
S0054029,C03746,P00596,ST025,2027-03-26 18:48:00,2,8194.29,0.05,COD
S0054030,C05178,P00778,ST007,2027-01-29 12:54:00,1,5364.50,0.00,CARD
S0054031,C05202,P00281,ST030,2026-10-30 13:44:00,5,12950.39,0.00,WALLET
S0054032,C00432,P00241,ST037,2026-11-04 00:11:00,2,14291.38,0.10,COD
S0054033,C00022,P00027,ST022,2027-05-06 17:40:00,6,2538.93,0.00,UPI
S0054034,C04383,P00016,ST018,2027-01-28 13:04:00,6,9646.46,0.05,COD
S0054035,C05427,P01005,ST029,2026-10-30 08:54:00,3,4543.92,0.00,CARD
S0054036,C04913,P00195,ST007,2027-05-13 13:48:00,3,10101.96,0.00,CARD
S0054037,C04310,P00891,ST008,2026-10-18 16:20:00,3,2634.44,0.05,COD
S0054038,C02956,P01036,ST015,2027-02-28 04:51:00,6,1816.03,0.00,WALLET
S0054039,C00788,P00287,ST031,2027-02-21 00:43:00,4,1326.71,0.00,WALLET
S0054040,C02616,P00829,ST036,2027-04-25 16:49:00,8,5882.19,0.00,CARD
S0054041,C05454,P00886,ST003,2027-05-15 01:36:00,7,2075.82,0.05,WALLET
S0054042,C05319,P00464,ST042,2027-05-07 14:31:00,3,6498.78,0.15,NET_BANKING
S0054043,C05372,P00396,ST038,2027-04-03 20:48:00,1,1114.54,0.00,WALLET
S0054044,C04284,P00189,ST026,2026-10-03 13:38:00,4,10563.30,0.00,COD
S0054045,C00645,P00278,ST009,2026-10-07 18:59:00,4,3088.10,0.00,NET_BANKING
S0054046,C04228,P00364,ST004,2027-03-08 05:44:00,5,12302.90,0.00,WALLET
S0054047,C04903,P00919,ST013,2027-05-15 03:21:00,5,8906.88,0.10,CARD
S0054048,C04077,P00289,ST035,2026-09-27 23:01:00,5,535.61,0.00,NET_BANKING
S0054049,C03388,P00736,ST047,2027-03-26 04:20:00,4,10626.28,0.10,COD
S0054050,C01699,P00700,ST012,2027-02-10 15:09:00,6,7501.36,0.10,NET_BANKING
S0054051,C01195,P00261,ST042,2027-04-19 18:57:00,6,6561.97,0.05,COD
S0054052,C04385,P00871,ST045,2027-03-29 09:22:00,2,9556.52,0.00,NET_BANKING
S0054053,C04693,P00774,ST006,2026-10-12 11:29:00,8,12009.08,0.00,COD
S0054054,C01554,P00338,ST014,2026-11-23 05:54:00,2,9729.31,0.00,CARD
S0054055,C03721,P00952,ST028,2027-02-14 04:43:00,3,7725.11,0.15,WALLET
S0054056,C04301,P00405,ST010,2027-01-22 09:38:00,5,11768.32,0.10,WALLET
S0054057,C03698,P00975,ST002,2027-05-05 20:13:00,2,14210.52,0.10,NET_BANKING
S0054058,C03709,P00219,ST001,2027-01-25 01:17:00,5,13496.03,0.10,WALLET
S0054059,C02205,P00944,ST044,2027-03-31 09:12:00,8,13637.69,0.05,WALLET
S0054060,C02643,P00678,ST003,2026-09-28 01:04:00,7,5849.17,0.10,COD
S0054061,C04223,P00738,ST030,2026-12-02 18:18:00,2,14125.52,0.00,WALLET
S0054062,C00643,P00834,ST027,2026-10-20 15:28:00,5,13773.56,0.00,NET_BANKING
S0054063,C01244,P00584,ST011,2027-01-31 14:11:00,3,1058.35,0.00,WALLET
S0054064,C00304,P00711,ST012,2026-11-12 08:09:00,7,6883.58,0.10,NET_BANKING
S0054065,C00235,P00290,ST036,2027-04-16 06:37:00,8,3515.83,0.10,COD
S0054066,C01414,P01071,ST016,2026-10-10 12:37:00,2,3458.55,0.00,WALLET
S0054067,C00473,P00529,ST006,2026-11-04 02:38:00,5,10534.37,0.00,UPI
S0054068,C03408,P00402,ST030,2027-01-04 23:12:00,6,7483.33,0.10,NET_BANKING
S0054069,C00391,P00165,ST028,2026-12-31 10:37:00,7,14497.74,0.05,COD
S0054070,C02951,P00229,ST034,2027-02-14 04:44:00,3,718.51,0.00,WALLET
S0054071,C03223,P00289,ST018,2026-09-26 09:41:00,4,535.61,0.10,COD
S0054072,C01421,P00867,ST003,2027-01-15 04:31:00,2,5370.01,0.10,COD
S0054073,C02494,P00800,ST035,2026-11-29 22:29:00,8,14143.96,0.00,COD
S0054074,C02795,P01039,ST034,2027-01-11 01:47:00,1,1352.22,0.10,NET_BANKING
S0054075,C02583,P00454,ST026,2026-10-31 14:02:00,6,8517.58,0.00,WALLET
S0054076,C01119,P01035,ST002,2026-10-19 20:47:00,4,3434.73,0.00,NET_BANKING
S0054077,C04813,P01042,ST021,2027-05-18 02:09:00,8,2678.64,0.05,UPI
S0054078,C01048,P00413,ST042,2027-02-06 17:50:00,5,8913.27,0.00,CARD
S0054079,C01299,P00690,ST008,2027-03-23 03:38:00,4,4018.76,0.00,WALLET
S0054080,C04425,P01032,ST036,2026-11-21 19:58:00,1,2834.01,0.05,COD
S0054081,C04527,P00547,ST010,2026-11-02 22:22:00,3,68.05,0.05,NET_BANKING
S0054082,C04789,P00842,ST021,2027-03-13 02:39:00,1,12208.32,0.00,WALLET
S0054083,C02556,P00909,ST027,2026-11-16 18:04:00,1,12153.06,0.15,NET_BANKING
S0054084,C04898,P00573,ST039,2026-12-21 12:21:00,3,7520.25,0.10,WALLET
S0054085,C00062,P00275,ST027,2026-10-03 09:43:00,6,6304.00,0.15,COD
S0054086,C05219,P00574,ST026,2026-09-29 10:40:00,5,8927.79,0.10,CARD
S0054087,C02610,P00807,ST041,2027-02-01 23:10:00,8,3804.96,0.00,NET_BANKING
S0054088,C02492,P00548,ST025,2027-04-01 03:17:00,7,11468.53,0.00,NET_BANKING
S0054089,C02515,P00204,ST024,2026-09-16 19:26:00,3,1600.11,0.05,CARD
S0054090,C04827,P00925,ST042,2026-12-15 11:07:00,6,9802.23,0.00,CARD
S0054091,C02172,P00039,ST010,2027-05-11 00:44:00,2,11380.58,0.15,WALLET
S0054092,C04673,P00474,ST035,2027-05-11 16:47:00,8,2329.87,0.05,NET_BANKING
S0054093,C03710,P00097,ST006,2027-04-08 20:11:00,1,9879.74,0.10,WALLET
S0054094,C03421,P00552,ST035,2027-02-15 11:53:00,2,14232.88,0.00,UPI
S0054095,C00749,P00558,ST004,2027-01-31 09:35:00,1,2884.27,0.15,COD
S0054096,C03172,P00452,ST004,2026-11-20 00:19:00,7,3389.85,0.15,CARD
S0054097,C00567,P00584,ST027,2026-11-09 00:54:00,5,1058.35,0.00,WALLET
S0054098,C04385,P00111,ST050,2026-10-17 03:55:00,3,7353.74,0.00,COD
S0054099,C04891,P00155,ST033,2027-02-28 05:12:00,2,7087.72,0.00,WALLET
S0054100,C00051,P00226,ST026,2026-11-08 01:09:00,6,14378.99,0.15,NET_BANKING
S0054101,C01777,P00382,ST003,2027-04-20 22:55:00,8,14341.57,0.15,WALLET
S0054102,C04292,P00465,ST032,2026-12-30 05:19:00,1,2736.41,0.10,CARD
S0054103,C00349,P00326,ST031,2026-09-09 04:31:00,6,13983.47,0.00,WALLET
S0054104,C04211,P00644,ST043,2026-11-10 01:50:00,3,8264.91,0.00,CARD
S0054105,C04492,P00279,ST013,2026-10-09 09:41:00,7,7949.95,0.05,COD
S0054106,C04040,P00137,ST004,2026-12-15 08:33:00,5,9416.73,0.00,UPI
S0054107,C05065,P00829,ST039,2027-04-18 07:44:00,3,5882.19,0.15,CARD
S0054108,C02012,P00556,ST035,2026-10-24 16:20:00,7,4347.03,0.00,COD
S0054109,C01739,P00211,ST018,2026-11-05 20:33:00,8,1685.16,0.15,UPI
S0054110,C02015,P00855,ST039,2027-03-11 10:12:00,5,3531.06,0.00,NET_BANKING
S0054111,C04820,P00947,ST016,2027-03-09 10:27:00,8,5493.18,0.10,UPI
S0054112,C04208,P00722,ST041,2027-04-27 18:03:00,3,2303.35,0.00,NET_BANKING
S0054113,C01083,P00870,ST005,2026-09-21 19:37:00,8,12131.34,0.05,COD
S0054114,C01003,P00669,ST010,2027-04-19 14:35:00,5,14324.33,0.00,UPI
S0054115,C05071,P00917,ST033,2026-10-19 17:53:00,3,12206.45,0.00,COD
S0054116,C01533,P00707,ST019,2027-04-17 01:06:00,4,10164.19,0.15,NET_BANKING
S0054117,C03460,P00947,ST010,2026-12-04 23:40:00,5,5493.18,0.00,UPI
S0054118,C05484,P00724,ST027,2027-02-28 04:07:00,2,842.59,0.15,NET_BANKING
S0054119,C01049,P00414,ST024,2026-10-12 02:46:00,4,11326.94,0.10,COD
S0054120,C02380,P01073,ST047,2026-10-13 05:09:00,8,4572.54,0.15,CARD
S0054121,C05194,P00772,ST001,2026-11-12 13:53:00,6,13512.62,0.00,CARD
S0054122,C03972,P00200,ST019,2027-01-13 22:15:00,1,12660.04,0.05,UPI
S0054123,C03553,P00352,ST013,2027-04-20 01:18:00,2,13564.85,0.15,UPI
S0054124,C03723,P00938,ST002,2026-11-15 11:29:00,8,9016.69,0.05,COD
S0054125,C04590,P00776,ST041,2027-01-19 00:57:00,8,571.16,0.15,WALLET
S0054126,C01531,P00632,ST038,2026-10-07 23:00:00,8,6057.90,0.00,WALLET
S0054127,C00071,P00316,ST049,2026-11-29 08:17:00,1,4896.51,0.00,UPI
S0054128,C00715,P01089,ST013,2027-02-19 22:53:00,7,1732.78,0.00,NET_BANKING
S0054129,C02378,P01017,ST031,2026-10-01 11:49:00,6,2963.85,0.00,WALLET
S0054130,C02595,P00381,ST036,2027-01-20 11:38:00,1,12953.05,0.00,CARD
S0054131,C02777,P01029,ST017,2026-09-24 02:25:00,3,235.06,0.05,UPI
S0054132,C01329,P00487,ST020,2027-03-23 06:06:00,7,5449.32,0.05,CARD
S0054133,C00092,P00323,ST020,2026-11-09 16:56:00,8,2608.20,0.10,WALLET
S0054134,C02697,P00328,ST015,2026-11-22 13:01:00,7,3281.70,0.05,CARD
S0054135,C04387,P01068,ST014,2027-02-27 06:45:00,8,1572.47,0.05,UPI
S0054136,C03180,P00719,ST003,2027-02-25 04:47:00,1,6837.75,0.00,NET_BANKING
S0054137,C00619,P00399,ST037,2026-10-07 23:22:00,4,12674.98,0.10,WALLET
S0054138,C01956,P00613,ST009,2026-12-29 10:19:00,6,10916.90,0.15,COD
S0054139,C01703,P00823,ST037,2026-10-18 19:46:00,7,13235.97,0.15,NET_BANKING
S0054140,C03729,P00716,ST049,2026-12-12 06:54:00,7,3403.75,0.00,NET_BANKING
S0054141,C03675,P00875,ST018,2026-10-24 00:01:00,5,9193.50,0.00,COD
S0054142,C00297,P00375,ST039,2027-03-28 19:27:00,2,8641.01,0.00,NET_BANKING
S0054143,C04163,P00913,ST023,2026-11-20 22:50:00,2,11417.61,0.05,COD
S0054144,C04436,P00974,ST004,2026-09-27 08:59:00,2,2875.19,0.15,WALLET
S0054145,C00509,P01030,ST005,2027-03-26 03:35:00,3,973.55,0.10,NET_BANKING
S0054146,C05240,P00859,ST035,2027-05-03 12:06:00,7,4987.90,0.00,WALLET
S0054147,C00222,P00311,ST024,2027-02-05 20:17:00,4,10510.03,0.00,COD
S0054148,C01257,P00075,ST032,2027-02-02 21:09:00,3,288.24,0.00,CARD
S0054149,C05142,P00857,ST031,2027-02-27 11:18:00,4,10083.38,0.00,WALLET
S0054150,C05154,P01024,ST026,2026-09-21 12:11:00,6,3983.18,0.15,COD
S0054151,C04665,P00447,ST049,2026-10-19 20:32:00,3,13780.12,0.10,UPI
S0054152,C04107,P00786,ST003,2026-12-31 21:50:00,2,8674.28,0.10,UPI
S0054153,C03918,P00488,ST026,2027-04-09 06:45:00,3,764.11,0.10,CARD
S0054154,C03222,P00195,ST042,2026-11-24 05:00:00,5,10101.96,0.05,WALLET
S0054155,C02341,P00386,ST041,2027-04-08 07:49:00,2,344.42,0.10,NET_BANKING
S0054156,C01010,P01100,ST013,2026-12-11 11:54:00,7,2955.67,0.00,COD
S0054157,C03969,P00894,ST041,2026-11-08 14:09:00,2,12465.27,0.10,CARD
S0054158,C05429,P00333,ST026,2027-04-27 01:46:00,8,1647.52,0.00,WALLET
S0054159,C04510,P00344,ST020,2026-11-22 09:57:00,2,12170.01,0.00,CARD
S0054160,C03422,P00791,ST046,2027-05-06 17:37:00,4,5011.64,0.15,WALLET
S0054161,C05062,P00568,ST034,2027-03-02 17:49:00,8,11436.07,0.15,COD
S0054162,C02398,P00344,ST049,2026-10-05 16:37:00,6,12170.01,0.05,COD
S0054163,C01999,P00132,ST037,2027-03-06 00:16:00,4,661.50,0.00,CARD
S0054164,C03468,P00256,ST010,2027-02-26 20:12:00,8,1987.06,0.10,CARD
S0054165,C00019,P01070,ST001,2027-01-27 19:55:00,8,267.37,0.05,CARD
S0054166,C04266,P00092,ST021,2027-03-31 12:05:00,7,8564.59,0.00,COD
S0054167,C02185,P00304,ST045,2026-11-06 20:29:00,5,8379.11,0.15,CARD
S0054168,C03626,P00277,ST041,2027-02-24 16:57:00,2,4475.85,0.00,UPI
S0054169,C01796,P00297,ST025,2026-10-08 00:25:00,6,10745.27,0.15,CARD
S0054170,C05011,P00795,ST037,2027-05-19 23:40:00,7,123.55,0.15,CARD
S0054171,C04828,P00987,ST035,2027-02-03 20:40:00,1,8796.88,0.05,CARD
S0054172,C03460,P00563,ST031,2026-10-28 17:51:00,6,2736.29,0.00,NET_BANKING
S0054173,C02126,P00628,ST029,2027-02-14 03:23:00,2,11204.97,0.00,CARD
S0054174,C04645,P00165,ST007,2027-03-13 05:00:00,4,14497.74,0.10,CARD
S0054175,C04745,P00850,ST035,2027-04-14 17:10:00,8,4390.79,0.05,UPI
S0054176,C05340,P00603,ST008,2027-03-10 22:25:00,8,7723.35,0.00,UPI
S0054177,C04379,P00213,ST042,2027-01-15 07:54:00,1,2854.32,0.00,COD
S0054178,C02958,P00227,ST014,2026-09-05 00:09:00,5,7877.11,0.05,WALLET
S0054179,C01307,P00993,ST048,2026-11-12 11:48:00,3,11078.12,0.15,WALLET
S0054180,C03528,P00911,ST011,2027-02-08 12:55:00,1,10076.98,0.05,UPI
S0054181,C02455,P00807,ST005,2027-03-27 01:07:00,6,3804.96,0.10,COD
S0054182,C04360,P00652,ST007,2026-11-10 11:50:00,6,7213.51,0.00,NET_BANKING
S0054183,C01426,P00939,ST026,2027-04-30 22:46:00,6,7892.75,0.00,WALLET
S0054184,C02102,P01060,ST050,2027-05-04 08:43:00,8,1364.69,0.15,CARD
S0054185,C03327,P00773,ST017,2026-12-27 15:17:00,7,11513.99,0.10,UPI
S0054186,C01905,P00396,ST011,2027-01-11 11:12:00,6,1114.54,0.15,COD
S0054187,C05500,P00631,ST001,2027-02-14 23:20:00,6,2764.58,0.00,CARD
S0054188,C02087,P00540,ST046,2026-11-08 14:04:00,4,8768.71,0.00,CARD
S0054189,C01731,P00593,ST024,2026-11-15 16:58:00,4,3386.42,0.00,COD
S0054190,C05371,P00767,ST029,2027-01-10 11:55:00,6,11689.48,0.15,UPI
S0054191,C03913,P01060,ST015,2027-04-14 22:48:00,2,2714.75,0.00,WALLET
S0054192,C02433,P00101,ST046,2027-01-09 13:07:00,7,8045.20,0.10,NET_BANKING
S0054193,C05426,P00805,ST028,2026-11-18 13:14:00,1,14921.08,0.15,NET_BANKING
S0054194,C04109,P00654,ST008,2027-03-26 23:04:00,1,12742.05,0.10,WALLET
S0054195,C01453,P01060,ST029,2027-04-16 00:32:00,4,4863.71,0.05,NET_BANKING
S0054196,C04783,P00992,ST009,2026-09-25 03:33:00,2,9363.29,0.00,WALLET
S0054197,C04033,P00298,ST033,2027-04-28 00:01:00,4,14106.08,0.00,UPI
S0054198,C04067,P00546,ST025,2027-03-17 17:52:00,4,9420.65,0.05,NET_BANKING
S0054199,C01287,P00852,ST014,2027-02-15 18:16:00,1,9756.12,0.05,CARD
S0054200,C00194,P00054,ST033,2027-02-17 14:32:00,7,6510.78,0.10,UPI
S0054201,C02558,P00982,ST045,2026-09-04 20:59:00,5,1313.93,0.00,NET_BANKING
S0054202,C01461,P00288,ST037,2026-10-03 23:22:00,3,8330.78,0.10,UPI
S0054203,C00236,P00889,ST012,2027-03-05 02:21:00,8,10263.87,0.10,CARD
S0054204,C05012,P00927,ST007,2026-11-22 05:57:00,6,9200.17,0.10,UPI
S0054205,C03055,P00989,ST013,2026-10-15 00:12:00,6,6367.31,0.05,UPI
S0054206,C04315,P00149,ST040,2026-09-30 11:56:00,3,6470.19,0.00,WALLET
S0054207,C01994,P00232,ST006,2027-02-19 05:24:00,7,10782.96,0.00,CARD
S0054208,C01877,P00059,ST004,2027-01-13 23:57:00,1,14733.93,0.10,UPI
S0054209,C01311,P01016,ST039,2026-12-01 23:54:00,3,1552.12,0.00,CARD
S0054210,C03317,P00331,ST023,2027-01-31 18:22:00,6,9971.71,0.00,UPI
S0054211,C00827,P00431,ST027,2027-01-29 10:57:00,7,13380.90,0.15,WALLET
S0054212,C02566,P00441,ST037,2027-04-17 12:49:00,6,10328.32,0.00,CARD
S0054213,C01090,P00005,ST007,2026-11-23 02:08:00,1,3720.45,0.00,CARD
S0054214,C00069,P00997,ST038,2027-02-28 04:12:00,5,2288.79,0.00,CARD
S0054215,C03096,P00485,ST038,2026-10-27 05:40:00,5,2390.76,0.10,WALLET
S0054216,C04548,P00680,ST042,2026-10-12 09:55:00,6,6161.56,0.00,WALLET
S0054217,C01381,P00429,ST026,2026-10-23 12:21:00,3,8780.62,0.15,NET_BANKING
S0054218,C04055,P00233,ST007,2027-05-08 21:18:00,3,5834.21,0.15,COD
S0054219,C04492,P01040,ST030,2026-12-28 01:26:00,2,2395.58,0.00,NET_BANKING
S0054220,C03097,P00275,ST011,2026-12-28 06:00:00,6,6304.00,0.15,CARD
S0054221,C01208,P00734,ST029,2027-04-21 22:13:00,3,2368.19,0.00,COD
S0054222,C01202,P00795,ST017,2027-04-02 18:17:00,3,123.55,0.10,WALLET
S0054223,C02791,P00326,ST011,2027-03-01 13:34:00,1,13983.47,0.00,WALLET
S0054224,C03990,P00598,ST038,2027-02-08 19:03:00,7,4459.15,0.10,CARD
S0054225,C05230,P00856,ST009,2027-04-04 02:47:00,3,4490.45,0.10,WALLET
S0054226,C04368,P00668,ST040,2026-10-20 01:56:00,6,9801.28,0.15,CARD
S0054227,C01694,P00452,ST009,2027-03-25 14:03:00,5,3389.85,0.10,NET_BANKING
S0054228,C00248,P00693,ST015,2027-02-09 01:05:00,7,10171.16,0.10,NET_BANKING
S0054229,C04531,P00826,ST050,2026-09-16 00:36:00,4,8287.08,0.00,WALLET
S0054230,C04494,P00463,ST045,2027-04-27 20:20:00,8,13244.30,0.15,UPI
S0054231,C01529,P00335,ST032,2027-02-11 02:04:00,8,2003.90,0.15,NET_BANKING
S0054232,C01914,P00310,ST003,2026-09-22 11:11:00,2,7286.34,0.00,NET_BANKING
S0054233,C00625,P00088,ST035,2026-12-18 08:16:00,7,8857.37,0.15,WALLET
S0054234,C02936,P00953,ST047,2027-03-16 02:48:00,1,11654.98,0.15,UPI
S0054235,C04117,P00300,ST033,2026-09-30 11:44:00,5,14429.61,0.00,COD
S0054236,C03259,P00815,ST020,2027-01-26 07:49:00,4,9553.20,0.00,CARD
S0054237,C02456,P00628,ST015,2026-11-03 10:45:00,6,11204.97,0.15,WALLET
S0054238,C05238,P00164,ST034,2026-09-18 14:26:00,4,6049.30,0.00,UPI
S0054239,C00477,P00545,ST027,2027-04-19 22:18:00,2,2928.27,0.10,UPI
S0054240,C01127,P00663,ST041,2026-10-24 13:30:00,5,4192.70,0.05,NET_BANKING
S0054241,C01130,P00846,ST039,2026-09-18 16:29:00,1,5378.97,0.00,COD
S0054242,C01150,P01023,ST040,2027-04-10 12:09:00,2,3454.97,0.15,WALLET
S0054243,C02551,P01069,ST004,2026-09-27 10:46:00,5,4032.78,0.10,CARD
S0054244,C00646,P01053,ST011,2026-10-15 20:52:00,2,762.03,0.00,WALLET
S0054245,C04631,P00482,ST034,2027-04-15 20:11:00,2,3964.41,0.10,UPI
S0054246,C00867,P00567,ST009,2027-03-14 01:32:00,8,2522.97,0.00,NET_BANKING
S0054247,C00605,P00904,ST049,2027-02-15 21:32:00,5,437.50,0.15,WALLET
S0054248,C02485,P00053,ST003,2027-03-11 19:09:00,3,4727.29,0.05,UPI
S0054249,C02451,P00212,ST049,2027-02-18 09:07:00,2,13581.02,0.00,WALLET
S0054250,C00414,P01008,ST007,2027-04-23 17:02:00,2,3064.87,0.05,NET_BANKING
S0054251,C03194,P01024,ST027,2027-02-02 15:25:00,3,1715.25,0.10,NET_BANKING
S0054252,C02677,P00662,ST013,2027-01-14 15:17:00,3,6965.19,0.15,WALLET
S0054253,C02955,P00438,ST020,2027-02-03 17:45:00,7,2063.81,0.10,WALLET
S0054254,C01851,P00384,ST039,2027-02-23 20:10:00,2,2659.04,0.10,UPI
S0054255,C04928,P00300,ST034,2026-10-13 11:26:00,6,14429.61,0.00,NET_BANKING
S0054256,C04317,P01006,ST047,2027-02-11 07:12:00,2,740.97,0.10,CARD
S0054257,C04304,P00928,ST049,2027-02-20 06:21:00,4,6951.77,0.15,COD
S0054258,C02847,P00160,ST015,2027-01-03 20:55:00,7,1889.89,0.15,COD
S0054259,C04066,P00512,ST008,2027-04-15 12:21:00,5,11395.40,0.05,CARD
S0054260,C02247,P00879,ST001,2026-10-28 13:50:00,6,5207.36,0.05,CARD
S0054261,C01046,P00224,ST020,2027-04-02 20:01:00,3,2208.50,0.05,WALLET
S0054262,C04837,P00939,ST021,2026-11-18 18:40:00,3,7892.75,0.00,UPI
S0054263,C01969,P00513,ST027,2027-03-20 07:26:00,4,2594.81,0.10,COD
S0054264,C02734,P00064,ST007,2026-11-21 02:18:00,5,9773.23,0.00,WALLET
S0054265,C02773,P00994,ST009,2026-12-24 15:25:00,2,14986.15,0.10,CARD
S0054266,C04644,P00667,ST019,2026-11-03 21:17:00,5,14053.41,0.00,WALLET
S0054267,C05309,P00686,ST033,2027-04-14 21:50:00,3,1168.81,0.10,COD
S0054268,C04237,P00200,ST027,2027-03-23 18:06:00,7,12660.04,0.15,WALLET
S0054269,C00483,P00011,ST037,2027-04-12 16:32:00,5,9660.40,0.15,WALLET
S0054270,C02973,P00725,ST018,2027-01-13 08:44:00,7,5516.84,0.15,CARD
S0054271,C01479,P00803,ST002,2027-01-22 06:01:00,3,4458.92,0.00,WALLET
S0054272,C02774,P00350,ST024,2027-03-09 09:22:00,3,12905.92,0.05,WALLET
S0054273,C00675,P00184,ST026,2027-04-12 23:46:00,7,8980.87,0.15,UPI
S0054274,C04011,P00364,ST005,2027-01-11 11:56:00,4,12302.90,0.00,UPI
S0054275,C00430,P00615,ST042,2027-03-22 18:32:00,6,5873.54,0.00,COD
S0054276,C00477,P00749,ST045,2026-10-09 21:22:00,8,5536.94,0.15,COD
S0054277,C01919,P00506,ST040,2027-03-28 23:47:00,1,4110.78,0.10,COD
S0054278,C03984,P01091,ST037,2026-11-16 04:59:00,4,1561.34,0.00,UPI
S0054279,C02591,P00011,ST003,2026-10-05 18:52:00,1,9660.40,0.05,CARD
S0054280,C00512,P00509,ST045,2027-02-07 04:20:00,2,6695.51,0.00,COD
S0054281,C00526,P00489,ST010,2026-09-29 21:12:00,7,12272.05,0.00,COD
S0054282,C03804,P00694,ST008,2027-04-17 08:12:00,6,11037.40,0.10,COD
S0054283,C00107,P00547,ST011,2026-12-12 20:28:00,6,68.05,0.00,UPI
S0054284,C01517,P00566,ST040,2026-10-02 12:42:00,7,9094.95,0.15,WALLET
S0054285,C01703,P00962,ST003,2026-09-18 10:53:00,3,12113.97,0.00,WALLET
S0054286,C04333,P00595,ST019,2027-03-28 18:29:00,5,6648.58,0.10,WALLET
S0054287,C03996,P00604,ST045,2027-01-21 07:53:00,3,3876.20,0.15,COD
S0054288,C04238,P00199,ST005,2027-01-28 04:09:00,3,10119.49,0.00,UPI
S0054289,C01781,P00209,ST045,2027-01-27 21:09:00,1,6800.00,0.15,WALLET
S0054290,C04563,P00471,ST035,2026-09-22 03:19:00,2,8186.09,0.00,COD
S0054291,C03182,P01032,ST017,2026-09-21 22:17:00,2,3140.77,0.05,NET_BANKING
S0054292,C01703,P00480,ST041,2027-04-23 12:53:00,6,2188.07,0.15,CARD
S0054293,C03908,P00296,ST039,2027-02-16 11:52:00,2,4617.53,0.10,CARD
S0054294,C05402,P00713,ST018,2026-09-29 13:38:00,6,3603.18,0.05,NET_BANKING
S0054295,C00412,P00780,ST027,2026-12-28 02:24:00,8,5639.59,0.00,UPI
S0054296,C01787,P00288,ST012,2027-02-27 20:51:00,8,8330.78,0.00,CARD
S0054297,C02702,P00675,ST022,2027-02-28 22:15:00,8,10065.36,0.10,NET_BANKING
S0054298,C05383,P00018,ST016,2026-12-23 21:02:00,5,10580.36,0.00,CARD
S0054299,C00186,P00135,ST022,2026-09-02 17:31:00,7,4518.74,0.10,UPI
S0054300,C01823,P00293,ST041,2026-12-11 06:16:00,3,8511.68,0.10,UPI
S0054301,C02027,P00382,ST017,2026-10-03 03:26:00,7,14341.57,0.05,COD
S0054302,C04728,P00764,ST016,2027-02-13 14:29:00,2,2546.62,0.15,WALLET
S0054303,C02316,P00815,ST032,2027-04-02 18:03:00,2,9553.20,0.15,CARD
S0054304,C05219,P00825,ST002,2027-04-04 13:05:00,4,4481.95,0.15,UPI
S0054305,C05068,P00722,ST038,2027-02-01 07:34:00,5,2303.35,0.05,COD
S0054306,C01373,P00939,ST024,2026-10-14 11:11:00,4,7892.75,0.00,UPI
S0054307,C04751,P00299,ST025,2027-03-06 23:48:00,1,4344.66,0.15,WALLET
S0054308,C01922,P00889,ST047,2026-11-13 11:00:00,4,10263.87,0.15,UPI
S0054309,C01498,P00714,ST019,2027-04-25 02:53:00,6,12834.77,0.15,UPI
S0054310,C04597,P00567,ST050,2027-01-07 19:10:00,4,2522.97,0.10,NET_BANKING
S0054311,C01844,P00519,ST050,2026-09-17 01:20:00,7,3550.37,0.05,NET_BANKING
S0054312,C02545,P00585,ST028,2026-09-19 16:41:00,1,4078.01,0.00,COD
S0054313,C02325,P00885,ST046,2026-10-13 14:39:00,5,2276.62,0.10,UPI
S0054314,C04130,P00468,ST030,2027-01-31 17:36:00,1,2151.00,0.00,CARD
S0054315,C04894,P00967,ST012,2026-11-03 12:16:00,2,14531.68,0.00,COD
S0054316,C00441,P00868,ST040,2026-11-25 13:38:00,2,14973.26,0.00,NET_BANKING
S0054317,C03916,P00747,ST036,2026-12-05 06:29:00,5,91.31,0.10,NET_BANKING
S0054318,C00458,P00914,ST001,2026-10-05 01:47:00,6,14608.30,0.00,NET_BANKING
S0054319,C02494,P00410,ST047,2026-12-01 21:30:00,8,12139.70,0.00,COD
S0054320,C02969,P00077,ST027,2026-12-24 14:45:00,8,5411.25,0.00,NET_BANKING
S0054321,C00384,P00001,ST028,2027-03-16 09:44:00,3,14748.70,0.00,CARD
S0054322,C03737,P01020,ST023,2026-11-27 03:32:00,2,1488.64,0.00,WALLET
S0054323,C02331,P00593,ST025,2027-02-18 14:02:00,6,3386.42,0.05,WALLET
S0054324,C04961,P00728,ST035,2027-02-17 01:52:00,4,2376.69,0.15,COD
S0054325,C03610,P01087,ST010,2026-11-07 00:41:00,3,3865.52,0.15,COD
S0054326,C02404,P00906,ST010,2027-04-13 14:51:00,8,12896.50,0.00,COD
S0054327,C03593,P00735,ST018,2027-02-12 07:19:00,6,7714.11,0.00,WALLET
S0054328,C00953,P01017,ST041,2026-10-05 19:46:00,8,290.87,0.00,COD
S0054329,C03944,P00246,ST009,2026-11-22 03:28:00,2,9342.29,0.00,NET_BANKING
S0054330,C05275,P00107,ST025,2027-02-03 01:30:00,6,7220.47,0.10,NET_BANKING
S0054331,C04874,P01087,ST002,2027-03-05 10:21:00,5,1099.72,0.00,UPI
S0054332,C00441,P00251,ST029,2026-10-31 10:51:00,6,1347.37,0.05,WALLET
S0054333,C00964,P01079,ST026,2026-10-06 13:35:00,7,710.88,0.00,WALLET
S0054334,C01405,P01005,ST020,2026-10-16 11:30:00,6,3515.79,0.00,COD
S0054335,C00187,P00346,ST009,2027-01-29 17:48:00,4,10411.85,0.10,CARD
S0054336,C02036,P00886,ST014,2026-10-06 19:54:00,1,2075.82,0.15,NET_BANKING
S0054337,C02323,P00215,ST017,2026-09-30 04:31:00,5,3285.00,0.10,COD
S0054338,C00677,P00083,ST002,2026-12-27 03:14:00,7,6669.82,0.15,CARD
S0054339,C01937,P00976,ST012,2027-01-03 13:35:00,2,3815.57,0.15,UPI
S0054340,C00393,P01066,ST049,2026-09-04 17:32:00,1,132.23,0.00,COD
S0054341,C03872,P00433,ST011,2026-09-14 18:25:00,6,6296.95,0.00,CARD
S0054342,C02108,P00621,ST026,2026-12-02 18:47:00,4,12280.84,0.05,CARD
S0054343,C00794,P00006,ST015,2027-01-19 05:56:00,3,12375.85,0.00,CARD
S0054344,C04311,P00336,ST042,2026-11-09 02:29:00,7,10827.01,0.00,COD
S0054345,C00282,P00323,ST003,2026-09-19 23:35:00,6,2608.20,0.00,CARD
S0054346,C05148,P00514,ST022,2026-10-02 12:13:00,8,14174.96,0.00,NET_BANKING
S0054347,C01963,P00375,ST040,2027-01-11 17:59:00,7,8641.01,0.00,UPI
S0054348,C03213,P00013,ST040,2026-10-08 13:57:00,7,6028.43,0.05,NET_BANKING
S0054349,C04660,P00241,ST007,2026-11-17 06:21:00,6,14291.38,0.00,WALLET
S0054350,C05044,P00142,ST019,2026-12-20 21:18:00,5,3934.33,0.10,CARD
S0054351,C01077,P00207,ST009,2026-11-17 06:42:00,6,9646.57,0.00,COD
S0054352,C05470,P00820,ST010,2027-03-04 05:33:00,5,1994.37,0.00,COD
S0054353,C00413,P00136,ST011,2026-09-27 12:47:00,2,2339.70,0.00,NET_BANKING
S0054354,C00815,P00840,ST012,2026-09-25 02:00:00,6,4066.13,0.10,CARD
S0054355,C03922,P00670,ST038,2027-03-31 04:35:00,5,12195.01,0.05,NET_BANKING
S0054356,C00273,P00023,ST033,2026-10-16 12:36:00,3,8298.86,0.10,WALLET
S0054357,C01143,P00174,ST027,2026-11-23 02:44:00,1,322.73,0.10,CARD
S0054358,C02485,P00628,ST003,2027-04-29 01:36:00,4,11204.97,0.00,NET_BANKING
S0054359,C00107,P00869,ST010,2026-12-20 10:20:00,4,5521.33,0.00,WALLET
S0054360,C02713,P00261,ST017,2026-09-24 08:27:00,4,6561.97,0.05,CARD
S0054361,C04203,P00106,ST021,2026-10-21 04:56:00,1,14238.90,0.00,UPI
S0054362,C00993,P00673,ST004,2027-04-24 07:02:00,3,7917.40,0.10,WALLET
S0054363,C00386,P00791,ST015,2027-03-17 10:26:00,8,5011.64,0.10,UPI
S0054364,C04150,P00073,ST005,2026-11-04 16:44:00,6,13519.47,0.15,WALLET
S0054365,C05386,P00844,ST012,2026-12-06 03:05:00,5,12073.09,0.15,CARD
S0054366,C01835,P00824,ST009,2026-11-05 21:26:00,7,5681.80,0.00,NET_BANKING
S0054367,C03564,P00151,ST007,2027-04-24 05:40:00,8,9961.31,0.10,CARD
S0054368,C02320,P00030,ST034,2027-05-14 22:53:00,7,7478.66,0.00,WALLET
S0054369,C05211,P00882,ST008,2026-11-30 10:39:00,8,1160.87,0.00,UPI
S0054370,C04659,P00097,ST013,2026-09-29 13:04:00,3,9879.74,0.00,CARD
S0054371,C00126,P00856,ST046,2026-11-30 00:24:00,4,4490.45,0.00,NET_BANKING
S0054372,C05214,P00412,ST004,2026-09-05 13:32:00,7,14467.07,0.10,COD
S0054373,C01096,P00170,ST002,2027-01-31 10:26:00,2,4556.11,0.15,UPI
S0054374,C05014,P00072,ST015,2026-09-11 10:38:00,4,2213.98,0.15,WALLET
S0054375,C04970,P00531,ST042,2026-12-02 11:15:00,7,137.66,0.15,NET_BANKING
S0054376,C02056,P00017,ST011,2026-10-03 02:42:00,5,3528.42,0.00,WALLET
S0054377,C03678,P00350,ST031,2026-12-03 04:46:00,4,12905.92,0.00,WALLET
S0054378,C01562,P00147,ST041,2026-09-09 09:35:00,5,8610.17,0.15,WALLET
S0054379,C04400,P00925,ST004,2027-03-30 17:11:00,1,9802.23,0.15,NET_BANKING
S0054380,C01823,P00992,ST030,2026-12-18 08:49:00,6,9363.29,0.15,CARD
S0054381,C00217,P00444,ST014,2026-10-17 07:22:00,6,910.78,0.00,CARD
S0054382,C04739,P01016,ST021,2026-11-18 21:15:00,2,4764.41,0.05,CARD
S0054383,C03066,P00330,ST014,2027-01-01 22:43:00,8,3475.34,0.00,COD
S0054384,C01684,P01040,ST042,2026-10-20 05:07:00,1,596.23,0.00,UPI
S0054385,C00658,P00458,ST016,2026-12-01 03:16:00,4,9495.95,0.00,NET_BANKING
S0054386,C01011,P00380,ST014,2027-05-04 02:22:00,5,10594.68,0.00,CARD
S0054387,C01209,P00520,ST036,2026-12-06 10:26:00,2,9276.97,0.15,CARD
S0054388,C05436,P00979,ST048,2027-01-24 08:51:00,2,5063.99,0.05,UPI
S0054389,C02193,P00854,ST039,2026-09-24 01:50:00,6,6348.82,0.00,NET_BANKING
S0054390,C04044,P00824,ST035,2026-12-08 07:53:00,1,5681.80,0.05,WALLET
S0054391,C02238,P00061,ST009,2027-03-06 02:53:00,4,9979.10,0.00,UPI
S0054392,C03260,P00880,ST024,2026-11-10 18:50:00,7,9958.92,0.00,UPI
S0054393,C00747,P00354,ST028,2027-01-03 14:00:00,1,11455.34,0.05,UPI
S0054394,C05284,P00159,ST004,2026-11-09 05:00:00,5,6984.00,0.00,WALLET
S0054395,C02486,P01086,ST023,2027-01-04 01:49:00,2,4196.50,0.10,NET_BANKING
S0054396,C01146,P00885,ST030,2026-12-03 16:48:00,7,2276.62,0.15,COD
S0054397,C05412,P01006,ST010,2027-02-21 05:31:00,3,1717.41,0.15,UPI
S0054398,C04253,P00759,ST026,2026-11-03 07:57:00,5,2675.60,0.00,WALLET
S0054399,C02376,P00690,ST016,2026-10-11 17:59:00,5,4018.76,0.00,COD
S0054400,C03144,P00832,ST031,2026-10-08 13:48:00,1,12604.04,0.00,UPI
S0054401,C05488,P00341,ST031,2027-01-03 13:09:00,4,12040.98,0.10,COD
S0054402,C01560,P00306,ST034,2027-02-23 01:13:00,1,8871.87,0.00,NET_BANKING
S0054403,C02646,P00681,ST042,2027-04-22 04:57:00,1,10247.66,0.15,COD
S0054404,C04433,P00212,ST003,2027-05-04 14:26:00,5,13581.02,0.05,CARD
S0054405,C00129,P00749,ST042,2026-09-20 06:28:00,7,5536.94,0.10,UPI
S0054406,C00489,P00994,ST040,2027-04-13 20:54:00,4,14986.15,0.05,COD
S0054407,C03440,P00455,ST023,2027-03-05 05:55:00,8,11331.19,0.00,WALLET
S0054408,C00547,P00279,ST026,2027-04-02 20:43:00,6,7949.95,0.15,COD
S0054409,C01266,P00828,ST048,2027-02-07 00:14:00,6,6520.23,0.10,CARD
S0054410,C01919,P00366,ST045,2026-11-28 08:37:00,3,13188.09,0.15,WALLET
S0054411,C01321,P01065,ST047,2027-01-31 13:53:00,3,234.23,0.10,WALLET
S0054412,C04382,P00833,ST005,2026-10-26 06:40:00,3,1413.00,0.00,NET_BANKING
S0054413,C04184,P00087,ST024,2027-02-19 16:51:00,4,2943.27,0.10,CARD
S0054414,C05193,P00745,ST015,2027-02-28 17:23:00,2,11887.46,0.15,WALLET
S0054415,C02266,P00471,ST041,2026-10-14 02:00:00,4,8186.09,0.00,NET_BANKING
S0054416,C01509,P00771,ST047,2026-11-24 04:54:00,1,9138.48,0.15,WALLET
S0054417,C01053,P00392,ST025,2026-11-22 06:22:00,5,1926.43,0.00,NET_BANKING
S0054418,C02880,P00456,ST003,2026-10-17 12:56:00,4,2960.04,0.00,COD
S0054419,C02081,P00008,ST023,2026-10-28 01:43:00,1,1347.12,0.15,NET_BANKING
S0054420,C02721,P00045,ST050,2026-11-28 20:29:00,4,3670.33,0.00,UPI
S0054421,C01168,P00336,ST035,2027-03-05 02:22:00,5,10827.01,0.10,UPI
S0054422,C00062,P00065,ST013,2027-02-11 06:54:00,1,505.63,0.00,UPI
S0054423,C02928,P00024,ST011,2026-11-17 09:13:00,8,7530.12,0.05,COD
S0054424,C02086,P00244,ST013,2027-04-01 16:18:00,2,12653.48,0.05,COD
S0054425,C01898,P00723,ST016,2027-04-06 22:51:00,7,11150.41,0.15,WALLET
S0054426,C02326,P00819,ST030,2027-04-28 19:04:00,1,5314.55,0.10,WALLET
S0054427,C05046,P00019,ST016,2027-02-25 14:50:00,7,4767.41,0.10,WALLET
S0054428,C01736,P00810,ST036,2026-12-20 09:43:00,8,5274.62,0.00,CARD
S0054429,C03588,P00163,ST027,2027-01-03 08:36:00,3,2045.70,0.00,UPI
S0054430,C01290,P00536,ST048,2026-09-16 06:23:00,6,8908.32,0.10,COD
S0054431,C00795,P00738,ST004,2027-04-02 08:42:00,3,14125.52,0.05,WALLET
S0054432,C00471,P00254,ST007,2027-03-13 18:20:00,4,1267.62,0.00,UPI
S0054433,C00839,P00550,ST008,2026-11-25 08:51:00,2,1961.46,0.00,WALLET
S0054434,C00829,P00018,ST003,2027-05-08 14:32:00,5,10580.36,0.00,WALLET
S0054435,C05481,P00742,ST044,2027-04-03 10:26:00,5,7019.87,0.15,CARD
S0054436,C02316,P00058,ST038,2027-05-10 03:13:00,4,1589.53,0.10,NET_BANKING
S0054437,C05078,P00707,ST040,2027-02-12 18:33:00,3,10164.19,0.05,CARD
S0054438,C05460,P00862,ST022,2026-12-06 11:55:00,8,12635.93,0.00,WALLET
S0054439,C00532,P00473,ST023,2027-04-28 16:09:00,5,671.21,0.00,COD
S0054440,C02280,P00132,ST050,2027-05-18 19:12:00,5,661.50,0.00,CARD
S0054441,C01206,P00523,ST014,2026-11-16 20:12:00,2,3568.60,0.15,WALLET
S0054442,C01900,P00389,ST018,2027-04-18 08:28:00,2,7161.01,0.00,CARD
S0054443,C03077,P00044,ST004,2026-09-11 22:03:00,7,10352.60,0.15,WALLET
S0054444,C02690,P00619,ST012,2027-04-09 04:49:00,6,14183.29,0.00,UPI
S0054445,C01705,P00689,ST035,2027-02-28 22:40:00,6,1747.51,0.15,COD
S0054446,C04465,P00438,ST022,2026-11-10 06:29:00,5,2063.81,0.00,NET_BANKING
S0054447,C01416,P00630,ST044,2026-09-30 07:36:00,1,12265.22,0.15,COD
S0054448,C03327,P00033,ST011,2027-01-24 07:27:00,6,11598.07,0.00,COD
S0054449,C04464,P00699,ST032,2027-03-30 09:16:00,3,14544.40,0.05,NET_BANKING
S0054450,C00510,P01075,ST036,2026-09-27 02:52:00,8,3994.88,0.10,COD
S0054451,C02362,P00201,ST018,2027-03-24 16:17:00,1,7729.31,0.00,COD
S0054452,C04809,P00888,ST044,2027-04-21 05:39:00,4,2165.37,0.05,NET_BANKING
S0054453,C01311,P01013,ST012,2026-10-09 16:48:00,6,244.93,0.00,COD
S0054454,C03532,P00674,ST034,2026-12-17 18:44:00,2,12623.07,0.10,NET_BANKING
S0054455,C01424,P00277,ST023,2026-10-01 14:09:00,8,4475.85,0.00,CARD
S0054456,C02256,P00205,ST008,2027-04-13 17:31:00,7,2535.39,0.00,WALLET
S0054457,C01826,P00537,ST013,2027-04-09 23:42:00,1,9956.19,0.00,UPI
S0054458,C04867,P00641,ST003,2026-12-06 03:25:00,2,6765.73,0.05,UPI
S0054459,C03295,P00843,ST021,2026-12-17 16:16:00,2,13366.08,0.00,NET_BANKING
S0054460,C04861,P00293,ST045,2026-10-06 07:43:00,2,8511.68,0.00,CARD
S0054461,C02975,P00821,ST016,2027-02-05 15:15:00,3,7398.56,0.00,UPI
S0054462,C01199,P00317,ST042,2026-09-05 20:22:00,3,4717.68,0.15,UPI
S0054463,C02979,P00030,ST018,2026-11-03 07:37:00,3,7478.66,0.15,UPI
S0054464,C01193,P01004,ST015,2026-10-16 12:28:00,3,1412.06,0.10,UPI
S0054465,C00383,P00922,ST037,2027-03-04 18:18:00,3,5403.68,0.00,COD
S0054466,C03919,P00776,ST018,2027-02-16 03:47:00,5,571.16,0.00,COD
S0054467,C00909,P00470,ST050,2026-11-30 08:26:00,2,2213.98,0.15,CARD
S0054468,C03313,P00989,ST015,2026-10-26 03:21:00,1,6367.31,0.05,CARD
S0054469,C04623,P00119,ST005,2027-01-19 08:41:00,6,794.81,0.00,WALLET
S0054470,C05319,P00434,ST050,2027-01-09 17:22:00,4,11454.78,0.00,CARD
S0054471,C04775,P00139,ST046,2026-10-13 01:50:00,6,13296.70,0.10,NET_BANKING
S0054472,C02728,P00905,ST022,2027-01-26 11:24:00,7,7562.39,0.00,WALLET
S0054473,C04902,P00451,ST045,2026-12-24 07:57:00,7,10085.19,0.00,NET_BANKING
S0054474,C02888,P00748,ST009,2026-10-27 15:19:00,8,7740.82,0.10,CARD
S0054475,C03872,P00186,ST034,2026-09-07 10:16:00,1,5509.22,0.00,WALLET
S0054476,C03310,P00531,ST048,2026-11-24 20:19:00,5,137.66,0.00,COD
S0054477,C00263,P00798,ST008,2027-04-01 06:30:00,7,2788.26,0.15,CARD
S0054478,C01544,P00556,ST036,2027-05-02 14:48:00,8,4347.03,0.15,UPI
S0054479,C03776,P00006,ST023,2026-10-15 02:43:00,4,12375.85,0.10,CARD
S0054480,C01741,P00494,ST024,2026-10-02 17:30:00,4,4019.59,0.15,WALLET
S0054481,C03546,P00257,ST014,2026-11-01 14:58:00,6,14449.49,0.05,CARD
S0054482,C00724,P00044,ST002,2027-01-15 07:15:00,8,10352.60,0.05,CARD
S0054483,C02321,P01041,ST022,2027-03-13 03:56:00,5,929.25,0.05,NET_BANKING
S0054484,C02673,P00081,ST035,2027-01-15 18:07:00,4,13513.67,0.05,WALLET
S0054485,C00688,P00297,ST044,2026-09-03 09:25:00,7,10745.27,0.10,WALLET
S0054486,C01262,P01023,ST039,2027-01-30 11:13:00,8,3951.84,0.00,CARD
S0054487,C03802,P00235,ST011,2026-11-07 21:25:00,3,5077.58,0.00,NET_BANKING
S0054488,C03361,P00330,ST015,2027-04-26 05:28:00,3,3475.34,0.05,CARD
S0054489,C02275,P00978,ST042,2027-03-05 03:04:00,1,12166.54,0.00,WALLET
S0054490,C02683,P00258,ST046,2026-12-17 10:57:00,1,9537.16,0.10,COD
S0054491,C02002,P00582,ST018,2026-12-18 04:45:00,3,3449.31,0.15,CARD
S0054492,C04280,P00866,ST049,2026-12-03 07:04:00,8,7507.05,0.15,WALLET
S0054493,C02212,P01019,ST002,2027-03-19 01:23:00,6,4465.96,0.10,UPI
S0054494,C02471,P00474,ST017,2026-12-26 14:47:00,7,2329.87,0.00,CARD
S0054495,C02035,P00390,ST036,2026-09-29 14:35:00,7,5645.91,0.00,NET_BANKING
S0054496,C02508,P00274,ST022,2026-09-16 23:36:00,7,13222.64,0.00,UPI
S0054497,C05235,P00161,ST048,2027-04-11 06:50:00,7,3469.31,0.15,NET_BANKING
S0054498,C00400,P00252,ST004,2027-03-31 08:11:00,7,10612.68,0.05,UPI
S0054499,C01353,P00258,ST031,2026-12-30 19:30:00,3,9537.16,0.10,COD
S0054500,C03969,P00764,ST040,2027-02-16 11:03:00,2,2546.62,0.15,WALLET
S0054501,C02487,P00682,ST012,2026-09-14 23:57:00,6,14995.19,0.05,UPI
S0054502,C04019,P00342,ST026,2026-11-07 04:24:00,1,2514.86,0.15,WALLET
S0054503,C05048,P00693,ST035,2026-12-07 13:02:00,6,10171.16,0.05,WALLET
S0054504,C04099,P00998,ST008,2027-02-06 22:39:00,2,2576.28,0.00,COD
S0054505,C00129,P00983,ST032,2027-04-17 05:01:00,1,14539.34,0.00,CARD
S0054506,C02430,P00639,ST032,2027-05-09 21:33:00,2,5321.74,0.00,CARD
S0054507,C00908,P00664,ST024,2027-05-16 20:13:00,8,2596.83,0.05,CARD
S0054508,C04288,P01043,ST038,2026-09-19 08:47:00,8,3063.69,0.05,WALLET
S0054509,C04516,P00236,ST049,2026-12-08 21:06:00,4,10256.02,0.15,WALLET
S0054510,C05079,P00077,ST040,2026-10-03 22:44:00,7,5411.25,0.10,UPI
S0054511,C03248,P00294,ST001,2026-10-04 06:58:00,6,9198.98,0.15,WALLET
S0054512,C02908,P00237,ST031,2027-04-18 07:54:00,5,5637.77,0.00,COD
S0054513,C00567,P00766,ST033,2027-02-16 04:46:00,2,889.54,0.00,COD
S0054514,C05251,P00699,ST036,2027-02-27 08:56:00,7,14544.40,0.00,WALLET
S0054515,C01240,P00164,ST036,2027-04-27 01:55:00,7,6049.30,0.05,WALLET
S0054516,C05032,P00472,ST029,2027-05-16 07:25:00,2,13031.18,0.00,NET_BANKING
S0054517,C02989,P00917,ST006,2027-01-07 18:29:00,4,12206.45,0.10,COD
S0054518,C03178,P00462,ST049,2027-04-20 20:31:00,2,3972.80,0.10,UPI
S0054519,C00464,P00355,ST017,2026-09-06 11:07:00,4,9628.58,0.10,COD
S0054520,C02603,P00184,ST032,2026-10-16 00:19:00,4,8980.87,0.05,WALLET
S0054521,C03874,P01089,ST049,2026-10-13 23:21:00,1,916.70,0.00,COD
S0054522,C04658,P00449,ST024,2026-12-10 12:48:00,1,4682.35,0.05,UPI
S0054523,C00307,P00598,ST032,2027-01-12 01:25:00,3,4459.15,0.00,COD
S0054524,C00403,P00948,ST027,2026-12-03 01:24:00,4,7783.05,0.05,NET_BANKING
S0054525,C01352,P00689,ST047,2026-10-27 03:19:00,1,1747.51,0.10,CARD
S0054526,C00011,P01035,ST034,2027-01-09 15:08:00,8,4452.88,0.05,COD
S0054527,C05133,P00186,ST030,2027-01-13 21:15:00,8,5509.22,0.15,WALLET
S0054528,C05452,P00106,ST033,2027-01-14 03:30:00,3,14238.90,0.00,CARD
S0054529,C01723,P00825,ST031,2027-02-11 03:48:00,4,4481.95,0.05,CARD
S0054530,C05402,P00055,ST015,2027-04-04 02:12:00,7,8397.51,0.10,WALLET
S0054531,C04361,P00188,ST010,2026-10-24 02:48:00,3,6455.12,0.10,UPI
S0054532,C02046,P00057,ST050,2027-04-29 04:46:00,2,6283.79,0.00,UPI
S0054533,C00272,P00745,ST030,2027-01-24 12:01:00,8,11887.46,0.10,COD
S0054534,C02227,P00468,ST050,2026-09-24 16:25:00,6,2151.00,0.15,WALLET
S0054535,C02742,P00724,ST001,2026-12-17 23:38:00,3,842.59,0.05,COD
S0054536,C00619,P00039,ST013,2027-01-06 10:55:00,8,11380.58,0.00,UPI
S0054537,C05075,P00692,ST002,2027-05-07 23:38:00,1,3776.76,0.10,WALLET
S0054538,C02861,P01008,ST040,2026-09-18 02:29:00,2,202.75,0.15,WALLET
S0054539,C05051,P01034,ST013,2027-05-12 11:11:00,6,3187.69,0.05,CARD
S0054540,C03574,P00652,ST049,2027-01-24 04:35:00,8,7213.51,0.15,NET_BANKING
S0054541,C03378,P00920,ST029,2026-09-15 01:08:00,5,13420.77,0.00,WALLET
S0054542,C05490,P00585,ST020,2027-03-22 17:16:00,1,4078.01,0.00,WALLET
S0054543,C04624,P00154,ST013,2026-09-27 17:29:00,2,3193.19,0.15,NET_BANKING
S0054544,C03197,P00053,ST017,2026-09-13 10:08:00,1,4727.29,0.00,NET_BANKING
S0054545,C01841,P00986,ST015,2026-10-16 07:04:00,1,6941.31,0.00,NET_BANKING
S0054546,C03633,P00907,ST013,2027-01-13 12:11:00,6,14264.28,0.00,UPI
S0054547,C00738,P00524,ST034,2026-12-17 14:43:00,6,11462.06,0.05,NET_BANKING
S0054548,C02905,P00921,ST046,2027-03-28 21:11:00,8,10747.60,0.00,UPI
S0054549,C04293,P00920,ST031,2027-01-04 05:20:00,4,13420.77,0.00,CARD
S0054550,C02963,P00523,ST050,2026-11-06 14:35:00,6,3568.60,0.00,COD
S0054551,C00638,P00177,ST025,2027-01-01 13:25:00,6,5272.03,0.15,UPI
S0054552,C02598,P00536,ST015,2027-04-10 20:33:00,4,8908.32,0.10,UPI
S0054553,C05449,P00728,ST039,2027-04-24 03:16:00,1,2376.69,0.05,WALLET
S0054554,C01912,P00590,ST043,2026-11-09 02:27:00,2,265.48,0.15,WALLET
S0054555,C04176,P00918,ST003,2027-04-03 07:20:00,6,11736.74,0.00,UPI
S0054556,C04386,P00648,ST039,2027-04-04 23:00:00,1,4120.80,0.05,UPI
S0054557,C00876,P00824,ST035,2026-10-09 18:25:00,7,5681.80,0.00,WALLET
S0054558,C03101,P00401,ST009,2027-03-04 04:29:00,4,14612.89,0.10,COD
S0054559,C02413,P00887,ST027,2027-02-26 05:47:00,5,6975.28,0.00,WALLET
S0054560,C00043,P00434,ST029,2027-02-03 23:53:00,6,11454.78,0.10,CARD
S0054561,C03378,P00393,ST023,2027-05-10 07:39:00,8,7337.73,0.10,UPI
S0054562,C00300,P00909,ST009,2027-01-30 20:33:00,8,12153.06,0.05,COD
S0054563,C03089,P00368,ST033,2026-12-11 23:51:00,5,14776.53,0.10,NET_BANKING
S0054564,C03410,P00662,ST034,2027-01-14 09:44:00,2,6965.19,0.15,COD
S0054565,C04999,P00007,ST029,2026-11-06 15:44:00,8,8987.92,0.10,COD
S0054566,C03411,P01062,ST008,2026-11-11 22:04:00,8,3571.47,0.15,UPI
S0054567,C01520,P00530,ST043,2027-01-31 12:35:00,7,1909.30,0.00,NET_BANKING
S0054568,C03888,P00109,ST046,2026-09-19 02:25:00,8,9560.87,0.00,WALLET
S0054569,C05156,P00246,ST023,2027-04-17 19:50:00,7,9342.29,0.10,COD
S0054570,C01584,P00244,ST018,2027-01-30 20:39:00,3,12653.48,0.00,CARD
S0054571,C04444,P00156,ST034,2026-11-16 14:21:00,7,12020.51,0.15,CARD
S0054572,C03651,P00264,ST041,2027-01-09 22:39:00,6,3453.32,0.00,UPI
S0054573,C04270,P00848,ST040,2026-10-24 07:38:00,3,12246.43,0.00,COD
S0054574,C04551,P00533,ST018,2027-04-23 07:38:00,4,13218.50,0.10,NET_BANKING
S0054575,C04708,P01025,ST050,2027-03-10 04:40:00,3,2684.02,0.10,CARD
S0054576,C03235,P00076,ST049,2027-04-25 16:47:00,1,2643.86,0.00,CARD
S0054577,C03281,P01020,ST041,2026-11-12 06:12:00,2,2548.06,0.00,COD
S0054578,C01804,P00238,ST030,2026-09-06 10:19:00,1,2175.91,0.10,COD
S0054579,C01291,P00454,ST008,2026-12-31 00:29:00,7,8517.58,0.10,UPI
S0054580,C01700,P00941,ST044,2027-03-08 08:04:00,8,4779.66,0.05,WALLET
S0054581,C02937,P01077,ST019,2026-09-30 21:48:00,2,1992.97,0.00,UPI
S0054582,C02579,P00196,ST027,2027-02-18 05:24:00,8,10921.34,0.00,CARD
S0054583,C00136,P00587,ST014,2027-03-29 19:32:00,6,7939.21,0.00,NET_BANKING
S0054584,C00136,P00936,ST048,2027-01-14 23:49:00,5,4432.63,0.05,UPI
S0054585,C04375,P00719,ST036,2026-11-13 14:25:00,7,6837.75,0.15,CARD
S0054586,C00477,P00833,ST012,2027-02-11 20:53:00,4,1413.00,0.15,UPI
S0054587,C04976,P00372,ST007,2026-10-15 08:46:00,5,8947.17,0.15,NET_BANKING
S0054588,C02195,P00980,ST006,2027-01-22 08:57:00,6,8929.07,0.00,NET_BANKING
S0054589,C03711,P00842,ST039,2026-11-12 04:34:00,8,12208.32,0.05,UPI
S0054590,C01151,P00105,ST048,2026-09-10 05:53:00,1,7300.13,0.15,CARD
S0054591,C01101,P00619,ST018,2026-10-06 11:50:00,2,14183.29,0.00,WALLET
S0054592,C04819,P00481,ST024,2026-09-13 11:39:00,2,10052.76,0.00,NET_BANKING
S0054593,C05469,P00746,ST038,2026-09-20 05:07:00,5,8367.69,0.05,WALLET
S0054594,C04372,P00941,ST029,2026-12-30 09:42:00,4,4779.66,0.05,COD
S0054595,C00733,P00440,ST005,2027-04-17 07:18:00,4,11929.30,0.00,WALLET
S0054596,C01421,P00313,ST027,2027-05-13 11:12:00,1,7134.65,0.00,UPI
S0054597,C01902,P00067,ST037,2027-03-20 01:49:00,6,3494.40,0.00,COD
S0054598,C01403,P00644,ST019,2026-11-01 11:40:00,8,8264.91,0.00,NET_BANKING
S0054599,C03981,P00262,ST024,2027-03-28 12:17:00,6,4686.95,0.10,WALLET
S0054600,C04619,P00226,ST004,2026-12-25 08:16:00,6,14378.99,0.00,COD
S0054601,C02429,P00096,ST032,2027-05-03 13:37:00,4,891.62,0.10,WALLET
S0054602,C03566,P00100,ST014,2027-02-10 15:09:00,7,2281.28,0.10,CARD
S0054603,C00911,P00152,ST011,2027-04-20 14:02:00,2,5290.05,0.15,NET_BANKING
S0054604,C03490,P00944,ST024,2026-12-12 18:59:00,8,13637.69,0.10,NET_BANKING
S0054605,C01396,P00548,ST010,2027-02-03 23:44:00,6,11468.53,0.10,COD
S0054606,C03179,P00928,ST004,2027-02-03 08:13:00,5,6951.77,0.05,CARD
S0054607,C00891,P00703,ST026,2027-01-25 13:10:00,5,578.72,0.05,UPI
S0054608,C04749,P00698,ST004,2027-03-24 09:17:00,1,4891.44,0.00,UPI
S0054609,C01655,P00225,ST025,2027-03-04 23:46:00,2,9830.38,0.05,NET_BANKING
S0054610,C04015,P00466,ST033,2026-12-23 14:54:00,4,4444.00,0.00,UPI
S0054611,C04502,P00124,ST018,2027-03-17 22:47:00,6,9023.03,0.00,CARD
S0054612,C00703,P00201,ST048,2027-04-12 09:43:00,7,7729.31,0.15,UPI
S0054613,C00275,P00616,ST005,2026-12-23 10:47:00,3,114.05,0.10,WALLET
S0054614,C00710,P00472,ST045,2027-04-13 05:42:00,3,13031.18,0.05,COD
S0054615,C03295,P01036,ST015,2026-12-29 14:05:00,2,3418.27,0.10,WALLET
S0054616,C00114,P00322,ST011,2027-04-01 07:40:00,4,7023.69,0.00,COD
S0054617,C04838,P00792,ST021,2026-11-17 11:33:00,1,13052.60,0.00,WALLET
S0054618,C00827,P00193,ST042,2027-04-13 06:45:00,8,754.57,0.15,UPI
S0054619,C04642,P00784,ST050,2027-03-07 04:30:00,2,13461.16,0.15,CARD
S0054620,C04920,P00593,ST043,2027-02-04 11:44:00,5,3386.42,0.05,WALLET
S0054621,C05178,P00390,ST042,2026-10-31 03:08:00,8,5645.91,0.10,WALLET
S0054622,C05069,P00690,ST009,2027-05-08 12:58:00,8,4018.76,0.05,WALLET
S0054623,C04464,P00373,ST050,2027-02-12 12:47:00,7,11139.22,0.00,UPI
S0054624,C01009,P00442,ST010,2027-03-14 02:04:00,2,12602.76,0.15,UPI
S0054625,C01205,P00387,ST020,2026-12-22 21:28:00,2,9454.62,0.10,NET_BANKING
S0054626,C02857,P00735,ST045,2026-12-08 15:17:00,4,7714.11,0.00,WALLET
S0054627,C00511,P00939,ST050,2027-02-03 23:42:00,2,7892.75,0.10,UPI
S0054628,C00869,P00753,ST007,2026-12-08 15:31:00,7,9739.34,0.05,CARD
S0054629,C03510,P00379,ST019,2026-12-01 20:54:00,6,1917.87,0.00,CARD
S0054630,C01262,P00355,ST025,2026-11-14 13:54:00,8,9628.58,0.00,NET_BANKING
S0054631,C04651,P00108,ST039,2026-12-22 00:31:00,2,8643.88,0.00,CARD
S0054632,C05120,P00081,ST007,2026-09-02 02:02:00,1,13513.67,0.05,UPI
S0054633,C05001,P00225,ST004,2026-10-19 04:03:00,6,9830.38,0.15,NET_BANKING
S0054634,C04904,P00552,ST043,2026-11-27 17:57:00,5,14232.88,0.10,WALLET
S0054635,C01704,P00555,ST031,2027-02-12 19:52:00,6,3239.18,0.05,NET_BANKING
S0054636,C04979,P00401,ST007,2027-01-04 20:39:00,8,14612.89,0.05,CARD
S0054637,C00497,P00402,ST007,2026-10-30 09:43:00,6,7483.33,0.00,WALLET
S0054638,C03816,P00589,ST046,2027-02-23 23:46:00,5,4410.37,0.05,WALLET
S0054639,C01829,P00411,ST045,2027-02-25 07:53:00,7,13165.10,0.00,NET_BANKING
S0054640,C03505,P00741,ST011,2027-05-14 06:43:00,2,14542.74,0.00,NET_BANKING
S0054641,C00091,P00258,ST036,2027-01-28 09:56:00,6,9537.16,0.10,COD
S0054642,C03932,P01028,ST047,2026-10-10 11:07:00,2,1347.86,0.00,COD
S0054643,C00165,P00143,ST047,2027-02-11 09:30:00,5,7704.38,0.15,UPI
S0054644,C04082,P00915,ST050,2026-09-26 03:21:00,5,12880.95,0.15,COD
S0054645,C03078,P00836,ST011,2027-04-19 06:26:00,3,8199.84,0.05,CARD
S0054646,C02238,P00610,ST007,2026-12-22 19:15:00,4,2166.11,0.00,WALLET
S0054647,C02607,P00983,ST036,2027-01-29 19:05:00,1,14539.34,0.15,CARD
S0054648,C00784,P00586,ST024,2026-12-06 21:31:00,3,3287.74,0.00,COD
S0054649,C02469,P00228,ST013,2027-01-05 07:45:00,8,4532.08,0.05,CARD
S0054650,C03413,P00313,ST014,2026-12-30 05:37:00,1,7134.65,0.10,CARD
S0054651,C00408,P00144,ST049,2027-01-08 02:06:00,1,9162.18,0.00,NET_BANKING
S0054652,C01281,P00762,ST001,2026-09-26 00:46:00,5,9970.99,0.00,COD
S0054653,C00371,P00143,ST029,2027-02-27 02:33:00,4,7704.38,0.10,CARD
S0054654,C02268,P00185,ST003,2026-10-16 04:38:00,3,5998.13,0.00,COD
S0054655,C02330,P00833,ST029,2027-05-06 17:43:00,5,1413.00,0.15,NET_BANKING
S0054656,C03885,P00908,ST008,2026-09-07 03:50:00,1,10685.50,0.10,UPI
S0054657,C05098,P00812,ST040,2027-02-07 11:03:00,4,13449.06,0.05,WALLET
S0054658,C02276,P00209,ST036,2027-02-20 23:11:00,2,6800.00,0.00,UPI
S0054659,C00482,P00790,ST029,2026-12-10 19:25:00,8,14518.69,0.00,UPI
S0054660,C03100,P00673,ST042,2027-01-09 09:19:00,1,7917.40,0.15,WALLET
S0054661,C05087,P00690,ST007,2026-11-23 19:33:00,6,4018.76,0.00,COD
S0054662,C00875,P00808,ST018,2026-10-09 08:41:00,3,2340.21,0.10,NET_BANKING
S0054663,C03453,P00434,ST036,2026-12-14 10:13:00,1,11454.78,0.00,CARD
S0054664,C03112,P00788,ST036,2027-05-11 01:35:00,8,14058.06,0.05,COD
S0054665,C04477,P01007,ST006,2026-10-08 08:39:00,1,2053.19,0.10,NET_BANKING
S0054666,C00100,P00644,ST039,2027-01-22 16:56:00,8,8264.91,0.05,NET_BANKING
S0054667,C02094,P00096,ST027,2027-04-26 17:25:00,3,891.62,0.00,COD
S0054668,C04911,P00887,ST036,2027-01-26 20:42:00,5,6975.28,0.00,NET_BANKING
S0054669,C01769,P00744,ST021,2027-04-12 07:11:00,3,3611.42,0.05,COD
S0054670,C01075,P00957,ST041,2027-03-24 14:07:00,1,13167.89,0.00,NET_BANKING
S0054671,C05494,P00940,ST014,2027-03-02 17:39:00,7,10304.16,0.00,COD
S0054672,C00899,P00363,ST046,2027-02-06 01:53:00,3,7028.08,0.00,UPI
S0054673,C04059,P00586,ST030,2027-03-08 10:44:00,7,3287.74,0.00,UPI
S0054674,C04682,P00738,ST005,2026-11-13 16:43:00,4,14125.52,0.00,WALLET
S0054675,C01912,P00238,ST003,2027-04-18 21:05:00,8,2175.91,0.10,NET_BANKING
S0054676,C03701,P00270,ST030,2026-12-10 13:21:00,4,12684.63,0.15,WALLET
S0054677,C02494,P00505,ST018,2027-05-02 16:14:00,7,13158.37,0.00,NET_BANKING
S0054678,C02071,P00990,ST015,2026-10-15 07:57:00,7,1411.89,0.10,NET_BANKING
S0054679,C05012,P00775,ST037,2026-11-16 12:03:00,7,7767.36,0.00,WALLET
S0054680,C05032,P00261,ST002,2027-01-22 20:17:00,4,6561.97,0.00,NET_BANKING
S0054681,C04290,P00779,ST002,2026-12-04 20:31:00,8,9277.18,0.05,COD
S0054682,C02998,P00370,ST031,2027-04-02 13:15:00,6,9728.34,0.05,UPI
S0054683,C05199,P00076,ST023,2027-03-23 03:41:00,2,2643.86,0.10,CARD
S0054684,C04714,P00469,ST002,2027-05-11 17:25:00,7,12189.67,0.05,COD
S0054685,C04681,P00614,ST008,2027-02-28 05:05:00,6,71.45,0.05,CARD
S0054686,C00120,P00512,ST049,2026-11-22 04:01:00,7,11395.40,0.15,WALLET
S0054687,C05193,P00905,ST031,2027-04-04 18:20:00,4,7562.39,0.10,COD
S0054688,C05130,P00629,ST004,2027-03-17 23:22:00,5,11585.25,0.00,NET_BANKING
S0054689,C05206,P01015,ST041,2027-04-04 21:07:00,7,390.61,0.00,WALLET
S0054690,C05125,P00093,ST021,2027-03-09 19:57:00,2,1874.43,0.05,NET_BANKING
S0054691,C00871,P00063,ST030,2026-10-17 15:17:00,3,9510.65,0.05,CARD
S0054692,C01307,P00930,ST032,2027-03-23 09:09:00,1,3721.19,0.15,UPI
S0054693,C00754,P00417,ST016,2026-12-10 16:12:00,5,4251.66,0.05,COD
S0054694,C05446,P00620,ST011,2026-12-22 09:18:00,4,1987.43,0.00,CARD
S0054695,C02604,P00772,ST021,2026-12-04 05:05:00,3,13512.62,0.00,WALLET
S0054696,C02177,P00864,ST048,2026-12-05 06:07:00,1,934.40,0.10,UPI
S0054697,C01892,P00734,ST040,2026-09-04 05:11:00,2,2368.19,0.15,WALLET
S0054698,C04906,P00268,ST004,2027-02-14 15:29:00,5,4586.89,0.00,CARD
S0054699,C01280,P00719,ST031,2027-01-21 07:04:00,4,6837.75,0.00,COD
S0054700,C02535,P00682,ST035,2027-04-02 23:06:00,2,14995.19,0.00,CARD
S0054701,C01184,P00679,ST045,2027-03-03 19:08:00,2,10688.41,0.00,CARD
S0054702,C02428,P00156,ST031,2026-12-20 18:34:00,5,12020.51,0.00,WALLET
S0054703,C00802,P00014,ST016,2026-09-29 16:05:00,2,9230.95,0.05,WALLET
S0054704,C05364,P01079,ST014,2026-12-28 11:13:00,6,4020.59,0.00,WALLET
S0054705,C04768,P00687,ST022,2026-09-16 01:45:00,6,10669.90,0.00,CARD
S0054706,C00919,P00701,ST048,2026-10-16 01:30:00,8,9710.18,0.05,COD
S0054707,C03758,P00204,ST012,2027-05-06 04:29:00,6,1600.11,0.00,CARD
S0054708,C04323,P00487,ST026,2027-01-07 16:13:00,6,5449.32,0.05,UPI
S0054709,C03567,P00158,ST032,2027-01-10 23:15:00,5,3652.82,0.05,UPI
S0054710,C01675,P00273,ST003,2026-09-22 08:03:00,7,1657.16,0.00,CARD
S0054711,C01679,P00523,ST039,2027-03-27 03:57:00,1,3568.60,0.05,UPI
S0054712,C04709,P00551,ST044,2026-12-30 11:06:00,6,9996.39,0.05,WALLET
S0054713,C05031,P00895,ST036,2027-04-28 16:21:00,1,8765.77,0.00,NET_BANKING
S0054714,C02992,P00175,ST020,2027-01-12 06:14:00,2,14956.51,0.00,CARD
S0054715,C03986,P00410,ST040,2026-10-07 10:00:00,8,12139.70,0.00,NET_BANKING
S0054716,C05297,P00615,ST033,2026-11-20 23:37:00,4,5873.54,0.00,NET_BANKING
S0054717,C03517,P00086,ST018,2026-09-10 23:10:00,8,394.30,0.05,WALLET
S0054718,C04211,P00368,ST040,2027-01-09 19:18:00,3,14776.53,0.15,CARD
S0054719,C00246,P00883,ST024,2026-12-20 21:03:00,3,9173.36,0.05,COD
S0054720,C05317,P00246,ST005,2027-03-23 19:09:00,1,9342.29,0.15,WALLET
S0054721,C00084,P00781,ST043,2027-02-10 21:37:00,6,8887.88,0.15,COD
S0054722,C03387,P00444,ST043,2026-10-17 07:51:00,7,910.78,0.00,COD
S0054723,C00099,P00326,ST013,2026-09-14 11:35:00,8,13983.47,0.15,NET_BANKING
S0054724,C02070,P00789,ST039,2027-03-14 04:28:00,8,2259.56,0.05,WALLET
S0054725,C02736,P00890,ST018,2026-10-17 08:42:00,5,2569.54,0.15,WALLET
S0054726,C02385,P00898,ST040,2027-01-07 09:40:00,3,1340.84,0.05,COD
S0054727,C00864,P01068,ST015,2026-12-09 08:18:00,2,1423.86,0.05,UPI
S0054728,C04555,P01066,ST008,2026-11-25 16:45:00,7,1742.75,0.10,COD
S0054729,C03000,P00921,ST007,2027-03-26 21:35:00,8,10747.60,0.10,UPI
S0054730,C03913,P00523,ST020,2027-04-05 13:09:00,3,3568.60,0.05,WALLET
S0054731,C00709,P00208,ST035,2027-01-10 21:27:00,5,9299.51,0.00,WALLET
S0054732,C02406,P00951,ST035,2026-11-20 18:55:00,1,6661.86,0.15,CARD
S0054733,C03139,P01025,ST003,2026-10-09 09:56:00,3,4974.72,0.00,WALLET
S0054734,C01911,P00359,ST018,2026-10-22 00:07:00,7,6112.49,0.00,CARD
S0054735,C00093,P00887,ST034,2026-10-07 02:19:00,8,6975.28,0.15,COD
S0054736,C03531,P00051,ST034,2026-12-20 09:38:00,3,8015.72,0.10,WALLET
S0054737,C01277,P00019,ST012,2027-05-05 00:04:00,3,4767.41,0.05,CARD
S0054738,C00911,P00728,ST024,2027-04-29 10:27:00,4,2376.69,0.00,NET_BANKING
S0054739,C02867,P00844,ST011,2026-11-28 16:06:00,7,12073.09,0.05,CARD
S0054740,C03385,P01004,ST035,2027-02-04 09:47:00,1,3455.38,0.10,CARD
S0054741,C04900,P00039,ST028,2026-11-19 03:49:00,6,11380.58,0.00,NET_BANKING
S0054742,C01285,P00353,ST008,2027-01-18 17:28:00,2,10161.42,0.15,COD
S0054743,C02862,P00481,ST041,2026-10-27 13:13:00,4,10052.76,0.05,CARD
S0054744,C02192,P00300,ST005,2026-12-08 02:17:00,6,14429.61,0.00,COD
S0054745,C04342,P00934,ST045,2027-01-26 23:47:00,5,6341.80,0.15,UPI
S0054746,C05181,P00617,ST044,2026-11-19 03:14:00,6,11028.99,0.15,NET_BANKING
S0054747,C04570,P01078,ST017,2027-05-12 22:15:00,6,3148.34,0.10,WALLET
S0054748,C00362,P00220,ST006,2027-01-02 06:00:00,3,3145.53,0.00,CARD
S0054749,C00793,P00552,ST047,2026-12-06 01:36:00,7,14232.88,0.15,NET_BANKING
S0054750,C02936,P01068,ST036,2027-01-15 17:53:00,7,3564.50,0.05,UPI
S0054751,C01063,P00885,ST036,2026-12-26 00:02:00,4,2276.62,0.00,WALLET
S0054752,C01521,P00432,ST003,2027-01-13 00:46:00,6,578.01,0.00,NET_BANKING
S0054753,C02357,P01058,ST002,2026-12-31 07:41:00,7,1947.16,0.10,UPI
S0054754,C01859,P00481,ST010,2027-01-12 11:24:00,1,10052.76,0.10,CARD
S0054755,C03186,P00751,ST032,2026-11-19 03:31:00,7,4310.47,0.00,CARD
S0054756,C03487,P00472,ST034,2027-04-27 15:36:00,1,13031.18,0.05,CARD
S0054757,C01740,P00076,ST004,2026-10-31 16:57:00,5,2643.86,0.00,CARD
S0054758,C01836,P00108,ST049,2027-05-12 05:17:00,6,8643.88,0.05,UPI
S0054759,C04464,P00535,ST002,2027-05-11 21:36:00,6,11264.22,0.00,UPI
S0054760,C02484,P00343,ST029,2026-10-26 14:04:00,5,4575.42,0.05,CARD
S0054761,C03579,P00627,ST030,2026-12-27 18:31:00,7,12769.96,0.00,NET_BANKING
S0054762,C03867,P00141,ST033,2026-09-28 19:39:00,4,8257.89,0.15,UPI
S0054763,C01796,P00274,ST010,2027-02-05 01:52:00,2,13222.64,0.00,WALLET
S0054764,C02809,P00832,ST005,2026-11-22 06:28:00,8,12604.04,0.10,UPI
S0054765,C04617,P00738,ST042,2027-04-18 02:24:00,5,14125.52,0.00,WALLET
S0054766,C04688,P00356,ST016,2026-10-05 16:00:00,8,6310.49,0.10,COD
S0054767,C02459,P00721,ST008,2026-10-05 16:07:00,6,2539.40,0.10,WALLET
S0054768,C05132,P00391,ST018,2027-03-10 03:00:00,5,3490.76,0.00,WALLET
S0054769,C01154,P00576,ST046,2026-10-03 11:26:00,6,829.35,0.05,CARD
S0054770,C01654,P00586,ST028,2026-11-11 03:41:00,5,3287.74,0.00,WALLET
S0054771,C04275,P00743,ST023,2027-05-08 00:04:00,8,11438.19,0.00,CARD
S0054772,C00072,P00376,ST038,2026-11-19 09:07:00,5,6826.58,0.05,CARD
S0054773,C03471,P00861,ST035,2027-02-11 21:05:00,6,3963.47,0.15,COD
S0054774,C01555,P00970,ST027,2027-04-19 02:01:00,3,11802.25,0.05,COD
S0054775,C00496,P00372,ST043,2027-01-02 00:18:00,7,8947.17,0.05,CARD
S0054776,C03805,P00106,ST033,2026-12-07 18:02:00,6,14238.90,0.00,COD
S0054777,C02858,P00849,ST022,2026-09-06 17:30:00,1,11840.46,0.00,WALLET
S0054778,C04699,P01091,ST035,2026-11-01 16:25:00,6,2211.71,0.15,NET_BANKING
S0054779,C04501,P01029,ST038,2026-09-08 02:30:00,2,3838.28,0.10,UPI
S0054780,C01230,P00379,ST043,2026-10-11 20:03:00,6,1917.87,0.00,UPI
S0054781,C00783,P00624,ST049,2027-04-20 23:13:00,7,10459.90,0.15,NET_BANKING
S0054782,C01308,P00254,ST036,2027-04-30 18:02:00,2,1267.62,0.00,WALLET
S0054783,C03211,P00230,ST009,2026-09-12 05:23:00,1,9832.40,0.15,WALLET
S0054784,C00979,P00594,ST037,2026-09-09 12:25:00,2,10755.95,0.00,UPI
S0054785,C04384,P00066,ST026,2027-01-13 08:57:00,5,13989.36,0.05,WALLET
S0054786,C00713,P01035,ST006,2026-11-24 20:34:00,7,2684.03,0.00,NET_BANKING
S0054787,C01227,P01013,ST039,2027-04-18 00:31:00,5,111.25,0.15,UPI
S0054788,C00640,P00065,ST043,2027-01-13 06:03:00,4,505.63,0.00,NET_BANKING
S0054789,C02566,P00056,ST016,2027-03-24 03:58:00,8,12872.42,0.00,CARD
S0054790,C02244,P00419,ST015,2026-12-24 14:43:00,5,11021.19,0.00,CARD
S0054791,C02509,P00727,ST006,2026-09-10 13:52:00,6,12337.64,0.15,UPI
S0054792,C03807,P00416,ST002,2026-10-26 01:04:00,4,7537.51,0.00,COD
S0054793,C03138,P00448,ST042,2026-12-12 22:10:00,3,9484.91,0.00,CARD
S0054794,C03466,P00969,ST035,2026-10-26 00:15:00,7,3154.51,0.15,NET_BANKING
S0054795,C04769,P00452,ST009,2026-11-20 01:16:00,6,3389.85,0.00,NET_BANKING
S0054796,C01079,P00575,ST049,2027-05-14 16:07:00,5,10494.08,0.00,UPI
S0054797,C05319,P00441,ST033,2027-05-14 16:11:00,3,10328.32,0.05,CARD
S0054798,C02902,P00097,ST003,2026-09-02 07:53:00,7,9879.74,0.00,WALLET
S0054799,C02404,P00421,ST036,2026-09-20 07:42:00,2,9929.53,0.00,WALLET
S0054800,C02895,P00315,ST046,2026-10-01 10:20:00,1,8151.43,0.10,CARD
S0054801,C02936,P01029,ST049,2026-12-23 12:52:00,7,3143.08,0.00,WALLET
S0054802,C01124,P00484,ST014,2026-12-10 07:31:00,2,195.13,0.00,WALLET
S0054803,C00252,P01039,ST036,2026-11-24 13:40:00,7,1308.01,0.15,CARD
S0054804,C03926,P00591,ST032,2027-02-04 14:21:00,2,11159.58,0.10,COD
S0054805,C01853,P00701,ST030,2027-03-17 06:08:00,4,9710.18,0.10,UPI
S0054806,C01720,P00139,ST010,2027-03-14 22:00:00,7,13296.70,0.15,WALLET
S0054807,C03893,P00346,ST048,2027-02-27 23:46:00,2,10411.85,0.10,NET_BANKING
S0054808,C00730,P00235,ST001,2026-12-08 03:50:00,7,5077.58,0.05,WALLET
S0054809,C00696,P00496,ST016,2026-09-14 01:25:00,4,3469.95,0.05,NET_BANKING
S0054810,C00670,P00191,ST049,2026-10-15 23:01:00,7,11697.40,0.00,NET_BANKING
S0054811,C01626,P00726,ST032,2027-04-02 16:46:00,5,7391.49,0.00,UPI
S0054812,C03792,P00180,ST020,2026-11-12 07:45:00,3,12378.45,0.00,CARD
S0054813,C03696,P00086,ST034,2027-01-19 19:16:00,2,394.30,0.10,UPI
S0054814,C01908,P00879,ST027,2027-03-24 08:21:00,6,5207.36,0.15,COD
S0054815,C05463,P00617,ST026,2026-11-05 20:33:00,8,11028.99,0.00,WALLET
S0054816,C00741,P00005,ST029,2026-11-07 09:57:00,6,3720.45,0.00,WALLET
S0054817,C01425,P00846,ST027,2027-01-28 08:59:00,2,5378.97,0.00,UPI
S0054818,C04255,P00395,ST024,2027-02-01 00:13:00,1,4137.07,0.10,CARD
S0054819,C04002,P00887,ST044,2026-11-25 16:18:00,4,6975.28,0.00,COD
S0054820,C03668,P00970,ST034,2027-04-26 12:22:00,6,11802.25,0.00,COD
S0054821,C05106,P00092,ST009,2027-04-11 08:02:00,4,8564.59,0.05,WALLET
S0054822,C00792,P00754,ST009,2026-12-12 20:03:00,5,4946.47,0.15,NET_BANKING
S0054823,C00833,P00599,ST030,2027-04-19 08:03:00,2,1086.85,0.05,COD
S0054824,C02615,P00188,ST017,2027-04-10 08:22:00,6,6455.12,0.00,COD
S0054825,C00318,P00543,ST022,2027-04-15 13:02:00,2,1249.06,0.10,COD
S0054826,C02617,P00664,ST020,2026-10-29 05:36:00,1,2596.83,0.00,NET_BANKING
S0054827,C02927,P00748,ST032,2026-09-15 15:12:00,5,7740.82,0.10,WALLET
S0054828,C04180,P00039,ST043,2027-04-05 15:24:00,2,11380.58,0.15,WALLET
S0054829,C04011,P00599,ST023,2026-10-08 09:34:00,5,1086.85,0.15,COD
S0054830,C02307,P00220,ST023,2027-03-05 09:16:00,5,3145.53,0.05,UPI
S0054831,C04483,P00830,ST020,2027-04-25 08:38:00,5,8076.01,0.05,WALLET
S0054832,C04202,P00529,ST001,2026-10-23 03:37:00,8,10534.37,0.05,UPI
S0054833,C05159,P00023,ST012,2027-04-30 18:35:00,2,8298.86,0.00,WALLET
S0054834,C00788,P00247,ST049,2026-10-24 05:35:00,8,3627.73,0.05,COD
S0054835,C00364,P00227,ST017,2027-03-16 23:36:00,7,7877.11,0.15,WALLET
S0054836,C00371,P01070,ST007,2027-03-18 03:44:00,3,3710.37,0.10,CARD
S0054837,C03564,P00986,ST045,2027-01-14 14:52:00,2,6941.31,0.05,NET_BANKING
S0054838,C02525,P00080,ST038,2026-09-26 04:25:00,6,4990.71,0.00,CARD
S0054839,C00873,P00519,ST031,2026-09-11 15:50:00,8,3550.37,0.10,COD
S0054840,C01382,P00524,ST038,2027-01-25 21:43:00,6,11462.06,0.15,COD
S0054841,C04349,P00493,ST039,2027-02-09 02:23:00,3,10898.38,0.00,CARD
S0054842,C00451,P00405,ST043,2027-04-26 01:20:00,5,11768.32,0.00,WALLET
S0054843,C03825,P00293,ST043,2027-03-16 13:29:00,4,8511.68,0.10,UPI
S0054844,C01036,P00849,ST037,2027-05-19 08:10:00,2,11840.46,0.00,WALLET
S0054845,C02509,P00297,ST007,2026-11-08 11:00:00,3,10745.27,0.00,COD
S0054846,C04056,P01066,ST018,2027-03-16 14:49:00,5,1411.24,0.00,WALLET
S0054847,C02937,P00233,ST004,2026-10-05 08:06:00,5,5834.21,0.10,NET_BANKING
S0054848,C03502,P00615,ST020,2027-03-09 17:57:00,2,5873.54,0.00,CARD
S0054849,C03150,P00954,ST026,2027-02-16 17:44:00,8,8183.55,0.15,CARD
S0054850,C00124,P01033,ST011,2026-09-19 12:07:00,7,3709.25,0.00,NET_BANKING
S0054851,C02686,P00523,ST021,2026-09-22 23:54:00,8,3568.60,0.10,CARD
S0054852,C00655,P00978,ST006,2027-05-16 03:52:00,7,12166.54,0.00,NET_BANKING
S0054853,C02424,P00100,ST022,2026-09-29 08:20:00,7,2281.28,0.00,CARD
S0054854,C00139,P00802,ST033,2027-04-28 15:57:00,4,4433.25,0.10,CARD
S0054855,C03799,P00407,ST009,2026-12-16 21:22:00,2,6517.00,0.00,NET_BANKING
S0054856,C03317,P00375,ST040,2027-05-13 05:48:00,4,8641.01,0.05,CARD
S0054857,C03996,P00447,ST003,2026-09-16 04:21:00,2,13780.12,0.10,COD
S0054858,C05054,P00501,ST006,2027-04-04 06:22:00,4,591.28,0.00,NET_BANKING
S0054859,C00726,P00433,ST033,2026-09-02 05:50:00,1,6296.95,0.05,COD
S0054860,C03802,P00084,ST022,2026-09-05 23:27:00,8,9370.43,0.00,CARD
S0054861,C02931,P00172,ST046,2026-11-22 10:53:00,5,13640.80,0.15,CARD
S0054862,C02685,P00580,ST012,2027-03-19 05:25:00,2,4489.50,0.15,COD
S0054863,C00305,P00921,ST029,2026-12-31 17:48:00,7,10747.60,0.05,CARD
S0054864,C04619,P00605,ST004,2026-09-28 14:09:00,8,10366.72,0.10,NET_BANKING
S0054865,C03632,P00048,ST044,2026-12-25 10:24:00,4,5018.49,0.15,COD
S0054866,C04919,P00689,ST045,2027-05-04 13:46:00,8,1747.51,0.05,WALLET
S0054867,C02431,P00849,ST017,2027-04-17 10:57:00,7,11840.46,0.00,WALLET
S0054868,C01166,P00831,ST012,2027-04-24 10:01:00,4,4958.66,0.00,CARD
S0054869,C01596,P00795,ST031,2027-01-31 17:17:00,2,123.55,0.10,COD
S0054870,C01503,P00537,ST021,2027-02-28 05:21:00,2,9956.19,0.10,UPI
S0054871,C02835,P00295,ST007,2027-01-22 23:31:00,1,8088.40,0.00,NET_BANKING
S0054872,C01609,P00800,ST050,2026-12-19 15:44:00,2,14143.96,0.00,WALLET
S0054873,C02261,P00543,ST038,2027-03-13 23:17:00,3,1249.06,0.10,UPI
S0054874,C03491,P00665,ST009,2027-04-30 06:42:00,6,13897.47,0.15,CARD
S0054875,C01608,P00897,ST048,2026-11-06 17:16:00,7,3588.17,0.05,UPI
S0054876,C05421,P00862,ST025,2027-04-05 20:54:00,7,12635.93,0.00,COD
S0054877,C00581,P00101,ST027,2027-04-17 06:55:00,8,8045.20,0.00,UPI
S0054878,C01166,P00457,ST043,2027-05-13 13:06:00,6,2393.60,0.00,WALLET
S0054879,C00142,P00709,ST030,2027-05-01 21:42:00,1,14344.98,0.15,NET_BANKING
S0054880,C04737,P00719,ST032,2026-09-21 10:04:00,6,6837.75,0.15,UPI
S0054881,C03062,P00774,ST050,2027-04-22 22:11:00,3,12009.08,0.15,UPI
S0054882,C02475,P00580,ST046,2027-01-26 19:28:00,6,4489.50,0.10,WALLET
S0054883,C03222,P00412,ST040,2027-02-17 19:05:00,7,14467.07,0.10,WALLET
S0054884,C03099,P00670,ST031,2027-01-13 08:30:00,6,12195.01,0.10,CARD
S0054885,C01380,P00637,ST015,2026-11-13 23:47:00,1,14361.31,0.10,COD
S0054886,C00074,P00865,ST006,2027-01-14 03:12:00,4,8660.01,0.15,CARD
S0054887,C04628,P00851,ST014,2026-10-27 14:25:00,8,10520.35,0.00,COD
S0054888,C01595,P00874,ST040,2026-09-03 20:32:00,3,13474.71,0.05,UPI
S0054889,C01484,P01069,ST013,2026-12-30 09:56:00,5,3114.63,0.00,NET_BANKING
S0054890,C03927,P00204,ST020,2026-09-04 10:28:00,5,1600.11,0.00,CARD
S0054891,C01149,P00629,ST047,2026-09-23 05:27:00,8,11585.25,0.00,WALLET
S0054892,C01640,P00377,ST042,2026-10-20 22:15:00,3,7573.41,0.10,CARD
S0054893,C01917,P00450,ST046,2027-04-22 14:46:00,4,11985.09,0.00,WALLET
S0054894,C03249,P01086,ST044,2027-02-20 12:53:00,3,3114.27,0.00,UPI
S0054895,C02090,P00834,ST028,2027-05-16 01:47:00,7,13773.56,0.05,WALLET
S0054896,C05215,P01004,ST009,2026-09-24 15:54:00,6,4484.11,0.10,NET_BANKING
S0054897,C03574,P00315,ST008,2026-12-26 02:56:00,6,8151.43,0.00,UPI
S0054898,C02178,P00416,ST012,2026-10-04 11:42:00,5,7537.51,0.15,COD
S0054899,C00866,P00205,ST034,2026-09-09 13:45:00,6,2535.39,0.00,CARD
S0054900,C05346,P00194,ST018,2026-09-13 07:58:00,4,4680.85,0.15,CARD
S0054901,C00779,P00864,ST016,2027-05-13 03:39:00,2,934.40,0.05,CARD
S0054902,C01055,P00609,ST012,2027-03-18 19:57:00,3,12112.83,0.05,WALLET
S0054903,C00727,P00031,ST027,2026-11-30 11:24:00,7,13784.17,0.15,WALLET
S0054904,C03505,P00569,ST018,2027-04-01 09:13:00,3,11413.80,0.00,WALLET
S0054905,C02276,P00539,ST018,2027-05-14 04:18:00,1,7157.77,0.00,UPI
S0054906,C03895,P00686,ST007,2026-11-24 01:41:00,4,1168.81,0.10,NET_BANKING
S0054907,C05411,P01086,ST003,2027-03-13 03:56:00,8,3554.30,0.00,NET_BANKING
S0054908,C01252,P00754,ST033,2026-10-25 01:41:00,6,4946.47,0.15,NET_BANKING
S0054909,C02860,P00317,ST021,2027-02-15 18:22:00,5,4717.68,0.15,CARD
S0054910,C02062,P00960,ST018,2026-11-11 23:18:00,4,6003.64,0.05,NET_BANKING
S0054911,C01343,P00738,ST024,2027-02-27 23:38:00,4,14125.52,0.05,UPI
S0054912,C03253,P00113,ST040,2027-05-10 20:19:00,8,13315.47,0.10,COD
S0054913,C02368,P01078,ST026,2027-04-08 02:37:00,7,3490.21,0.05,NET_BANKING
S0054914,C03910,P00389,ST015,2026-09-16 12:54:00,3,7161.01,0.00,UPI
S0054915,C03060,P00592,ST039,2027-04-15 05:17:00,4,3828.55,0.15,NET_BANKING
S0054916,C01980,P00851,ST042,2027-01-26 10:07:00,5,10520.35,0.10,NET_BANKING
S0054917,C04249,P00877,ST031,2026-12-10 06:52:00,4,9491.54,0.10,CARD
S0054918,C04491,P00196,ST036,2026-11-10 09:47:00,4,10921.34,0.10,COD
S0054919,C04487,P00969,ST014,2027-01-21 19:54:00,2,3154.51,0.00,WALLET
S0054920,C02492,P00187,ST006,2026-10-09 10:15:00,2,6392.10,0.00,UPI
S0054921,C04087,P00959,ST020,2026-10-18 19:22:00,3,9477.36,0.00,UPI
S0054922,C01495,P00998,ST013,2027-03-20 19:14:00,6,2576.28,0.00,UPI
S0054923,C02571,P00015,ST032,2027-04-10 23:41:00,7,6091.54,0.00,NET_BANKING
S0054924,C00373,P00741,ST001,2027-01-03 23:15:00,6,14542.74,0.00,UPI
S0054925,C01169,P00173,ST036,2027-03-20 22:06:00,6,2556.28,0.10,CARD
S0054926,C01676,P01008,ST003,2027-01-03 14:54:00,3,1914.96,0.05,CARD
S0054927,C02108,P00557,ST028,2027-01-01 01:53:00,8,9429.31,0.00,NET_BANKING
S0054928,C04092,P00895,ST043,2027-02-23 19:33:00,4,8765.77,0.15,UPI
S0054929,C01143,P00763,ST003,2026-11-24 08:57:00,5,4853.30,0.05,UPI
S0054930,C00392,P00436,ST013,2027-04-23 21:50:00,8,14953.84,0.00,NET_BANKING
S0054931,C01982,P01069,ST015,2027-02-24 19:15:00,3,721.13,0.15,WALLET
S0054932,C04306,P00511,ST010,2026-11-09 15:00:00,3,1704.19,0.10,COD
S0054933,C00828,P00589,ST020,2026-12-18 09:59:00,8,4410.37,0.00,CARD
S0054934,C03912,P00569,ST040,2026-10-01 17:42:00,3,11413.80,0.10,COD
S0054935,C00237,P00104,ST017,2026-11-01 21:40:00,6,5175.58,0.05,NET_BANKING
S0054936,C00399,P00797,ST044,2027-04-07 02:00:00,5,13199.71,0.05,COD
S0054937,C03680,P00131,ST024,2027-03-23 23:15:00,4,13217.23,0.05,NET_BANKING
S0054938,C01068,P00308,ST020,2027-01-29 17:17:00,7,8424.73,0.00,CARD
S0054939,C01589,P00682,ST037,2027-05-05 12:47:00,6,14995.19,0.00,CARD
S0054940,C02161,P00601,ST019,2026-09-05 03:27:00,8,9389.35,0.15,NET_BANKING
S0054941,C04769,P00795,ST023,2027-03-14 07:32:00,6,123.55,0.00,WALLET
S0054942,C04791,P00837,ST023,2026-10-01 03:12:00,1,11678.05,0.15,NET_BANKING
S0054943,C00007,P00242,ST027,2027-03-20 23:16:00,1,6380.48,0.15,COD
S0054944,C01907,P00223,ST031,2026-12-08 16:31:00,6,6560.58,0.00,UPI
S0054945,C01524,P00483,ST021,2026-12-25 08:32:00,1,7759.25,0.00,COD
S0054946,C02240,P01057,ST023,2027-05-02 12:24:00,7,3427.73,0.00,UPI
S0054947,C00004,P00939,ST049,2027-03-09 00:30:00,5,7892.75,0.05,WALLET
S0054948,C04930,P00914,ST031,2026-11-18 01:25:00,1,14608.30,0.05,UPI
S0054949,C03468,P00288,ST041,2026-09-23 05:33:00,2,8330.78,0.05,WALLET
S0054950,C02143,P00736,ST009,2026-10-04 10:02:00,2,10626.28,0.10,WALLET
S0054951,C00719,P00029,ST048,2027-01-26 12:48:00,6,10510.24,0.15,CARD
S0054952,C01597,P00238,ST004,2026-09-15 05:14:00,1,2175.91,0.00,NET_BANKING
S0054953,C04822,P00561,ST024,2027-01-08 02:42:00,8,4145.03,0.10,WALLET
S0054954,C03641,P00065,ST002,2026-11-25 22:29:00,1,505.63,0.05,UPI
S0054955,C02921,P00592,ST049,2027-04-20 23:09:00,4,3828.55,0.15,UPI
S0054956,C01742,P01092,ST039,2026-11-25 12:33:00,6,3843.17,0.05,NET_BANKING
S0054957,C04740,P00538,ST031,2027-02-24 11:08:00,4,12711.98,0.05,WALLET
S0054958,C03905,P00333,ST046,2026-10-01 12:49:00,5,1647.52,0.00,CARD
S0054959,C00721,P00715,ST018,2027-04-05 13:46:00,2,9749.53,0.00,WALLET
S0054960,C02270,P00553,ST044,2027-02-15 14:52:00,6,10883.36,0.00,COD
S0054961,C05418,P00157,ST017,2027-02-20 07:34:00,2,8754.83,0.10,NET_BANKING
S0054962,C00155,P01023,ST002,2026-10-23 05:05:00,7,202.36,0.05,CARD
S0054963,C04782,P00146,ST007,2027-03-02 15:36:00,6,1016.88,0.00,UPI
S0054964,C02074,P00250,ST006,2027-02-27 10:28:00,7,4598.66,0.15,NET_BANKING
S0054965,C02333,P00342,ST009,2027-04-05 17:36:00,8,2514.86,0.10,UPI
S0054966,C03090,P00563,ST015,2026-10-10 01:07:00,2,2736.29,0.00,UPI
S0054967,C05096,P00129,ST004,2027-04-12 02:17:00,3,5652.18,0.05,WALLET
S0054968,C04951,P00856,ST030,2027-01-21 01:14:00,3,4490.45,0.00,WALLET
S0054969,C04015,P00301,ST042,2027-04-16 23:44:00,4,2542.44,0.00,UPI
S0054970,C01212,P00119,ST010,2027-03-29 01:05:00,3,794.81,0.15,COD
S0054971,C01829,P00956,ST009,2027-03-28 07:39:00,3,1818.03,0.10,NET_BANKING
S0054972,C01025,P00705,ST001,2026-10-07 22:42:00,6,12535.43,0.00,NET_BANKING
S0054973,C03532,P00676,ST038,2027-04-12 18:04:00,4,13208.41,0.00,WALLET
S0054974,C00643,P00934,ST049,2027-05-02 09:39:00,7,6341.80,0.00,NET_BANKING
S0054975,C00623,P00784,ST040,2027-02-26 06:46:00,6,13461.16,0.10,CARD
S0054976,C02698,P00216,ST013,2026-09-01 05:57:00,5,1540.77,0.15,UPI
S0054977,C04433,P00175,ST019,2027-03-18 22:50:00,6,14956.51,0.15,NET_BANKING
S0054978,C05450,P00405,ST021,2027-02-25 23:32:00,7,11768.32,0.10,UPI
S0054979,C03097,P01052,ST035,2027-04-28 16:52:00,5,4281.54,0.00,COD
S0054980,C01033,P00827,ST031,2027-04-29 05:48:00,5,14075.22,0.15,CARD
S0054981,C00792,P00594,ST023,2027-01-01 04:08:00,6,10755.95,0.05,WALLET
S0054982,C03590,P00753,ST019,2026-10-18 05:08:00,3,9739.34,0.00,NET_BANKING
S0054983,C03234,P00317,ST033,2027-04-16 11:36:00,4,4717.68,0.00,NET_BANKING
S0054984,C00109,P00544,ST007,2027-03-21 16:26:00,3,6390.78,0.15,UPI
S0054985,C04084,P00083,ST038,2026-10-09 20:08:00,8,6669.82,0.00,UPI
S0054986,C04682,P00045,ST033,2027-03-24 19:09:00,6,3670.33,0.00,CARD
S0054987,C01126,P00006,ST005,2026-11-11 16:18:00,4,12375.85,0.05,WALLET
S0054988,C02980,P00929,ST048,2027-03-25 14:23:00,1,6068.78,0.15,WALLET
S0054989,C01830,P00885,ST028,2027-03-13 10:07:00,6,2276.62,0.00,UPI
S0054990,C03076,P00850,ST010,2026-12-31 00:59:00,6,4390.79,0.15,WALLET
S0054991,C02913,P00514,ST038,2027-01-08 19:00:00,1,14174.96,0.05,CARD
S0054992,C00792,P00519,ST011,2026-10-15 21:07:00,7,3550.37,0.15,WALLET
S0054993,C01191,P00246,ST018,2027-01-21 14:17:00,6,9342.29,0.10,WALLET
S0054994,C02529,P00551,ST049,2027-03-13 05:43:00,8,9996.39,0.00,UPI
S0054995,C03117,P00116,ST032,2026-11-08 06:57:00,6,6123.57,0.00,CARD
S0054996,C04230,P00721,ST039,2027-02-07 05:44:00,3,2539.40,0.00,WALLET
S0054997,C02357,P00741,ST019,2026-11-13 22:34:00,8,14542.74,0.10,UPI
S0054998,C04856,P00862,ST004,2026-11-13 22:35:00,7,12635.93,0.00,NET_BANKING
S0054999,C02993,P00666,ST028,2027-05-08 04:58:00,3,12463.65,0.00,CARD
S0055000,C03539,P00026,ST042,2026-11-04 06:43:00,3,3973.71,0.05,NET_BANKING
S0055001,C01980,P00647,ST049,2027-01-16 05:15:00,6,8946.93,0.00,NET_BANKING
S0055002,C04154,P00506,ST027,2027-01-26 10:26:00,8,4110.78,0.10,COD
S0055003,C04764,P00403,ST019,2026-12-07 00:44:00,3,6512.03,0.15,UPI
S0055004,C04613,P00652,ST030,2027-05-13 20:48:00,4,7213.51,0.05,NET_BANKING
S0055005,C02139,P00413,ST031,2027-01-15 20:06:00,6,8913.27,0.15,COD
S0055006,C00993,P00218,ST038,2026-10-26 09:46:00,4,7857.30,0.15,WALLET
S0055007,C00141,P00375,ST034,2027-05-08 11:03:00,5,8641.01,0.10,CARD
S0055008,C04926,P00130,ST043,2026-09-23 02:58:00,4,1609.69,0.10,COD
S0055009,C04588,P00649,ST050,2027-02-22 06:57:00,6,9552.52,0.10,WALLET
S0055010,C02949,P00483,ST001,2026-10-02 23:57:00,3,7759.25,0.00,NET_BANKING
S0055011,C03272,P00130,ST018,2027-03-05 12:32:00,3,1609.69,0.00,UPI
S0055012,C01797,P00396,ST031,2026-11-26 06:04:00,3,1114.54,0.00,WALLET
S0055013,C01325,P00561,ST024,2026-12-03 03:10:00,4,4145.03,0.00,UPI
S0055014,C00982,P00213,ST019,2027-02-17 00:27:00,6,2854.32,0.05,CARD
S0055015,C04498,P00397,ST020,2027-05-12 18:44:00,7,12844.97,0.00,WALLET
S0055016,C04268,P00752,ST049,2027-02-21 09:24:00,4,10993.54,0.00,UPI
S0055017,C04988,P00163,ST034,2026-11-26 13:50:00,3,2045.70,0.00,COD
S0055018,C03526,P00946,ST004,2026-09-01 02:11:00,1,536.50,0.00,NET_BANKING
S0055019,C04003,P00014,ST048,2026-11-21 20:59:00,2,9230.95,0.10,NET_BANKING
S0055020,C01599,P00911,ST044,2026-10-10 14:23:00,3,10076.98,0.15,WALLET
S0055021,C03561,P00176,ST031,2027-01-12 20:13:00,8,10058.14,0.00,UPI
S0055022,C00511,P00637,ST040,2026-10-31 00:34:00,7,14361.31,0.00,UPI
S0055023,C02090,P00288,ST011,2027-05-09 14:59:00,1,8330.78,0.05,COD
S0055024,C02117,P01043,ST020,2027-05-05 12:17:00,3,334.41,0.00,NET_BANKING
S0055025,C03196,P00344,ST030,2027-01-28 10:01:00,1,12170.01,0.00,WALLET
S0055026,C04292,P00730,ST034,2026-11-26 06:40:00,2,3796.60,0.00,WALLET
S0055027,C04585,P00200,ST038,2027-04-27 20:50:00,8,12660.04,0.00,NET_BANKING
S0055028,C03007,P00406,ST039,2027-04-29 20:34:00,2,1162.78,0.00,COD
S0055029,C00035,P00858,ST033,2026-09-19 21:18:00,7,2715.82,0.00,NET_BANKING
S0055030,C00209,P00615,ST026,2026-09-26 08:29:00,4,5873.54,0.05,CARD
S0055031,C03608,P00843,ST038,2027-04-19 16:59:00,1,13366.08,0.10,CARD
S0055032,C02074,P00147,ST036,2027-04-02 01:36:00,3,8610.17,0.05,NET_BANKING
S0055033,C00164,P00906,ST044,2027-01-10 15:23:00,5,12896.50,0.10,NET_BANKING
S0055034,C01653,P01061,ST034,2027-01-25 15:11:00,8,2338.64,0.15,WALLET
S0055035,C02878,P00325,ST009,2027-01-11 11:26:00,8,878.26,0.00,WALLET
S0055036,C00991,P00563,ST024,2026-09-13 20:59:00,6,2736.29,0.00,UPI
S0055037,C05163,P00817,ST045,2027-01-26 00:35:00,8,11269.31,0.05,COD
S0055038,C01306,P00837,ST032,2026-10-09 08:54:00,1,11678.05,0.10,UPI
S0055039,C00477,P00370,ST042,2026-09-15 22:55:00,7,9728.34,0.00,WALLET
S0055040,C04419,P00090,ST039,2027-03-08 06:05:00,6,1862.74,0.15,UPI
S0055041,C03786,P00105,ST038,2026-11-25 17:49:00,7,7300.13,0.00,UPI
S0055042,C03858,P00683,ST049,2026-11-30 23:57:00,6,6906.08,0.00,UPI
S0055043,C05081,P00924,ST014,2026-12-07 08:56:00,6,2977.90,0.15,UPI
S0055044,C05216,P00347,ST026,2026-10-03 00:10:00,7,13728.26,0.15,UPI
S0055045,C02940,P00063,ST028,2027-03-06 01:26:00,6,9510.65,0.10,COD
S0055046,C04901,P00629,ST003,2026-10-24 00:34:00,3,11585.25,0.15,COD
S0055047,C05043,P00617,ST005,2027-02-09 02:15:00,5,11028.99,0.05,NET_BANKING
S0055048,C02747,P00484,ST002,2027-02-16 11:32:00,5,195.13,0.00,UPI
S0055049,C05398,P00030,ST004,2027-02-18 01:01:00,4,7478.66,0.05,COD
S0055050,C02964,P00384,ST028,2027-01-03 01:55:00,7,2659.04,0.10,UPI
S0055051,C01322,P00981,ST034,2027-01-15 05:26:00,7,5838.61,0.15,CARD
S0055052,C01769,P00993,ST007,2026-10-30 10:35:00,8,11078.12,0.05,COD
S0055053,C03094,P00347,ST008,2027-03-13 10:37:00,4,13728.26,0.15,COD
S0055054,C02548,P00922,ST012,2027-01-24 03:52:00,3,5403.68,0.00,COD
S0055055,C04167,P00017,ST008,2027-05-05 23:01:00,5,3528.42,0.05,COD
S0055056,C01673,P00266,ST027,2027-01-12 14:15:00,6,13447.25,0.10,CARD
S0055057,C02093,P00902,ST030,2026-09-15 01:02:00,3,6441.41,0.00,NET_BANKING
S0055058,C04497,P00042,ST003,2027-02-15 10:22:00,3,14409.73,0.00,WALLET
S0055059,C02362,P00815,ST001,2027-02-14 01:12:00,1,9553.20,0.05,COD
S0055060,C03625,P00184,ST022,2027-04-21 01:05:00,5,8980.87,0.00,WALLET
S0055061,C00386,P00375,ST033,2026-09-13 22:17:00,5,8641.01,0.00,CARD
S0055062,C01428,P00100,ST034,2027-02-20 07:42:00,2,2281.28,0.10,UPI
S0055063,C01428,P00047,ST002,2026-12-03 20:13:00,6,4471.06,0.15,NET_BANKING
S0055064,C05420,P00742,ST028,2026-12-16 02:20:00,4,7019.87,0.00,UPI
S0055065,C01142,P00101,ST013,2027-03-09 07:50:00,2,8045.20,0.00,NET_BANKING
S0055066,C02036,P00676,ST043,2027-04-06 08:10:00,3,13208.41,0.10,UPI
S0055067,C00220,P00643,ST018,2026-10-08 02:46:00,5,13117.03,0.00,COD
S0055068,C04710,P00407,ST016,2026-10-16 20:14:00,8,6517.00,0.00,UPI
S0055069,C03233,P00600,ST017,2026-10-26 17:36:00,8,6476.74,0.00,CARD
S0055070,C00700,P01023,ST048,2026-11-06 23:19:00,1,2103.26,0.00,COD
S0055071,C01994,P00771,ST031,2027-05-11 17:06:00,8,9138.48,0.05,UPI
S0055072,C04771,P01069,ST005,2026-10-29 16:21:00,1,4074.00,0.15,UPI
S0055073,C04855,P00633,ST039,2027-05-19 01:10:00,4,8834.04,0.10,CARD
S0055074,C00143,P00126,ST045,2027-04-13 15:03:00,7,787.25,0.00,CARD
S0055075,C02129,P00449,ST003,2027-03-18 07:17:00,8,4682.35,0.00,CARD
S0055076,C01948,P00631,ST016,2027-03-21 23:04:00,7,2764.58,0.05,CARD
S0055077,C00548,P00024,ST004,2026-12-27 03:20:00,1,7530.12,0.00,WALLET
S0055078,C04301,P00676,ST044,2027-05-11 15:30:00,5,13208.41,0.05,CARD
S0055079,C02889,P00359,ST016,2026-11-15 04:06:00,4,6112.49,0.10,UPI
S0055080,C00721,P00288,ST011,2026-12-12 03:19:00,1,8330.78,0.10,WALLET
S0055081,C01700,P00549,ST024,2027-02-11 18:37:00,7,8615.76,0.15,CARD
S0055082,C01166,P00986,ST049,2027-04-03 23:47:00,3,6941.31,0.00,COD
S0055083,C04145,P00348,ST048,2026-10-26 19:12:00,3,6541.94,0.15,WALLET
S0055084,C02416,P00965,ST010,2026-12-01 11:59:00,3,14887.52,0.00,WALLET
S0055085,C01667,P00430,ST048,2026-11-30 11:31:00,6,5232.86,0.15,WALLET
S0055086,C00610,P00883,ST048,2026-11-01 15:14:00,3,9173.36,0.10,COD
S0055087,C03319,P00761,ST041,2026-11-14 16:30:00,5,7126.90,0.00,CARD
S0055088,C03513,P00486,ST046,2026-12-28 02:38:00,2,10044.32,0.15,WALLET
S0055089,C04899,P00183,ST032,2027-03-27 06:41:00,6,4082.17,0.05,CARD
S0055090,C04669,P00177,ST038,2026-11-21 02:42:00,1,5272.03,0.05,UPI
S0055091,C01460,P00251,ST026,2027-02-24 09:51:00,4,1347.37,0.00,CARD
S0055092,C05059,P00638,ST024,2027-01-23 18:26:00,8,8964.05,0.15,UPI
S0055093,C01973,P00974,ST044,2027-03-19 02:34:00,7,2875.19,0.00,UPI
S0055094,C00406,P00009,ST010,2027-05-13 01:49:00,5,14426.84,0.05,WALLET
S0055095,C05390,P00223,ST011,2027-03-29 23:25:00,8,6560.58,0.00,CARD
S0055096,C04047,P00173,ST045,2027-02-02 09:37:00,7,2556.28,0.00,CARD
S0055097,C00233,P01058,ST033,2026-09-25 07:54:00,4,2553.37,0.00,UPI
S0055098,C00752,P00187,ST011,2026-10-07 23:42:00,5,6392.10,0.00,CARD
S0055099,C05421,P00509,ST022,2026-11-11 04:34:00,5,6695.51,0.00,COD
S0055100,C00097,P00452,ST025,2027-04-29 06:59:00,8,3389.85,0.00,UPI
S0055101,C04754,P00209,ST007,2026-09-13 08:13:00,4,6800.00,0.10,WALLET
S0055102,C04802,P00237,ST047,2027-03-21 11:25:00,8,5637.77,0.00,UPI
S0055103,C03132,P00955,ST013,2027-03-17 22:53:00,8,5719.71,0.05,UPI
S0055104,C00738,P00709,ST017,2026-12-18 20:23:00,3,14344.98,0.05,UPI
S0055105,C04427,P01028,ST044,2026-09-17 21:07:00,5,1906.94,0.00,NET_BANKING
S0055106,C01540,P00353,ST034,2027-04-18 14:35:00,2,10161.42,0.05,NET_BANKING
S0055107,C05306,P00068,ST005,2027-01-29 19:43:00,1,2033.40,0.05,COD
S0055108,C00505,P00913,ST003,2026-11-26 18:51:00,3,11417.61,0.00,CARD
S0055109,C02133,P00970,ST023,2026-11-06 22:08:00,8,11802.25,0.00,UPI
S0055110,C03523,P00674,ST041,2027-03-26 04:06:00,6,12623.07,0.00,UPI
S0055111,C00321,P00370,ST004,2027-01-07 04:28:00,2,9728.34,0.00,CARD
S0055112,C00816,P00056,ST043,2026-11-22 17:01:00,1,12872.42,0.10,NET_BANKING
S0055113,C04882,P00721,ST018,2026-10-01 06:01:00,7,2539.40,0.10,NET_BANKING
S0055114,C00166,P00336,ST020,2027-02-11 20:31:00,4,10827.01,0.00,UPI
S0055115,C05388,P00448,ST024,2027-04-29 16:22:00,4,9484.91,0.00,COD
S0055116,C00183,P00986,ST046,2026-12-03 15:37:00,6,6941.31,0.05,NET_BANKING
S0055117,C05187,P00633,ST020,2026-09-11 14:48:00,5,8834.04,0.00,WALLET
S0055118,C00302,P00678,ST029,2027-01-12 19:04:00,6,5849.17,0.10,UPI
S0055119,C03162,P00061,ST018,2026-11-15 11:53:00,7,9979.10,0.10,UPI
S0055120,C04791,P00129,ST048,2027-04-29 10:45:00,2,5652.18,0.05,COD
S0055121,C05104,P00965,ST004,2027-03-29 10:06:00,3,14887.52,0.10,NET_BANKING
S0055122,C00381,P00181,ST029,2027-03-29 19:17:00,5,9255.83,0.00,COD
S0055123,C05422,P00734,ST026,2027-02-27 06:13:00,4,2368.19,0.15,CARD
S0055124,C03489,P00597,ST035,2026-10-24 09:38:00,5,148.42,0.15,CARD
S0055125,C03495,P00140,ST032,2027-01-30 06:25:00,2,343.17,0.10,UPI
S0055126,C05222,P01045,ST023,2026-11-12 08:33:00,8,1871.21,0.00,CARD
S0055127,C04601,P00708,ST013,2026-11-13 05:08:00,5,605.04,0.00,COD
S0055128,C03657,P00114,ST017,2027-03-03 16:43:00,2,1848.49,0.00,UPI
S0055129,C03005,P00044,ST029,2026-11-21 06:18:00,4,10352.60,0.10,COD
S0055130,C01887,P00459,ST025,2027-04-30 20:52:00,7,608.46,0.00,CARD
S0055131,C04902,P00910,ST043,2026-12-29 16:31:00,8,1660.00,0.15,COD
S0055132,C02474,P00733,ST035,2027-01-25 07:43:00,6,7733.54,0.15,WALLET
S0055133,C04539,P00697,ST006,2026-10-22 20:58:00,3,10439.87,0.10,UPI
S0055134,C00639,P01017,ST050,2027-04-22 07:02:00,3,4179.19,0.00,WALLET
S0055135,C05006,P00855,ST019,2026-11-06 22:00:00,6,3531.06,0.10,COD
S0055136,C02290,P01049,ST003,2027-05-09 00:30:00,4,4989.00,0.00,COD
S0055137,C02220,P00358,ST001,2026-09-03 06:07:00,5,7269.79,0.15,WALLET
S0055138,C00146,P00348,ST029,2027-04-24 02:44:00,6,6541.94,0.05,COD
S0055139,C00308,P00777,ST020,2027-02-21 08:03:00,3,7574.57,0.00,WALLET
S0055140,C00319,P00911,ST006,2027-04-16 06:22:00,6,10076.98,0.05,COD
S0055141,C00370,P00539,ST032,2027-01-30 17:32:00,7,7157.77,0.05,COD
S0055142,C03573,P00491,ST036,2027-01-22 17:10:00,3,4754.80,0.10,WALLET
S0055143,C03202,P00193,ST018,2027-02-18 09:26:00,6,754.57,0.00,UPI
S0055144,C05012,P00437,ST029,2027-04-25 00:08:00,2,9854.53,0.15,CARD
S0055145,C04354,P00637,ST030,2027-05-14 23:18:00,8,14361.31,0.00,COD
S0055146,C05444,P00587,ST037,2026-11-03 12:36:00,7,7939.21,0.00,NET_BANKING
S0055147,C02805,P00979,ST004,2027-03-20 11:27:00,5,5063.99,0.00,UPI
S0055148,C02887,P00128,ST018,2027-03-08 20:08:00,5,12585.65,0.00,WALLET
S0055149,C03647,P00610,ST005,2027-02-13 21:09:00,6,2166.11,0.15,UPI
S0055150,C00688,P00562,ST041,2027-04-11 21:19:00,5,10013.06,0.15,UPI
S0055151,C00700,P00251,ST034,2026-09-16 08:28:00,8,1347.37,0.05,CARD
S0055152,C01701,P00444,ST017,2027-02-08 15:46:00,1,910.78,0.15,NET_BANKING
S0055153,C00472,P00902,ST009,2026-12-19 16:05:00,1,6441.41,0.05,WALLET
S0055154,C01632,P00694,ST020,2026-12-31 05:33:00,6,11037.40,0.15,COD
S0055155,C00416,P00429,ST039,2027-03-08 02:48:00,7,8780.62,0.15,NET_BANKING
S0055156,C03218,P00425,ST044,2027-04-03 16:27:00,6,14157.41,0.00,UPI
S0055157,C02795,P00977,ST027,2027-04-30 03:00:00,7,12203.63,0.00,WALLET
S0055158,C02320,P00827,ST029,2027-03-12 01:38:00,5,14075.22,0.10,UPI
S0055159,C03235,P00830,ST040,2027-04-11 23:10:00,3,8076.01,0.15,WALLET
S0055160,C02437,P00762,ST020,2026-12-22 22:17:00,2,9970.99,0.10,WALLET
S0055161,C01617,P00678,ST006,2027-02-04 21:24:00,3,5849.17,0.15,UPI
S0055162,C03405,P00256,ST036,2027-05-05 06:10:00,6,1987.06,0.00,NET_BANKING
S0055163,C04887,P00477,ST009,2027-05-05 21:10:00,3,3992.23,0.00,COD
S0055164,C03694,P00356,ST021,2026-09-21 02:29:00,5,6310.49,0.00,COD
S0055165,C00808,P00063,ST003,2027-05-02 07:53:00,5,9510.65,0.00,NET_BANKING
S0055166,C03257,P00679,ST027,2026-11-08 12:36:00,7,10688.41,0.00,UPI
S0055167,C02682,P00488,ST022,2027-05-17 20:22:00,7,764.11,0.05,WALLET
S0055168,C00186,P00415,ST027,2026-10-15 20:30:00,1,3287.41,0.00,NET_BANKING
S0055169,C04852,P00031,ST050,2027-05-03 02:27:00,7,13784.17,0.00,NET_BANKING
S0055170,C02889,P00412,ST003,2027-03-09 16:20:00,3,14467.07,0.05,COD
S0055171,C02050,P00007,ST039,2027-04-08 00:51:00,4,8987.92,0.00,CARD
S0055172,C01369,P00615,ST006,2027-02-05 18:24:00,3,5873.54,0.00,UPI
S0055173,C01401,P00981,ST044,2027-02-27 22:55:00,4,5838.61,0.05,UPI
S0055174,C01932,P00720,ST017,2027-01-17 14:08:00,3,4896.05,0.05,UPI
S0055175,C03003,P00652,ST029,2026-12-08 23:21:00,7,7213.51,0.00,UPI
S0055176,C04586,P00971,ST014,2026-10-18 13:35:00,5,9483.16,0.10,NET_BANKING
S0055177,C05195,P01052,ST002,2027-02-06 13:29:00,7,194.87,0.00,CARD
S0055178,C03115,P00969,ST049,2027-02-08 05:45:00,5,3154.51,0.05,CARD
S0055179,C02271,P00813,ST021,2027-03-31 11:34:00,7,9218.67,0.15,COD
S0055180,C01733,P00854,ST037,2026-10-07 22:22:00,3,6348.82,0.10,COD
S0055181,C02902,P00495,ST031,2027-04-29 07:35:00,3,105.46,0.00,NET_BANKING
S0055182,C04548,P00170,ST012,2027-03-19 02:54:00,3,4556.11,0.00,UPI
S0055183,C00468,P00848,ST024,2027-03-15 17:34:00,6,12246.43,0.00,WALLET
S0055184,C03494,P01053,ST017,2026-11-23 10:36:00,8,373.70,0.05,COD
S0055185,C01482,P00152,ST031,2027-05-05 18:18:00,8,5290.05,0.00,NET_BANKING
S0055186,C04118,P00296,ST014,2026-11-24 20:25:00,1,4617.53,0.00,CARD
S0055187,C02502,P00274,ST043,2026-11-06 08:11:00,6,13222.64,0.00,WALLET
S0055188,C05083,P01014,ST027,2026-09-26 17:17:00,6,250.53,0.00,UPI
S0055189,C02827,P00584,ST004,2026-12-21 09:13:00,2,1058.35,0.15,NET_BANKING
S0055190,C04735,P00699,ST026,2027-03-05 09:32:00,1,14544.40,0.10,NET_BANKING
S0055191,C01880,P00698,ST040,2026-11-20 14:20:00,2,4891.44,0.10,COD
S0055192,C01811,P00607,ST011,2027-04-24 06:44:00,3,9830.20,0.05,WALLET
S0055193,C04462,P00430,ST034,2026-11-27 23:47:00,4,5232.86,0.05,CARD
S0055194,C02861,P01070,ST015,2027-02-06 18:21:00,1,352.29,0.10,CARD
S0055195,C02166,P01067,ST020,2027-03-20 19:26:00,7,2117.23,0.05,NET_BANKING
S0055196,C05313,P00832,ST032,2026-09-24 13:06:00,1,12604.04,0.10,COD
S0055197,C02546,P00058,ST030,2027-03-03 05:27:00,1,1589.53,0.05,COD
S0055198,C00208,P00738,ST005,2026-10-05 18:59:00,6,14125.52,0.05,COD
S0055199,C02077,P00902,ST017,2027-02-05 06:23:00,2,6441.41,0.15,COD
S0055200,C02733,P01004,ST001,2027-03-09 23:41:00,2,1704.60,0.10,COD
S0055201,C03091,P00714,ST032,2026-09-18 09:38:00,1,12834.77,0.10,WALLET
S0055202,C04858,P01065,ST035,2027-04-04 23:23:00,2,1281.21,0.05,CARD
S0055203,C03835,P00635,ST043,2026-10-12 01:31:00,2,7089.77,0.10,NET_BANKING
S0055204,C01953,P00340,ST033,2026-11-06 19:33:00,2,13721.56,0.00,UPI
S0055205,C03394,P00841,ST020,2026-12-18 05:47:00,4,8077.31,0.10,NET_BANKING
S0055206,C02370,P00138,ST012,2027-01-07 14:27:00,1,11081.05,0.15,UPI
S0055207,C00479,P00377,ST015,2027-04-05 22:19:00,5,7573.41,0.05,UPI
S0055208,C05445,P00098,ST046,2027-02-04 20:34:00,2,3874.92,0.10,UPI
S0055209,C01741,P00376,ST030,2027-03-30 03:05:00,3,6826.58,0.15,UPI
S0055210,C02928,P00631,ST028,2026-12-20 04:53:00,2,2764.58,0.00,COD
S0055211,C03799,P00756,ST014,2026-11-19 22:29:00,2,7470.61,0.05,UPI
S0055212,C05022,P00470,ST013,2026-11-21 07:49:00,5,2213.98,0.05,NET_BANKING
S0055213,C03431,P00453,ST014,2026-11-08 17:17:00,6,7401.19,0.00,NET_BANKING
S0055214,C04372,P00604,ST048,2027-04-24 11:26:00,1,3876.20,0.05,UPI
S0055215,C00293,P00470,ST030,2026-09-24 14:17:00,7,2213.98,0.10,NET_BANKING
S0055216,C01388,P00262,ST025,2027-03-25 06:42:00,2,4686.95,0.00,CARD
S0055217,C05081,P00213,ST021,2027-04-24 18:18:00,4,2854.32,0.15,NET_BANKING
S0055218,C05272,P01024,ST008,2027-01-02 19:32:00,4,493.12,0.00,CARD
S0055219,C00685,P00621,ST050,2026-10-12 07:00:00,3,12280.84,0.15,NET_BANKING
S0055220,C03829,P00964,ST009,2026-10-27 23:12:00,3,5344.88,0.10,CARD
S0055221,C04296,P00884,ST040,2026-11-29 07:10:00,2,13619.78,0.15,UPI
S0055222,C02981,P00571,ST010,2027-04-28 02:13:00,6,4671.20,0.00,NET_BANKING
S0055223,C00115,P00625,ST003,2026-10-15 23:47:00,2,12569.93,0.00,COD
S0055224,C03708,P00898,ST027,2027-03-05 11:48:00,5,1340.84,0.15,COD
S0055225,C01481,P00560,ST030,2026-10-24 22:27:00,8,9161.86,0.00,NET_BANKING
S0055226,C00096,P00169,ST024,2027-04-01 05:21:00,8,11639.94,0.05,CARD
S0055227,C01982,P00332,ST011,2026-11-15 14:53:00,6,9532.30,0.00,UPI
S0055228,C02926,P00480,ST001,2026-12-23 04:56:00,6,2188.07,0.10,NET_BANKING
S0055229,C04291,P00262,ST036,2027-02-07 07:30:00,6,4686.95,0.10,CARD
S0055230,C03167,P00049,ST046,2027-02-06 12:03:00,4,856.91,0.00,NET_BANKING
S0055231,C02166,P00792,ST025,2026-11-10 08:25:00,4,13052.60,0.00,COD
S0055232,C01037,P00546,ST039,2027-04-06 10:09:00,4,9420.65,0.05,UPI
S0055233,C05466,P00092,ST021,2027-01-23 10:27:00,3,8564.59,0.00,NET_BANKING
S0055234,C03017,P00044,ST029,2026-11-11 05:42:00,2,10352.60,0.00,CARD
S0055235,C04728,P00895,ST050,2026-09-21 03:24:00,5,8765.77,0.00,CARD
S0055236,C03995,P00296,ST049,2027-02-17 10:04:00,4,4617.53,0.05,WALLET
S0055237,C03471,P00292,ST043,2027-02-08 08:48:00,5,387.24,0.00,COD
S0055238,C05246,P00603,ST030,2027-02-26 01:07:00,4,7723.35,0.00,WALLET
S0055239,C03946,P00225,ST029,2027-01-10 13:09:00,7,9830.38,0.15,UPI
S0055240,C00249,P00098,ST038,2026-11-25 19:38:00,8,3874.92,0.00,WALLET
S0055241,C04298,P00745,ST044,2027-02-27 05:00:00,5,11887.46,0.15,NET_BANKING
S0055242,C00801,P01081,ST029,2027-05-11 10:33:00,3,1651.13,0.00,COD
S0055243,C05408,P00528,ST034,2026-09-22 19:35:00,7,12190.45,0.00,NET_BANKING
S0055244,C00895,P00392,ST002,2027-02-28 20:52:00,1,1926.43,0.10,COD
S0055245,C04043,P00095,ST029,2027-04-04 06:19:00,3,5408.19,0.00,UPI
S0055246,C04675,P00982,ST036,2026-12-26 14:47:00,4,1313.93,0.10,UPI
S0055247,C01020,P00994,ST004,2026-12-13 00:26:00,7,14986.15,0.00,WALLET
S0055248,C02824,P00088,ST017,2026-11-15 22:42:00,7,8857.37,0.15,CARD
S0055249,C01213,P00631,ST038,2027-01-26 03:52:00,2,2764.58,0.10,UPI
S0055250,C04970,P00233,ST017,2027-01-28 19:38:00,3,5834.21,0.00,COD
S0055251,C03726,P00049,ST039,2026-11-30 02:10:00,3,856.91,0.00,COD
S0055252,C02236,P00985,ST048,2027-04-03 07:39:00,5,12971.94,0.00,NET_BANKING
S0055253,C04939,P00620,ST032,2026-10-06 00:43:00,1,1987.43,0.10,COD
S0055254,C03654,P00795,ST002,2027-03-13 00:36:00,7,123.55,0.15,CARD
S0055255,C01168,P00778,ST005,2026-09-01 12:06:00,1,5364.50,0.00,UPI
S0055256,C02460,P00848,ST017,2027-02-04 12:36:00,8,12246.43,0.15,CARD
S0055257,C03088,P00477,ST028,2026-12-12 03:09:00,2,3992.23,0.10,COD
S0055258,C03033,P00894,ST003,2026-11-18 11:32:00,4,12465.27,0.05,UPI
S0055259,C00904,P00008,ST036,2026-10-17 14:53:00,1,1347.12,0.15,UPI
S0055260,C04558,P00488,ST006,2026-11-08 07:39:00,3,764.11,0.05,COD
S0055261,C02486,P00687,ST049,2027-03-09 00:19:00,3,10669.90,0.10,CARD
S0055262,C00049,P00691,ST021,2027-04-29 10:59:00,3,11997.97,0.15,UPI
S0055263,C03369,P00032,ST039,2027-01-04 11:01:00,8,2163.25,0.00,NET_BANKING
S0055264,C01705,P00828,ST015,2027-03-05 16:23:00,1,6520.23,0.10,NET_BANKING
S0055265,C02520,P00702,ST025,2027-02-26 16:32:00,5,10861.46,0.15,COD
S0055266,C05299,P00624,ST005,2026-09-03 11:26:00,2,10459.90,0.15,COD
S0055267,C00860,P01053,ST001,2026-11-09 16:12:00,6,4426.22,0.00,WALLET
S0055268,C04200,P00487,ST023,2026-12-01 20:12:00,5,5449.32,0.00,COD
S0055269,C03843,P00783,ST008,2027-04-04 02:09:00,8,1108.76,0.00,UPI
S0055270,C04000,P00114,ST039,2027-02-26 07:15:00,3,1848.49,0.15,UPI
S0055271,C00064,P00705,ST042,2026-10-11 23:35:00,7,12535.43,0.00,UPI
S0055272,C01833,P00774,ST042,2027-04-29 20:11:00,7,12009.08,0.10,COD
S0055273,C04926,P00939,ST033,2026-09-03 18:31:00,3,7892.75,0.00,WALLET
S0055274,C00293,P00183,ST032,2026-09-08 15:05:00,8,4082.17,0.00,WALLET
S0055275,C02393,P00327,ST034,2026-09-11 21:51:00,4,7639.94,0.15,COD
S0055276,C05352,P01083,ST037,2026-11-26 02:19:00,8,3972.20,0.10,NET_BANKING
S0055277,C05269,P00472,ST027,2027-04-30 00:47:00,7,13031.18,0.00,NET_BANKING
S0055278,C00492,P00734,ST032,2026-12-25 04:26:00,5,2368.19,0.10,CARD
S0055279,C04343,P00180,ST012,2027-04-10 14:23:00,3,12378.45,0.00,UPI
S0055280,C00560,P00880,ST014,2027-05-10 14:01:00,6,9958.92,0.00,COD
S0055281,C03589,P00214,ST035,2027-02-10 05:40:00,8,8311.62,0.05,COD
S0055282,C02889,P00750,ST020,2027-02-14 21:02:00,8,10881.74,0.15,WALLET
S0055283,C04336,P00798,ST047,2027-01-24 00:24:00,4,2788.26,0.00,UPI
S0055284,C03941,P00005,ST022,2026-10-08 22:58:00,6,3720.45,0.10,WALLET
S0055285,C04230,P00757,ST005,2027-02-15 12:19:00,6,226.72,0.00,UPI
S0055286,C01621,P00938,ST019,2026-12-08 02:08:00,4,9016.69,0.00,UPI
S0055287,C03499,P01086,ST050,2027-03-31 21:31:00,8,4434.88,0.00,COD
S0055288,C00013,P00696,ST045,2027-01-15 20:28:00,6,444.90,0.00,WALLET
S0055289,C03224,P00680,ST039,2026-12-09 18:39:00,3,6161.56,0.15,COD
S0055290,C01363,P00416,ST019,2026-11-18 16:16:00,2,7537.51,0.10,COD
S0055291,C04358,P00247,ST024,2027-01-31 02:05:00,2,3627.73,0.05,CARD
S0055292,C01724,P00285,ST028,2027-03-06 16:00:00,1,6123.71,0.00,CARD
S0055293,C01680,P00972,ST026,2027-04-19 10:22:00,2,11724.34,0.10,COD
S0055294,C00548,P00219,ST009,2026-12-11 20:13:00,6,13496.03,0.00,CARD
S0055295,C00726,P01098,ST037,2026-11-08 04:34:00,2,1720.35,0.15,UPI
S0055296,C04883,P00316,ST016,2027-01-21 07:20:00,4,4896.51,0.00,COD
S0055297,C04178,P00469,ST034,2026-11-26 23:16:00,2,12189.67,0.10,UPI
S0055298,C00956,P00691,ST008,2026-09-10 09:14:00,5,11997.97,0.15,NET_BANKING
S0055299,C01988,P00259,ST008,2026-10-18 18:33:00,1,5808.51,0.10,UPI
S0055300,C04317,P00499,ST016,2027-02-15 01:47:00,7,5291.36,0.05,COD
S0055301,C03351,P00840,ST038,2026-09-03 18:21:00,2,4066.13,0.00,WALLET
S0055302,C01624,P00787,ST034,2027-04-16 01:42:00,8,12290.08,0.10,WALLET
S0055303,C01966,P01039,ST021,2026-12-29 12:29:00,7,111.87,0.10,NET_BANKING
S0055304,C02199,P00953,ST031,2027-04-08 06:37:00,5,11654.98,0.15,WALLET
S0055305,C01198,P00180,ST026,2027-01-28 10:01:00,8,12378.45,0.05,WALLET
S0055306,C00478,P00114,ST037,2026-09-14 10:10:00,1,1848.49,0.00,WALLET
S0055307,C03389,P01084,ST044,2026-09-29 18:55:00,2,517.23,0.05,WALLET
S0055308,C02507,P00336,ST013,2026-12-01 07:35:00,4,10827.01,0.05,UPI
S0055309,C03440,P00338,ST040,2027-03-11 01:36:00,5,9729.31,0.00,UPI
S0055310,C03502,P00744,ST020,2026-09-11 21:33:00,1,3611.42,0.10,NET_BANKING
S0055311,C03692,P00531,ST005,2027-01-24 01:26:00,6,137.66,0.15,COD
S0055312,C00483,P00429,ST005,2027-01-09 05:59:00,1,8780.62,0.15,UPI
S0055313,C04551,P00719,ST014,2026-12-21 02:41:00,7,6837.75,0.00,UPI
S0055314,C02824,P00455,ST022,2027-04-12 17:47:00,4,11331.19,0.00,WALLET
S0055315,C01000,P00826,ST025,2027-02-23 00:51:00,5,8287.08,0.05,CARD
S0055316,C01352,P00893,ST037,2027-02-01 15:35:00,5,11968.39,0.05,UPI
S0055317,C02976,P00317,ST008,2026-10-15 02:23:00,6,4717.68,0.15,WALLET
S0055318,C04323,P00493,ST045,2026-09-02 23:21:00,1,10898.38,0.05,UPI
S0055319,C02672,P00447,ST042,2026-10-28 18:35:00,7,13780.12,0.15,CARD
S0055320,C04644,P00678,ST032,2026-11-23 07:20:00,5,5849.17,0.15,WALLET
S0055321,C02700,P00583,ST031,2026-09-01 19:14:00,1,5417.09,0.15,UPI
S0055322,C04150,P00579,ST027,2026-10-22 16:57:00,8,10886.45,0.10,CARD
S0055323,C02344,P00744,ST015,2027-05-14 08:32:00,5,3611.42,0.00,CARD
S0055324,C05216,P00585,ST009,2027-01-15 01:55:00,3,4078.01,0.15,CARD
S0055325,C02986,P00760,ST017,2026-09-27 02:43:00,8,13523.24,0.00,UPI
S0055326,C04265,P01056,ST047,2026-09-23 19:39:00,6,166.43,0.05,COD
S0055327,C01013,P00104,ST049,2026-10-24 20:53:00,8,5175.58,0.00,CARD
S0055328,C03554,P00677,ST011,2027-03-21 22:09:00,1,9646.68,0.10,WALLET
S0055329,C04991,P01039,ST028,2026-10-02 02:51:00,2,960.88,0.10,WALLET
S0055330,C02117,P00600,ST017,2027-03-09 10:18:00,3,6476.74,0.15,COD
S0055331,C01928,P01100,ST017,2026-12-31 04:13:00,1,212.51,0.15,CARD
S0055332,C03169,P00070,ST030,2026-09-27 18:20:00,4,13697.39,0.10,WALLET
S0055333,C01024,P00657,ST015,2026-12-30 03:42:00,8,5978.63,0.10,COD
S0055334,C03434,P00914,ST033,2027-03-08 21:30:00,4,14608.30,0.15,WALLET
S0055335,C02477,P00556,ST018,2027-04-26 04:22:00,3,4347.03,0.10,COD
S0055336,C02031,P00516,ST007,2026-10-19 04:27:00,7,7808.79,0.10,CARD
S0055337,C03507,P00774,ST012,2026-12-28 11:41:00,2,12009.08,0.15,CARD
S0055338,C03668,P00074,ST025,2026-12-08 01:17:00,6,9655.66,0.00,COD
S0055339,C04449,P00006,ST050,2026-10-09 00:36:00,4,12375.85,0.10,CARD
S0055340,C05364,P00071,ST005,2027-05-18 13:42:00,5,11038.49,0.10,WALLET
S0055341,C02775,P00904,ST017,2027-05-01 05:23:00,4,437.50,0.00,WALLET
S0055342,C02047,P00695,ST042,2027-01-31 17:25:00,8,13599.96,0.10,CARD
S0055343,C03412,P00296,ST033,2027-04-29 03:33:00,2,4617.53,0.15,NET_BANKING
S0055344,C01439,P00281,ST014,2027-05-11 13:16:00,4,12950.39,0.00,CARD
S0055345,C01668,P01089,ST024,2026-10-16 00:01:00,8,845.33,0.00,UPI
S0055346,C03197,P00713,ST012,2027-03-12 00:59:00,1,3603.18,0.05,UPI
S0055347,C03164,P00387,ST008,2026-11-04 16:43:00,5,9454.62,0.00,CARD
S0055348,C03778,P00750,ST032,2027-02-03 13:27:00,4,10881.74,0.10,COD
S0055349,C03586,P00277,ST039,2027-01-11 10:53:00,3,4475.85,0.15,COD
S0055350,C05072,P00241,ST028,2026-10-17 22:23:00,6,14291.38,0.05,WALLET
S0055351,C05159,P00458,ST017,2027-02-18 13:58:00,2,9495.95,0.10,CARD
S0055352,C05331,P00136,ST039,2026-10-11 15:04:00,7,2339.70,0.05,WALLET
S0055353,C04533,P00288,ST045,2026-12-21 13:45:00,6,8330.78,0.10,WALLET
S0055354,C04190,P00273,ST002,2026-10-31 06:00:00,3,1657.16,0.15,WALLET
S0055355,C03552,P00045,ST048,2026-10-22 08:41:00,1,3670.33,0.05,WALLET
S0055356,C04079,P00718,ST022,2026-10-31 09:19:00,8,3535.94,0.00,WALLET
S0055357,C05257,P00334,ST030,2026-11-03 20:44:00,2,10056.18,0.15,NET_BANKING
S0055358,C00271,P00146,ST003,2027-03-19 14:47:00,6,1016.88,0.05,COD
S0055359,C04821,P00894,ST018,2026-12-29 03:08:00,1,12465.27,0.10,UPI
S0055360,C02670,P00103,ST021,2027-04-09 03:12:00,7,3719.77,0.00,CARD
S0055361,C04766,P00233,ST020,2027-03-06 02:32:00,8,5834.21,0.10,WALLET
S0055362,C02366,P00270,ST036,2026-10-07 19:12:00,7,12684.63,0.05,WALLET
S0055363,C00106,P00280,ST018,2026-09-28 20:46:00,6,5715.39,0.05,CARD
S0055364,C05075,P00815,ST001,2027-04-25 08:33:00,4,9553.20,0.10,NET_BANKING
S0055365,C03707,P00608,ST019,2027-04-29 11:49:00,8,4112.16,0.00,NET_BANKING
S0055366,C00788,P00605,ST011,2026-09-16 17:23:00,2,10366.72,0.10,UPI
S0055367,C00413,P00945,ST039,2026-09-30 14:53:00,5,12625.76,0.15,NET_BANKING
S0055368,C01653,P00010,ST045,2026-10-20 11:47:00,4,10965.99,0.10,WALLET
S0055369,C01810,P00887,ST008,2026-10-18 13:30:00,5,6975.28,0.05,WALLET
S0055370,C01665,P00785,ST037,2026-09-27 22:37:00,3,8966.99,0.10,WALLET
S0055371,C01621,P00976,ST019,2026-12-31 09:22:00,5,3815.57,0.00,CARD
S0055372,C00224,P00476,ST012,2026-12-06 18:57:00,1,10059.57,0.15,CARD
S0055373,C04596,P00192,ST050,2027-02-25 08:46:00,5,1641.73,0.05,CARD
S0055374,C03628,P00597,ST046,2026-10-28 18:59:00,8,148.42,0.15,UPI
S0055375,C00003,P00008,ST027,2027-04-15 14:35:00,8,1347.12,0.00,CARD
S0055376,C02024,P00530,ST020,2027-03-31 19:00:00,2,1909.30,0.15,COD
S0055377,C04930,P00119,ST046,2026-10-15 07:24:00,3,794.81,0.15,NET_BANKING
S0055378,C04736,P00463,ST034,2027-03-11 15:32:00,8,13244.30,0.00,CARD
S0055379,C04678,P00136,ST049,2027-05-02 20:34:00,4,2339.70,0.05,COD
S0055380,C04401,P00562,ST013,2026-12-23 07:06:00,3,10013.06,0.10,NET_BANKING
S0055381,C04225,P00305,ST015,2026-09-19 11:33:00,1,8188.13,0.05,CARD
S0055382,C03195,P00872,ST011,2026-11-10 19:52:00,4,6939.07,0.05,WALLET
S0055383,C03927,P00583,ST031,2026-11-20 02:55:00,8,5417.09,0.10,CARD
S0055384,C01854,P00243,ST004,2027-01-07 09:29:00,3,6859.66,0.05,UPI
S0055385,C02378,P00921,ST040,2026-11-25 17:20:00,1,10747.60,0.15,WALLET
S0055386,C00607,P00070,ST007,2027-04-12 06:39:00,4,13697.39,0.15,WALLET
S0055387,C02048,P01023,ST020,2026-11-27 11:20:00,8,1817.73,0.05,CARD
S0055388,C00230,P00424,ST023,2027-01-23 16:56:00,2,12370.62,0.05,COD
S0055389,C01209,P00911,ST011,2027-01-15 12:16:00,6,10076.98,0.10,WALLET
S0055390,C01717,P00963,ST032,2026-10-12 19:48:00,3,9496.66,0.05,WALLET
S0055391,C03570,P00342,ST043,2027-04-04 08:23:00,5,2514.86,0.00,UPI
S0055392,C00189,P00537,ST047,2027-03-28 20:43:00,8,9956.19,0.00,UPI
S0055393,C02367,P00652,ST038,2027-04-03 18:30:00,3,7213.51,0.00,CARD
S0055394,C02743,P00355,ST001,2027-01-28 18:21:00,2,9628.58,0.15,UPI
S0055395,C00217,P00621,ST013,2027-03-29 20:07:00,4,12280.84,0.05,UPI
S0055396,C00239,P00637,ST040,2026-10-21 02:39:00,3,14361.31,0.00,COD
S0055397,C03836,P00169,ST047,2027-03-30 14:13:00,8,11639.94,0.15,WALLET
S0055398,C03448,P00589,ST022,2026-11-18 21:14:00,8,4410.37,0.00,NET_BANKING
S0055399,C04635,P00106,ST006,2027-02-21 23:07:00,2,14238.90,0.05,NET_BANKING
S0055400,C00938,P00338,ST027,2027-02-14 22:26:00,1,9729.31,0.15,NET_BANKING
S0055401,C04879,P00764,ST033,2026-10-12 17:24:00,5,2546.62,0.00,UPI
S0055402,C04408,P00667,ST009,2027-01-25 21:48:00,4,14053.41,0.00,WALLET
S0055403,C00384,P00975,ST012,2026-09-20 08:45:00,2,14210.52,0.10,COD
S0055404,C02632,P00253,ST015,2027-02-28 11:02:00,8,12129.99,0.00,CARD
S0055405,C01798,P00460,ST035,2026-12-08 12:18:00,5,11166.19,0.15,COD
S0055406,C02813,P00833,ST042,2027-03-24 15:01:00,6,1413.00,0.00,CARD
S0055407,C00676,P01014,ST050,2027-02-14 09:11:00,7,4681.08,0.15,NET_BANKING
S0055408,C04844,P00415,ST006,2026-09-08 20:31:00,2,3287.41,0.05,NET_BANKING
S0055409,C03280,P00089,ST033,2026-11-09 17:00:00,3,9250.21,0.10,COD
S0055410,C00945,P00110,ST040,2026-09-27 03:55:00,1,11820.01,0.00,COD
S0055411,C00082,P00912,ST037,2026-10-08 11:43:00,7,12258.78,0.10,COD
S0055412,C03886,P00996,ST045,2027-04-07 10:11:00,4,12724.73,0.05,WALLET
S0055413,C02195,P00037,ST031,2026-11-28 19:02:00,8,11915.11,0.00,COD
S0055414,C04744,P00784,ST018,2026-09-09 00:17:00,7,13461.16,0.00,NET_BANKING
S0055415,C04981,P00350,ST038,2026-09-14 13:43:00,2,12905.92,0.05,WALLET
S0055416,C00087,P00044,ST015,2026-10-14 17:14:00,2,10352.60,0.05,COD
S0055417,C03313,P00929,ST049,2027-01-16 20:16:00,4,6068.78,0.10,NET_BANKING
S0055418,C02185,P00705,ST031,2026-12-30 05:06:00,1,12535.43,0.00,CARD
S0055419,C00818,P00122,ST032,2026-12-30 02:15:00,4,9607.56,0.00,UPI
S0055420,C00538,P00469,ST038,2026-09-14 09:57:00,7,12189.67,0.00,CARD
S0055421,C02443,P00627,ST028,2026-11-15 17:13:00,1,12769.96,0.00,CARD
S0055422,C00501,P00982,ST012,2027-04-24 01:56:00,2,1313.93,0.00,CARD
S0055423,C02573,P00538,ST024,2026-12-28 11:25:00,1,12711.98,0.15,CARD
S0055424,C04778,P01028,ST039,2026-12-26 18:32:00,1,3392.72,0.00,WALLET
S0055425,C03108,P00911,ST010,2026-12-06 07:02:00,8,10076.98,0.00,NET_BANKING
S0055426,C03783,P00854,ST036,2026-12-02 00:50:00,7,6348.82,0.15,COD
S0055427,C05071,P00841,ST037,2026-12-26 04:48:00,5,8077.31,0.15,WALLET
S0055428,C03374,P00116,ST009,2027-03-06 17:45:00,3,6123.57,0.00,COD
S0055429,C00847,P00522,ST018,2026-11-13 20:04:00,8,1719.44,0.05,NET_BANKING
S0055430,C02522,P00158,ST033,2026-10-07 13:59:00,3,3652.82,0.00,COD
S0055431,C02415,P00897,ST007,2027-02-14 12:40:00,6,3588.17,0.10,UPI
S0055432,C01903,P00289,ST027,2027-03-29 11:34:00,3,535.61,0.10,UPI
S0055433,C03953,P00487,ST001,2026-10-04 17:39:00,5,5449.32,0.15,CARD
S0055434,C01947,P00072,ST027,2027-02-02 23:29:00,2,2213.98,0.00,WALLET
S0055435,C00505,P00880,ST046,2026-10-23 15:11:00,1,9958.92,0.15,UPI
S0055436,C05266,P00912,ST046,2026-09-20 08:48:00,4,12258.78,0.00,NET_BANKING
S0055437,C01017,P00180,ST009,2026-10-23 11:13:00,1,12378.45,0.10,UPI
S0055438,C03244,P00719,ST032,2026-10-27 04:08:00,8,6837.75,0.00,WALLET
S0055439,C00473,P00973,ST032,2027-01-01 17:19:00,4,13784.89,0.15,CARD
S0055440,C00357,P00814,ST014,2026-10-18 22:18:00,8,1576.96,0.05,COD
S0055441,C01804,P00804,ST014,2026-10-13 19:39:00,5,13775.11,0.05,NET_BANKING
S0055442,C03925,P00887,ST026,2026-11-07 05:04:00,4,6975.28,0.05,CARD
S0055443,C03594,P01080,ST043,2027-02-16 07:13:00,4,2342.74,0.00,UPI
S0055444,C00255,P00673,ST035,2027-03-20 16:03:00,1,7917.40,0.10,WALLET
S0055445,C00935,P00469,ST049,2026-12-09 17:47:00,2,12189.67,0.00,COD
S0055446,C01977,P00960,ST002,2026-12-06 23:54:00,3,6003.64,0.00,NET_BANKING
S0055447,C02453,P00054,ST030,2026-11-13 00:47:00,7,6510.78,0.05,WALLET
S0055448,C03290,P00501,ST013,2026-11-30 10:09:00,2,591.28,0.10,WALLET
S0055449,C01177,P01012,ST016,2026-10-25 08:12:00,2,2149.08,0.15,COD
S0055450,C05172,P00789,ST005,2026-11-08 18:41:00,7,2259.56,0.10,WALLET
S0055451,C01437,P00978,ST018,2027-04-07 14:35:00,8,12166.54,0.00,NET_BANKING
S0055452,C03765,P01020,ST050,2027-04-09 01:13:00,2,450.46,0.05,UPI
S0055453,C03625,P00548,ST049,2027-05-02 02:58:00,7,11468.53,0.05,NET_BANKING
S0055454,C00686,P00118,ST009,2026-11-27 02:47:00,1,7964.36,0.15,COD
S0055455,C02399,P00234,ST049,2026-10-30 19:28:00,4,10659.34,0.15,WALLET
S0055456,C04351,P00194,ST020,2026-11-12 03:04:00,1,4680.85,0.05,COD
S0055457,C01786,P01009,ST026,2027-01-12 06:37:00,3,1424.78,0.15,UPI
S0055458,C05058,P00157,ST022,2027-04-09 07:29:00,2,8754.83,0.05,UPI
S0055459,C03371,P00833,ST043,2026-09-07 12:53:00,4,1413.00,0.10,CARD
S0055460,C03207,P00877,ST044,2027-05-12 10:00:00,8,9491.54,0.00,NET_BANKING
S0055461,C04660,P00219,ST015,2026-12-08 11:36:00,8,13496.03,0.00,CARD
S0055462,C05065,P00173,ST030,2026-10-10 20:51:00,7,2556.28,0.15,WALLET
S0055463,C04343,P00084,ST036,2027-03-24 05:03:00,2,9370.43,0.10,CARD
S0055464,C00156,P00305,ST049,2027-01-08 05:36:00,5,8188.13,0.00,WALLET
S0055465,C01210,P00213,ST031,2027-05-08 17:17:00,7,2854.32,0.00,NET_BANKING
S0055466,C01985,P01039,ST046,2027-01-20 17:25:00,6,4677.61,0.15,COD
S0055467,C01988,P00434,ST026,2026-09-30 02:37:00,8,11454.78,0.10,UPI
S0055468,C00736,P00008,ST013,2026-10-13 02:02:00,1,1347.12,0.00,COD
S0055469,C00011,P00362,ST012,2026-10-31 23:47:00,7,9461.46,0.10,UPI
S0055470,C01214,P00739,ST006,2027-03-03 06:28:00,5,5997.32,0.15,UPI
S0055471,C03609,P00938,ST032,2027-03-12 09:57:00,5,9016.69,0.05,WALLET
S0055472,C04222,P00501,ST005,2026-10-11 23:29:00,3,591.28,0.10,COD
S0055473,C00471,P00418,ST032,2027-05-03 13:04:00,6,7868.89,0.15,CARD
S0055474,C01815,P01015,ST049,2027-04-08 23:48:00,8,1239.15,0.00,COD
S0055475,C02859,P00601,ST031,2027-03-14 08:05:00,3,9389.35,0.10,CARD
S0055476,C02792,P00361,ST026,2026-11-10 09:45:00,4,3502.39,0.10,UPI
S0055477,C02569,P00098,ST009,2026-10-18 23:31:00,8,3874.92,0.10,NET_BANKING
S0055478,C01537,P00275,ST007,2027-04-24 21:56:00,5,6304.00,0.10,NET_BANKING
S0055479,C01326,P00426,ST028,2026-10-02 02:15:00,8,6898.62,0.00,COD
S0055480,C00466,P00276,ST019,2027-01-02 04:10:00,8,6865.96,0.10,UPI
S0055481,C05471,P00837,ST042,2026-09-28 14:36:00,2,11678.05,0.10,CARD
S0055482,C02791,P00156,ST009,2027-05-14 14:27:00,8,12020.51,0.15,COD
S0055483,C00947,P00615,ST013,2026-09-11 13:14:00,8,5873.54,0.05,CARD
S0055484,C01191,P00318,ST023,2026-12-13 21:37:00,6,10232.53,0.15,COD
S0055485,C01481,P00634,ST009,2027-05-11 04:36:00,3,13541.02,0.05,NET_BANKING
S0055486,C00987,P00644,ST001,2026-09-25 06:46:00,8,8264.91,0.00,NET_BANKING
S0055487,C01605,P00334,ST002,2027-02-06 23:30:00,3,10056.18,0.15,CARD
S0055488,C05063,P00699,ST028,2027-03-29 06:29:00,4,14544.40,0.10,UPI
S0055489,C00597,P00659,ST010,2027-04-25 21:26:00,6,3678.56,0.00,CARD
S0055490,C02175,P00871,ST041,2026-10-30 16:29:00,7,9556.52,0.10,COD
S0055491,C02851,P00396,ST014,2026-10-14 16:19:00,4,1114.54,0.05,UPI
S0055492,C03875,P00793,ST030,2026-10-23 06:18:00,2,9165.88,0.00,CARD
S0055493,C05002,P00992,ST011,2026-10-29 03:54:00,5,9363.29,0.05,NET_BANKING
S0055494,C02215,P00737,ST020,2027-02-21 12:14:00,6,69.58,0.00,NET_BANKING
S0055495,C05131,P00390,ST040,2026-10-08 05:59:00,6,5645.91,0.10,CARD
S0055496,C02626,P00581,ST020,2026-11-26 00:02:00,4,5203.27,0.00,COD
S0055497,C04824,P00903,ST027,2026-11-11 06:42:00,7,4390.79,0.00,CARD
S0055498,C00519,P00139,ST035,2027-04-03 23:56:00,1,13296.70,0.10,CARD
S0055499,C00526,P00398,ST028,2027-02-05 04:24:00,3,12199.29,0.10,UPI
S0055500,C04747,P00909,ST047,2026-10-12 19:13:00,8,12153.06,0.00,UPI
S0055501,C01778,P00059,ST032,2027-04-30 21:06:00,8,14733.93,0.00,UPI
S0055502,C01985,P01091,ST043,2027-01-29 07:34:00,1,907.29,0.00,NET_BANKING
S0055503,C00198,P00010,ST011,2027-03-28 02:41:00,3,10965.99,0.10,UPI
S0055504,C01811,P00856,ST031,2026-10-20 18:26:00,8,4490.45,0.00,WALLET
S0055505,C03693,P00786,ST046,2026-10-29 09:53:00,1,8674.28,0.15,CARD
S0055506,C03188,P01009,ST040,2026-12-09 11:53:00,5,1069.55,0.10,UPI
S0055507,C03184,P00607,ST004,2027-01-19 04:11:00,8,9830.20,0.00,CARD
S0055508,C02879,P00665,ST014,2026-12-10 01:40:00,5,13897.47,0.15,CARD
S0055509,C01740,P00365,ST044,2026-09-29 23:24:00,4,14402.02,0.05,NET_BANKING
S0055510,C04329,P00905,ST034,2027-03-11 02:11:00,2,7562.39,0.15,CARD
S0055511,C05498,P00527,ST026,2026-11-03 16:24:00,6,14547.75,0.10,NET_BANKING
S0055512,C03710,P00761,ST034,2026-12-27 07:29:00,3,7126.90,0.00,NET_BANKING
S0055513,C03204,P01002,ST039,2026-12-23 19:35:00,3,2459.63,0.05,UPI
S0055514,C04696,P00906,ST035,2026-12-08 02:07:00,7,12896.50,0.10,WALLET
S0055515,C04678,P00252,ST049,2026-10-11 02:03:00,4,10612.68,0.00,NET_BANKING
S0055516,C04875,P00132,ST008,2027-03-07 21:40:00,5,661.50,0.00,WALLET
S0055517,C05033,P01097,ST041,2027-04-09 19:25:00,4,3599.80,0.00,NET_BANKING
S0055518,C01936,P00536,ST004,2026-10-13 19:29:00,1,8908.32,0.15,CARD
S0055519,C04737,P00952,ST043,2027-04-08 12:35:00,5,7725.11,0.15,CARD
S0055520,C01705,P00584,ST021,2026-10-03 00:04:00,3,1058.35,0.00,UPI
S0055521,C00039,P00641,ST006,2027-04-14 23:26:00,6,6765.73,0.00,NET_BANKING
S0055522,C05379,P00700,ST014,2027-05-16 00:52:00,4,7501.36,0.15,WALLET
S0055523,C04481,P00785,ST039,2026-10-31 01:33:00,6,8966.99,0.10,WALLET
S0055524,C03472,P00952,ST038,2027-02-11 02:03:00,2,7725.11,0.10,UPI
S0055525,C01207,P01048,ST024,2026-10-24 04:37:00,6,3529.03,0.10,CARD
S0055526,C00707,P00590,ST026,2026-11-30 19:25:00,6,265.48,0.05,CARD
S0055527,C04934,P00848,ST037,2027-04-04 13:35:00,4,12246.43,0.15,NET_BANKING
S0055528,C01754,P00202,ST046,2027-03-08 08:00:00,2,13459.06,0.00,WALLET
S0055529,C00237,P00669,ST004,2027-03-11 15:36:00,6,14324.33,0.00,COD
S0055530,C00648,P00133,ST020,2027-04-21 03:08:00,5,12379.20,0.00,COD
S0055531,C02706,P00701,ST034,2027-01-20 18:25:00,2,9710.18,0.05,WALLET
S0055532,C02879,P01099,ST032,2026-11-09 18:18:00,8,3396.76,0.05,WALLET
S0055533,C02873,P00190,ST033,2027-02-07 15:59:00,7,6844.10,0.00,CARD
S0055534,C01691,P00593,ST025,2027-02-12 15:48:00,5,3386.42,0.10,NET_BANKING
S0055535,C02806,P01028,ST035,2026-12-02 11:50:00,6,4052.53,0.00,NET_BANKING
S0055536,C00762,P00709,ST019,2027-05-19 05:53:00,1,14344.98,0.05,NET_BANKING
S0055537,C00834,P00634,ST011,2027-03-29 04:32:00,2,13541.02,0.00,UPI
S0055538,C03929,P00445,ST045,2026-12-19 21:17:00,2,9889.85,0.10,COD
S0055539,C03010,P00746,ST030,2027-01-15 07:50:00,8,8367.69,0.05,NET_BANKING
S0055540,C05206,P01060,ST042,2027-02-06 15:28:00,3,1254.73,0.05,NET_BANKING
S0055541,C03504,P00317,ST045,2026-11-13 08:16:00,2,4717.68,0.15,UPI
S0055542,C01890,P00665,ST047,2026-10-08 05:51:00,7,13897.47,0.05,CARD
S0055543,C04167,P00940,ST033,2026-12-17 07:26:00,6,10304.16,0.00,WALLET
S0055544,C02066,P00280,ST037,2026-12-08 00:47:00,7,5715.39,0.00,COD
S0055545,C00284,P00420,ST050,2027-01-07 01:35:00,7,13992.32,0.10,CARD
S0055546,C02547,P00476,ST011,2027-04-24 22:25:00,3,10059.57,0.10,NET_BANKING
S0055547,C03029,P00670,ST031,2027-01-25 08:20:00,3,12195.01,0.00,WALLET
S0055548,C02875,P00083,ST046,2026-12-18 13:01:00,6,6669.82,0.15,NET_BANKING
S0055549,C00310,P00042,ST032,2027-03-16 08:14:00,7,14409.73,0.05,CARD
S0055550,C03048,P00957,ST042,2027-02-04 01:56:00,8,13167.89,0.00,WALLET
S0055551,C02142,P00923,ST020,2026-11-21 01:04:00,1,12391.37,0.15,COD
S0055552,C00129,P00666,ST041,2026-11-10 17:37:00,3,12463.65,0.05,COD
S0055553,C00886,P00507,ST027,2027-02-14 05:36:00,8,13477.84,0.05,WALLET
S0055554,C05328,P00234,ST037,2026-10-18 13:34:00,6,10659.34,0.00,NET_BANKING
S0055555,C04960,P00224,ST039,2026-09-30 14:55:00,3,2208.50,0.10,NET_BANKING
S0055556,C05104,P00103,ST043,2026-11-03 04:19:00,1,3719.77,0.00,COD
S0055557,C01369,P00264,ST014,2026-12-01 20:24:00,5,3453.32,0.15,WALLET
S0055558,C00594,P00784,ST003,2027-05-12 05:42:00,3,13461.16,0.00,WALLET
S0055559,C02692,P00469,ST043,2027-04-23 23:55:00,2,12189.67,0.15,CARD
S0055560,C04872,P00063,ST039,2026-09-29 10:41:00,7,9510.65,0.10,WALLET
S0055561,C03792,P00707,ST046,2026-12-09 06:21:00,2,10164.19,0.05,COD
S0055562,C00981,P00211,ST041,2026-10-12 22:17:00,5,1685.16,0.05,WALLET
S0055563,C01692,P01001,ST020,2027-01-16 01:10:00,3,4507.68,0.10,CARD
S0055564,C02656,P00962,ST015,2026-11-25 13:54:00,1,12113.97,0.05,WALLET
S0055565,C01676,P00295,ST041,2026-12-17 09:23:00,3,8088.40,0.10,UPI
S0055566,C03030,P00490,ST009,2027-03-14 17:44:00,8,3009.09,0.00,COD
S0055567,C02890,P00836,ST014,2026-10-31 12:29:00,5,8199.84,0.10,COD
S0055568,C02924,P00153,ST013,2027-04-19 14:38:00,2,5456.59,0.15,CARD
S0055569,C01473,P00466,ST011,2027-04-04 23:22:00,1,4444.00,0.05,NET_BANKING
S0055570,C02707,P00497,ST001,2026-12-25 04:16:00,5,9469.60,0.00,COD
S0055571,C03965,P00281,ST030,2026-10-22 23:40:00,5,12950.39,0.00,NET_BANKING
S0055572,C02473,P00391,ST047,2027-01-11 23:32:00,5,3490.76,0.00,COD
S0055573,C04240,P00061,ST021,2027-01-05 08:28:00,7,9979.10,0.00,WALLET
S0055574,C00103,P00384,ST020,2027-01-08 03:31:00,6,2659.04,0.05,NET_BANKING
S0055575,C02192,P00025,ST001,2026-09-13 08:02:00,2,4571.56,0.15,NET_BANKING
S0055576,C04796,P00564,ST018,2026-10-25 11:47:00,8,13288.39,0.15,CARD
S0055577,C03187,P00095,ST015,2027-03-18 20:15:00,7,5408.19,0.00,NET_BANKING
S0055578,C04439,P00546,ST036,2026-11-20 06:05:00,3,9420.65,0.10,UPI
S0055579,C00103,P00235,ST045,2026-12-27 22:43:00,5,5077.58,0.15,COD
S0055580,C01961,P00774,ST028,2026-09-06 06:02:00,1,12009.08,0.10,COD
S0055581,C03614,P00265,ST004,2026-09-28 18:08:00,5,11238.83,0.00,WALLET
S0055582,C03204,P00382,ST005,2027-02-19 13:55:00,2,14341.57,0.00,COD
S0055583,C03104,P00093,ST039,2027-04-29 04:43:00,3,1874.43,0.05,COD
S0055584,C04167,P00561,ST005,2026-09-14 07:17:00,5,4145.03,0.15,NET_BANKING
S0055585,C01467,P00575,ST016,2026-12-28 22:53:00,2,10494.08,0.15,CARD
S0055586,C03848,P01074,ST018,2027-02-06 07:45:00,7,4357.59,0.10,CARD
S0055587,C04991,P01024,ST039,2026-10-29 10:17:00,3,655.86,0.05,NET_BANKING
S0055588,C05019,P00075,ST041,2027-01-03 06:39:00,2,288.24,0.00,UPI
S0055589,C03825,P00004,ST024,2027-02-03 09:34:00,3,7022.90,0.00,NET_BANKING
S0055590,C04549,P00703,ST006,2027-02-17 14:31:00,1,578.72,0.05,WALLET
S0055591,C02776,P00117,ST037,2027-01-05 19:54:00,8,9637.83,0.00,UPI
S0055592,C02012,P00006,ST047,2026-09-10 04:35:00,6,12375.85,0.00,WALLET
S0055593,C04363,P00189,ST007,2026-11-15 08:38:00,5,10563.30,0.00,COD
S0055594,C01503,P00614,ST001,2027-03-02 21:57:00,5,71.45,0.00,CARD
S0055595,C01245,P00747,ST022,2027-03-18 04:02:00,6,91.31,0.15,COD
S0055596,C00208,P00234,ST034,2027-03-04 03:09:00,5,10659.34,0.00,WALLET
S0055597,C02391,P00398,ST043,2027-02-05 11:52:00,2,12199.29,0.00,NET_BANKING
S0055598,C01545,P00723,ST019,2027-02-28 20:13:00,3,11150.41,0.15,COD
S0055599,C02539,P00186,ST022,2026-12-20 23:15:00,6,5509.22,0.15,NET_BANKING
S0055600,C00477,P00120,ST002,2027-04-12 08:27:00,1,2796.10,0.15,CARD
S0055601,C02862,P00901,ST021,2027-02-23 17:07:00,6,11518.70,0.05,COD
S0055602,C04148,P00436,ST019,2027-04-15 20:28:00,8,14953.84,0.15,NET_BANKING
S0055603,C02586,P00055,ST049,2026-10-26 00:55:00,6,8397.51,0.00,NET_BANKING
S0055604,C00396,P00814,ST043,2027-04-23 16:05:00,2,1576.96,0.10,NET_BANKING
S0055605,C01452,P00916,ST021,2027-05-02 05:46:00,6,1771.51,0.15,UPI
S0055606,C02979,P00431,ST013,2027-01-13 00:29:00,8,13380.90,0.00,UPI
S0055607,C03870,P00196,ST033,2027-04-09 02:39:00,5,10921.34,0.00,CARD
S0055608,C00555,P00126,ST009,2027-05-16 12:49:00,1,787.25,0.00,UPI
S0055609,C04448,P00096,ST050,2026-11-24 22:50:00,2,891.62,0.05,COD
S0055610,C00597,P00008,ST014,2027-01-14 11:52:00,5,1347.12,0.05,COD
S0055611,C00729,P00524,ST023,2027-03-24 11:43:00,8,11462.06,0.10,UPI
S0055612,C02506,P00836,ST037,2026-09-10 19:13:00,7,8199.84,0.00,CARD
S0055613,C03074,P00399,ST037,2027-03-17 19:47:00,7,12674.98,0.10,COD
S0055614,C03403,P00451,ST019,2026-09-21 22:23:00,5,10085.19,0.05,UPI
S0055615,C02688,P00361,ST001,2026-12-30 10:17:00,7,3502.39,0.00,CARD
S0055616,C01259,P00809,ST029,2027-03-07 07:33:00,4,7203.83,0.00,CARD
S0055617,C03465,P00600,ST023,2026-09-05 23:24:00,2,6476.74,0.10,COD
S0055618,C03329,P00378,ST018,2026-11-07 04:12:00,6,14078.19,0.15,CARD
S0055619,C00221,P00338,ST048,2027-05-10 15:52:00,8,9729.31,0.00,COD
S0055620,C01866,P01053,ST015,2027-03-01 19:24:00,7,4173.63,0.15,UPI
S0055621,C02237,P00491,ST017,2027-03-07 05:55:00,3,4754.80,0.00,UPI
S0055622,C02831,P00506,ST027,2027-03-20 18:56:00,8,4110.78,0.05,WALLET
S0055623,C04062,P00424,ST038,2027-01-09 03:09:00,8,12370.62,0.10,WALLET
S0055624,C05388,P00328,ST006,2026-11-21 11:10:00,1,3281.70,0.00,WALLET
S0055625,C01867,P00630,ST035,2026-12-08 02:27:00,3,12265.22,0.05,CARD
S0055626,C05213,P00303,ST040,2027-02-19 10:10:00,6,14560.81,0.05,NET_BANKING
S0055627,C04114,P01004,ST045,2026-12-22 00:01:00,8,2297.58,0.05,COD
S0055628,C03356,P00832,ST042,2027-03-23 12:27:00,8,12604.04,0.05,UPI
S0055629,C04529,P01093,ST014,2026-09-05 20:32:00,6,1381.58,0.05,CARD
S0055630,C02825,P00117,ST035,2027-04-13 02:27:00,7,9637.83,0.00,NET_BANKING
S0055631,C02185,P00614,ST018,2026-11-09 17:54:00,4,71.45,0.00,UPI
S0055632,C03130,P00074,ST045,2027-04-25 14:30:00,5,9655.66,0.00,WALLET
S0055633,C05206,P00823,ST030,2027-01-11 08:31:00,1,13235.97,0.00,WALLET
S0055634,C04562,P00786,ST009,2027-03-15 09:57:00,6,8674.28,0.15,COD
S0055635,C03032,P00051,ST023,2027-03-14 02:33:00,2,8015.72,0.00,COD
S0055636,C00371,P00850,ST043,2026-12-07 03:58:00,2,4390.79,0.00,UPI
S0055637,C00883,P00110,ST019,2026-10-22 17:24:00,6,11820.01,0.00,UPI
S0055638,C02544,P00695,ST035,2026-09-19 22:04:00,4,13599.96,0.10,NET_BANKING
S0055639,C04125,P00664,ST025,2026-09-01 18:23:00,2,2596.83,0.00,WALLET
S0055640,C02372,P00467,ST043,2027-05-07 18:50:00,5,8776.36,0.10,CARD
S0055641,C01586,P00016,ST007,2027-05-12 08:13:00,2,9646.46,0.05,CARD
S0055642,C02071,P00785,ST022,2026-10-15 17:56:00,5,8966.99,0.15,NET_BANKING
S0055643,C03671,P00880,ST044,2027-05-04 00:19:00,7,9958.92,0.15,UPI
S0055644,C03163,P00779,ST018,2026-12-11 04:33:00,2,9277.18,0.00,COD
S0055645,C03058,P00773,ST030,2027-04-05 13:10:00,1,11513.99,0.15,NET_BANKING
S0055646,C02112,P00209,ST040,2026-10-06 06:17:00,7,6800.00,0.05,CARD
S0055647,C03529,P00517,ST024,2027-04-10 06:06:00,1,13887.99,0.00,UPI
S0055648,C02253,P00545,ST044,2027-02-24 14:39:00,1,2928.27,0.00,NET_BANKING
S0055649,C04213,P00857,ST043,2026-10-30 04:53:00,2,10083.38,0.10,WALLET
S0055650,C04716,P01093,ST024,2026-09-28 18:16:00,3,4033.29,0.00,CARD
S0055651,C04855,P01019,ST047,2027-01-24 08:15:00,8,2181.47,0.10,WALLET
S0055652,C04963,P00174,ST031,2027-03-13 14:42:00,6,322.73,0.15,WALLET
S0055653,C00322,P01023,ST010,2027-02-07 10:59:00,7,2548.95,0.00,CARD
S0055654,C01163,P00061,ST046,2026-11-25 13:13:00,5,9979.10,0.05,COD
S0055655,C03160,P00027,ST024,2026-10-11 22:21:00,2,2538.93,0.10,CARD
S0055656,C03295,P00065,ST037,2027-02-20 13:18:00,7,505.63,0.15,CARD
S0055657,C01384,P00716,ST050,2026-10-08 12:43:00,6,3403.75,0.00,COD
S0055658,C05316,P00943,ST024,2027-04-19 08:49:00,1,12935.87,0.10,WALLET
S0055659,C02946,P00167,ST013,2027-01-15 09:37:00,7,9994.61,0.00,NET_BANKING
S0055660,C00100,P00054,ST042,2026-10-08 13:44:00,3,6510.78,0.15,CARD
S0055661,C00745,P00763,ST015,2026-12-22 15:31:00,2,4853.30,0.05,UPI
S0055662,C04359,P00406,ST032,2027-02-06 12:06:00,3,1162.78,0.00,UPI
S0055663,C05215,P00806,ST018,2027-02-13 09:35:00,6,10445.92,0.00,CARD
S0055664,C05258,P00020,ST003,2027-04-23 04:17:00,8,2574.89,0.10,CARD
S0055665,C01398,P00568,ST039,2027-04-04 18:00:00,4,11436.07,0.00,CARD
S0055666,C03505,P00227,ST019,2026-09-15 08:37:00,5,7877.11,0.15,WALLET
S0055667,C00370,P00773,ST049,2027-04-25 02:58:00,6,11513.99,0.05,COD
S0055668,C00263,P00403,ST031,2026-11-03 21:44:00,5,6512.03,0.00,COD
S0055669,C01140,P00972,ST027,2026-09-07 05:00:00,3,11724.34,0.00,CARD
S0055670,C00172,P00099,ST029,2027-04-22 05:53:00,3,7954.37,0.00,NET_BANKING
S0055671,C01183,P00569,ST008,2027-02-03 05:28:00,8,11413.80,0.15,COD
S0055672,C01009,P00638,ST027,2026-09-08 08:05:00,8,8964.05,0.05,CARD
S0055673,C01400,P00448,ST009,2026-09-12 14:20:00,6,9484.91,0.10,NET_BANKING
S0055674,C04861,P00684,ST019,2027-02-03 21:23:00,5,9364.88,0.10,UPI
S0055675,C02457,P00434,ST034,2026-12-08 16:16:00,6,11454.78,0.00,CARD
S0055676,C00717,P00413,ST011,2027-02-06 01:56:00,8,8913.27,0.05,CARD
S0055677,C04802,P00637,ST015,2027-02-16 00:32:00,6,14361.31,0.00,UPI
S0055678,C02942,P00387,ST034,2026-12-02 05:24:00,2,9454.62,0.05,UPI
S0055679,C04399,P00480,ST004,2027-05-18 18:55:00,3,2188.07,0.15,WALLET
S0055680,C00764,P01039,ST015,2026-12-05 09:10:00,5,4782.85,0.00,COD
S0055681,C03497,P01057,ST033,2026-10-26 21:27:00,4,2627.82,0.10,WALLET
S0055682,C02715,P00298,ST033,2026-09-11 14:07:00,1,14106.08,0.10,CARD
S0055683,C01157,P00904,ST035,2027-02-02 09:41:00,7,437.50,0.05,UPI
S0055684,C02995,P00878,ST024,2027-02-20 05:20:00,2,13136.21,0.15,CARD
S0055685,C04662,P01082,ST002,2027-02-11 03:19:00,3,3146.68,0.00,COD
S0055686,C04153,P00861,ST023,2026-10-26 17:48:00,7,3963.47,0.00,WALLET
S0055687,C05434,P00695,ST002,2027-03-28 16:07:00,4,13599.96,0.00,NET_BANKING
S0055688,C02032,P00415,ST011,2027-03-06 05:59:00,6,3287.41,0.15,COD
S0055689,C01129,P01030,ST021,2026-09-19 02:54:00,3,2256.87,0.00,UPI
S0055690,C01985,P00755,ST011,2027-01-25 05:40:00,2,13881.05,0.05,UPI
S0055691,C01304,P01030,ST021,2027-01-12 01:34:00,3,3976.86,0.10,WALLET
S0055692,C03461,P00792,ST021,2026-09-10 06:13:00,5,13052.60,0.00,COD
S0055693,C02827,P00791,ST030,2027-02-18 01:13:00,6,5011.64,0.15,UPI
S0055694,C00430,P00575,ST042,2027-03-31 03:33:00,7,10494.08,0.10,UPI
S0055695,C02067,P00643,ST027,2027-04-02 23:19:00,5,13117.03,0.10,WALLET
S0055696,C00530,P00856,ST050,2027-02-12 13:57:00,4,4490.45,0.10,UPI
S0055697,C02196,P00666,ST017,2026-09-22 21:24:00,6,12463.65,0.15,NET_BANKING
S0055698,C00017,P00540,ST043,2026-09-01 16:40:00,2,8768.71,0.05,COD
S0055699,C00333,P00090,ST002,2027-01-24 23:47:00,2,1862.74,0.10,UPI
S0055700,C00317,P00381,ST038,2026-09-24 17:16:00,4,12953.05,0.00,COD
S0055701,C01500,P00889,ST006,2027-01-28 12:05:00,2,10263.87,0.00,WALLET
S0055702,C01584,P00950,ST022,2027-04-24 14:27:00,4,3458.38,0.05,WALLET
S0055703,C01371,P00466,ST044,2027-05-15 05:30:00,8,4444.00,0.00,WALLET
S0055704,C04664,P00391,ST012,2026-10-06 17:57:00,6,3490.76,0.00,WALLET
S0055705,C00553,P00659,ST026,2026-10-25 04:17:00,4,3678.56,0.10,WALLET
S0055706,C01790,P00647,ST011,2026-10-31 16:10:00,3,8946.93,0.15,NET_BANKING
S0055707,C04519,P00210,ST005,2026-09-05 00:31:00,1,3260.81,0.05,WALLET
S0055708,C03992,P00191,ST014,2026-09-16 22:23:00,7,11697.40,0.00,WALLET
S0055709,C00564,P01065,ST001,2027-03-04 20:57:00,6,260.81,0.00,WALLET
S0055710,C04092,P00132,ST008,2026-09-24 23:42:00,8,661.50,0.10,NET_BANKING
S0055711,C01226,P00902,ST044,2027-04-06 22:07:00,5,6441.41,0.10,NET_BANKING
S0055712,C04735,P00763,ST015,2027-03-16 01:40:00,3,4853.30,0.00,COD
S0055713,C00851,P00120,ST009,2027-02-11 06:38:00,3,2796.10,0.05,NET_BANKING
S0055714,C02323,P00433,ST039,2026-09-17 16:03:00,8,6296.95,0.15,COD
S0055715,C00730,P00297,ST036,2026-10-01 20:08:00,6,10745.27,0.00,COD
S0055716,C03651,P00545,ST038,2026-12-08 08:32:00,3,2928.27,0.00,CARD
S0055717,C00055,P00931,ST050,2027-04-18 17:18:00,5,10365.83,0.05,COD
S0055718,C04365,P00046,ST008,2027-02-19 14:18:00,6,4750.20,0.00,CARD
S0055719,C02286,P00703,ST049,2026-11-17 07:17:00,2,578.72,0.05,COD
S0055720,C04999,P00127,ST005,2027-04-17 12:44:00,3,11914.83,0.10,UPI
S0055721,C02570,P00460,ST047,2027-02-06 07:46:00,4,11166.19,0.00,WALLET
S0055722,C00529,P00807,ST006,2026-09-24 23:45:00,5,3804.96,0.15,COD
S0055723,C01702,P00548,ST025,2027-05-10 05:20:00,7,11468.53,0.00,COD
S0055724,C05275,P00904,ST023,2027-04-10 18:01:00,7,437.50,0.10,COD
S0055725,C02699,P00843,ST030,2026-09-18 18:25:00,8,13366.08,0.15,NET_BANKING
S0055726,C04519,P01047,ST002,2027-05-13 10:58:00,5,4145.47,0.00,NET_BANKING
S0055727,C04272,P00697,ST033,2026-10-19 07:55:00,1,10439.87,0.00,UPI
S0055728,C02828,P01098,ST021,2027-04-18 10:18:00,1,4446.91,0.15,NET_BANKING
S0055729,C04107,P00381,ST036,2027-03-14 02:40:00,8,12953.05,0.05,UPI
S0055730,C02504,P00401,ST048,2027-01-25 23:28:00,8,14612.89,0.00,NET_BANKING
S0055731,C04135,P00203,ST042,2026-09-15 04:39:00,1,1071.23,0.15,CARD
S0055732,C05121,P00102,ST016,2026-09-26 02:26:00,4,8070.99,0.05,WALLET
S0055733,C00317,P00970,ST021,2026-09-29 01:20:00,7,11802.25,0.10,COD
S0055734,C05068,P01085,ST034,2026-12-13 18:46:00,4,1659.48,0.15,COD
S0055735,C05034,P01011,ST005,2027-05-07 12:10:00,3,1177.90,0.00,CARD
S0055736,C03668,P01015,ST035,2027-04-14 08:56:00,3,3688.62,0.00,COD
S0055737,C03665,P00068,ST008,2026-09-08 02:51:00,8,2033.40,0.00,UPI
S0055738,C03265,P00800,ST007,2027-05-18 14:53:00,2,14143.96,0.00,NET_BANKING
S0055739,C04267,P01013,ST035,2026-12-01 02:47:00,2,2576.45,0.10,COD
S0055740,C02693,P00824,ST017,2027-05-03 08:18:00,5,5681.80,0.00,COD
S0055741,C03102,P01004,ST046,2027-03-28 02:22:00,4,1182.02,0.00,WALLET
S0055742,C03772,P00982,ST018,2027-02-06 19:08:00,2,1313.93,0.00,WALLET
S0055743,C04955,P00393,ST018,2026-12-12 16:26:00,3,7337.73,0.10,NET_BANKING
S0055744,C04915,P00436,ST024,2027-04-01 06:04:00,3,14953.84,0.00,NET_BANKING
S0055745,C05407,P00791,ST050,2027-02-20 17:42:00,6,5011.64,0.15,NET_BANKING
S0055746,C02920,P00666,ST020,2027-01-10 23:45:00,3,12463.65,0.15,COD
S0055747,C05403,P00972,ST042,2027-05-08 15:31:00,4,11724.34,0.00,COD
S0055748,C02367,P00860,ST026,2027-03-18 09:23:00,3,207.98,0.00,CARD
S0055749,C01678,P00827,ST003,2027-05-13 02:08:00,5,14075.22,0.05,NET_BANKING
S0055750,C01771,P00202,ST008,2027-01-08 20:14:00,1,13459.06,0.15,UPI
S0055751,C01355,P00785,ST004,2026-09-17 06:59:00,3,8966.99,0.00,NET_BANKING
S0055752,C05005,P00890,ST028,2026-11-26 09:58:00,1,2569.54,0.00,COD
S0055753,C01328,P00709,ST043,2027-03-08 09:14:00,5,14344.98,0.10,COD
S0055754,C03780,P00367,ST021,2027-05-18 08:29:00,1,13780.17,0.05,UPI
S0055755,C03519,P00057,ST046,2027-05-12 00:30:00,2,6283.79,0.05,COD
S0055756,C03978,P01017,ST022,2026-12-08 05:48:00,4,2339.78,0.10,NET_BANKING
S0055757,C00723,P00111,ST028,2027-04-07 15:46:00,4,7353.74,0.00,COD
S0055758,C02887,P00352,ST032,2026-12-27 20:49:00,1,13564.85,0.00,COD
S0055759,C03834,P00429,ST048,2026-11-20 23:07:00,6,8780.62,0.15,UPI
S0055760,C03091,P00836,ST038,2026-10-22 21:54:00,4,8199.84,0.00,CARD
S0055761,C05498,P00883,ST037,2027-04-05 10:06:00,3,9173.36,0.00,UPI
S0055762,C00292,P00755,ST004,2026-10-22 18:51:00,1,13881.05,0.15,CARD
S0055763,C04454,P00475,ST021,2027-02-24 10:53:00,2,1870.66,0.10,WALLET
S0055764,C03010,P00575,ST044,2027-03-04 08:55:00,5,10494.08,0.00,CARD
S0055765,C00847,P01021,ST005,2026-09-27 12:39:00,1,4542.01,0.00,WALLET
S0055766,C00587,P00164,ST032,2027-03-04 18:15:00,6,6049.30,0.00,UPI
S0055767,C05376,P00435,ST006,2027-02-15 18:19:00,6,6495.05,0.00,COD
S0055768,C04420,P00894,ST008,2026-10-31 03:18:00,6,12465.27,0.00,UPI
S0055769,C02877,P00350,ST008,2026-12-06 23:36:00,7,12905.92,0.00,WALLET
S0055770,C05222,P00830,ST030,2026-10-26 06:24:00,7,8076.01,0.15,CARD
S0055771,C04686,P01033,ST008,2026-12-15 12:18:00,8,885.99,0.00,UPI
S0055772,C01461,P00788,ST037,2027-02-14 12:52:00,5,14058.06,0.05,WALLET
S0055773,C05495,P00756,ST038,2027-04-17 18:43:00,8,7470.61,0.10,CARD
S0055774,C05204,P00564,ST008,2027-01-15 20:11:00,4,13288.39,0.00,NET_BANKING
S0055775,C03781,P00046,ST016,2026-11-09 12:33:00,1,4750.20,0.00,WALLET
S0055776,C04857,P00115,ST022,2026-12-05 05:38:00,8,7420.65,0.15,WALLET
S0055777,C02785,P00437,ST035,2027-02-28 18:52:00,2,9854.53,0.15,UPI
S0055778,C03255,P00720,ST013,2027-03-02 13:45:00,6,4896.05,0.00,WALLET
S0055779,C01913,P00187,ST034,2027-01-27 08:32:00,2,6392.10,0.00,WALLET
S0055780,C01477,P00665,ST002,2027-01-27 17:47:00,6,13897.47,0.15,UPI
S0055781,C05433,P00206,ST022,2027-01-23 17:33:00,2,12086.30,0.05,COD
S0055782,C04456,P00970,ST049,2027-01-13 06:03:00,7,11802.25,0.00,CARD
S0055783,C02176,P00775,ST001,2027-05-18 17:15:00,6,7767.36,0.05,COD
S0055784,C04751,P01064,ST012,2026-10-23 11:47:00,8,1947.61,0.00,WALLET
S0055785,C03809,P01084,ST044,2026-10-09 21:44:00,7,2851.57,0.00,UPI
S0055786,C03343,P00588,ST029,2027-01-07 08:51:00,6,12949.54,0.10,CARD
S0055787,C02916,P01029,ST027,2027-03-11 02:01:00,8,141.45,0.10,COD
S0055788,C03058,P01068,ST027,2026-12-06 18:40:00,3,4624.87,0.00,NET_BANKING
S0055789,C03378,P01009,ST036,2027-04-20 15:27:00,2,408.63,0.05,CARD
S0055790,C00525,P00269,ST036,2026-12-20 23:37:00,1,1436.31,0.00,NET_BANKING
S0055791,C03604,P00681,ST039,2026-10-12 09:24:00,4,10247.66,0.00,UPI
S0055792,C04872,P00857,ST012,2026-12-06 13:26:00,7,10083.38,0.10,NET_BANKING
S0055793,C01548,P01006,ST023,2027-03-23 19:09:00,1,3999.29,0.05,NET_BANKING
S0055794,C01204,P00217,ST008,2027-01-22 20:02:00,7,10077.87,0.15,COD
S0055795,C01010,P00216,ST030,2027-03-18 02:28:00,6,1540.77,0.05,UPI
S0055796,C03304,P00734,ST013,2027-03-28 19:50:00,5,2368.19,0.05,UPI
S0055797,C03017,P00528,ST050,2027-05-11 16:30:00,5,12190.45,0.10,WALLET
S0055798,C01118,P00115,ST005,2027-04-12 14:40:00,5,7420.65,0.00,UPI
S0055799,C00610,P00171,ST007,2027-03-24 00:00:00,4,6161.32,0.05,COD
S0055800,C02705,P00877,ST005,2026-10-10 18:16:00,2,9491.54,0.00,WALLET
S0055801,C04329,P00716,ST013,2027-01-20 13:01:00,3,3403.75,0.00,UPI
S0055802,C04358,P00632,ST016,2026-12-01 04:50:00,4,6057.90,0.10,UPI
S0055803,C03195,P00973,ST049,2027-05-18 10:05:00,1,13784.89,0.05,NET_BANKING
S0055804,C03459,P00898,ST022,2026-09-25 00:02:00,7,1340.84,0.15,WALLET
S0055805,C00330,P00689,ST028,2026-10-29 19:26:00,1,1747.51,0.15,CARD
S0055806,C01357,P00956,ST033,2027-04-08 10:10:00,7,1818.03,0.00,CARD
S0055807,C04384,P00318,ST014,2027-03-18 01:09:00,1,10232.53,0.00,WALLET
S0055808,C04196,P00855,ST010,2027-01-12 11:10:00,5,3531.06,0.15,CARD
S0055809,C02298,P00047,ST002,2026-11-21 16:12:00,5,4471.06,0.00,WALLET
S0055810,C00964,P00166,ST046,2027-03-13 04:03:00,6,8032.81,0.15,NET_BANKING
S0055811,C02691,P00501,ST039,2027-02-16 08:40:00,5,591.28,0.15,WALLET
S0055812,C04826,P00237,ST027,2026-12-21 11:12:00,3,5637.77,0.10,CARD
S0055813,C00573,P00484,ST032,2027-03-19 13:50:00,6,195.13,0.00,WALLET
S0055814,C01451,P00665,ST039,2027-01-20 05:55:00,3,13897.47,0.15,NET_BANKING
S0055815,C01920,P00699,ST029,2026-12-17 08:37:00,1,14544.40,0.00,CARD
S0055816,C02962,P00637,ST049,2026-11-19 02:36:00,3,14361.31,0.15,NET_BANKING
S0055817,C02918,P01091,ST025,2026-09-09 03:41:00,3,2636.64,0.10,WALLET
S0055818,C01487,P00772,ST033,2026-11-29 22:26:00,6,13512.62,0.15,WALLET
S0055819,C01114,P00326,ST037,2027-01-13 07:56:00,4,13983.47,0.00,COD
S0055820,C03226,P00845,ST041,2027-03-24 16:33:00,6,596.43,0.05,WALLET
S0055821,C01429,P00137,ST004,2026-09-18 06:48:00,3,9416.73,0.00,UPI
S0055822,C02935,P00818,ST025,2027-03-02 20:42:00,1,9748.07,0.05,CARD
S0055823,C00224,P00675,ST012,2027-02-12 05:17:00,8,10065.36,0.05,WALLET
S0055824,C04705,P00776,ST011,2027-04-29 18:25:00,4,571.16,0.10,UPI
S0055825,C04899,P00222,ST022,2026-12-28 19:57:00,4,10998.10,0.15,WALLET
S0055826,C03918,P00178,ST037,2027-03-12 04:56:00,8,10707.38,0.05,WALLET
S0055827,C00554,P00578,ST027,2027-04-01 14:13:00,7,2566.07,0.10,COD
S0055828,C05472,P00584,ST044,2026-11-16 07:38:00,5,1058.35,0.05,CARD
S0055829,C03631,P00234,ST031,2026-09-27 20:06:00,6,10659.34,0.00,NET_BANKING
S0055830,C05437,P00485,ST048,2027-04-30 13:42:00,7,2390.76,0.15,WALLET
S0055831,C04087,P00503,ST026,2027-04-17 01:00:00,8,5972.66,0.00,UPI
S0055832,C03931,P00296,ST026,2026-12-20 11:20:00,1,4617.53,0.10,CARD
S0055833,C00904,P00349,ST046,2026-12-15 07:05:00,4,4491.15,0.15,UPI
S0055834,C03084,P00972,ST019,2027-01-17 05:24:00,5,11724.34,0.00,UPI
S0055835,C04335,P00186,ST001,2026-12-05 10:45:00,4,5509.22,0.00,CARD
S0055836,C03033,P01028,ST035,2027-04-04 13:33:00,2,2795.05,0.10,UPI
S0055837,C02800,P00234,ST044,2026-12-07 07:40:00,4,10659.34,0.15,COD
S0055838,C05165,P01018,ST050,2027-01-13 07:48:00,5,468.76,0.00,COD
S0055839,C01500,P00193,ST044,2026-09-26 15:39:00,1,754.57,0.00,CARD
S0055840,C02553,P00261,ST005,2026-10-01 18:10:00,5,6561.97,0.00,WALLET
S0055841,C00648,P00153,ST050,2027-03-12 10:06:00,1,5456.59,0.15,CARD
S0055842,C00949,P00035,ST026,2026-12-20 06:01:00,7,1827.96,0.05,COD
S0055843,C01283,P00264,ST047,2026-10-24 10:09:00,2,3453.32,0.00,CARD
S0055844,C04925,P00162,ST005,2027-03-04 01:22:00,6,12288.78,0.00,COD
S0055845,C03034,P00647,ST033,2027-05-03 18:39:00,7,8946.93,0.00,UPI
S0055846,C04550,P00510,ST008,2026-12-14 09:46:00,2,8953.00,0.00,CARD
S0055847,C04288,P00032,ST001,2026-09-17 17:23:00,7,2163.25,0.15,COD
S0055848,C04755,P01057,ST023,2026-12-26 14:18:00,1,1019.23,0.00,UPI
S0055849,C03386,P00496,ST012,2026-10-30 01:01:00,8,3469.95,0.00,UPI
S0055850,C01321,P00676,ST036,2026-09-29 22:53:00,6,13208.41,0.00,WALLET
S0055851,C03245,P00154,ST046,2026-09-17 13:33:00,8,3193.19,0.10,COD
S0055852,C01629,P00817,ST011,2027-03-27 11:05:00,3,11269.31,0.15,CARD
S0055853,C01126,P00239,ST013,2026-09-02 15:48:00,6,2668.52,0.05,WALLET
S0055854,C02557,P00124,ST033,2027-01-06 17:00:00,8,9023.03,0.10,COD
S0055855,C04695,P00892,ST015,2027-01-12 04:18:00,1,12540.67,0.10,CARD
S0055856,C04146,P00099,ST013,2026-12-20 03:54:00,4,7954.37,0.10,COD
S0055857,C00949,P00696,ST007,2027-03-24 19:16:00,4,444.90,0.15,NET_BANKING
S0055858,C03675,P00115,ST045,2026-09-03 10:03:00,7,7420.65,0.10,WALLET
S0055859,C00749,P00912,ST012,2026-11-30 18:41:00,3,12258.78,0.00,NET_BANKING
S0055860,C02178,P00976,ST017,2026-10-20 04:28:00,2,3815.57,0.00,WALLET
S0055861,C02583,P00739,ST041,2026-10-26 14:55:00,4,5997.32,0.15,COD
S0055862,C02239,P00743,ST023,2027-03-02 06:07:00,1,11438.19,0.10,NET_BANKING
S0055863,C05462,P00505,ST046,2027-02-10 02:33:00,2,13158.37,0.15,NET_BANKING
S0055864,C02360,P00128,ST040,2027-04-27 00:40:00,4,12585.65,0.10,UPI
S0055865,C04717,P00269,ST024,2027-02-14 12:19:00,8,1436.31,0.05,WALLET
S0055866,C01018,P00335,ST002,2026-09-15 14:22:00,3,2003.90,0.05,UPI
S0055867,C03074,P00409,ST027,2027-03-12 17:49:00,3,2349.95,0.05,CARD
S0055868,C01824,P00270,ST013,2027-02-15 03:19:00,6,12684.63,0.05,WALLET
S0055869,C04456,P00150,ST005,2026-12-25 02:21:00,3,10110.81,0.00,NET_BANKING
S0055870,C03495,P00544,ST019,2026-10-11 05:34:00,2,6390.78,0.00,COD
S0055871,C03577,P00668,ST023,2027-03-01 15:51:00,4,9801.28,0.05,NET_BANKING
S0055872,C02324,P00264,ST044,2026-12-19 16:16:00,7,3453.32,0.00,UPI
S0055873,C00548,P01009,ST023,2027-04-03 00:23:00,8,4748.05,0.10,UPI
S0055874,C02439,P01041,ST004,2027-03-26 18:14:00,6,3151.99,0.15,WALLET
S0055875,C03010,P00042,ST041,2027-04-10 17:27:00,3,14409.73,0.00,WALLET
S0055876,C05125,P00972,ST009,2027-05-11 08:12:00,7,11724.34,0.00,UPI
S0055877,C04586,P00188,ST003,2027-03-28 14:56:00,4,6455.12,0.10,UPI
S0055878,C05312,P00839,ST028,2027-02-21 02:45:00,8,14909.42,0.10,UPI
S0055879,C02610,P01026,ST007,2027-04-10 11:09:00,3,603.64,0.00,NET_BANKING
S0055880,C03987,P01092,ST008,2026-09-11 12:46:00,5,95.77,0.00,NET_BANKING
S0055881,C01527,P00572,ST008,2026-10-23 17:06:00,5,413.41,0.15,NET_BANKING
S0055882,C01694,P00652,ST010,2026-11-23 16:36:00,3,7213.51,0.15,COD
S0055883,C03647,P00885,ST042,2026-09-11 14:37:00,6,2276.62,0.00,COD
S0055884,C03494,P00094,ST045,2027-04-05 04:17:00,7,3538.71,0.00,CARD
S0055885,C05040,P01072,ST037,2026-12-23 01:41:00,1,1845.69,0.10,NET_BANKING
S0055886,C02253,P00220,ST018,2027-04-23 05:35:00,4,3145.53,0.15,NET_BANKING
S0055887,C02138,P00455,ST014,2026-09-17 13:47:00,8,11331.19,0.15,WALLET
S0055888,C00631,P00444,ST021,2027-05-18 08:53:00,8,910.78,0.00,UPI
S0055889,C02737,P00506,ST025,2026-10-02 06:50:00,7,4110.78,0.05,WALLET
S0055890,C04196,P01016,ST008,2026-09-12 02:36:00,7,1769.50,0.05,CARD
S0055891,C05227,P00011,ST023,2026-11-05 10:27:00,3,9660.40,0.15,NET_BANKING
S0055892,C03839,P00866,ST017,2027-04-22 15:20:00,6,7507.05,0.00,CARD
S0055893,C02734,P00040,ST039,2027-05-06 02:05:00,3,1501.66,0.05,WALLET
S0055894,C04076,P01000,ST009,2027-01-12 00:26:00,8,3161.37,0.00,CARD
S0055895,C04767,P00475,ST024,2027-01-27 15:58:00,6,1870.66,0.15,WALLET
S0055896,C03378,P00692,ST009,2026-09-29 00:36:00,4,3776.76,0.00,COD
S0055897,C03796,P00862,ST024,2027-05-14 01:08:00,4,12635.93,0.15,NET_BANKING
S0055898,C04121,P00170,ST012,2026-10-02 21:24:00,3,4556.11,0.15,COD
S0055899,C05372,P00140,ST017,2026-09-07 07:42:00,4,343.17,0.05,COD
S0055900,C00413,P00893,ST009,2027-05-10 11:09:00,8,11968.39,0.05,WALLET
S0055901,C00156,P00525,ST047,2026-12-29 17:38:00,3,10778.97,0.05,WALLET
S0055902,C01625,P00973,ST001,2027-05-04 05:32:00,8,13784.89,0.00,UPI
S0055903,C02827,P01021,ST023,2027-01-25 06:28:00,8,290.92,0.15,WALLET
S0055904,C02328,P00296,ST040,2027-02-02 05:22:00,7,4617.53,0.05,UPI
S0055905,C00512,P00246,ST021,2027-03-15 21:40:00,8,9342.29,0.00,UPI
S0055906,C00082,P00130,ST004,2027-05-04 06:53:00,7,1609.69,0.00,WALLET
S0055907,C02933,P00029,ST001,2026-09-11 01:34:00,3,10510.24,0.05,COD
S0055908,C02612,P00913,ST038,2026-12-26 21:22:00,1,11417.61,0.00,WALLET
S0055909,C04563,P00324,ST041,2027-03-26 13:27:00,1,2603.61,0.00,UPI
S0055910,C03801,P00156,ST002,2026-10-04 09:15:00,7,12020.51,0.05,WALLET
S0055911,C00966,P00909,ST029,2027-02-26 04:29:00,3,12153.06,0.15,UPI
S0055912,C00193,P00608,ST048,2026-09-18 07:16:00,2,4112.16,0.05,COD
S0055913,C00706,P00664,ST023,2026-09-12 23:44:00,4,2596.83,0.15,CARD
S0055914,C02617,P00798,ST017,2027-03-24 09:38:00,3,2788.26,0.15,WALLET
S0055915,C01676,P00053,ST043,2026-11-28 13:12:00,5,4727.29,0.10,CARD
S0055916,C02738,P00204,ST042,2027-02-03 05:37:00,5,1600.11,0.05,CARD
S0055917,C03359,P00053,ST036,2027-02-22 16:33:00,5,4727.29,0.00,COD
S0055918,C02725,P00955,ST043,2026-10-18 23:21:00,2,5719.71,0.00,COD
S0055919,C00233,P00380,ST014,2027-02-09 13:45:00,7,10594.68,0.15,CARD
S0055920,C03531,P00161,ST031,2027-02-19 18:11:00,4,3469.31,0.00,CARD
S0055921,C00792,P00051,ST002,2026-12-30 21:25:00,5,8015.72,0.00,UPI
S0055922,C02089,P00375,ST001,2026-11-16 16:04:00,8,8641.01,0.00,COD
S0055923,C02458,P00003,ST012,2027-02-17 04:35:00,3,9487.90,0.10,UPI
S0055924,C00321,P00944,ST029,2027-02-04 08:33:00,8,13637.69,0.10,NET_BANKING
S0055925,C04812,P00363,ST018,2026-09-12 01:25:00,7,7028.08,0.10,CARD
S0055926,C03983,P00446,ST029,2027-01-16 01:19:00,6,14903.24,0.15,CARD
S0055927,C00171,P00705,ST026,2026-11-17 06:43:00,8,12535.43,0.10,WALLET
S0055928,C02042,P00583,ST038,2026-09-28 22:33:00,6,5417.09,0.10,UPI
S0055929,C02130,P00669,ST032,2027-04-13 20:56:00,3,14324.33,0.15,NET_BANKING
S0055930,C02367,P00198,ST002,2027-03-30 22:06:00,7,11526.28,0.05,UPI
S0055931,C02677,P00491,ST021,2026-09-08 02:33:00,4,4754.80,0.15,NET_BANKING
S0055932,C00418,P00672,ST041,2027-04-06 01:02:00,2,7478.34,0.15,COD
S0055933,C03358,P00030,ST042,2027-01-01 00:59:00,5,7478.66,0.10,NET_BANKING
S0055934,C02854,P00506,ST030,2027-03-06 08:19:00,1,4110.78,0.15,NET_BANKING
S0055935,C04663,P00229,ST048,2027-01-10 01:06:00,2,718.51,0.00,COD
S0055936,C03622,P00273,ST020,2027-02-24 02:34:00,5,1657.16,0.15,UPI
S0055937,C04135,P00150,ST025,2027-04-25 10:26:00,8,10110.81,0.10,UPI
S0055938,C03386,P00468,ST009,2026-10-06 05:15:00,2,2151.00,0.00,WALLET
S0055939,C04143,P00262,ST015,2026-12-15 19:18:00,6,4686.95,0.15,NET_BANKING
S0055940,C00164,P00905,ST040,2027-01-01 06:15:00,8,7562.39,0.00,UPI
S0055941,C02349,P00025,ST021,2026-12-25 10:06:00,6,4571.56,0.05,COD
S0055942,C00209,P00705,ST045,2027-01-22 17:27:00,1,12535.43,0.00,WALLET
S0055943,C02145,P00318,ST040,2026-11-15 18:31:00,6,10232.53,0.00,WALLET
S0055944,C04866,P00629,ST009,2027-02-19 12:43:00,4,11585.25,0.00,WALLET
S0055945,C04306,P00485,ST043,2027-03-12 00:02:00,6,2390.76,0.05,NET_BANKING
S0055946,C03249,P00883,ST022,2026-09-21 01:15:00,4,9173.36,0.15,WALLET
S0055947,C05171,P00824,ST014,2026-10-13 18:23:00,5,5681.80,0.10,NET_BANKING
S0055948,C01960,P00085,ST017,2027-02-28 17:17:00,4,14386.77,0.00,WALLET
S0055949,C02782,P00423,ST001,2027-01-29 09:55:00,3,562.41,0.00,WALLET
S0055950,C04914,P00154,ST018,2027-02-22 13:11:00,8,3193.19,0.10,NET_BANKING
S0055951,C00111,P00669,ST040,2026-09-18 17:05:00,7,14324.33,0.10,CARD
S0055952,C01158,P01016,ST016,2027-01-26 05:01:00,1,2722.07,0.00,UPI
S0055953,C04618,P01029,ST026,2026-12-06 09:45:00,6,1681.69,0.00,NET_BANKING
S0055954,C02213,P00806,ST022,2027-04-03 19:11:00,2,10445.92,0.00,WALLET
S0055955,C04894,P00673,ST031,2026-11-17 10:39:00,2,7917.40,0.10,NET_BANKING
S0055956,C04025,P00284,ST038,2026-10-02 19:33:00,2,7052.39,0.15,UPI
S0055957,C01423,P00458,ST035,2027-01-28 01:25:00,6,9495.95,0.10,COD
S0055958,C02475,P01045,ST035,2027-01-03 09:49:00,8,4434.01,0.00,COD
S0055959,C01517,P00358,ST012,2026-12-23 22:25:00,2,7269.79,0.10,NET_BANKING
S0055960,C04513,P01076,ST034,2026-09-05 11:21:00,4,997.26,0.10,WALLET
S0055961,C05404,P00091,ST039,2026-12-24 19:50:00,3,11974.70,0.00,COD
S0055962,C04331,P00512,ST002,2027-02-11 11:03:00,2,11395.40,0.05,WALLET
S0055963,C00695,P00899,ST048,2027-04-30 12:47:00,5,12008.75,0.05,WALLET
S0055964,C00286,P00106,ST047,2027-03-30 09:08:00,7,14238.90,0.05,CARD
S0055965,C04158,P01024,ST045,2026-10-23 02:04:00,3,1018.84,0.00,NET_BANKING
S0055966,C03510,P00261,ST011,2026-09-10 01:42:00,6,6561.97,0.15,UPI
S0055967,C05041,P01054,ST042,2027-05-17 19:24:00,4,1370.18,0.00,CARD
S0055968,C01242,P00371,ST022,2027-02-01 14:16:00,2,7245.43,0.00,NET_BANKING
S0055969,C05074,P00546,ST006,2026-11-17 03:34:00,8,9420.65,0.15,NET_BANKING
S0055970,C00322,P00737,ST046,2026-11-24 20:48:00,2,69.58,0.05,COD
S0055971,C00429,P00599,ST003,2027-05-03 12:01:00,5,1086.85,0.10,UPI
S0055972,C04513,P00425,ST018,2027-05-03 11:50:00,4,14157.41,0.00,UPI
S0055973,C00158,P00285,ST040,2026-12-02 22:18:00,1,6123.71,0.10,UPI
S0055974,C03005,P00432,ST043,2027-02-19 23:00:00,1,578.01,0.10,UPI
S0055975,C03996,P00861,ST028,2027-03-24 17:59:00,8,3963.47,0.00,UPI
S0055976,C01236,P00490,ST045,2026-12-22 04:26:00,8,3009.09,0.00,WALLET
S0055977,C00565,P00003,ST025,2027-05-15 17:03:00,3,9487.90,0.10,UPI
S0055978,C03716,P00271,ST013,2027-04-10 12:59:00,8,11702.78,0.10,COD
S0055979,C03693,P01100,ST026,2026-10-15 05:03:00,8,3378.20,0.10,NET_BANKING
S0055980,C04528,P00871,ST018,2026-10-22 18:28:00,2,9556.52,0.05,COD
S0055981,C02564,P00269,ST044,2026-10-19 04:33:00,4,1436.31,0.05,NET_BANKING
S0055982,C00017,P01073,ST035,2027-02-10 21:24:00,3,2159.51,0.05,UPI
S0055983,C03116,P01037,ST011,2027-03-01 03:38:00,4,3570.58,0.15,WALLET
S0055984,C01953,P01078,ST008,2027-04-25 17:04:00,1,2217.19,0.00,CARD
S0055985,C02157,P00251,ST039,2026-09-07 04:44:00,5,1347.37,0.00,NET_BANKING
S0055986,C00817,P00036,ST002,2027-05-14 08:49:00,6,9317.16,0.00,WALLET
S0055987,C01371,P00727,ST045,2026-12-01 15:35:00,8,12337.64,0.10,UPI
S0055988,C00569,P00402,ST014,2027-03-10 08:30:00,7,7483.33,0.15,NET_BANKING
S0055989,C03793,P00475,ST017,2027-04-19 06:42:00,7,1870.66,0.10,COD
S0055990,C00645,P01024,ST043,2027-03-26 05:06:00,2,3128.69,0.00,WALLET
S0055991,C04182,P00016,ST008,2026-09-05 12:00:00,8,9646.46,0.00,UPI
S0055992,C05318,P00380,ST029,2026-10-20 06:25:00,6,10594.68,0.05,CARD
S0055993,C03221,P00117,ST025,2027-04-21 10:55:00,4,9637.83,0.15,WALLET
S0055994,C02619,P00713,ST015,2027-03-25 05:07:00,1,3603.18,0.10,NET_BANKING
S0055995,C04538,P00442,ST038,2027-04-09 06:19:00,6,12602.76,0.10,CARD
S0055996,C03624,P01024,ST008,2027-02-21 07:44:00,5,2521.72,0.00,CARD
S0055997,C02206,P00294,ST037,2027-03-28 05:12:00,5,9198.98,0.00,UPI
S0055998,C02352,P00665,ST028,2027-05-13 00:24:00,8,13897.47,0.15,WALLET
S0055999,C04315,P00665,ST028,2026-09-26 08:04:00,8,13897.47,0.10,CARD
S0056000,C05298,P00886,ST041,2026-11-29 07:08:00,2,2075.82,0.05,COD
S0056001,C04618,P00989,ST030,2026-11-19 08:33:00,7,6367.31,0.00,WALLET
S0056002,C02633,P00339,ST023,2026-10-22 04:08:00,3,2464.80,0.00,WALLET
S0056003,C03863,P00708,ST011,2026-10-10 03:56:00,7,605.04,0.00,NET_BANKING
S0056004,C02102,P00286,ST014,2026-12-29 09:50:00,6,2796.88,0.15,NET_BANKING
S0056005,C03876,P00248,ST027,2027-01-18 19:47:00,3,13778.23,0.10,WALLET
S0056006,C02310,P00087,ST031,2027-03-08 14:54:00,3,2943.27,0.00,WALLET
S0056007,C03355,P00343,ST015,2026-09-23 15:12:00,6,4575.42,0.05,NET_BANKING
S0056008,C01521,P00401,ST017,2026-10-22 06:52:00,2,14612.89,0.15,NET_BANKING
S0056009,C03421,P01090,ST032,2026-09-09 23:36:00,3,3465.13,0.00,CARD
S0056010,C04712,P00434,ST044,2027-01-18 04:42:00,7,11454.78,0.05,CARD
S0056011,C02361,P00791,ST004,2026-10-17 20:59:00,6,5011.64,0.00,NET_BANKING
S0056012,C05247,P00647,ST050,2027-04-18 02:02:00,7,8946.93,0.10,COD
S0056013,C01969,P00174,ST020,2026-10-14 05:06:00,4,322.73,0.10,NET_BANKING
S0056014,C03614,P00891,ST004,2027-03-14 22:25:00,8,2634.44,0.00,UPI
S0056015,C01176,P00296,ST042,2027-03-17 00:59:00,8,4617.53,0.05,CARD
S0056016,C05164,P00431,ST030,2027-02-26 15:05:00,3,13380.90,0.05,NET_BANKING
S0056017,C00663,P00242,ST018,2026-12-04 16:10:00,8,6380.48,0.10,COD
S0056018,C03961,P00479,ST048,2027-03-06 01:15:00,4,1921.66,0.10,NET_BANKING
S0056019,C02330,P00300,ST034,2026-12-03 23:13:00,8,14429.61,0.05,WALLET
S0056020,C00334,P01039,ST050,2027-01-31 01:09:00,4,2512.81,0.15,NET_BANKING
S0056021,C04588,P00280,ST013,2026-11-22 09:54:00,5,5715.39,0.00,UPI
S0056022,C01847,P00949,ST010,2027-01-08 21:43:00,1,5923.78,0.10,COD
S0056023,C03298,P00950,ST017,2026-11-09 02:15:00,4,3458.38,0.00,COD
S0056024,C02031,P01009,ST025,2027-03-07 22:33:00,5,1287.24,0.15,UPI
S0056025,C04640,P00259,ST013,2026-10-28 01:15:00,6,5808.51,0.10,CARD
S0056026,C05306,P00902,ST011,2027-02-13 23:27:00,5,6441.41,0.10,UPI
S0056027,C03188,P00240,ST010,2026-11-26 09:03:00,6,9582.36,0.10,NET_BANKING
S0056028,C02876,P00527,ST001,2027-01-12 11:19:00,4,14547.75,0.00,WALLET
S0056029,C03194,P00728,ST027,2026-12-22 13:38:00,7,2376.69,0.00,UPI
S0056030,C05144,P00495,ST050,2027-01-01 03:41:00,4,105.46,0.10,UPI
S0056031,C03807,P00402,ST039,2026-12-05 03:47:00,3,7483.33,0.15,NET_BANKING
S0056032,C03305,P00638,ST023,2027-05-11 19:26:00,1,8964.05,0.10,CARD
S0056033,C00102,P00279,ST002,2027-03-01 13:49:00,4,7949.95,0.00,WALLET
S0056034,C04630,P00294,ST029,2026-09-14 16:13:00,6,9198.98,0.10,CARD
S0056035,C01716,P00716,ST037,2026-10-15 23:07:00,7,3403.75,0.00,CARD
S0056036,C03643,P00476,ST028,2027-01-29 10:12:00,3,10059.57,0.10,UPI
S0056037,C05456,P00413,ST048,2026-12-31 09:38:00,2,8913.27,0.00,UPI
S0056038,C04188,P00648,ST049,2027-04-16 00:31:00,8,4120.80,0.05,CARD
S0056039,C04230,P00102,ST028,2026-09-10 03:10:00,6,8070.99,0.10,UPI
S0056040,C03219,P00184,ST003,2027-01-04 21:02:00,6,8980.87,0.10,UPI
S0056041,C02264,P00362,ST039,2026-09-26 22:21:00,1,9461.46,0.05,WALLET
S0056042,C04845,P00138,ST030,2027-03-05 08:34:00,7,11081.05,0.00,WALLET
S0056043,C05142,P00238,ST021,2027-05-10 06:05:00,5,2175.91,0.05,NET_BANKING
S0056044,C03156,P00143,ST043,2027-02-25 00:01:00,8,7704.38,0.10,UPI
S0056045,C01258,P01090,ST028,2026-12-06 23:41:00,5,4315.86,0.00,UPI
S0056046,C02543,P00756,ST009,2027-04-26 07:54:00,8,7470.61,0.00,WALLET
S0056047,C01774,P00096,ST039,2027-02-22 05:06:00,8,891.62,0.15,COD
S0056048,C00630,P01039,ST028,2027-04-12 22:01:00,7,1039.92,0.15,COD
S0056049,C00890,P00713,ST012,2027-01-08 02:38:00,4,3603.18,0.05,WALLET
S0056050,C00087,P00595,ST007,2027-03-20 09:31:00,6,6648.58,0.05,NET_BANKING
S0056051,C01069,P01086,ST012,2026-12-07 05:56:00,1,2519.77,0.10,WALLET
S0056052,C04766,P00342,ST017,2026-09-26 15:00:00,6,2514.86,0.05,WALLET
S0056053,C01140,P00705,ST011,2027-03-13 03:52:00,8,12535.43,0.05,UPI
S0056054,C02829,P00997,ST005,2026-11-27 05:53:00,6,2288.79,0.10,COD
S0056055,C02709,P00442,ST022,2026-09-29 18:21:00,4,12602.76,0.05,CARD
S0056056,C01680,P00548,ST008,2026-12-27 06:32:00,6,11468.53,0.00,COD
S0056057,C02142,P00767,ST007,2027-01-23 01:07:00,7,11689.48,0.10,UPI
S0056058,C03349,P00210,ST033,2026-12-24 11:48:00,6,3260.81,0.15,COD
S0056059,C01072,P00276,ST005,2027-02-11 14:22:00,7,6865.96,0.05,CARD
S0056060,C05380,P00330,ST006,2026-09-26 11:27:00,8,3475.34,0.15,CARD
S0056061,C03265,P00030,ST009,2027-03-13 12:30:00,8,7478.66,0.15,CARD
S0056062,C01714,P00815,ST036,2027-01-07 20:19:00,1,9553.20,0.05,NET_BANKING
S0056063,C01081,P00038,ST013,2027-04-12 07:05:00,6,5447.04,0.10,WALLET
S0056064,C04502,P00192,ST012,2026-12-30 20:09:00,8,1641.73,0.00,NET_BANKING
S0056065,C04855,P00306,ST012,2026-10-26 06:38:00,7,8871.87,0.10,UPI
S0056066,C03224,P00051,ST045,2027-02-11 23:33:00,7,8015.72,0.05,CARD
S0056067,C03002,P00417,ST045,2026-11-20 12:44:00,3,4251.66,0.00,CARD
S0056068,C04592,P00502,ST046,2026-10-06 13:30:00,5,5017.69,0.05,NET_BANKING
S0056069,C02166,P00804,ST050,2026-10-25 17:20:00,5,13775.11,0.00,WALLET
S0056070,C02955,P00431,ST040,2027-02-11 17:50:00,3,13380.90,0.15,UPI
S0056071,C01051,P00317,ST035,2027-02-11 03:27:00,1,4717.68,0.00,UPI
S0056072,C01806,P00224,ST021,2027-02-21 17:54:00,8,2208.50,0.00,CARD
S0056073,C05294,P00740,ST044,2026-11-12 23:37:00,3,10365.11,0.10,WALLET
S0056074,C01433,P00499,ST011,2026-10-25 10:44:00,8,5291.36,0.15,CARD
S0056075,C04540,P00465,ST039,2027-02-25 05:09:00,8,2736.41,0.00,COD
S0056076,C03717,P00291,ST039,2026-11-17 15:06:00,5,3274.34,0.00,CARD
S0056077,C04425,P00965,ST031,2026-09-21 15:02:00,2,14887.52,0.00,CARD
S0056078,C01231,P00781,ST008,2027-03-30 15:56:00,7,8887.88,0.00,COD
S0056079,C00513,P00667,ST037,2027-04-12 09:24:00,4,14053.41,0.10,CARD
S0056080,C02817,P00127,ST046,2027-03-27 01:42:00,2,11914.83,0.00,NET_BANKING
S0056081,C03312,P00667,ST009,2027-01-21 20:39:00,4,14053.41,0.05,COD
S0056082,C01623,P00488,ST046,2026-10-11 14:52:00,5,764.11,0.10,CARD
S0056083,C05452,P00984,ST028,2027-01-15 15:01:00,2,7532.32,0.00,UPI
S0056084,C04073,P00243,ST025,2027-01-23 04:07:00,1,6859.66,0.15,UPI
S0056085,C02214,P00759,ST050,2027-02-10 11:32:00,3,2675.60,0.00,NET_BANKING
S0056086,C04003,P01039,ST038,2026-09-28 03:28:00,5,4677.87,0.05,NET_BANKING
S0056087,C04454,P00270,ST026,2027-02-07 13:48:00,3,12684.63,0.05,COD
S0056088,C03938,P00914,ST001,2026-10-19 11:12:00,7,14608.30,0.15,NET_BANKING
S0056089,C03468,P00995,ST011,2027-02-25 07:57:00,6,10497.82,0.10,COD
S0056090,C01840,P00831,ST039,2027-05-18 00:04:00,8,4958.66,0.15,UPI
S0056091,C01411,P00345,ST026,2027-04-08 11:01:00,3,1997.78,0.00,CARD
S0056092,C04270,P00005,ST019,2026-11-11 18:05:00,8,3720.45,0.15,UPI
S0056093,C02947,P00862,ST044,2027-01-31 00:22:00,5,12635.93,0.10,WALLET
S0056094,C03850,P00079,ST014,2026-12-06 16:58:00,4,398.24,0.15,CARD
S0056095,C02790,P00406,ST044,2026-09-18 15:37:00,5,1162.78,0.15,COD
S0056096,C04439,P00550,ST048,2027-02-16 21:05:00,6,1961.46,0.15,CARD
S0056097,C02342,P00834,ST007,2026-12-24 10:35:00,4,13773.56,0.05,NET_BANKING
S0056098,C01210,P00785,ST050,2026-12-16 17:48:00,3,8966.99,0.15,NET_BANKING
S0056099,C00036,P01095,ST006,2026-11-25 04:26:00,8,1089.94,0.10,WALLET
S0056100,C02153,P00686,ST048,2026-12-30 05:28:00,7,1168.81,0.05,NET_BANKING
S0056101,C05432,P00092,ST048,2026-10-15 08:16:00,1,8564.59,0.00,COD
S0056102,C03358,P00849,ST022,2026-11-04 03:02:00,7,11840.46,0.05,UPI
S0056103,C00414,P00168,ST025,2027-02-20 16:55:00,2,5532.44,0.00,COD
S0056104,C03043,P00156,ST041,2027-04-01 14:09:00,3,12020.51,0.10,UPI
S0056105,C01043,P00056,ST044,2026-10-13 09:27:00,2,12872.42,0.00,CARD
S0056106,C00954,P00958,ST007,2027-01-21 08:35:00,2,6025.05,0.00,UPI
S0056107,C03100,P01061,ST014,2027-01-04 18:10:00,7,2820.97,0.00,CARD
S0056108,C04600,P00250,ST021,2027-02-28 07:27:00,7,4598.66,0.05,WALLET
S0056109,C00099,P01063,ST005,2027-03-20 17:33:00,4,1931.68,0.15,COD
S0056110,C05455,P01081,ST049,2027-01-16 05:35:00,4,4656.62,0.00,NET_BANKING
S0056111,C04948,P00264,ST050,2027-01-03 19:12:00,5,3453.32,0.15,NET_BANKING
S0056112,C01611,P01040,ST042,2027-03-26 14:26:00,6,2271.41,0.10,WALLET
S0056113,C01798,P00462,ST040,2026-11-30 03:27:00,5,3972.80,0.15,WALLET
S0056114,C04060,P01056,ST020,2027-01-30 00:06:00,2,4622.99,0.05,NET_BANKING
S0056115,C00016,P00971,ST049,2026-10-20 02:59:00,1,9483.16,0.10,WALLET
S0056116,C05127,P00140,ST011,2027-03-18 23:50:00,5,343.17,0.05,UPI
S0056117,C02527,P00142,ST026,2027-04-09 04:32:00,6,3934.33,0.00,COD
S0056118,C04841,P00799,ST039,2027-03-05 11:49:00,7,5194.85,0.00,CARD
S0056119,C01047,P00284,ST024,2026-10-07 11:39:00,7,7052.39,0.10,UPI
S0056120,C01906,P00168,ST008,2027-02-19 05:22:00,3,5532.44,0.00,COD
S0056121,C03794,P00929,ST003,2026-11-06 05:31:00,2,6068.78,0.15,NET_BANKING
S0056122,C04053,P01095,ST044,2027-04-17 14:35:00,4,1571.03,0.15,WALLET
S0056123,C04577,P00067,ST044,2026-11-04 14:49:00,4,3494.40,0.10,CARD
S0056124,C05054,P00480,ST035,2027-03-31 14:03:00,2,2188.07,0.05,CARD
S0056125,C04161,P00774,ST018,2026-11-12 07:18:00,2,12009.08,0.15,COD
S0056126,C02625,P00772,ST002,2026-10-13 16:43:00,1,13512.62,0.10,UPI
S0056127,C04708,P00020,ST022,2026-11-29 03:23:00,1,4154.59,0.00,CARD
S0056128,C00302,P00147,ST023,2027-01-28 22:39:00,5,8610.17,0.05,NET_BANKING
S0056129,C02462,P00611,ST001,2026-09-23 18:13:00,6,13074.44,0.10,CARD
S0056130,C04478,P00100,ST023,2026-10-18 18:23:00,4,2281.28,0.00,COD
S0056131,C04176,P00392,ST045,2027-04-13 04:13:00,7,1926.43,0.10,NET_BANKING
S0056132,C05281,P00440,ST005,2027-01-27 07:17:00,4,11929.30,0.15,CARD
S0056133,C02943,P00187,ST021,2027-03-02 22:48:00,8,6392.10,0.10,CARD
S0056134,C00526,P00292,ST030,2026-09-20 07:41:00,7,387.24,0.15,CARD
S0056135,C00469,P00073,ST001,2026-09-16 19:23:00,2,13519.47,0.10,WALLET
S0056136,C02355,P00484,ST038,2027-04-12 12:31:00,3,195.13,0.10,WALLET
S0056137,C00696,P00266,ST009,2026-11-05 20:54:00,5,13447.25,0.15,UPI
S0056138,C04440,P00641,ST012,2027-04-09 21:54:00,7,6765.73,0.10,UPI
S0056139,C03514,P00497,ST047,2026-11-22 21:49:00,7,9469.60,0.00,CARD
S0056140,C02044,P00501,ST038,2026-09-26 21:40:00,7,591.28,0.00,NET_BANKING
S0056141,C04470,P00088,ST045,2027-01-19 12:48:00,5,8857.37,0.00,COD
S0056142,C04600,P00158,ST041,2026-09-19 07:58:00,5,3652.82,0.15,UPI
S0056143,C04181,P00781,ST024,2027-05-02 04:07:00,5,8887.88,0.00,COD
S0056144,C04065,P01076,ST036,2027-04-20 14:47:00,2,3739.19,0.15,CARD
S0056145,C00703,P00579,ST001,2026-10-14 13:45:00,7,10886.45,0.00,CARD
S0056146,C05069,P00173,ST038,2027-01-26 12:17:00,5,2556.28,0.15,COD
S0056147,C04557,P00173,ST027,2026-10-02 01:08:00,7,2556.28,0.00,COD
S0056148,C03863,P00756,ST023,2026-10-05 04:14:00,8,7470.61,0.05,UPI
S0056149,C04177,P00045,ST042,2027-03-05 05:17:00,2,3670.33,0.05,WALLET
S0056150,C05400,P00236,ST026,2026-09-19 11:12:00,7,10256.02,0.00,NET_BANKING
S0056151,C01512,P00848,ST031,2026-11-21 11:58:00,2,12246.43,0.05,WALLET
S0056152,C01872,P00930,ST045,2026-12-24 21:13:00,7,3721.19,0.05,NET_BANKING
S0056153,C00255,P01040,ST034,2026-10-11 16:21:00,7,2279.32,0.05,COD
S0056154,C02071,P00572,ST046,2027-04-20 04:06:00,6,413.41,0.05,WALLET
S0056155,C01053,P00615,ST035,2026-12-05 14:07:00,2,5873.54,0.00,WALLET
S0056156,C01889,P00474,ST007,2026-11-13 13:44:00,2,2329.87,0.00,CARD
S0056157,C00754,P00319,ST039,2027-04-10 15:33:00,4,5444.74,0.00,CARD
S0056158,C02746,P00999,ST003,2027-03-04 00:07:00,1,6110.48,0.00,WALLET
S0056159,C02603,P00569,ST049,2027-01-09 01:53:00,2,11413.80,0.05,NET_BANKING
S0056160,C00295,P00388,ST049,2026-12-07 21:27:00,2,6375.35,0.05,COD
S0056161,C04119,P00782,ST048,2026-12-10 13:01:00,6,13670.11,0.00,WALLET
S0056162,C00745,P00502,ST045,2026-12-03 01:33:00,1,5017.69,0.00,COD
S0056163,C02102,P00693,ST016,2027-04-15 10:35:00,1,10171.16,0.05,CARD
S0056164,C01942,P00369,ST019,2027-04-08 00:49:00,6,2410.82,0.00,UPI
S0056165,C00408,P00391,ST026,2027-04-16 09:16:00,6,3490.76,0.00,CARD
S0056166,C03516,P01052,ST046,2027-04-04 15:17:00,1,1178.56,0.00,CARD
S0056167,C00646,P01002,ST026,2027-02-02 11:14:00,1,1622.14,0.00,NET_BANKING
S0056168,C00062,P00878,ST040,2027-03-24 22:02:00,5,13136.21,0.00,COD
S0056169,C01438,P00591,ST045,2027-01-28 13:46:00,4,11159.58,0.10,WALLET
S0056170,C01502,P01022,ST008,2027-04-29 01:54:00,8,134.98,0.00,UPI
S0056171,C02587,P00468,ST038,2027-03-21 13:03:00,8,2151.00,0.00,COD
S0056172,C04624,P00756,ST001,2026-12-22 09:20:00,3,7470.61,0.15,COD
S0056173,C05255,P00477,ST025,2026-10-27 04:00:00,8,3992.23,0.15,COD
S0056174,C00700,P00205,ST045,2027-02-09 15:47:00,3,2535.39,0.10,NET_BANKING
S0056175,C01799,P00533,ST028,2027-04-02 13:31:00,1,13218.50,0.00,NET_BANKING
S0056176,C02868,P00425,ST043,2026-09-19 08:03:00,1,14157.41,0.10,CARD
S0056177,C00496,P01055,ST034,2026-11-17 11:48:00,5,751.04,0.15,COD
S0056178,C00953,P00932,ST042,2027-04-04 21:18:00,3,10233.75,0.00,WALLET
S0056179,C01532,P00639,ST047,2027-02-24 17:03:00,4,5321.74,0.10,NET_BANKING
S0056180,C01069,P00690,ST023,2026-09-29 21:37:00,4,4018.76,0.10,UPI
S0056181,C02704,P00089,ST004,2026-09-25 17:13:00,6,9250.21,0.00,WALLET
S0056182,C05237,P00212,ST045,2026-12-21 06:20:00,6,13581.02,0.00,NET_BANKING
S0056183,C02044,P00072,ST013,2026-10-09 20:49:00,2,2213.98,0.10,CARD
S0056184,C00492,P00220,ST043,2027-02-05 08:23:00,7,3145.53,0.10,WALLET
S0056185,C04171,P00651,ST033,2027-04-10 21:53:00,5,1796.64,0.00,CARD
S0056186,C01561,P00263,ST045,2026-09-20 20:56:00,1,12638.42,0.00,NET_BANKING
S0056187,C02820,P00325,ST016,2026-10-11 01:44:00,3,878.26,0.00,COD
S0056188,C02397,P00661,ST012,2026-10-08 15:36:00,2,12752.32,0.15,CARD
S0056189,C02710,P00746,ST047,2027-03-12 00:19:00,8,8367.69,0.00,WALLET
S0056190,C00145,P01017,ST005,2027-01-20 07:15:00,7,2049.94,0.15,UPI
S0056191,C01652,P00637,ST016,2026-09-13 17:18:00,8,14361.31,0.00,WALLET
S0056192,C05206,P00384,ST024,2026-12-20 04:43:00,3,2659.04,0.00,UPI
S0056193,C05283,P00397,ST044,2027-03-10 10:33:00,3,12844.97,0.05,NET_BANKING
S0056194,C02779,P00614,ST030,2027-04-19 13:07:00,8,71.45,0.00,WALLET
S0056195,C01680,P00106,ST008,2026-09-24 06:58:00,4,14238.90,0.10,CARD
S0056196,C04748,P00211,ST002,2027-03-05 14:45:00,8,1685.16,0.10,WALLET
S0056197,C04199,P00734,ST015,2027-04-02 21:25:00,3,2368.19,0.15,COD
S0056198,C02254,P00890,ST019,2026-11-12 14:38:00,5,2569.54,0.00,CARD
S0056199,C04299,P00625,ST010,2026-10-12 21:35:00,4,12569.93,0.15,NET_BANKING
S0056200,C01313,P00412,ST014,2027-03-19 22:40:00,7,14467.07,0.15,UPI
S0056201,C02408,P00305,ST020,2026-12-11 13:46:00,4,8188.13,0.15,NET_BANKING
S0056202,C04065,P00717,ST008,2027-01-13 03:49:00,5,679.75,0.15,CARD
S0056203,C02450,P00790,ST050,2027-02-20 06:05:00,3,14518.69,0.15,WALLET
S0056204,C04704,P00525,ST005,2026-12-31 01:07:00,2,10778.97,0.00,NET_BANKING
S0056205,C04259,P00539,ST010,2026-11-01 11:45:00,7,7157.77,0.05,UPI
S0056206,C03475,P01003,ST016,2026-10-27 07:00:00,6,690.82,0.10,COD
S0056207,C03607,P00636,ST019,2026-11-29 20:47:00,8,12658.75,0.00,UPI
S0056208,C00991,P00851,ST003,2026-11-22 18:24:00,7,10520.35,0.00,UPI
S0056209,C05219,P00004,ST045,2026-12-04 18:46:00,2,7022.90,0.00,NET_BANKING
S0056210,C04435,P00307,ST030,2027-01-31 12:46:00,5,13759.94,0.05,COD
S0056211,C00233,P00089,ST042,2026-09-25 16:42:00,6,9250.21,0.05,COD
S0056212,C05185,P00314,ST016,2027-02-10 16:13:00,8,1767.09,0.15,COD
S0056213,C04699,P00465,ST033,2027-03-16 09:05:00,6,2736.41,0.00,COD
S0056214,C04769,P00029,ST032,2026-09-26 05:37:00,1,10510.24,0.00,NET_BANKING
S0056215,C04048,P00258,ST001,2026-10-23 23:23:00,6,9537.16,0.00,WALLET
S0056216,C05263,P01057,ST013,2027-01-24 15:34:00,7,4051.00,0.15,NET_BANKING
S0056217,C02398,P01025,ST024,2027-03-09 18:36:00,7,219.13,0.00,COD
S0056218,C01048,P00333,ST025,2026-11-09 18:50:00,8,1647.52,0.00,UPI
S0056219,C05411,P00669,ST047,2026-12-22 00:26:00,7,14324.33,0.10,CARD
S0056220,C03438,P00540,ST017,2027-05-06 01:24:00,1,8768.71,0.00,COD
S0056221,C04326,P00657,ST050,2027-05-15 10:47:00,5,5978.63,0.00,WALLET
S0056222,C00997,P00951,ST034,2026-10-20 06:42:00,2,6661.86,0.00,COD
S0056223,C02249,P01024,ST045,2027-02-01 21:44:00,2,3157.77,0.15,CARD
S0056224,C01746,P00303,ST034,2027-03-30 22:35:00,3,14560.81,0.05,UPI
S0056225,C05440,P00463,ST049,2027-02-08 00:25:00,6,13244.30,0.00,UPI
S0056226,C01942,P00982,ST033,2027-03-13 01:43:00,6,1313.93,0.05,UPI
S0056227,C04314,P00911,ST029,2027-02-22 21:46:00,3,10076.98,0.00,NET_BANKING
S0056228,C01511,P00234,ST010,2027-03-12 04:31:00,4,10659.34,0.15,COD
S0056229,C04105,P00587,ST038,2027-03-23 14:51:00,5,7939.21,0.00,UPI
S0056230,C05190,P01087,ST014,2027-03-09 05:23:00,3,1051.54,0.00,NET_BANKING
S0056231,C03747,P00771,ST006,2027-02-11 02:20:00,7,9138.48,0.00,COD
S0056232,C02494,P00385,ST047,2026-10-27 17:06:00,2,6877.27,0.00,NET_BANKING
S0056233,C03605,P00203,ST020,2027-03-21 15:37:00,4,1071.23,0.00,COD
S0056234,C04262,P00472,ST050,2027-05-12 03:44:00,5,13031.18,0.00,CARD
S0056235,C00593,P00609,ST027,2026-11-06 09:11:00,5,12112.83,0.05,NET_BANKING
S0056236,C03997,P00840,ST016,2027-05-06 22:00:00,2,4066.13,0.05,CARD
S0056237,C02211,P01040,ST035,2027-04-30 04:10:00,5,4375.53,0.15,WALLET
S0056238,C05199,P00695,ST046,2027-01-04 02:58:00,7,13599.96,0.05,NET_BANKING
S0056239,C03457,P00210,ST001,2026-12-10 19:32:00,8,3260.81,0.00,CARD
S0056240,C01072,P00665,ST018,2027-02-24 06:04:00,7,13897.47,0.15,NET_BANKING
S0056241,C03494,P00960,ST014,2026-11-26 20:33:00,7,6003.64,0.00,COD
S0056242,C05361,P00552,ST038,2026-11-16 21:21:00,2,14232.88,0.00,NET_BANKING
S0056243,C03074,P00214,ST036,2026-09-02 21:11:00,8,8311.62,0.00,UPI
S0056244,C01321,P00186,ST040,2027-04-24 05:02:00,3,5509.22,0.00,COD
S0056245,C01109,P01021,ST005,2027-04-06 09:41:00,1,3881.72,0.10,COD
S0056246,C02847,P00046,ST049,2026-11-11 15:20:00,4,4750.20,0.15,WALLET
S0056247,C01534,P00043,ST041,2026-11-02 13:05:00,2,3923.78,0.00,WALLET
S0056248,C01523,P00233,ST012,2026-12-23 11:17:00,8,5834.21,0.05,UPI
S0056249,C04733,P00346,ST046,2026-09-03 18:11:00,8,10411.85,0.00,UPI
S0056250,C00109,P00945,ST022,2027-04-23 12:30:00,7,12625.76,0.05,CARD
S0056251,C04445,P00096,ST042,2026-09-14 08:44:00,6,891.62,0.00,COD
S0056252,C03784,P00121,ST004,2026-10-23 13:40:00,7,612.71,0.15,NET_BANKING
S0056253,C01886,P00274,ST009,2027-03-09 21:27:00,5,13222.64,0.00,COD
S0056254,C04960,P00715,ST028,2027-04-18 23:32:00,8,9749.53,0.15,NET_BANKING
S0056255,C04799,P01026,ST019,2027-01-10 14:19:00,8,954.81,0.10,CARD
S0056256,C05173,P00340,ST035,2027-01-23 10:37:00,7,13721.56,0.00,CARD
S0056257,C02497,P00401,ST013,2027-05-11 06:33:00,5,14612.89,0.00,UPI
S0056258,C04342,P01043,ST006,2026-09-24 08:59:00,3,4374.26,0.05,UPI
S0056259,C05268,P00951,ST018,2027-03-06 19:36:00,3,6661.86,0.05,WALLET
S0056260,C00209,P00828,ST010,2027-05-02 08:18:00,4,6520.23,0.10,WALLET
S0056261,C02704,P00982,ST033,2027-05-16 20:56:00,2,1313.93,0.00,UPI
S0056262,C00553,P00651,ST048,2026-11-09 09:43:00,5,1796.64,0.05,CARD
S0056263,C02879,P00215,ST046,2026-11-12 13:26:00,8,3285.00,0.00,WALLET
S0056264,C01872,P00427,ST048,2026-10-04 02:54:00,3,7760.69,0.15,COD
S0056265,C00530,P00443,ST039,2026-10-04 08:14:00,2,10115.80,0.00,WALLET
S0056266,C02778,P00479,ST022,2027-05-03 14:53:00,1,1921.66,0.10,COD
S0056267,C03854,P00450,ST019,2027-01-16 06:03:00,6,11985.09,0.10,NET_BANKING
S0056268,C01068,P00356,ST029,2027-05-05 11:48:00,8,6310.49,0.00,NET_BANKING
S0056269,C02647,P00673,ST042,2026-10-31 09:01:00,6,7917.40,0.00,UPI
S0056270,C01306,P01015,ST016,2027-05-09 02:50:00,1,1520.75,0.00,NET_BANKING
S0056271,C04025,P00919,ST029,2027-02-09 14:38:00,3,8906.88,0.15,COD
S0056272,C00537,P00934,ST001,2026-12-30 18:49:00,4,6341.80,0.00,CARD
S0056273,C03525,P00773,ST020,2027-02-08 08:07:00,2,11513.99,0.10,NET_BANKING
S0056274,C00402,P00723,ST036,2026-09-27 16:12:00,3,11150.41,0.10,NET_BANKING
S0056275,C03175,P00941,ST046,2026-10-02 09:53:00,4,4779.66,0.00,UPI
S0056276,C03042,P00245,ST034,2026-09-05 01:14:00,3,8201.28,0.00,WALLET
S0056277,C00669,P00273,ST043,2027-04-20 12:29:00,8,1657.16,0.00,COD
S0056278,C03724,P00918,ST027,2027-01-07 02:31:00,4,11736.74,0.05,COD
S0056279,C05289,P00796,ST030,2026-10-23 16:07:00,2,7252.60,0.05,COD
S0056280,C00883,P00068,ST002,2027-05-05 01:09:00,2,2033.40,0.05,COD
S0056281,C04770,P01045,ST028,2027-01-02 15:27:00,1,833.42,0.05,WALLET
S0056282,C04006,P00550,ST024,2026-09-20 11:19:00,1,1961.46,0.05,CARD
S0056283,C01490,P00554,ST019,2027-04-01 11:00:00,2,14870.16,0.00,NET_BANKING
S0056284,C04659,P00508,ST009,2026-11-14 17:04:00,1,14824.01,0.05,UPI
S0056285,C00115,P01002,ST021,2026-09-12 09:20:00,5,3238.49,0.00,WALLET
S0056286,C02356,P00141,ST010,2027-03-08 21:14:00,5,8257.89,0.00,UPI
S0056287,C04657,P00124,ST009,2027-01-18 20:22:00,6,9023.03,0.10,COD
S0056288,C02470,P00349,ST036,2027-04-27 20:05:00,1,4491.15,0.00,COD
S0056289,C02233,P00964,ST020,2026-12-11 17:26:00,6,5344.88,0.00,NET_BANKING
S0056290,C03725,P01080,ST019,2027-03-16 18:27:00,2,1176.44,0.00,WALLET
S0056291,C03472,P00738,ST043,2026-09-22 20:21:00,8,14125.52,0.05,COD
S0056292,C04313,P01028,ST014,2027-03-10 22:58:00,7,1616.93,0.05,COD
S0056293,C05284,P01092,ST036,2027-03-15 12:13:00,6,4339.20,0.00,CARD
S0056294,C05443,P00110,ST043,2027-04-29 06:37:00,2,11820.01,0.00,NET_BANKING
S0056295,C03891,P00958,ST022,2026-12-11 17:52:00,7,6025.05,0.15,WALLET
S0056296,C02646,P00178,ST036,2027-02-24 00:57:00,8,10707.38,0.10,WALLET
S0056297,C02659,P00533,ST024,2026-09-13 19:40:00,5,13218.50,0.05,NET_BANKING
S0056298,C01706,P00781,ST028,2026-10-30 13:39:00,5,8887.88,0.00,UPI
S0056299,C03891,P00431,ST006,2027-01-27 18:45:00,7,13380.90,0.10,WALLET
S0056300,C03871,P00365,ST040,2026-10-13 08:21:00,5,14402.02,0.10,WALLET
S0056301,C04330,P00301,ST031,2026-11-23 12:25:00,7,2542.44,0.10,NET_BANKING
S0056302,C01275,P00651,ST010,2026-10-10 16:11:00,5,1796.64,0.10,NET_BANKING
S0056303,C02057,P00520,ST031,2027-03-08 00:48:00,8,9276.97,0.10,CARD
S0056304,C00862,P00229,ST044,2027-02-17 02:14:00,5,718.51,0.05,CARD
S0056305,C03746,P00924,ST047,2026-10-22 22:16:00,1,2977.90,0.15,NET_BANKING
S0056306,C04459,P00183,ST036,2026-09-18 03:34:00,4,4082.17,0.00,UPI
S0056307,C03739,P00958,ST020,2027-04-03 16:05:00,6,6025.05,0.10,COD
S0056308,C00776,P00573,ST021,2027-03-14 16:26:00,5,7520.25,0.00,NET_BANKING
S0056309,C04756,P00355,ST036,2026-09-27 09:14:00,8,9628.58,0.10,WALLET
S0056310,C05316,P00297,ST047,2027-05-03 09:11:00,7,10745.27,0.10,UPI
S0056311,C01827,P00159,ST027,2027-05-08 18:06:00,6,6984.00,0.05,CARD
S0056312,C01195,P00970,ST049,2026-10-31 00:37:00,8,11802.25,0.00,NET_BANKING
S0056313,C03078,P00442,ST024,2027-02-19 19:08:00,3,12602.76,0.00,COD
S0056314,C03977,P00610,ST036,2026-09-15 09:39:00,8,2166.11,0.10,UPI
S0056315,C04799,P00555,ST012,2027-03-17 16:04:00,6,3239.18,0.15,NET_BANKING
S0056316,C03139,P00489,ST015,2027-02-18 00:14:00,2,12272.05,0.10,NET_BANKING
S0056317,C04819,P01021,ST015,2027-05-12 03:59:00,7,4136.95,0.00,WALLET
S0056318,C04722,P00645,ST038,2027-01-06 00:53:00,1,11979.98,0.05,WALLET
S0056319,C00189,P01029,ST018,2027-02-01 22:33:00,4,656.96,0.10,UPI
S0056320,C01953,P00612,ST046,2026-11-03 18:53:00,3,12611.50,0.10,COD
S0056321,C04770,P00286,ST039,2026-10-30 07:52:00,8,2796.88,0.05,NET_BANKING
S0056322,C03694,P01028,ST010,2026-09-21 12:51:00,1,3063.74,0.00,WALLET
S0056323,C04478,P00915,ST026,2026-12-31 22:17:00,6,12880.95,0.05,WALLET
S0056324,C01065,P00075,ST021,2026-10-16 17:22:00,6,288.24,0.15,WALLET
S0056325,C05146,P00515,ST042,2027-05-18 17:25:00,2,6743.70,0.15,WALLET
S0056326,C00985,P00276,ST036,2027-05-18 16:23:00,3,6865.96,0.15,WALLET
S0056327,C04872,P00987,ST043,2026-10-18 11:11:00,6,8796.88,0.00,COD
S0056328,C03500,P00941,ST045,2027-03-04 18:37:00,5,4779.66,0.00,WALLET
S0056329,C00152,P00192,ST029,2026-12-02 06:22:00,4,1641.73,0.00,NET_BANKING
S0056330,C04341,P00227,ST013,2027-04-06 18:28:00,7,7877.11,0.00,NET_BANKING
S0056331,C03772,P00852,ST048,2026-11-22 08:21:00,5,9756.12,0.05,COD
S0056332,C02562,P00097,ST017,2027-03-03 23:42:00,8,9879.74,0.00,CARD
S0056333,C02390,P01072,ST030,2026-10-26 14:29:00,3,1114.53,0.10,WALLET
S0056334,C03876,P00661,ST031,2026-09-13 23:28:00,3,12752.32,0.00,COD
S0056335,C00329,P00958,ST001,2026-11-08 19:12:00,8,6025.05,0.00,CARD
S0056336,C04520,P00639,ST049,2027-01-25 00:30:00,6,5321.74,0.05,UPI
S0056337,C03388,P00090,ST025,2027-02-12 20:58:00,6,1862.74,0.05,COD
S0056338,C04648,P00982,ST017,2027-02-09 22:16:00,3,1313.93,0.00,WALLET
S0056339,C02675,P00109,ST004,2027-01-15 04:21:00,1,9560.87,0.00,CARD
S0056340,C04634,P00656,ST022,2026-11-09 08:32:00,2,5514.15,0.00,WALLET
S0056341,C05287,P01067,ST035,2027-04-14 19:12:00,2,4970.08,0.05,COD
S0056342,C03686,P00952,ST035,2026-11-11 14:23:00,8,7725.11,0.00,COD
S0056343,C02733,P00458,ST013,2026-11-05 09:37:00,8,9495.95,0.05,NET_BANKING
S0056344,C02753,P00916,ST026,2027-02-12 15:19:00,4,1771.51,0.00,UPI
S0056345,C01117,P00163,ST040,2027-02-03 12:27:00,3,2045.70,0.00,UPI
S0056346,C00644,P00315,ST048,2027-02-24 01:33:00,7,8151.43,0.10,UPI
S0056347,C02892,P00688,ST029,2026-10-12 05:56:00,7,14801.08,0.00,WALLET
S0056348,C05098,P00717,ST013,2027-04-19 12:59:00,5,679.75,0.15,COD
S0056349,C00633,P00527,ST016,2027-01-26 15:19:00,3,14547.75,0.00,CARD
S0056350,C00855,P00823,ST043,2026-11-06 04:01:00,5,13235.97,0.15,COD
S0056351,C03422,P00300,ST026,2026-09-23 07:35:00,7,14429.61,0.10,WALLET
S0056352,C04798,P00808,ST004,2026-11-23 19:06:00,7,2340.21,0.05,COD
S0056353,C00172,P00249,ST004,2027-01-10 22:42:00,4,10604.98,0.00,CARD
S0056354,C02940,P00499,ST030,2027-02-04 16:59:00,3,5291.36,0.05,COD
S0056355,C01073,P00579,ST049,2027-05-04 09:26:00,4,10886.45,0.05,COD
S0056356,C00668,P00457,ST032,2026-12-22 07:24:00,3,2393.60,0.10,WALLET
S0056357,C02489,P00852,ST018,2027-01-06 09:13:00,1,9756.12,0.00,WALLET
S0056358,C02986,P01028,ST035,2026-10-16 21:43:00,6,2258.62,0.00,NET_BANKING
S0056359,C03222,P00148,ST004,2027-02-10 01:55:00,2,4636.94,0.00,NET_BANKING
S0056360,C04344,P00326,ST034,2027-05-12 16:23:00,3,13983.47,0.15,COD
S0056361,C03141,P00453,ST040,2027-01-08 21:07:00,5,7401.19,0.00,COD
S0056362,C00957,P00747,ST025,2027-05-18 23:20:00,4,91.31,0.05,NET_BANKING
S0056363,C03807,P00413,ST042,2027-04-24 20:32:00,8,8913.27,0.00,WALLET
S0056364,C04768,P00017,ST026,2027-03-17 08:45:00,6,3528.42,0.15,NET_BANKING
S0056365,C05055,P00390,ST038,2027-04-29 21:39:00,6,5645.91,0.00,UPI
S0056366,C01055,P00800,ST046,2027-01-01 14:21:00,1,14143.96,0.05,COD
S0056367,C05038,P00225,ST030,2026-11-11 01:06:00,8,9830.38,0.00,NET_BANKING
S0056368,C03343,P00227,ST050,2026-12-04 08:57:00,8,7877.11,0.00,UPI
S0056369,C01685,P00246,ST036,2026-10-17 09:27:00,2,9342.29,0.10,UPI
S0056370,C04168,P00191,ST031,2026-10-25 18:51:00,1,11697.40,0.00,NET_BANKING
S0056371,C01092,P00619,ST045,2027-01-23 12:22:00,1,14183.29,0.00,CARD
S0056372,C00764,P00456,ST018,2026-09-12 21:22:00,8,2960.04,0.10,UPI
S0056373,C02131,P00182,ST006,2026-10-17 09:21:00,4,11258.08,0.15,COD
S0056374,C05351,P00954,ST007,2027-01-12 09:01:00,2,8183.55,0.10,COD
S0056375,C01508,P00829,ST049,2027-03-16 03:53:00,8,5882.19,0.15,NET_BANKING
S0056376,C02276,P01032,ST044,2027-02-11 12:44:00,6,582.14,0.05,COD
S0056377,C04985,P01033,ST039,2027-03-30 10:38:00,1,3071.73,0.10,UPI
S0056378,C00934,P00575,ST041,2027-02-20 12:51:00,2,10494.08,0.10,WALLET
S0056379,C02945,P00630,ST007,2027-03-26 19:48:00,8,12265.22,0.05,NET_BANKING
S0056380,C03656,P00259,ST039,2027-02-27 08:23:00,5,5808.51,0.00,WALLET
S0056381,C03830,P00848,ST025,2026-11-02 14:34:00,5,12246.43,0.15,UPI
S0056382,C04341,P00357,ST031,2027-03-19 21:51:00,4,4341.85,0.00,COD
S0056383,C04784,P00498,ST025,2027-02-12 22:51:00,8,302.97,0.05,CARD
S0056384,C02528,P00238,ST030,2027-05-18 01:58:00,5,2175.91,0.00,UPI
S0056385,C00797,P00914,ST043,2027-02-03 15:19:00,2,14608.30,0.05,WALLET
S0056386,C00617,P00346,ST019,2026-11-10 15:26:00,4,10411.85,0.00,WALLET
S0056387,C00440,P00052,ST004,2027-05-13 04:05:00,5,6138.64,0.15,WALLET
S0056388,C03443,P00365,ST031,2027-03-09 02:08:00,5,14402.02,0.00,NET_BANKING
S0056389,C02637,P00698,ST039,2026-12-29 05:24:00,3,4891.44,0.10,WALLET
S0056390,C04634,P00157,ST017,2027-02-10 22:51:00,7,8754.83,0.10,CARD
S0056391,C02044,P00201,ST015,2026-11-23 13:05:00,1,7729.31,0.05,CARD
S0056392,C00797,P00264,ST005,2026-09-22 09:31:00,2,3453.32,0.00,CARD
S0056393,C02363,P00333,ST046,2026-12-24 18:14:00,1,1647.52,0.05,WALLET
S0056394,C01062,P00882,ST012,2027-02-26 09:40:00,5,1160.87,0.05,WALLET
S0056395,C00791,P01018,ST024,2026-10-19 06:57:00,7,2010.07,0.15,UPI
S0056396,C01484,P00125,ST002,2026-09-20 22:09:00,5,8537.50,0.15,COD
S0056397,C02271,P00485,ST023,2027-03-03 13:10:00,5,2390.76,0.00,COD
S0056398,C01125,P00843,ST027,2027-01-23 04:34:00,3,13366.08,0.10,NET_BANKING
S0056399,C03776,P00960,ST043,2026-11-09 18:31:00,3,6003.64,0.05,WALLET
S0056400,C00794,P00057,ST013,2027-04-01 19:54:00,4,6283.79,0.00,UPI
S0056401,C04761,P00734,ST034,2026-11-24 21:30:00,7,2368.19,0.00,CARD
S0056402,C03680,P00987,ST019,2027-01-24 06:59:00,3,8796.88,0.00,CARD
S0056403,C04877,P00602,ST048,2027-03-03 12:41:00,5,10282.25,0.10,UPI
S0056404,C01593,P00475,ST027,2026-09-29 10:29:00,5,1870.66,0.05,NET_BANKING
S0056405,C02206,P01022,ST021,2027-01-24 15:20:00,5,2137.56,0.00,CARD
S0056406,C01993,P00600,ST021,2026-09-09 04:47:00,3,6476.74,0.10,WALLET
S0056407,C02664,P00852,ST006,2026-09-20 16:52:00,8,9756.12,0.00,COD
S0056408,C04827,P01100,ST020,2026-09-29 08:39:00,3,4775.59,0.00,WALLET
S0056409,C05457,P00352,ST011,2026-11-02 16:54:00,2,13564.85,0.05,COD
S0056410,C00788,P00027,ST017,2027-01-25 00:50:00,4,2538.93,0.00,COD
S0056411,C04586,P00680,ST006,2026-12-05 20:27:00,8,6161.56,0.00,WALLET
S0056412,C00229,P00116,ST029,2027-05-11 13:07:00,6,6123.57,0.05,CARD
S0056413,C00226,P00419,ST035,2026-12-07 10:13:00,2,11021.19,0.00,NET_BANKING
S0056414,C03880,P00674,ST009,2026-09-23 18:01:00,8,12623.07,0.15,NET_BANKING
S0056415,C03846,P00258,ST014,2026-09-28 23:01:00,2,9537.16,0.00,NET_BANKING
S0056416,C00673,P00043,ST024,2027-03-20 14:18:00,6,3923.78,0.05,WALLET
S0056417,C02662,P00327,ST021,2026-12-29 07:09:00,2,7639.94,0.00,CARD
S0056418,C04550,P00915,ST049,2026-09-19 22:41:00,1,12880.95,0.05,WALLET
S0056419,C02519,P01022,ST003,2026-12-18 03:49:00,3,1812.71,0.00,UPI
S0056420,C04714,P00412,ST033,2027-05-16 15:39:00,1,14467.07,0.15,CARD
S0056421,C01756,P00208,ST022,2026-11-20 03:54:00,5,9299.51,0.00,NET_BANKING
S0056422,C03718,P00167,ST049,2027-03-10 06:09:00,5,9994.61,0.05,COD
S0056423,C03046,P00727,ST046,2027-05-02 11:04:00,8,12337.64,0.10,NET_BANKING
S0056424,C04337,P00671,ST010,2026-10-27 10:48:00,7,12833.33,0.05,COD
S0056425,C04599,P00325,ST046,2027-04-08 23:01:00,1,878.26,0.00,COD
S0056426,C01897,P00563,ST021,2026-12-21 20:42:00,7,2736.29,0.10,NET_BANKING
S0056427,C02529,P00234,ST034,2027-04-04 02:29:00,5,10659.34,0.00,COD
S0056428,C00961,P00351,ST036,2027-03-04 23:44:00,3,9073.84,0.00,CARD
S0056429,C01896,P01094,ST038,2026-09-10 03:38:00,1,3053.28,0.00,NET_BANKING
S0056430,C04584,P00830,ST005,2027-03-24 06:02:00,4,8076.01,0.00,WALLET
S0056431,C00279,P00815,ST027,2027-03-03 05:28:00,5,9553.20,0.10,NET_BANKING
S0056432,C03766,P00388,ST035,2027-04-08 06:06:00,5,6375.35,0.15,COD
S0056433,C01587,P00648,ST045,2026-11-08 06:05:00,4,4120.80,0.15,WALLET
S0056434,C00058,P00555,ST023,2026-10-23 23:36:00,2,3239.18,0.15,COD
S0056435,C04813,P01098,ST030,2026-09-28 09:27:00,8,3499.95,0.10,WALLET
S0056436,C01872,P00828,ST030,2027-02-01 15:06:00,4,6520.23,0.00,UPI
S0056437,C04107,P00408,ST004,2026-09-28 06:28:00,1,61.60,0.00,NET_BANKING
S0056438,C03855,P00092,ST038,2027-01-05 14:47:00,6,8564.59,0.10,CARD
S0056439,C00891,P00067,ST008,2026-09-01 15:21:00,8,3494.40,0.00,CARD
S0056440,C00120,P01005,ST042,2026-11-11 05:52:00,4,4363.30,0.00,CARD
S0056441,C05481,P00985,ST047,2026-10-10 16:21:00,8,12971.94,0.05,UPI
S0056442,C05074,P00774,ST018,2026-12-17 06:52:00,4,12009.08,0.10,COD
S0056443,C00782,P00226,ST010,2027-03-03 03:46:00,6,14378.99,0.00,UPI
S0056444,C00599,P00907,ST037,2027-01-18 16:03:00,1,14264.28,0.05,NET_BANKING
S0056445,C04178,P00859,ST022,2026-12-06 02:15:00,1,4987.90,0.15,NET_BANKING
S0056446,C05404,P00635,ST033,2027-04-07 15:28:00,6,7089.77,0.15,UPI
S0056447,C02438,P00471,ST040,2026-10-13 03:41:00,3,8186.09,0.10,NET_BANKING
S0056448,C04486,P00469,ST019,2026-12-25 05:44:00,5,12189.67,0.10,COD
S0056449,C00690,P00122,ST029,2027-02-10 17:58:00,7,9607.56,0.00,CARD
S0056450,C04590,P00792,ST019,2027-01-20 16:17:00,2,13052.60,0.05,UPI
S0056451,C02414,P00701,ST044,2027-02-16 13:36:00,1,9710.18,0.00,WALLET
S0056452,C04422,P01081,ST043,2027-04-28 11:08:00,7,3893.21,0.00,UPI
S0056453,C04225,P00258,ST026,2026-09-09 10:12:00,2,9537.16,0.15,COD
S0056454,C01138,P00330,ST028,2026-10-23 20:04:00,1,3475.34,0.00,UPI
S0056455,C02382,P00902,ST035,2026-12-13 15:06:00,2,6441.41,0.15,NET_BANKING
S0056456,C04930,P00149,ST020,2026-09-05 17:50:00,3,6470.19,0.05,CARD
S0056457,C00321,P00169,ST012,2027-04-07 07:46:00,7,11639.94,0.10,NET_BANKING
S0056458,C01985,P00941,ST018,2027-03-18 22:51:00,5,4779.66,0.00,NET_BANKING
S0056459,C00833,P00688,ST044,2027-04-10 03:15:00,3,14801.08,0.10,WALLET
S0056460,C04535,P00200,ST031,2026-09-16 18:23:00,8,12660.04,0.05,UPI
S0056461,C00247,P00678,ST047,2026-10-09 14:08:00,8,5849.17,0.15,NET_BANKING
S0056462,C03904,P01094,ST039,2026-10-14 13:51:00,3,3085.04,0.15,WALLET
S0056463,C03544,P00193,ST036,2027-01-22 02:00:00,1,754.57,0.00,CARD
S0056464,C01728,P00143,ST033,2027-01-09 04:23:00,3,7704.38,0.15,WALLET
S0056465,C02174,P00052,ST014,2026-11-15 17:29:00,1,6138.64,0.00,NET_BANKING
S0056466,C04843,P00060,ST003,2026-09-08 03:12:00,3,13328.41,0.00,UPI
S0056467,C01099,P00352,ST004,2027-04-24 18:53:00,2,13564.85,0.15,WALLET
S0056468,C03040,P00340,ST024,2026-12-03 18:12:00,2,13721.56,0.00,NET_BANKING
S0056469,C04535,P00744,ST009,2027-05-07 08:07:00,8,3611.42,0.00,WALLET
S0056470,C02217,P00116,ST017,2027-04-04 15:43:00,5,6123.57,0.05,NET_BANKING
S0056471,C04897,P00366,ST022,2027-01-27 15:07:00,5,13188.09,0.15,COD
S0056472,C00541,P01002,ST012,2026-11-23 12:08:00,5,3737.06,0.00,WALLET
S0056473,C02525,P00117,ST014,2026-11-11 23:55:00,7,9637.83,0.15,UPI
S0056474,C03873,P00095,ST005,2026-11-20 20:08:00,4,5408.19,0.10,UPI
S0056475,C01792,P00635,ST041,2026-12-31 03:52:00,4,7089.77,0.00,COD
S0056476,C03052,P00453,ST049,2027-01-21 07:14:00,4,7401.19,0.15,UPI
S0056477,C00910,P00704,ST028,2027-02-04 14:17:00,1,3700.74,0.05,CARD
S0056478,C00748,P00111,ST037,2027-05-08 09:56:00,3,7353.74,0.05,NET_BANKING
S0056479,C01325,P00127,ST045,2026-12-05 12:21:00,5,11914.83,0.00,CARD
S0056480,C03621,P00511,ST010,2026-11-27 03:10:00,4,1704.19,0.15,UPI
S0056481,C00443,P00647,ST026,2026-12-03 05:00:00,7,8946.93,0.00,COD
S0056482,C02294,P00707,ST005,2026-12-28 15:40:00,4,10164.19,0.00,COD
S0056483,C05193,P01022,ST006,2027-02-18 14:15:00,6,310.95,0.00,CARD
S0056484,C02693,P00688,ST005,2026-10-16 05:18:00,7,14801.08,0.00,UPI
S0056485,C00488,P00943,ST036,2026-12-28 03:05:00,5,12935.87,0.15,WALLET
S0056486,C02857,P00665,ST020,2026-12-09 15:21:00,7,13897.47,0.00,WALLET
S0056487,C00512,P00961,ST040,2027-03-04 00:23:00,7,13877.25,0.05,UPI
S0056488,C01126,P00143,ST031,2027-01-17 11:06:00,6,7704.38,0.00,CARD
S0056489,C04298,P00539,ST010,2026-12-25 04:16:00,5,7157.77,0.00,CARD
S0056490,C04386,P00644,ST038,2027-01-30 08:50:00,7,8264.91,0.10,NET_BANKING
S0056491,C00311,P00055,ST019,2027-01-13 03:30:00,3,8397.51,0.00,UPI
S0056492,C04875,P00279,ST021,2027-04-30 17:03:00,2,7949.95,0.00,UPI
S0056493,C03725,P00500,ST011,2027-05-06 20:34:00,5,13885.62,0.05,NET_BANKING
S0056494,C02902,P00627,ST007,2026-10-07 02:59:00,3,12769.96,0.05,UPI
S0056495,C00045,P00240,ST018,2026-11-03 18:28:00,7,9582.36,0.05,CARD
S0056496,C01165,P00914,ST026,2026-12-31 04:28:00,4,14608.30,0.05,WALLET
S0056497,C02077,P00528,ST014,2026-12-04 03:57:00,4,12190.45,0.00,NET_BANKING
S0056498,C04998,P00271,ST003,2026-12-03 18:50:00,8,11702.78,0.05,UPI
S0056499,C04032,P00433,ST034,2026-11-03 00:05:00,8,6296.95,0.00,UPI
S0056500,C03835,P00638,ST029,2027-04-28 06:07:00,5,8964.05,0.00,CARD
S0056501,C02453,P00413,ST033,2026-12-21 14:48:00,7,8913.27,0.10,NET_BANKING
S0056502,C04166,P00442,ST005,2027-01-03 17:46:00,4,12602.76,0.05,WALLET
S0056503,C01438,P00285,ST001,2027-05-14 00:21:00,1,6123.71,0.05,WALLET
S0056504,C02309,P00757,ST028,2026-12-15 02:00:00,8,226.72,0.15,UPI
S0056505,C02404,P00941,ST018,2026-12-26 07:39:00,3,4779.66,0.00,WALLET
S0056506,C02833,P00713,ST010,2027-02-07 21:57:00,3,3603.18,0.00,CARD
S0056507,C01424,P00635,ST037,2027-03-07 13:43:00,7,7089.77,0.10,CARD
S0056508,C02693,P00180,ST009,2026-12-08 00:51:00,8,12378.45,0.10,CARD
S0056509,C03395,P00739,ST024,2027-01-13 15:46:00,5,5997.32,0.15,WALLET
S0056510,C01473,P00162,ST024,2026-09-18 20:00:00,6,12288.78,0.00,NET_BANKING
S0056511,C01644,P00905,ST044,2027-02-20 16:10:00,3,7562.39,0.10,COD
S0056512,C00291,P00223,ST022,2027-02-14 11:10:00,2,6560.58,0.00,CARD
S0056513,C02543,P00489,ST033,2027-05-15 17:39:00,5,12272.05,0.10,WALLET
S0056514,C00728,P00752,ST031,2027-01-27 01:18:00,7,10993.54,0.00,CARD
S0056515,C04045,P00153,ST001,2026-10-21 13:13:00,4,5456.59,0.00,COD
S0056516,C03763,P00512,ST022,2027-01-25 01:08:00,3,11395.40,0.00,UPI
S0056517,C04644,P00347,ST039,2027-03-21 12:31:00,4,13728.26,0.15,WALLET
S0056518,C01376,P00201,ST044,2026-10-23 05:30:00,1,7729.31,0.10,NET_BANKING
S0056519,C01099,P00170,ST028,2026-09-21 04:22:00,1,4556.11,0.00,UPI
S0056520,C05327,P00371,ST031,2027-05-17 19:45:00,2,7245.43,0.10,CARD
S0056521,C04496,P00999,ST036,2027-03-12 19:33:00,7,6110.48,0.05,WALLET
S0056522,C02371,P00783,ST021,2026-12-21 20:05:00,5,1108.76,0.10,CARD
S0056523,C00114,P00024,ST016,2026-11-22 14:34:00,8,7530.12,0.10,WALLET
S0056524,C03173,P00978,ST031,2027-05-09 04:51:00,2,12166.54,0.00,UPI
S0056525,C04903,P00327,ST035,2027-02-08 13:02:00,7,7639.94,0.00,UPI
S0056526,C00567,P00152,ST019,2027-01-14 12:59:00,5,5290.05,0.15,UPI
S0056527,C04918,P00529,ST032,2027-04-28 00:09:00,5,10534.37,0.10,WALLET
S0056528,C03830,P00896,ST039,2027-05-02 19:08:00,5,9136.34,0.15,WALLET
S0056529,C00972,P00186,ST041,2027-03-24 11:18:00,2,5509.22,0.15,WALLET
S0056530,C01281,P00381,ST047,2026-09-29 10:28:00,6,12953.05,0.15,CARD
S0056531,C02633,P01055,ST043,2026-11-20 05:34:00,7,4334.91,0.05,CARD
S0056532,C02055,P00838,ST031,2026-11-02 09:05:00,7,11094.78,0.05,UPI
S0056533,C00628,P00046,ST022,2026-12-29 12:48:00,6,4750.20,0.00,UPI
S0056534,C01999,P01033,ST006,2026-12-08 04:23:00,8,2287.90,0.05,NET_BANKING
S0056535,C00289,P00068,ST050,2026-09-23 13:19:00,8,2033.40,0.00,COD
S0056536,C00359,P00090,ST011,2026-10-07 05:10:00,2,1862.74,0.00,WALLET
S0056537,C03194,P00679,ST049,2026-10-28 11:33:00,7,10688.41,0.00,COD
S0056538,C03890,P00786,ST013,2027-04-26 22:45:00,3,8674.28,0.05,COD
S0056539,C00738,P00129,ST047,2027-04-15 01:42:00,5,5652.18,0.00,UPI
S0056540,C01926,P00233,ST048,2026-10-09 20:29:00,3,5834.21,0.05,WALLET
S0056541,C04194,P00048,ST035,2026-10-20 17:36:00,3,5018.49,0.15,WALLET
S0056542,C00227,P00532,ST030,2027-03-19 15:43:00,3,13097.07,0.05,UPI
S0056543,C00211,P00952,ST021,2026-09-25 07:08:00,3,7725.11,0.15,NET_BANKING
S0056544,C00507,P00858,ST022,2026-10-22 23:08:00,8,2715.82,0.10,NET_BANKING
S0056545,C00056,P00663,ST029,2027-04-24 23:39:00,8,4192.70,0.15,COD
S0056546,C00090,P00948,ST045,2026-12-25 15:19:00,5,7783.05,0.00,WALLET
S0056547,C04458,P00021,ST021,2026-10-21 01:22:00,4,382.00,0.00,UPI
S0056548,C03351,P00631,ST045,2026-11-24 20:07:00,7,2764.58,0.05,COD
S0056549,C02274,P00941,ST011,2027-03-22 18:57:00,6,4779.66,0.00,UPI
S0056550,C01968,P00070,ST040,2027-02-26 21:16:00,2,13697.39,0.15,WALLET
S0056551,C02557,P00726,ST005,2026-12-24 08:11:00,7,7391.49,0.00,UPI
S0056552,C00288,P00331,ST018,2027-01-08 04:08:00,3,9971.71,0.05,WALLET
S0056553,C03687,P00085,ST044,2027-02-18 01:48:00,5,14386.77,0.15,UPI
S0056554,C03901,P00544,ST015,2026-10-17 23:31:00,4,6390.78,0.05,NET_BANKING
S0056555,C03950,P00708,ST008,2027-01-04 14:42:00,4,605.04,0.05,WALLET
S0056556,C03572,P00835,ST021,2026-09-17 11:03:00,6,14703.43,0.00,NET_BANKING
S0056557,C03203,P01090,ST012,2027-01-13 14:16:00,7,4304.13,0.00,COD
S0056558,C03591,P00659,ST004,2026-11-16 23:48:00,5,3678.56,0.00,WALLET
S0056559,C04010,P00726,ST012,2027-04-17 15:38:00,8,7391.49,0.05,COD
S0056560,C03165,P00814,ST001,2026-11-28 05:01:00,4,1576.96,0.10,NET_BANKING
S0056561,C03344,P00260,ST002,2026-09-27 22:11:00,6,11471.26,0.00,UPI
S0056562,C01760,P00116,ST042,2027-02-23 12:58:00,5,6123.57,0.05,COD
S0056563,C02298,P01086,ST048,2027-05-16 13:54:00,1,4372.07,0.05,NET_BANKING
S0056564,C03887,P01044,ST027,2027-02-09 02:24:00,1,3914.56,0.10,COD
S0056565,C04447,P00500,ST045,2027-03-21 21:06:00,6,13885.62,0.05,COD
S0056566,C02294,P00643,ST028,2027-04-28 03:00:00,2,13117.03,0.05,CARD
S0056567,C02588,P00648,ST039,2026-11-11 23:23:00,8,4120.80,0.05,UPI
S0056568,C04622,P00221,ST005,2026-09-22 07:43:00,4,7251.17,0.10,NET_BANKING
S0056569,C04228,P00257,ST026,2026-10-10 14:26:00,7,14449.49,0.10,NET_BANKING
S0056570,C03438,P00660,ST031,2026-11-17 17:22:00,8,7080.45,0.00,WALLET
S0056571,C03575,P00418,ST021,2026-12-18 03:13:00,8,7868.89,0.00,UPI
S0056572,C00687,P00730,ST005,2027-05-04 18:39:00,1,3796.60,0.15,CARD
S0056573,C04422,P01066,ST020,2026-12-17 15:55:00,3,800.36,0.00,UPI
S0056574,C03549,P00609,ST022,2027-02-11 16:46:00,3,12112.83,0.00,CARD
S0056575,C03071,P00450,ST008,2027-04-04 06:27:00,2,11985.09,0.15,UPI
S0056576,C05254,P00369,ST039,2027-04-12 01:14:00,1,2410.82,0.10,CARD
S0056577,C04469,P00353,ST043,2027-01-22 00:39:00,5,10161.42,0.15,UPI
S0056578,C04756,P00108,ST011,2026-10-13 04:50:00,4,8643.88,0.00,UPI
S0056579,C01817,P00919,ST048,2026-10-07 01:20:00,8,8906.88,0.10,COD
S0056580,C03509,P01012,ST028,2027-01-06 14:05:00,6,166.49,0.00,NET_BANKING
S0056581,C03889,P00372,ST028,2027-03-04 17:00:00,5,8947.17,0.00,NET_BANKING
S0056582,C03764,P00822,ST008,2026-12-10 09:27:00,5,11979.30,0.00,WALLET
S0056583,C04505,P00963,ST044,2026-10-05 13:34:00,6,9496.66,0.00,COD
S0056584,C00228,P00144,ST015,2027-04-01 06:43:00,8,9162.18,0.15,UPI
S0056585,C05324,P01095,ST036,2026-10-18 01:52:00,1,1223.58,0.10,COD
S0056586,C04865,P00891,ST011,2027-04-14 03:03:00,4,2634.44,0.00,COD
S0056587,C01517,P00458,ST040,2027-01-11 16:57:00,4,9495.95,0.05,UPI
S0056588,C04024,P00299,ST040,2027-04-27 15:44:00,4,4344.66,0.05,COD
S0056589,C03385,P00454,ST011,2026-10-11 00:01:00,6,8517.58,0.00,UPI
S0056590,C05154,P00715,ST024,2026-10-28 10:32:00,7,9749.53,0.00,UPI
S0056591,C03633,P00230,ST039,2026-10-03 15:57:00,5,9832.40,0.05,UPI
S0056592,C00427,P00761,ST035,2027-01-28 01:34:00,1,7126.90,0.00,NET_BANKING
S0056593,C05430,P00940,ST049,2027-04-17 15:18:00,8,10304.16,0.00,NET_BANKING
S0056594,C00680,P00364,ST003,2027-04-03 19:43:00,7,12302.90,0.10,COD
S0056595,C00943,P00339,ST006,2027-04-29 23:05:00,5,2464.80,0.00,NET_BANKING
S0056596,C00536,P00530,ST036,2027-01-27 09:58:00,7,1909.30,0.05,COD
S0056597,C02824,P01092,ST005,2027-03-19 03:22:00,2,3962.41,0.10,COD
S0056598,C04308,P00420,ST014,2026-12-11 20:21:00,3,13992.32,0.10,WALLET
S0056599,C03455,P01023,ST020,2027-01-10 00:25:00,8,4874.72,0.00,WALLET
S0056600,C04750,P00610,ST005,2026-11-25 07:03:00,6,2166.11,0.00,WALLET
S0056601,C02493,P00620,ST007,2027-01-11 15:08:00,8,1987.43,0.00,UPI
S0056602,C02562,P00126,ST020,2026-10-11 07:20:00,2,787.25,0.00,NET_BANKING
S0056603,C02512,P00074,ST020,2026-10-19 07:53:00,7,9655.66,0.10,UPI
S0056604,C02575,P00229,ST034,2027-04-15 19:40:00,4,718.51,0.00,UPI
S0056605,C03370,P00781,ST044,2027-05-07 19:19:00,2,8887.88,0.10,COD
S0056606,C03704,P00786,ST013,2026-10-27 20:19:00,4,8674.28,0.00,COD
S0056607,C00972,P00310,ST028,2027-05-09 21:04:00,5,7286.34,0.10,NET_BANKING
S0056608,C02411,P00155,ST007,2027-05-02 04:56:00,2,7087.72,0.00,UPI
S0056609,C03591,P00335,ST014,2027-03-19 11:40:00,4,2003.90,0.10,WALLET
S0056610,C05183,P00934,ST005,2026-11-03 06:39:00,8,6341.80,0.00,WALLET
S0056611,C00450,P00943,ST035,2027-04-26 08:41:00,3,12935.87,0.15,WALLET
S0056612,C05270,P00858,ST003,2026-12-03 07:15:00,7,2715.82,0.00,NET_BANKING
S0056613,C02151,P01056,ST031,2027-02-18 23:24:00,6,3217.73,0.10,UPI
S0056614,C03498,P00825,ST029,2026-12-18 03:46:00,1,4481.95,0.05,UPI
S0056615,C03306,P00570,ST008,2026-09-27 11:44:00,3,8154.82,0.00,COD
S0056616,C02621,P00782,ST009,2027-03-22 07:09:00,2,13670.11,0.15,NET_BANKING
S0056617,C00468,P00256,ST041,2026-11-13 08:21:00,7,1987.06,0.05,COD
S0056618,C03094,P00444,ST046,2026-12-30 18:32:00,8,910.78,0.00,UPI
S0056619,C02501,P00204,ST014,2026-10-11 00:40:00,5,1600.11,0.00,UPI
S0056620,C04341,P01025,ST023,2027-05-11 23:43:00,7,1123.15,0.10,UPI
S0056621,C03379,P00399,ST015,2027-01-12 02:34:00,4,12674.98,0.10,NET_BANKING
S0056622,C00446,P00136,ST040,2027-03-28 16:57:00,8,2339.70,0.00,COD
S0056623,C01026,P01077,ST017,2027-03-29 22:10:00,8,1749.42,0.00,NET_BANKING
S0056624,C00451,P00154,ST004,2026-09-26 19:12:00,6,3193.19,0.00,UPI
S0056625,C00152,P00122,ST041,2027-04-11 01:18:00,7,9607.56,0.00,UPI
S0056626,C03609,P00853,ST025,2027-03-08 10:09:00,4,14567.44,0.10,WALLET
S0056627,C04809,P00332,ST043,2027-03-28 07:17:00,7,9532.30,0.05,WALLET
S0056628,C01780,P00912,ST002,2027-04-14 00:09:00,3,12258.78,0.05,NET_BANKING
S0056629,C05437,P00905,ST023,2026-11-19 11:22:00,1,7562.39,0.00,WALLET
S0056630,C05376,P00750,ST009,2027-01-29 15:33:00,8,10881.74,0.00,COD
S0056631,C01447,P00628,ST022,2027-01-15 11:26:00,8,11204.97,0.05,UPI
S0056632,C00294,P00915,ST039,2027-03-20 00:59:00,7,12880.95,0.05,CARD
S0056633,C04499,P00584,ST048,2027-02-21 06:45:00,6,1058.35,0.00,CARD
S0056634,C00237,P00796,ST044,2027-01-26 00:43:00,8,7252.60,0.00,WALLET
S0056635,C00684,P00776,ST037,2026-09-27 08:20:00,3,571.16,0.15,COD
S0056636,C01553,P00944,ST003,2027-05-06 23:43:00,1,13637.69,0.05,WALLET
S0056637,C04646,P00337,ST019,2026-12-01 21:49:00,5,14544.49,0.15,NET_BANKING
S0056638,C04007,P00628,ST046,2026-12-06 15:34:00,3,11204.97,0.10,NET_BANKING
S0056639,C04759,P00984,ST028,2026-11-17 09:54:00,3,7532.32,0.00,UPI
S0056640,C00241,P00771,ST028,2026-09-08 02:13:00,7,9138.48,0.00,NET_BANKING
S0056641,C00139,P00900,ST030,2027-04-07 18:24:00,4,10665.28,0.15,NET_BANKING
S0056642,C03752,P00223,ST027,2026-09-21 23:06:00,7,6560.58,0.00,CARD
S0056643,C04601,P00648,ST024,2027-01-27 23:25:00,5,4120.80,0.15,NET_BANKING
S0056644,C00652,P00470,ST010,2026-10-13 17:37:00,6,2213.98,0.10,WALLET
S0056645,C00645,P00549,ST032,2026-09-19 02:23:00,4,8615.76,0.15,WALLET
S0056646,C01944,P00254,ST032,2027-01-13 20:49:00,7,1267.62,0.00,CARD
S0056647,C02904,P00044,ST004,2027-01-10 07:37:00,5,10352.60,0.10,CARD
S0056648,C03685,P00532,ST033,2026-10-29 00:03:00,2,13097.07,0.00,COD
S0056649,C01525,P00933,ST049,2027-02-16 15:46:00,3,7457.39,0.05,NET_BANKING
S0056650,C02933,P01038,ST032,2026-11-26 10:53:00,6,3006.54,0.00,UPI
S0056651,C04251,P00061,ST036,2027-03-22 00:33:00,7,9979.10,0.00,CARD
S0056652,C04497,P01008,ST017,2027-02-12 17:28:00,1,4085.36,0.10,COD
S0056653,C03856,P01032,ST036,2027-02-10 04:57:00,3,2149.98,0.10,CARD
S0056654,C04278,P00980,ST008,2026-11-08 19:32:00,4,8929.07,0.00,NET_BANKING
S0056655,C03992,P00642,ST003,2027-05-09 22:45:00,7,4616.48,0.05,COD
S0056656,C02296,P00386,ST048,2027-03-21 02:01:00,2,344.42,0.15,NET_BANKING
S0056657,C04677,P00854,ST020,2026-12-05 17:34:00,4,6348.82,0.05,UPI
S0056658,C04299,P00960,ST050,2026-09-01 04:46:00,1,6003.64,0.05,UPI
S0056659,C02349,P00404,ST008,2026-11-16 14:56:00,1,2015.34,0.05,UPI
S0056660,C05124,P00634,ST024,2027-02-26 14:22:00,8,13541.02,0.15,WALLET
S0056661,C04646,P00954,ST028,2026-12-26 01:04:00,8,8183.55,0.15,COD
S0056662,C05030,P00384,ST019,2027-02-27 10:04:00,6,2659.04,0.15,NET_BANKING
S0056663,C00943,P00478,ST008,2027-02-10 11:11:00,5,1905.90,0.05,NET_BANKING
S0056664,C03392,P00620,ST008,2027-03-27 14:50:00,5,1987.43,0.00,UPI
S0056665,C02029,P00008,ST026,2026-10-28 19:54:00,4,1347.12,0.00,UPI
S0056666,C05062,P00682,ST008,2026-10-03 16:01:00,6,14995.19,0.05,UPI
S0056667,C00369,P00405,ST046,2027-04-22 05:36:00,8,11768.32,0.05,NET_BANKING
S0056668,C01537,P00317,ST009,2026-11-08 14:55:00,4,4717.68,0.15,CARD
S0056669,C03214,P00179,ST018,2026-10-10 07:13:00,1,6066.21,0.00,NET_BANKING
S0056670,C02523,P00928,ST015,2027-04-22 18:00:00,4,6951.77,0.05,UPI
S0056671,C01393,P00186,ST023,2027-05-07 18:46:00,3,5509.22,0.05,COD
S0056672,C02426,P00331,ST041,2026-10-09 02:14:00,7,9971.71,0.00,CARD
S0056673,C01114,P00987,ST025,2027-04-28 10:30:00,6,8796.88,0.10,WALLET
S0056674,C00929,P01047,ST013,2026-09-10 08:51:00,5,1501.96,0.10,COD
S0056675,C04569,P00125,ST041,2027-03-23 04:10:00,7,8537.50,0.05,CARD
S0056676,C03766,P00235,ST044,2027-03-16 23:40:00,7,5077.58,0.10,COD
S0056677,C04916,P00645,ST043,2026-11-20 08:26:00,8,11979.98,0.00,WALLET
S0056678,C02871,P00132,ST021,2026-12-20 15:14:00,7,661.50,0.05,WALLET
S0056679,C00830,P00889,ST047,2027-03-04 02:07:00,7,10263.87,0.15,WALLET
S0056680,C04792,P00573,ST027,2026-09-23 07:47:00,3,7520.25,0.15,COD
S0056681,C04025,P00239,ST035,2027-03-28 13:09:00,5,2668.52,0.05,NET_BANKING
S0056682,C04000,P00945,ST045,2026-11-16 00:18:00,1,12625.76,0.10,CARD
S0056683,C03632,P00364,ST039,2026-09-17 15:56:00,1,12302.90,0.15,CARD
S0056684,C02724,P00624,ST032,2026-11-07 18:34:00,5,10459.90,0.15,WALLET
S0056685,C04261,P00277,ST011,2027-04-18 09:12:00,1,4475.85,0.15,COD
S0056686,C01876,P00989,ST016,2026-10-25 08:28:00,5,6367.31,0.00,UPI
S0056687,C04645,P00800,ST037,2027-01-23 18:16:00,5,14143.96,0.05,COD
S0056688,C05047,P00763,ST037,2027-02-13 01:53:00,7,4853.30,0.05,COD
S0056689,C00602,P00096,ST045,2026-10-29 02:38:00,8,891.62,0.00,COD
S0056690,C03919,P00121,ST029,2026-12-08 20:54:00,1,612.71,0.15,CARD
S0056691,C04297,P01096,ST031,2027-04-16 01:09:00,5,1279.06,0.00,NET_BANKING
S0056692,C00326,P00194,ST041,2026-09-26 19:45:00,3,4680.85,0.00,WALLET
S0056693,C01039,P00759,ST001,2027-01-22 22:08:00,8,2675.60,0.10,CARD
S0056694,C04075,P00466,ST029,2027-02-04 02:52:00,7,4444.00,0.10,NET_BANKING
S0056695,C02398,P00582,ST046,2026-12-15 11:36:00,1,3449.31,0.00,COD
S0056696,C02625,P00909,ST029,2026-11-01 02:06:00,5,12153.06,0.05,COD
S0056697,C03656,P00670,ST025,2026-12-13 18:12:00,1,12195.01,0.00,UPI
S0056698,C05247,P00908,ST044,2027-01-22 01:57:00,4,10685.50,0.00,COD
S0056699,C00451,P00511,ST047,2027-01-29 14:41:00,8,1704.19,0.15,WALLET
S0056700,C02377,P00220,ST038,2027-02-17 00:54:00,5,3145.53,0.05,NET_BANKING
S0056701,C02195,P00983,ST049,2026-12-22 13:37:00,7,14539.34,0.05,WALLET
S0056702,C02578,P00059,ST002,2027-02-21 04:09:00,3,14733.93,0.15,WALLET
S0056703,C04352,P00908,ST025,2026-11-04 08:55:00,8,10685.50,0.15,COD
S0056704,C04528,P01077,ST031,2027-03-07 06:33:00,2,4225.03,0.05,NET_BANKING
S0056705,C05229,P00240,ST003,2027-03-13 21:32:00,1,9582.36,0.00,WALLET
S0056706,C04088,P00526,ST021,2026-11-23 01:18:00,7,8424.35,0.00,CARD
S0056707,C01759,P00827,ST031,2027-05-02 05:58:00,6,14075.22,0.05,NET_BANKING
S0056708,C03730,P00717,ST007,2027-02-25 03:36:00,3,679.75,0.05,NET_BANKING
S0056709,C03356,P00266,ST042,2026-12-04 03:25:00,7,13447.25,0.15,NET_BANKING
S0056710,C00094,P00102,ST026,2027-01-22 23:15:00,7,8070.99,0.15,UPI
S0056711,C03990,P00091,ST004,2027-03-08 15:17:00,2,11974.70,0.15,WALLET
S0056712,C05414,P00988,ST029,2027-01-22 20:35:00,8,6169.02,0.00,NET_BANKING
S0056713,C00327,P00853,ST037,2026-11-09 10:28:00,4,14567.44,0.00,NET_BANKING
S0056714,C04244,P00741,ST026,2026-10-14 09:22:00,7,14542.74,0.10,COD
S0056715,C03592,P00159,ST019,2027-03-16 12:52:00,5,6984.00,0.00,NET_BANKING
S0056716,C01086,P00137,ST034,2026-10-15 10:06:00,6,9416.73,0.00,COD
S0056717,C03283,P00254,ST035,2027-01-29 16:30:00,2,1267.62,0.00,COD
S0056718,C02563,P01080,ST042,2026-10-25 17:39:00,2,3532.10,0.15,UPI
S0056719,C02687,P00109,ST032,2027-01-08 15:06:00,6,9560.87,0.15,UPI
S0056720,C02467,P00690,ST040,2027-01-07 01:12:00,1,4018.76,0.15,NET_BANKING
S0056721,C00960,P00412,ST012,2027-04-26 20:08:00,6,14467.07,0.15,CARD
S0056722,C01164,P00758,ST032,2027-02-25 02:45:00,3,8501.92,0.00,COD
S0056723,C04563,P00512,ST017,2026-11-11 00:03:00,7,11395.40,0.10,NET_BANKING
S0056724,C03397,P01064,ST045,2027-05-13 08:27:00,7,1586.53,0.00,NET_BANKING
S0056725,C02012,P00280,ST006,2027-03-05 02:48:00,3,5715.39,0.10,CARD
S0056726,C00438,P00532,ST026,2026-10-27 03:53:00,4,13097.07,0.00,UPI
S0056727,C03407,P00548,ST043,2026-11-21 10:39:00,7,11468.53,0.00,WALLET
S0056728,C04102,P00423,ST001,2026-12-15 21:00:00,2,562.41,0.05,UPI
S0056729,C04263,P00814,ST050,2027-05-02 01:59:00,6,1576.96,0.00,UPI
S0056730,C03674,P00389,ST033,2026-09-26 17:44:00,5,7161.01,0.00,COD
S0056731,C00334,P00205,ST030,2027-01-21 00:42:00,6,2535.39,0.00,CARD
S0056732,C04588,P00169,ST044,2027-03-25 06:07:00,7,11639.94,0.15,UPI
S0056733,C02732,P00593,ST027,2027-01-03 08:41:00,2,3386.42,0.00,WALLET
S0056734,C02028,P01003,ST001,2026-11-20 21:48:00,7,2680.70,0.10,WALLET
S0056735,C00420,P00229,ST047,2027-04-07 23:05:00,2,718.51,0.10,NET_BANKING
S0056736,C04825,P00171,ST042,2026-12-29 07:08:00,6,6161.32,0.15,WALLET
S0056737,C03487,P00901,ST044,2027-03-09 09:57:00,8,11518.70,0.00,CARD
S0056738,C04555,P00523,ST034,2026-09-14 08:23:00,8,3568.60,0.00,CARD
S0056739,C05483,P00728,ST008,2027-01-11 16:44:00,1,2376.69,0.00,UPI
S0056740,C01492,P00741,ST048,2027-01-09 04:44:00,3,14542.74,0.00,UPI
S0056741,C05109,P00404,ST042,2026-12-21 21:40:00,4,2015.34,0.05,UPI
S0056742,C04803,P00279,ST005,2026-12-23 03:42:00,8,7949.95,0.05,NET_BANKING
S0056743,C02893,P00795,ST044,2026-09-12 12:14:00,6,123.55,0.15,WALLET
S0056744,C00427,P00222,ST022,2026-11-30 18:59:00,4,10998.10,0.15,UPI
S0056745,C00323,P00734,ST047,2026-11-16 20:51:00,5,2368.19,0.15,UPI
S0056746,C05311,P01004,ST049,2027-02-07 20:59:00,8,1243.16,0.00,WALLET
S0056747,C05227,P00598,ST044,2027-03-28 22:56:00,8,4459.15,0.00,UPI
S0056748,C02064,P00954,ST018,2026-09-02 05:52:00,2,8183.55,0.10,COD
S0056749,C05353,P00176,ST023,2026-12-05 03:13:00,5,10058.14,0.10,UPI
S0056750,C02355,P00915,ST006,2027-02-15 10:45:00,8,12880.95,0.05,UPI
S0056751,C01644,P00071,ST022,2026-09-01 04:42:00,1,11038.49,0.15,UPI
S0056752,C04157,P00418,ST017,2027-03-27 11:00:00,1,7868.89,0.10,NET_BANKING
S0056753,C04428,P00321,ST013,2027-03-19 20:19:00,8,1068.85,0.10,COD
S0056754,C05376,P00311,ST016,2027-03-05 12:46:00,3,10510.03,0.05,CARD
S0056755,C00884,P01022,ST016,2027-02-19 19:44:00,1,4487.65,0.05,NET_BANKING
S0056756,C00504,P00970,ST007,2027-02-18 04:51:00,2,11802.25,0.05,CARD
S0056757,C03948,P00765,ST047,2026-09-21 14:14:00,1,9252.17,0.05,CARD
S0056758,C03120,P00451,ST010,2027-03-31 19:19:00,4,10085.19,0.10,WALLET
S0056759,C01122,P00232,ST024,2027-05-12 14:01:00,7,10782.96,0.00,NET_BANKING
S0056760,C01311,P00715,ST042,2026-09-24 09:16:00,5,9749.53,0.05,UPI
S0056761,C03719,P00027,ST030,2026-09-21 17:54:00,1,2538.93,0.10,COD
S0056762,C02366,P00725,ST008,2026-12-21 07:55:00,2,5516.84,0.10,WALLET
S0056763,C05143,P00296,ST030,2027-05-16 23:11:00,7,4617.53,0.00,NET_BANKING
S0056764,C00232,P00194,ST005,2027-03-18 22:07:00,4,4680.85,0.15,CARD
S0056765,C00447,P01087,ST002,2026-10-20 00:59:00,5,2432.54,0.10,NET_BANKING
S0056766,C00502,P00737,ST047,2027-02-10 19:43:00,5,69.58,0.15,UPI
S0056767,C03406,P00092,ST045,2027-03-31 14:38:00,5,8564.59,0.10,WALLET
S0056768,C03355,P00270,ST047,2027-03-28 09:30:00,8,12684.63,0.00,UPI
S0056769,C04490,P00641,ST033,2027-03-10 02:57:00,3,6765.73,0.00,UPI
S0056770,C02418,P00947,ST032,2027-05-03 22:06:00,4,5493.18,0.10,COD
S0056771,C01055,P00375,ST016,2027-03-17 04:11:00,7,8641.01,0.00,COD
S0056772,C03683,P00471,ST046,2027-01-17 23:17:00,2,8186.09,0.05,COD
S0056773,C01703,P00137,ST040,2026-09-30 14:24:00,7,9416.73,0.15,NET_BANKING
S0056774,C04313,P00781,ST029,2026-10-23 06:10:00,2,8887.88,0.05,WALLET
S0056775,C03906,P00012,ST021,2027-01-12 13:54:00,5,50.90,0.15,WALLET
S0056776,C05357,P00337,ST011,2027-05-16 02:49:00,2,14544.49,0.05,CARD
S0056777,C00493,P00060,ST036,2027-01-28 00:15:00,2,13328.41,0.10,UPI
S0056778,C04197,P00501,ST004,2026-12-31 04:40:00,3,591.28,0.00,COD
S0056779,C01791,P00261,ST047,2026-12-11 12:36:00,3,6561.97,0.05,UPI
S0056780,C04235,P01023,ST038,2027-02-20 12:38:00,3,4199.01,0.00,CARD
S0056781,C03927,P00929,ST049,2026-09-01 16:37:00,5,6068.78,0.00,UPI
S0056782,C04899,P00603,ST018,2026-10-21 07:18:00,7,7723.35,0.05,WALLET
S0056783,C00299,P00974,ST040,2026-12-23 05:45:00,7,2875.19,0.10,WALLET
S0056784,C03241,P00213,ST020,2027-03-12 21:21:00,2,2854.32,0.05,NET_BANKING
S0056785,C02063,P00726,ST033,2027-03-10 04:01:00,6,7391.49,0.15,CARD
S0056786,C03586,P00077,ST020,2026-09-16 14:26:00,8,5411.25,0.15,NET_BANKING
S0056787,C02086,P00544,ST042,2027-01-28 13:20:00,2,6390.78,0.05,NET_BANKING
S0056788,C00623,P00303,ST030,2026-09-20 15:43:00,2,14560.81,0.00,NET_BANKING
S0056789,C01949,P00285,ST039,2027-03-09 18:24:00,3,6123.71,0.05,UPI
S0056790,C04546,P00422,ST005,2027-04-17 08:35:00,2,8067.73,0.05,CARD
S0056791,C01405,P00977,ST030,2027-04-14 10:11:00,4,12203.63,0.00,WALLET
S0056792,C00842,P01049,ST013,2026-10-02 18:22:00,4,4934.87,0.05,CARD
S0056793,C00027,P00075,ST037,2027-05-04 20:06:00,3,288.24,0.00,COD
S0056794,C02690,P00340,ST007,2026-11-14 01:04:00,3,13721.56,0.15,UPI
S0056795,C02764,P00346,ST033,2027-04-20 23:07:00,5,10411.85,0.05,NET_BANKING
S0056796,C05111,P00693,ST049,2027-04-13 02:45:00,5,10171.16,0.05,CARD
S0056797,C04568,P00954,ST039,2027-05-01 17:17:00,4,8183.55,0.00,CARD
S0056798,C01176,P00254,ST019,2027-04-28 04:10:00,1,1267.62,0.00,CARD
S0056799,C00680,P00796,ST017,2027-05-14 19:02:00,4,7252.60,0.10,CARD
S0056800,C00564,P00261,ST038,2026-09-12 11:45:00,2,6561.97,0.00,UPI
S0056801,C03103,P00885,ST013,2026-11-21 21:42:00,1,2276.62,0.00,NET_BANKING
S0056802,C02968,P00128,ST044,2026-09-16 17:14:00,8,12585.65,0.00,NET_BANKING
S0056803,C03463,P00314,ST017,2027-04-01 04:58:00,2,1767.09,0.00,NET_BANKING
S0056804,C04439,P00354,ST037,2027-01-11 21:33:00,3,11455.34,0.15,UPI
S0056805,C05380,P00448,ST035,2027-04-30 10:21:00,5,9484.91,0.10,NET_BANKING
S0056806,C04015,P00389,ST044,2026-10-28 18:18:00,8,7161.01,0.00,UPI
S0056807,C05176,P00728,ST028,2026-12-05 10:05:00,3,2376.69,0.00,WALLET
S0056808,C05390,P01018,ST021,2027-01-20 18:12:00,4,1821.50,0.10,WALLET
S0056809,C02291,P00106,ST046,2026-09-06 14:19:00,2,14238.90,0.05,COD
S0056810,C04358,P00231,ST034,2027-03-14 23:55:00,6,4512.73,0.00,CARD
S0056811,C00866,P00601,ST016,2027-01-01 20:01:00,1,9389.35,0.15,UPI
S0056812,C02958,P00048,ST019,2027-03-19 09:19:00,5,5018.49,0.05,COD
S0056813,C02972,P00690,ST043,2027-04-08 18:30:00,7,4018.76,0.00,UPI
S0056814,C00930,P00202,ST048,2027-04-19 18:42:00,1,13459.06,0.05,NET_BANKING
S0056815,C00120,P00009,ST022,2027-05-07 06:44:00,3,14426.84,0.15,WALLET
S0056816,C00511,P00725,ST033,2026-12-01 00:42:00,4,5516.84,0.00,NET_BANKING
S0056817,C02708,P00045,ST017,2026-11-08 15:34:00,2,3670.33,0.10,WALLET
S0056818,C01423,P00199,ST027,2026-11-30 08:07:00,8,10119.49,0.00,WALLET
S0056819,C03969,P00582,ST023,2026-09-29 17:07:00,5,3449.31,0.05,WALLET
S0056820,C00947,P00518,ST030,2026-12-06 16:06:00,5,7226.67,0.00,NET_BANKING
S0056821,C01909,P00833,ST032,2027-05-15 01:09:00,3,1413.00,0.00,WALLET
S0056822,C02499,P00629,ST029,2027-03-21 10:13:00,2,11585.25,0.15,COD
S0056823,C01701,P00838,ST027,2027-03-04 09:53:00,7,11094.78,0.15,COD
S0056824,C00214,P00459,ST049,2027-05-09 11:53:00,6,608.46,0.10,UPI
S0056825,C02093,P00481,ST023,2027-02-01 09:17:00,1,10052.76,0.00,COD
S0056826,C02134,P00213,ST038,2027-04-16 23:18:00,8,2854.32,0.05,UPI
S0056827,C02467,P00453,ST002,2026-09-24 07:14:00,2,7401.19,0.00,WALLET
S0056828,C04390,P00778,ST042,2026-10-11 16:28:00,8,5364.50,0.00,WALLET
S0056829,C00920,P00992,ST013,2027-01-20 05:58:00,3,9363.29,0.05,COD
S0056830,C04596,P00977,ST025,2027-02-21 21:39:00,4,12203.63,0.15,CARD
S0056831,C04663,P00462,ST049,2027-04-01 08:52:00,8,3972.80,0.00,CARD
S0056832,C02444,P00815,ST041,2026-11-10 06:01:00,6,9553.20,0.10,CARD
S0056833,C03397,P00048,ST021,2026-09-03 21:37:00,5,5018.49,0.05,UPI
S0056834,C04755,P00075,ST045,2026-10-11 07:21:00,1,288.24,0.00,NET_BANKING
S0056835,C04325,P00942,ST017,2027-02-10 22:03:00,7,13417.77,0.05,CARD
S0056836,C01875,P00382,ST046,2026-11-29 18:06:00,1,14341.57,0.00,UPI
S0056837,C02532,P00700,ST044,2027-04-02 04:55:00,1,7501.36,0.10,CARD
S0056838,C02056,P00143,ST042,2027-04-04 10:51:00,8,7704.38,0.00,COD
S0056839,C02026,P00735,ST023,2027-02-02 22:50:00,1,7714.11,0.05,UPI
S0056840,C03155,P00858,ST023,2027-04-05 15:17:00,8,2715.82,0.05,COD
S0056841,C03525,P00315,ST027,2026-12-14 16:59:00,1,8151.43,0.05,COD
S0056842,C00894,P00875,ST025,2027-01-06 04:53:00,6,9193.50,0.10,NET_BANKING
S0056843,C03457,P00028,ST044,2026-11-09 11:05:00,2,9694.84,0.00,COD
S0056844,C03868,P00852,ST003,2026-09-23 16:32:00,2,9756.12,0.00,NET_BANKING
S0056845,C04845,P00013,ST009,2026-10-02 10:50:00,4,6028.43,0.15,UPI
S0056846,C00654,P00082,ST014,2026-10-15 19:24:00,2,3347.34,0.15,COD
S0056847,C01098,P00902,ST022,2027-01-31 22:03:00,1,6441.41,0.05,UPI
S0056848,C04434,P00440,ST004,2026-12-08 03:47:00,4,11929.30,0.10,CARD
S0056849,C04886,P00623,ST022,2026-09-07 23:18:00,5,2478.31,0.15,WALLET
S0056850,C00413,P00615,ST033,2027-02-17 20:43:00,1,5873.54,0.05,NET_BANKING
S0056851,C04642,P00522,ST038,2027-04-12 09:33:00,6,1719.44,0.00,WALLET
S0056852,C02199,P00539,ST038,2026-10-05 16:54:00,7,7157.77,0.15,COD
S0056853,C00564,P01010,ST046,2026-11-12 13:23:00,3,185.90,0.00,CARD
S0056854,C03673,P00467,ST011,2027-04-11 22:15:00,1,8776.36,0.00,CARD
S0056855,C03164,P00647,ST012,2027-05-12 23:22:00,3,8946.93,0.05,NET_BANKING
S0056856,C01619,P00909,ST044,2027-05-05 09:16:00,8,12153.06,0.15,CARD
S0056857,C05020,P00076,ST048,2026-09-19 02:08:00,1,2643.86,0.00,NET_BANKING
S0056858,C03709,P00448,ST020,2027-04-26 21:45:00,3,9484.91,0.00,NET_BANKING
S0056859,C02355,P00767,ST045,2027-05-12 05:52:00,6,11689.48,0.00,COD
S0056860,C01435,P01024,ST049,2027-02-27 18:11:00,3,2240.42,0.00,COD
S0056861,C01068,P00596,ST046,2027-04-11 06:41:00,8,8194.29,0.00,UPI
S0056862,C03956,P00201,ST009,2026-10-14 01:57:00,7,7729.31,0.05,UPI
S0056863,C01397,P00701,ST045,2027-03-25 03:06:00,2,9710.18,0.05,WALLET
S0056864,C04626,P01084,ST010,2027-04-04 17:54:00,4,1134.28,0.15,WALLET
S0056865,C00901,P00177,ST011,2026-11-27 15:26:00,5,5272.03,0.05,WALLET
S0056866,C03518,P00459,ST047,2026-09-08 09:51:00,1,608.46,0.05,UPI
S0056867,C04751,P00627,ST039,2027-05-04 00:37:00,6,12769.96,0.15,WALLET
S0056868,C03686,P00295,ST028,2027-05-13 18:32:00,1,8088.40,0.00,UPI
S0056869,C01080,P01009,ST008,2027-02-19 21:37:00,1,1198.43,0.05,CARD
S0056870,C02420,P00590,ST041,2027-05-10 14:25:00,8,265.48,0.00,COD
S0056871,C05283,P00579,ST025,2027-01-06 22:41:00,7,10886.45,0.00,COD
S0056872,C05429,P00406,ST048,2026-12-22 18:58:00,4,1162.78,0.00,CARD
S0056873,C04872,P00331,ST009,2027-02-03 23:11:00,7,9971.71,0.00,COD
S0056874,C04092,P00231,ST023,2026-10-10 18:15:00,6,4512.73,0.10,NET_BANKING
S0056875,C04024,P00250,ST015,2027-03-26 05:51:00,5,4598.66,0.15,CARD
S0056876,C01266,P00505,ST010,2027-01-29 09:26:00,1,13158.37,0.15,NET_BANKING
S0056877,C05159,P01068,ST034,2027-01-30 14:36:00,2,2090.04,0.00,UPI
S0056878,C04790,P00792,ST034,2027-03-30 06:32:00,8,13052.60,0.10,WALLET
S0056879,C01844,P00690,ST033,2026-11-17 23:49:00,7,4018.76,0.10,COD
S0056880,C00436,P00830,ST040,2026-11-23 00:29:00,8,8076.01,0.05,COD
S0056881,C00326,P00857,ST030,2027-03-20 20:19:00,5,10083.38,0.00,COD
S0056882,C02840,P00878,ST027,2026-11-07 03:01:00,7,13136.21,0.00,WALLET
S0056883,C01504,P00298,ST044,2026-11-20 09:37:00,3,14106.08,0.00,COD
S0056884,C01603,P00783,ST033,2027-02-13 17:31:00,4,1108.76,0.00,COD
S0056885,C00606,P00595,ST004,2027-03-12 23:02:00,6,6648.58,0.00,COD
S0056886,C04346,P00342,ST037,2027-02-12 13:59:00,6,2514.86,0.00,UPI
S0056887,C00928,P00197,ST022,2026-09-29 09:28:00,6,14262.88,0.00,COD
S0056888,C03718,P00375,ST009,2027-03-19 12:03:00,8,8641.01,0.15,WALLET
S0056889,C01075,P00474,ST023,2027-05-08 18:13:00,1,2329.87,0.10,UPI
S0056890,C03189,P00839,ST024,2027-05-15 09:32:00,6,14909.42,0.10,COD
S0056891,C02729,P00386,ST014,2027-01-23 08:48:00,3,344.42,0.05,CARD
S0056892,C02023,P00107,ST037,2026-11-13 23:37:00,8,7220.47,0.15,WALLET
S0056893,C00149,P00850,ST001,2026-11-05 16:10:00,6,4390.79,0.00,UPI
S0056894,C03526,P00746,ST050,2026-10-23 16:39:00,1,8367.69,0.00,UPI
S0056895,C03363,P00685,ST008,2027-02-09 06:13:00,4,2866.20,0.10,WALLET
S0056896,C02584,P00512,ST033,2027-01-25 12:11:00,6,11395.40,0.10,WALLET
S0056897,C03371,P00388,ST045,2027-05-04 20:11:00,6,6375.35,0.00,UPI
S0056898,C03909,P00010,ST014,2027-02-27 05:28:00,7,10965.99,0.00,NET_BANKING
S0056899,C03859,P00068,ST004,2027-02-14 23:21:00,8,2033.40,0.10,WALLET
S0056900,C00480,P00202,ST036,2026-10-25 18:31:00,5,13459.06,0.05,COD
S0056901,C01222,P00354,ST044,2027-01-25 21:40:00,1,11455.34,0.00,UPI
S0056902,C00785,P00805,ST001,2026-11-09 16:21:00,4,14921.08,0.00,NET_BANKING
S0056903,C01975,P00746,ST049,2026-10-16 10:55:00,5,8367.69,0.10,CARD
S0056904,C05481,P00729,ST001,2027-03-02 21:21:00,5,5458.72,0.10,UPI
S0056905,C03025,P00056,ST047,2026-09-23 15:48:00,1,12872.42,0.05,CARD
S0056906,C02355,P00106,ST037,2027-02-09 04:40:00,1,14238.90,0.00,UPI
S0056907,C00814,P00318,ST024,2027-01-05 12:33:00,1,10232.53,0.05,UPI
S0056908,C04421,P00467,ST027,2026-12-29 15:41:00,2,8776.36,0.05,COD
S0056909,C03552,P01097,ST020,2027-03-09 22:34:00,1,1624.31,0.00,CARD
S0056910,C01957,P00565,ST034,2026-12-15 12:21:00,6,2663.33,0.05,NET_BANKING
S0056911,C04590,P00363,ST017,2027-02-06 08:48:00,2,7028.08,0.00,UPI
S0056912,C04902,P00615,ST001,2026-09-25 01:18:00,3,5873.54,0.00,UPI
S0056913,C03241,P00202,ST022,2026-09-16 10:36:00,1,13459.06,0.15,NET_BANKING
S0056914,C04715,P00131,ST028,2027-03-27 14:51:00,3,13217.23,0.00,WALLET
S0056915,C03584,P00403,ST036,2027-02-04 14:04:00,6,6512.03,0.10,UPI
S0056916,C00405,P01008,ST002,2027-01-26 23:25:00,7,3938.43,0.00,COD
S0056917,C01759,P00125,ST008,2027-03-09 15:03:00,5,8537.50,0.00,UPI
S0056918,C04004,P00189,ST047,2027-04-15 07:55:00,4,10563.30,0.00,NET_BANKING
S0056919,C03229,P00489,ST029,2027-01-16 07:44:00,7,12272.05,0.00,NET_BANKING
S0056920,C02147,P01053,ST003,2027-02-05 23:57:00,4,4472.33,0.00,CARD
S0056921,C03940,P00574,ST019,2027-02-18 15:01:00,7,8927.79,0.15,CARD
S0056922,C01317,P00548,ST025,2026-09-04 13:14:00,7,11468.53,0.00,WALLET
S0056923,C02880,P00816,ST013,2026-12-17 06:18:00,5,12563.10,0.15,CARD
S0056924,C02517,P00655,ST003,2026-09-16 10:13:00,5,8138.00,0.00,CARD
S0056925,C01886,P00954,ST047,2026-11-19 22:11:00,3,8183.55,0.10,UPI
S0056926,C01639,P00545,ST034,2027-01-30 05:55:00,6,2928.27,0.15,COD
S0056927,C02766,P00047,ST047,2027-01-06 17:22:00,5,4471.06,0.10,UPI
S0056928,C00203,P00110,ST020,2026-11-04 13:57:00,4,11820.01,0.00,COD
S0056929,C03149,P00900,ST008,2026-09-06 06:55:00,8,10665.28,0.00,WALLET
S0056930,C05038,P00627,ST038,2026-12-25 23:24:00,7,12769.96,0.05,NET_BANKING
S0056931,C00758,P00748,ST036,2026-11-05 01:59:00,8,7740.82,0.05,NET_BANKING
S0056932,C01374,P00781,ST034,2026-12-09 06:53:00,3,8887.88,0.15,UPI
S0056933,C03335,P00872,ST030,2027-04-02 22:44:00,3,6939.07,0.05,COD
S0056934,C03495,P00969,ST044,2026-10-29 18:09:00,5,3154.51,0.05,CARD
S0056935,C02590,P00251,ST022,2027-01-21 06:52:00,8,1347.37,0.10,NET_BANKING
S0056936,C01497,P00996,ST005,2027-04-15 00:32:00,1,12724.73,0.15,COD
S0056937,C02949,P00283,ST036,2026-10-03 22:50:00,2,6670.75,0.10,CARD
S0056938,C00339,P00819,ST023,2027-05-07 20:53:00,1,5314.55,0.00,COD
S0056939,C00551,P00399,ST043,2027-02-22 11:03:00,1,12674.98,0.00,NET_BANKING
S0056940,C00749,P00929,ST017,2026-09-15 09:29:00,2,6068.78,0.05,NET_BANKING
S0056941,C03466,P00322,ST041,2026-11-24 00:54:00,1,7023.69,0.05,WALLET
S0056942,C03445,P00632,ST007,2027-02-19 20:48:00,5,6057.90,0.05,WALLET
S0056943,C00794,P01028,ST033,2027-04-09 12:11:00,7,149.77,0.00,COD
S0056944,C02845,P00738,ST027,2027-02-24 00:48:00,1,14125.52,0.10,NET_BANKING
S0056945,C02072,P01017,ST014,2027-03-24 04:02:00,7,3843.51,0.00,WALLET
S0056946,C00782,P01095,ST020,2027-01-25 20:31:00,6,1527.52,0.15,COD
S0056947,C04957,P01004,ST036,2027-03-29 04:38:00,3,1528.33,0.00,CARD
S0056948,C05058,P00578,ST033,2027-04-05 14:40:00,7,2566.07,0.15,NET_BANKING
S0056949,C03753,P00851,ST031,2026-10-12 16:22:00,1,10520.35,0.15,NET_BANKING
S0056950,C03827,P00568,ST029,2027-02-11 11:34:00,4,11436.07,0.10,NET_BANKING
S0056951,C01634,P00301,ST050,2027-04-04 02:26:00,4,2542.44,0.00,UPI
S0056952,C03225,P00617,ST044,2027-04-20 03:44:00,4,11028.99,0.00,WALLET
S0056953,C01224,P00421,ST037,2027-03-07 14:02:00,2,9929.53,0.10,UPI
S0056954,C01297,P00662,ST014,2026-09-29 22:08:00,5,6965.19,0.15,WALLET
S0056955,C02177,P00570,ST019,2027-03-28 06:21:00,2,8154.82,0.15,COD
S0056956,C02474,P00016,ST014,2026-10-22 01:16:00,2,9646.46,0.00,WALLET
S0056957,C01567,P00053,ST019,2027-03-04 16:46:00,8,4727.29,0.00,UPI
S0056958,C03136,P00362,ST004,2027-02-26 03:49:00,5,9461.46,0.00,NET_BANKING
S0056959,C00344,P00271,ST013,2027-02-20 07:06:00,1,11702.78,0.15,NET_BANKING
S0056960,C04133,P00389,ST033,2026-09-10 15:03:00,3,7161.01,0.05,UPI
S0056961,C03243,P00280,ST016,2027-04-03 16:00:00,1,5715.39,0.05,UPI
S0056962,C01064,P01061,ST008,2026-10-14 15:54:00,2,894.27,0.00,COD
S0056963,C03228,P00655,ST007,2027-01-14 13:46:00,4,8138.00,0.10,UPI
S0056964,C00360,P01053,ST032,2026-11-11 03:18:00,5,2800.55,0.10,WALLET
S0056965,C01981,P00468,ST001,2026-12-28 21:44:00,6,2151.00,0.00,UPI
S0056966,C04725,P00278,ST046,2026-09-26 23:04:00,1,3088.10,0.05,WALLET
S0056967,C05469,P00548,ST017,2027-05-02 00:51:00,1,11468.53,0.10,COD
S0056968,C00304,P00509,ST001,2026-12-19 23:04:00,1,6695.51,0.00,COD
S0056969,C02475,P01082,ST030,2027-01-30 21:09:00,4,1815.47,0.10,WALLET
S0056970,C00878,P00936,ST009,2027-03-30 23:27:00,2,4432.63,0.00,WALLET
S0056971,C03557,P01079,ST022,2027-05-18 09:08:00,8,4750.45,0.10,NET_BANKING
S0056972,C03528,P00966,ST010,2027-05-06 00:20:00,2,14692.30,0.05,COD
S0056973,C00738,P00287,ST027,2027-03-22 18:06:00,8,1326.71,0.05,NET_BANKING
S0056974,C00051,P00426,ST027,2027-02-20 18:44:00,4,6898.62,0.00,COD
S0056975,C00304,P00049,ST044,2026-12-24 09:13:00,1,856.91,0.05,COD
S0056976,C03492,P00066,ST047,2027-03-15 17:13:00,8,13989.36,0.10,UPI
S0056977,C03395,P01080,ST005,2026-09-30 07:02:00,3,522.44,0.10,WALLET
S0056978,C02935,P01040,ST001,2026-11-09 23:18:00,8,1734.39,0.05,CARD
S0056979,C02543,P01007,ST007,2026-10-25 21:34:00,8,4072.48,0.15,WALLET
S0056980,C04343,P01089,ST005,2026-11-30 02:31:00,7,2516.79,0.00,UPI
S0056981,C04753,P00134,ST033,2027-01-25 02:55:00,3,9455.44,0.15,COD
S0056982,C02549,P00545,ST034,2026-11-08 09:47:00,4,2928.27,0.05,COD
S0056983,C03685,P00128,ST016,2026-10-28 16:33:00,5,12585.65,0.00,WALLET
S0056984,C02360,P00209,ST013,2026-10-12 16:06:00,2,6800.00,0.15,CARD
S0056985,C01655,P00694,ST015,2027-02-26 20:09:00,6,11037.40,0.00,WALLET
S0056986,C05360,P01081,ST024,2026-12-22 20:47:00,7,1841.44,0.00,NET_BANKING
S0056987,C00560,P00280,ST019,2026-12-27 23:55:00,5,5715.39,0.05,UPI
S0056988,C00405,P00934,ST022,2026-11-16 16:42:00,4,6341.80,0.15,COD
S0056989,C00824,P00917,ST020,2027-01-15 00:40:00,7,12206.45,0.00,WALLET
S0056990,C00058,P00090,ST033,2027-01-26 07:42:00,6,1862.74,0.15,WALLET
S0056991,C01615,P00836,ST005,2027-03-18 11:23:00,7,8199.84,0.15,COD
S0056992,C01888,P00943,ST044,2027-04-23 05:37:00,3,12935.87,0.15,UPI
S0056993,C01328,P00840,ST013,2026-09-30 15:37:00,8,4066.13,0.10,CARD
S0056994,C00099,P00168,ST012,2027-04-23 04:10:00,2,5532.44,0.10,WALLET
S0056995,C01767,P00945,ST003,2027-05-09 10:19:00,2,12625.76,0.00,NET_BANKING
S0056996,C02961,P00837,ST015,2026-10-15 01:49:00,2,11678.05,0.00,COD
S0056997,C01370,P01053,ST009,2026-11-16 06:31:00,4,3760.05,0.15,COD
S0056998,C01738,P00760,ST043,2026-11-16 08:08:00,1,13523.24,0.00,WALLET
S0056999,C03388,P00414,ST012,2026-12-12 20:13:00,4,11326.94,0.05,COD
S0057000,C01285,P00846,ST021,2026-10-25 14:08:00,2,5378.97,0.05,COD
S0057001,C04413,P00564,ST026,2027-03-06 23:47:00,3,13288.39,0.00,WALLET
S0057002,C02842,P00445,ST045,2027-05-12 11:27:00,5,9889.85,0.00,CARD
S0057003,C01449,P00273,ST005,2027-03-02 15:19:00,3,1657.16,0.00,WALLET
S0057004,C00943,P00921,ST035,2027-03-05 08:10:00,5,10747.60,0.00,UPI
S0057005,C00599,P01008,ST047,2027-01-07 16:55:00,8,884.90,0.00,CARD
S0057006,C02254,P00915,ST021,2026-12-30 03:38:00,5,12880.95,0.10,CARD
S0057007,C02082,P00143,ST046,2027-01-03 11:47:00,2,7704.38,0.10,WALLET
S0057008,C04873,P00185,ST019,2026-12-20 08:27:00,8,5998.13,0.00,NET_BANKING
S0057009,C01555,P01095,ST020,2027-02-02 18:58:00,6,2386.59,0.15,WALLET
S0057010,C00005,P00201,ST041,2027-03-06 07:49:00,5,7729.31,0.15,COD
S0057011,C04530,P00819,ST030,2027-01-07 03:07:00,3,5314.55,0.05,UPI
S0057012,C05030,P01032,ST038,2027-01-08 04:49:00,1,1568.17,0.05,WALLET
S0057013,C02292,P00838,ST012,2026-11-26 07:40:00,1,11094.78,0.00,COD
S0057014,C02709,P00324,ST041,2026-10-14 03:21:00,5,2603.61,0.15,COD
S0057015,C04023,P01078,ST047,2027-02-13 18:51:00,2,689.45,0.10,NET_BANKING
S0057016,C02597,P00060,ST001,2026-12-24 02:14:00,1,13328.41,0.15,NET_BANKING
S0057017,C03612,P00542,ST007,2027-03-01 18:45:00,7,13862.55,0.00,CARD
S0057018,C04971,P00119,ST046,2027-03-17 20:58:00,6,794.81,0.15,CARD
S0057019,C04217,P00871,ST010,2027-04-27 03:03:00,8,9556.52,0.10,WALLET
S0057020,C03244,P00293,ST021,2027-05-14 13:50:00,2,8511.68,0.00,WALLET
S0057021,C02626,P01079,ST046,2026-10-24 00:10:00,6,1748.52,0.05,COD
S0057022,C02496,P00144,ST024,2027-01-27 06:12:00,7,9162.18,0.15,NET_BANKING
S0057023,C04760,P00762,ST019,2026-12-01 03:59:00,5,9970.99,0.05,CARD
S0057024,C00410,P00573,ST007,2026-12-04 21:16:00,6,7520.25,0.00,COD
S0057025,C01057,P00905,ST032,2026-12-09 23:35:00,4,7562.39,0.15,CARD
S0057026,C05269,P00216,ST046,2026-12-05 06:35:00,2,1540.77,0.10,NET_BANKING
S0057027,C00531,P00232,ST023,2027-03-10 02:35:00,1,10782.96,0.00,COD
S0057028,C02830,P00526,ST001,2027-01-04 13:22:00,4,8424.35,0.00,UPI
S0057029,C02662,P00590,ST036,2026-12-01 18:18:00,8,265.48,0.15,CARD
S0057030,C02848,P00607,ST019,2027-02-08 01:46:00,6,9830.20,0.15,UPI
S0057031,C02128,P00506,ST050,2027-04-07 22:40:00,4,4110.78,0.15,UPI
S0057032,C01353,P00346,ST024,2026-12-23 19:39:00,4,10411.85,0.00,NET_BANKING
S0057033,C03624,P00379,ST047,2027-02-04 12:21:00,7,1917.87,0.00,CARD
S0057034,C00863,P01069,ST031,2027-04-20 14:09:00,6,4350.79,0.10,COD
S0057035,C02589,P00165,ST014,2026-10-14 22:04:00,6,14497.74,0.00,NET_BANKING
S0057036,C00427,P00789,ST039,2027-02-09 05:49:00,4,2259.56,0.15,UPI
S0057037,C04903,P00575,ST003,2026-10-28 00:41:00,4,10494.08,0.00,WALLET
S0057038,C02434,P00980,ST027,2027-04-05 10:30:00,3,8929.07,0.05,COD
S0057039,C01251,P00377,ST047,2026-09-29 18:48:00,7,7573.41,0.05,COD
S0057040,C03568,P00983,ST041,2026-12-25 00:05:00,1,14539.34,0.15,WALLET
S0057041,C01796,P00477,ST048,2026-10-04 18:32:00,8,3992.23,0.15,CARD
S0057042,C01052,P01085,ST024,2027-01-11 02:24:00,2,2002.53,0.00,NET_BANKING
S0057043,C01569,P00422,ST021,2026-10-29 23:40:00,6,8067.73,0.00,UPI
S0057044,C03868,P00627,ST038,2026-10-31 06:09:00,3,12769.96,0.15,CARD
S0057045,C03378,P00923,ST037,2026-11-08 02:39:00,3,12391.37,0.15,UPI
S0057046,C04084,P00470,ST036,2026-12-26 17:02:00,1,2213.98,0.10,UPI
S0057047,C04371,P00098,ST027,2026-09-09 11:12:00,1,3874.92,0.15,WALLET
S0057048,C00941,P00936,ST011,2027-01-10 19:51:00,5,4432.63,0.05,UPI
S0057049,C02457,P01093,ST032,2027-03-21 08:28:00,7,941.49,0.10,UPI
S0057050,C02684,P00313,ST020,2027-02-26 04:03:00,5,7134.65,0.15,COD
S0057051,C03329,P00513,ST027,2026-11-28 18:10:00,3,2594.81,0.10,WALLET
S0057052,C01610,P00158,ST014,2027-02-10 17:44:00,5,3652.82,0.10,NET_BANKING
S0057053,C04116,P00784,ST028,2027-01-09 13:52:00,6,13461.16,0.00,CARD
S0057054,C00496,P00172,ST019,2027-02-12 03:07:00,5,13640.80,0.15,WALLET
S0057055,C05497,P00329,ST028,2027-03-17 23:20:00,8,1364.47,0.15,COD
S0057056,C05232,P00021,ST019,2027-05-04 01:23:00,1,1391.72,0.00,CARD
S0057057,C02165,P00276,ST016,2026-11-06 03:27:00,6,6865.96,0.00,CARD
S0057058,C00334,P01092,ST007,2027-02-07 09:47:00,4,75.82,0.05,WALLET
S0057059,C04670,P01018,ST018,2026-11-30 04:29:00,1,1811.51,0.00,CARD
S0057060,C00435,P00818,ST049,2026-10-16 00:49:00,8,9748.07,0.00,COD
S0057061,C01179,P00225,ST045,2027-04-15 10:58:00,4,9830.38,0.05,NET_BANKING
S0057062,C01166,P00378,ST019,2026-09-04 14:51:00,8,14078.19,0.05,NET_BANKING
S0057063,C03762,P00348,ST025,2027-01-02 12:15:00,5,6541.94,0.00,CARD
S0057064,C05322,P00731,ST019,2026-11-09 14:12:00,6,6650.71,0.00,COD
S0057065,C01635,P00394,ST036,2027-02-21 12:21:00,2,12895.03,0.10,UPI
S0057066,C05056,P00919,ST042,2026-09-26 16:44:00,6,8906.88,0.00,NET_BANKING
S0057067,C01356,P00687,ST028,2027-02-08 00:58:00,7,10669.90,0.10,UPI
S0057068,C02698,P00706,ST031,2027-01-15 12:49:00,7,2797.24,0.15,CARD
S0057069,C00162,P00264,ST020,2027-02-21 15:11:00,6,3453.32,0.10,NET_BANKING
S0057070,C04408,P00167,ST001,2027-01-06 20:27:00,6,9994.61,0.10,COD
S0057071,C03870,P00872,ST039,2027-01-22 08:17:00,6,6939.07,0.05,COD
S0057072,C00797,P00989,ST012,2026-10-17 14:01:00,2,6367.31,0.15,WALLET
S0057073,C03343,P00003,ST034,2027-03-23 17:50:00,3,9487.90,0.05,CARD
S0057074,C02774,P00804,ST036,2026-11-14 06:36:00,3,13775.11,0.15,CARD
S0057075,C04677,P00157,ST002,2026-12-28 10:17:00,8,8754.83,0.10,WALLET
S0057076,C00570,P00683,ST025,2026-12-08 08:13:00,3,6906.08,0.00,CARD
S0057077,C03001,P00961,ST016,2026-10-22 14:13:00,6,13877.25,0.05,NET_BANKING
S0057078,C00595,P00509,ST024,2027-05-10 13:18:00,7,6695.51,0.00,COD
S0057079,C04288,P00057,ST039,2026-11-05 08:21:00,1,6283.79,0.00,COD
S0057080,C02334,P00932,ST011,2027-02-13 08:17:00,6,10233.75,0.10,CARD
S0057081,C03945,P00887,ST034,2026-11-13 21:20:00,5,6975.28,0.05,NET_BANKING
S0057082,C04100,P00431,ST035,2026-10-11 04:41:00,7,13380.90,0.00,UPI
S0057083,C04723,P00383,ST030,2026-10-03 05:22:00,5,4193.79,0.15,CARD
S0057084,C03492,P00506,ST022,2027-01-27 22:11:00,8,4110.78,0.15,UPI
S0057085,C02582,P00468,ST016,2027-05-16 06:27:00,6,2151.00,0.10,CARD
S0057086,C01148,P00241,ST037,2027-04-19 02:27:00,7,14291.38,0.00,COD
S0057087,C04173,P01068,ST026,2027-01-23 02:02:00,3,1121.68,0.05,WALLET
S0057088,C02342,P00306,ST025,2026-10-23 22:36:00,4,8871.87,0.10,CARD
S0057089,C05433,P00981,ST029,2027-05-19 19:25:00,7,5838.61,0.00,UPI
S0057090,C04549,P00558,ST033,2026-12-01 09:16:00,4,2884.27,0.00,COD
S0057091,C03539,P00400,ST042,2026-10-16 06:24:00,3,11156.69,0.10,WALLET
S0057092,C04298,P00242,ST013,2027-03-06 10:23:00,5,6380.48,0.00,NET_BANKING
S0057093,C01145,P00057,ST028,2026-10-03 05:45:00,3,6283.79,0.05,UPI
S0057094,C03450,P01029,ST010,2026-09-19 10:35:00,3,2959.27,0.05,CARD
S0057095,C03130,P00775,ST009,2026-10-23 03:25:00,1,7767.36,0.00,NET_BANKING
S0057096,C05380,P00218,ST010,2027-03-23 08:11:00,8,7857.30,0.05,COD
S0057097,C00565,P00959,ST024,2026-09-20 02:48:00,4,9477.36,0.00,WALLET
S0057098,C03782,P00433,ST010,2026-12-19 01:39:00,1,6296.95,0.15,CARD
S0057099,C02209,P00237,ST028,2026-09-30 09:04:00,3,5637.77,0.00,WALLET
S0057100,C01144,P01054,ST042,2027-05-15 15:09:00,1,467.63,0.05,NET_BANKING
S0057101,C02758,P00114,ST010,2026-10-12 22:19:00,1,1848.49,0.00,UPI
S0057102,C05049,P00269,ST001,2027-05-11 23:48:00,8,1436.31,0.10,UPI
S0057103,C03488,P00500,ST014,2027-05-13 20:16:00,2,13885.62,0.10,UPI
S0057104,C01913,P00595,ST029,2027-05-03 19:49:00,8,6648.58,0.05,WALLET
S0057105,C05336,P00413,ST040,2027-03-31 14:17:00,3,8913.27,0.05,CARD
S0057106,C01374,P00552,ST022,2026-10-01 13:09:00,3,14232.88,0.00,UPI
S0057107,C04045,P00230,ST031,2026-11-05 20:35:00,8,9832.40,0.00,WALLET
S0057108,C00849,P00699,ST010,2027-03-25 05:43:00,4,14544.40,0.10,NET_BANKING
S0057109,C03579,P00086,ST003,2027-02-21 06:32:00,8,394.30,0.10,COD
S0057110,C02839,P00865,ST035,2027-03-31 00:01:00,6,8660.01,0.15,CARD
S0057111,C00624,P00255,ST011,2027-02-20 18:57:00,5,6191.54,0.00,CARD
S0057112,C00480,P00906,ST029,2027-04-02 15:43:00,1,12896.50,0.00,NET_BANKING
S0057113,C00659,P00216,ST045,2026-10-24 15:43:00,2,1540.77,0.00,CARD
S0057114,C02106,P00339,ST008,2026-09-16 10:17:00,3,2464.80,0.00,CARD
S0057115,C02677,P00735,ST020,2026-11-23 13:13:00,4,7714.11,0.10,NET_BANKING
S0057116,C02019,P00409,ST015,2026-12-10 13:46:00,5,2349.95,0.15,NET_BANKING
S0057117,C00337,P00247,ST040,2027-05-12 05:11:00,4,3627.73,0.15,WALLET
S0057118,C01811,P00975,ST001,2027-03-21 09:44:00,7,14210.52,0.10,NET_BANKING
S0057119,C00352,P00796,ST007,2026-10-28 21:49:00,3,7252.60,0.10,NET_BANKING
S0057120,C04339,P00765,ST045,2026-12-12 05:25:00,1,9252.17,0.15,NET_BANKING
S0057121,C00064,P00478,ST010,2026-11-13 09:39:00,1,1905.90,0.00,UPI
S0057122,C05464,P00550,ST047,2026-12-16 07:24:00,7,1961.46,0.05,WALLET
S0057123,C02035,P00520,ST015,2026-10-08 01:32:00,3,9276.97,0.00,CARD
S0057124,C05071,P00759,ST021,2026-09-20 11:20:00,8,2675.60,0.05,UPI
S0057125,C05051,P01077,ST031,2026-10-22 07:41:00,2,4587.70,0.00,CARD
S0057126,C02084,P00538,ST033,2027-04-15 11:02:00,5,12711.98,0.00,UPI
S0057127,C01094,P00195,ST008,2027-01-18 18:59:00,8,10101.96,0.10,CARD
S0057128,C03736,P00877,ST038,2027-03-19 03:09:00,7,9491.54,0.00,CARD
S0057129,C04563,P00746,ST019,2027-05-09 15:37:00,4,8367.69,0.05,UPI
S0057130,C02261,P00203,ST039,2026-11-06 23:08:00,2,1071.23,0.05,NET_BANKING
S0057131,C04287,P00762,ST040,2027-02-21 15:28:00,7,9970.99,0.00,UPI
S0057132,C03815,P00475,ST018,2027-03-28 02:16:00,6,1870.66,0.05,COD
S0057133,C00911,P00715,ST010,2027-03-10 17:43:00,1,9749.53,0.15,COD
S0057134,C01347,P00918,ST015,2027-03-06 12:53:00,6,11736.74,0.00,CARD
S0057135,C04087,P00583,ST019,2027-01-26 14:17:00,6,5417.09,0.05,NET_BANKING
S0057136,C04729,P00487,ST021,2027-02-04 06:45:00,5,5449.32,0.00,WALLET
S0057137,C03924,P00937,ST012,2026-12-07 04:37:00,3,2930.83,0.05,NET_BANKING
S0057138,C02679,P00691,ST038,2026-09-07 02:16:00,8,11997.97,0.15,UPI
S0057139,C00641,P00676,ST035,2027-04-22 04:30:00,4,13208.41,0.15,UPI
S0057140,C00912,P00572,ST003,2027-01-16 07:17:00,8,413.41,0.15,CARD
S0057141,C00696,P00262,ST037,2027-05-15 04:47:00,2,4686.95,0.15,NET_BANKING
S0057142,C04719,P01048,ST032,2026-09-18 16:05:00,1,2390.48,0.00,WALLET
S0057143,C04800,P00904,ST021,2027-03-30 19:39:00,5,437.50,0.15,UPI
S0057144,C05239,P00035,ST013,2027-01-22 20:50:00,5,1827.96,0.05,COD
S0057145,C04124,P00780,ST019,2026-09-11 20:11:00,2,5639.59,0.00,COD
S0057146,C03235,P01025,ST035,2027-02-08 12:32:00,2,2562.45,0.05,CARD
S0057147,C02871,P00548,ST036,2027-04-06 09:57:00,3,11468.53,0.10,CARD
S0057148,C05232,P00208,ST032,2027-03-26 10:54:00,4,9299.51,0.00,COD
S0057149,C04873,P00177,ST045,2027-01-20 16:20:00,2,5272.03,0.00,NET_BANKING
S0057150,C00097,P00434,ST018,2026-10-21 10:25:00,8,11454.78,0.00,WALLET
S0057151,C03294,P01047,ST047,2026-12-25 16:19:00,1,4866.66,0.15,WALLET
S0057152,C01051,P00298,ST006,2026-11-23 00:49:00,5,14106.08,0.15,WALLET
S0057153,C01637,P00894,ST045,2027-04-21 17:31:00,5,12465.27,0.10,UPI
S0057154,C01850,P00285,ST015,2026-11-04 06:50:00,8,6123.71,0.10,COD
S0057155,C01026,P00389,ST049,2027-02-28 01:34:00,3,7161.01,0.10,WALLET
S0057156,C01470,P00724,ST017,2027-02-10 17:19:00,1,842.59,0.00,CARD
S0057157,C03880,P00867,ST048,2027-05-08 21:31:00,6,5370.01,0.00,CARD
S0057158,C05154,P00230,ST038,2027-04-09 22:33:00,5,9832.40,0.05,COD
S0057159,C02342,P01058,ST026,2027-01-05 01:54:00,4,719.64,0.05,COD
S0057160,C00574,P00860,ST034,2026-09-23 22:51:00,7,207.98,0.15,UPI
S0057161,C00452,P00114,ST004,2026-09-01 22:17:00,3,1848.49,0.00,NET_BANKING
S0057162,C00168,P00344,ST039,2027-03-01 19:41:00,1,12170.01,0.00,UPI
S0057163,C03770,P00165,ST026,2026-10-04 16:18:00,5,14497.74,0.10,CARD
S0057164,C00228,P00522,ST050,2027-04-29 08:29:00,7,1719.44,0.10,WALLET
S0057165,C02224,P00215,ST045,2026-09-25 01:48:00,8,3285.00,0.15,UPI
S0057166,C04396,P00989,ST042,2027-03-21 04:50:00,3,6367.31,0.00,WALLET
S0057167,C04481,P00543,ST009,2026-12-11 05:11:00,6,1249.06,0.00,COD
S0057168,C05392,P00060,ST032,2027-02-03 21:49:00,7,13328.41,0.00,WALLET
S0057169,C00227,P01092,ST025,2026-12-15 20:11:00,1,3849.09,0.05,UPI
S0057170,C01806,P00555,ST045,2027-04-29 23:17:00,6,3239.18,0.10,COD
S0057171,C00351,P01057,ST005,2026-09-20 01:11:00,2,3834.31,0.00,UPI
S0057172,C03801,P00494,ST039,2027-05-01 15:06:00,8,4019.59,0.00,NET_BANKING
S0057173,C04609,P00446,ST045,2026-12-30 20:57:00,5,14903.24,0.00,NET_BANKING
S0057174,C04398,P00882,ST030,2027-05-14 03:36:00,2,1160.87,0.00,WALLET
S0057175,C04683,P00903,ST016,2027-04-25 21:02:00,1,4390.79,0.15,COD
S0057176,C05132,P00580,ST049,2027-03-06 08:34:00,8,4489.50,0.15,WALLET
S0057177,C05112,P00669,ST046,2027-03-08 17:36:00,5,14324.33,0.00,WALLET
S0057178,C00885,P00815,ST046,2027-05-11 13:52:00,1,9553.20,0.15,CARD
S0057179,C01030,P00556,ST033,2027-02-10 04:29:00,4,4347.03,0.00,NET_BANKING
S0057180,C00408,P00844,ST016,2027-04-07 04:10:00,6,12073.09,0.05,WALLET
S0057181,C00669,P00414,ST017,2027-02-02 05:51:00,4,11326.94,0.00,UPI
S0057182,C02140,P00624,ST038,2027-04-07 00:32:00,5,10459.90,0.05,COD
S0057183,C03403,P00796,ST041,2027-03-28 18:29:00,8,7252.60,0.10,WALLET
S0057184,C04690,P00976,ST045,2026-12-03 06:32:00,7,3815.57,0.15,COD
S0057185,C02879,P01090,ST017,2027-01-18 06:49:00,7,4323.72,0.00,COD
S0057186,C02452,P00787,ST011,2026-09-02 20:05:00,2,12290.08,0.10,NET_BANKING
S0057187,C02840,P00834,ST009,2027-04-09 05:49:00,3,13773.56,0.00,COD
S0057188,C03207,P00383,ST002,2027-04-03 12:50:00,1,4193.79,0.10,UPI
S0057189,C03508,P00528,ST021,2027-04-20 03:05:00,8,12190.45,0.05,NET_BANKING
S0057190,C01737,P00928,ST048,2027-04-25 01:34:00,1,6951.77,0.00,NET_BANKING
S0057191,C04065,P00974,ST012,2027-01-01 16:46:00,4,2875.19,0.05,WALLET
S0057192,C05300,P00551,ST020,2026-10-27 11:41:00,8,9996.39,0.15,COD
S0057193,C01245,P01057,ST017,2026-12-10 18:26:00,5,919.80,0.05,NET_BANKING
S0057194,C02346,P00662,ST010,2026-11-12 11:00:00,2,6965.19,0.00,CARD
S0057195,C03159,P00851,ST044,2026-09-15 13:38:00,7,10520.35,0.00,CARD
S0057196,C00077,P00042,ST023,2027-02-28 22:42:00,4,14409.73,0.00,COD
S0057197,C03215,P00356,ST024,2027-01-13 20:52:00,4,6310.49,0.15,CARD
S0057198,C02621,P00107,ST035,2027-03-05 00:20:00,3,7220.47,0.00,NET_BANKING
S0057199,C04024,P00375,ST013,2027-01-17 22:21:00,2,8641.01,0.05,CARD
S0057200,C03755,P00516,ST008,2027-01-24 21:07:00,1,7808.79,0.15,NET_BANKING
S0057201,C05128,P00278,ST031,2027-01-23 16:42:00,3,3088.10,0.05,NET_BANKING
S0057202,C04714,P00034,ST033,2027-03-08 19:33:00,3,14038.19,0.00,WALLET
S0057203,C00039,P00539,ST013,2026-10-27 19:04:00,5,7157.77,0.00,CARD
S0057204,C01380,P00975,ST024,2026-09-21 13:57:00,8,14210.52,0.10,CARD
S0057205,C05356,P00007,ST016,2026-12-28 17:22:00,5,8987.92,0.00,CARD
S0057206,C01481,P00016,ST047,2027-05-02 05:29:00,6,9646.46,0.05,UPI
S0057207,C03999,P00579,ST002,2027-05-11 19:46:00,1,10886.45,0.10,NET_BANKING
S0057208,C05280,P00490,ST038,2027-01-31 17:43:00,6,3009.09,0.15,COD
S0057209,C02954,P00950,ST031,2026-12-18 04:05:00,8,3458.38,0.00,WALLET
S0057210,C00555,P00006,ST041,2027-05-17 13:28:00,4,12375.85,0.00,UPI
S0057211,C02639,P00910,ST021,2027-01-15 05:29:00,5,1660.00,0.10,NET_BANKING
S0057212,C02330,P00634,ST030,2027-02-02 20:49:00,4,13541.02,0.05,NET_BANKING
S0057213,C02514,P01091,ST029,2026-09-13 19:28:00,7,4998.26,0.10,COD
S0057214,C02770,P00420,ST006,2027-04-21 01:16:00,5,13992.32,0.10,CARD
S0057215,C00970,P00390,ST023,2027-01-12 19:01:00,7,5645.91,0.00,UPI
S0057216,C02536,P00577,ST031,2027-02-20 11:04:00,1,286.38,0.05,COD
S0057217,C00248,P00279,ST002,2026-09-22 20:02:00,6,7949.95,0.05,WALLET
S0057218,C03161,P00246,ST030,2027-02-27 21:29:00,7,9342.29,0.05,CARD
S0057219,C05090,P01050,ST016,2026-12-13 14:20:00,7,4203.20,0.00,NET_BANKING
S0057220,C02905,P00234,ST005,2027-05-10 02:53:00,4,10659.34,0.00,NET_BANKING
S0057221,C03000,P00696,ST043,2027-01-08 18:57:00,4,444.90,0.05,UPI
S0057222,C03299,P00694,ST035,2027-05-10 05:42:00,6,11037.40,0.15,WALLET
S0057223,C03458,P00562,ST036,2027-03-30 05:24:00,5,10013.06,0.05,WALLET
S0057224,C04229,P00400,ST040,2026-12-23 16:00:00,4,11156.69,0.00,UPI
S0057225,C01704,P00439,ST035,2027-03-06 00:50:00,7,11875.56,0.10,WALLET
S0057226,C01315,P00030,ST037,2026-09-20 11:10:00,5,7478.66,0.00,CARD
S0057227,C05248,P00930,ST038,2026-09-05 02:07:00,6,3721.19,0.10,WALLET
S0057228,C01715,P00197,ST022,2027-02-07 06:53:00,8,14262.88,0.10,UPI
S0057229,C00746,P00093,ST036,2027-04-04 23:47:00,5,1874.43,0.15,NET_BANKING
S0057230,C01567,P01093,ST045,2027-01-17 13:11:00,1,1268.59,0.10,UPI
S0057231,C05433,P00660,ST023,2026-12-30 02:08:00,2,7080.45,0.05,CARD
S0057232,C04864,P00403,ST001,2027-02-18 15:41:00,2,6512.03,0.05,UPI
S0057233,C05232,P00537,ST011,2027-05-15 04:07:00,6,9956.19,0.10,NET_BANKING
S0057234,C01184,P00641,ST050,2027-02-08 06:56:00,6,6765.73,0.05,UPI
S0057235,C03022,P00892,ST036,2026-12-01 11:10:00,6,12540.67,0.10,UPI
S0057236,C00217,P00069,ST003,2026-11-25 22:11:00,1,2410.61,0.00,CARD
S0057237,C03051,P00930,ST018,2027-04-05 01:40:00,7,3721.19,0.10,NET_BANKING
S0057238,C02279,P00482,ST038,2026-10-08 02:36:00,2,3964.41,0.15,COD
S0057239,C01468,P00111,ST005,2027-04-24 06:45:00,8,7353.74,0.05,NET_BANKING
S0057240,C00491,P00192,ST016,2027-03-12 11:01:00,2,1641.73,0.10,UPI
S0057241,C04218,P00572,ST024,2027-01-19 04:21:00,1,413.41,0.00,NET_BANKING
S0057242,C03552,P01008,ST020,2027-04-18 21:04:00,4,3951.28,0.05,WALLET
S0057243,C03581,P00124,ST001,2027-04-19 08:44:00,2,9023.03,0.00,COD
S0057244,C00064,P00986,ST029,2027-03-15 08:41:00,7,6941.31,0.10,CARD
S0057245,C01206,P00248,ST032,2027-02-17 21:18:00,4,13778.23,0.10,UPI
S0057246,C04812,P00391,ST016,2027-04-30 13:22:00,6,3490.76,0.15,WALLET
S0057247,C00788,P00497,ST027,2026-12-16 14:31:00,5,9469.60,0.05,UPI
S0057248,C05327,P00412,ST025,2027-01-24 01:12:00,3,14467.07,0.00,WALLET
S0057249,C01218,P00622,ST012,2027-02-06 17:53:00,7,6264.75,0.00,WALLET
S0057250,C03653,P01008,ST015,2027-03-17 05:47:00,5,313.65,0.05,NET_BANKING
S0057251,C00179,P00046,ST038,2027-03-29 08:58:00,2,4750.20,0.00,WALLET
S0057252,C04217,P00377,ST024,2027-03-19 16:41:00,8,7573.41,0.10,UPI
S0057253,C04423,P00368,ST019,2027-01-11 07:53:00,7,14776.53,0.00,CARD
S0057254,C03497,P01062,ST016,2027-05-08 00:42:00,7,1587.64,0.10,CARD
S0057255,C03963,P00006,ST011,2027-02-26 07:33:00,5,12375.85,0.15,UPI
S0057256,C02143,P00618,ST023,2027-01-08 16:12:00,4,9855.53,0.15,UPI
S0057257,C04165,P00432,ST040,2027-03-10 03:00:00,2,578.01,0.00,CARD
S0057258,C01863,P00322,ST001,2026-10-09 13:46:00,2,7023.69,0.10,NET_BANKING
S0057259,C00817,P01070,ST029,2026-09-27 06:29:00,6,1076.83,0.00,CARD
S0057260,C04783,P00483,ST033,2026-10-17 15:10:00,1,7759.25,0.00,COD
S0057261,C03193,P00052,ST030,2027-03-28 01:19:00,7,6138.64,0.00,UPI
S0057262,C04910,P00280,ST028,2027-03-24 03:22:00,8,5715.39,0.10,WALLET
S0057263,C00163,P00583,ST038,2027-02-08 19:23:00,1,5417.09,0.00,UPI
S0057264,C01157,P00005,ST004,2026-12-11 06:04:00,7,3720.45,0.00,WALLET
S0057265,C00676,P00705,ST008,2026-09-14 10:35:00,5,12535.43,0.05,WALLET
S0057266,C05090,P01078,ST011,2026-09-28 09:48:00,4,1784.43,0.05,NET_BANKING
S0057267,C04404,P01009,ST045,2027-04-22 22:39:00,2,1740.98,0.15,CARD
S0057268,C00626,P00207,ST037,2026-12-18 23:04:00,4,9646.57,0.00,COD
S0057269,C04807,P00659,ST022,2027-05-05 06:28:00,8,3678.56,0.00,NET_BANKING
S0057270,C01785,P00769,ST005,2027-03-26 00:27:00,3,14064.61,0.00,COD
S0057271,C03848,P00186,ST044,2027-01-19 14:04:00,2,5509.22,0.15,NET_BANKING
S0057272,C01915,P00146,ST018,2027-04-21 15:04:00,7,1016.88,0.05,COD
S0057273,C03271,P00568,ST010,2027-04-21 05:13:00,2,11436.07,0.00,UPI
S0057274,C00291,P00818,ST045,2027-05-11 13:10:00,6,9748.07,0.00,UPI
S0057275,C03128,P00490,ST007,2026-11-23 16:30:00,3,3009.09,0.00,WALLET
S0057276,C01935,P00763,ST042,2027-01-13 23:19:00,2,4853.30,0.15,COD
S0057277,C00225,P00210,ST021,2026-11-10 06:31:00,6,3260.81,0.10,COD
S0057278,C02095,P00078,ST010,2026-09-21 00:49:00,1,6017.13,0.05,NET_BANKING
S0057279,C00326,P00432,ST007,2026-12-29 20:41:00,6,578.01,0.00,CARD
S0057280,C03017,P00007,ST049,2026-09-09 10:55:00,3,8987.92,0.15,COD
S0057281,C01660,P00298,ST013,2026-12-20 22:08:00,2,14106.08,0.00,UPI
S0057282,C02341,P00287,ST030,2026-09-21 22:50:00,6,1326.71,0.10,CARD
S0057283,C01779,P00773,ST010,2026-12-26 00:58:00,2,11513.99,0.00,CARD
S0057284,C00432,P00644,ST001,2027-03-27 14:38:00,2,8264.91,0.05,CARD
S0057285,C05068,P00865,ST008,2027-01-27 11:35:00,6,8660.01,0.05,CARD
S0057286,C04503,P00635,ST003,2026-12-22 15:55:00,1,7089.77,0.00,WALLET
S0057287,C01188,P00969,ST022,2027-03-09 19:50:00,3,3154.51,0.05,COD
S0057288,C00506,P00211,ST027,2026-12-13 05:38:00,5,1685.16,0.10,NET_BANKING
S0057289,C03750,P00223,ST035,2026-09-24 13:04:00,3,6560.58,0.00,UPI
S0057290,C01668,P00503,ST014,2027-04-10 07:01:00,8,5972.66,0.00,CARD
S0057291,C00293,P01017,ST001,2027-02-21 02:00:00,3,4434.83,0.00,NET_BANKING
S0057292,C03819,P00753,ST026,2027-03-18 18:08:00,5,9739.34,0.10,CARD
S0057293,C01299,P00754,ST015,2026-10-01 20:18:00,7,4946.47,0.10,WALLET
S0057294,C00702,P00393,ST005,2026-11-29 03:38:00,5,7337.73,0.15,UPI
S0057295,C03178,P00446,ST026,2026-10-03 03:06:00,5,14903.24,0.05,WALLET
S0057296,C03262,P00445,ST025,2027-02-13 16:27:00,1,9889.85,0.05,UPI
S0057297,C02211,P00973,ST030,2026-11-11 20:42:00,6,13784.89,0.15,CARD
S0057298,C02735,P00607,ST008,2027-02-23 23:50:00,3,9830.20,0.05,CARD
S0057299,C01023,P00908,ST047,2027-03-23 21:51:00,4,10685.50,0.00,NET_BANKING
S0057300,C05254,P00160,ST012,2027-03-19 10:37:00,3,1889.89,0.00,COD
S0057301,C05194,P00311,ST006,2026-11-07 03:17:00,1,10510.03,0.00,NET_BANKING
S0057302,C00004,P01055,ST005,2026-11-17 09:19:00,3,1479.53,0.10,NET_BANKING
S0057303,C00592,P00776,ST041,2026-10-02 09:57:00,2,571.16,0.15,NET_BANKING
S0057304,C02059,P00825,ST022,2026-10-09 03:19:00,5,4481.95,0.10,COD
S0057305,C02329,P00988,ST044,2026-10-04 03:43:00,6,6169.02,0.15,UPI
S0057306,C04340,P00480,ST018,2026-09-14 21:52:00,1,2188.07,0.05,WALLET
S0057307,C05242,P00771,ST005,2026-11-10 12:04:00,6,9138.48,0.00,UPI
S0057308,C00401,P00549,ST033,2026-10-15 01:13:00,3,8615.76,0.00,UPI
S0057309,C02783,P00527,ST013,2027-05-05 22:21:00,7,14547.75,0.00,CARD
S0057310,C02089,P00369,ST036,2027-04-28 23:44:00,5,2410.82,0.10,CARD
S0057311,C03379,P00416,ST032,2026-09-11 23:40:00,2,7537.51,0.10,NET_BANKING
S0057312,C02497,P00932,ST009,2027-01-08 17:41:00,4,10233.75,0.10,CARD
S0057313,C05315,P00479,ST049,2027-04-19 01:06:00,6,1921.66,0.10,CARD
S0057314,C03606,P01008,ST019,2027-04-19 08:09:00,8,4594.78,0.15,NET_BANKING
S0057315,C04197,P00590,ST019,2026-12-31 12:11:00,7,265.48,0.10,WALLET
S0057316,C01217,P00251,ST008,2027-05-13 23:18:00,8,1347.37,0.10,CARD
S0057317,C01151,P00652,ST023,2026-10-21 11:30:00,6,7213.51,0.15,CARD
S0057318,C01275,P00504,ST020,2027-04-20 11:41:00,1,6640.14,0.00,COD
S0057319,C01294,P00196,ST015,2027-01-17 00:43:00,6,10921.34,0.10,NET_BANKING
S0057320,C05289,P00197,ST020,2027-02-03 04:32:00,4,14262.88,0.00,WALLET
S0057321,C03673,P00466,ST047,2026-09-23 03:00:00,6,4444.00,0.05,CARD
S0057322,C02160,P00356,ST041,2027-05-17 18:38:00,2,6310.49,0.00,CARD
S0057323,C01104,P00814,ST035,2026-09-25 06:09:00,8,1576.96,0.00,NET_BANKING
S0057324,C03654,P00344,ST047,2027-05-01 21:22:00,2,12170.01,0.00,UPI
S0057325,C02392,P00781,ST018,2027-03-22 13:04:00,6,8887.88,0.00,COD
S0057326,C03909,P00020,ST001,2027-04-17 18:42:00,2,1742.47,0.00,CARD
S0057327,C00806,P00645,ST026,2026-09-12 13:57:00,3,11979.98,0.00,WALLET
S0057328,C03658,P00020,ST009,2027-02-15 20:19:00,4,1306.84,0.15,COD
S0057329,C04275,P00933,ST002,2027-02-07 04:38:00,6,7457.39,0.10,NET_BANKING
S0057330,C03535,P00079,ST018,2026-10-28 05:19:00,8,398.24,0.05,NET_BANKING
S0057331,C02782,P00620,ST041,2027-03-27 12:34:00,2,1987.43,0.10,CARD
S0057332,C05443,P00912,ST006,2026-10-25 03:47:00,5,12258.78,0.15,CARD
S0057333,C03762,P00811,ST030,2026-11-22 17:14:00,4,12059.60,0.00,CARD
S0057334,C02659,P00648,ST045,2026-11-18 01:42:00,4,4120.80,0.10,UPI
S0057335,C03031,P00217,ST048,2026-09-06 17:15:00,6,10077.87,0.00,COD
S0057336,C00773,P00071,ST028,2027-01-18 04:23:00,5,11038.49,0.00,COD
S0057337,C00593,P00346,ST010,2026-10-14 14:25:00,6,10411.85,0.10,CARD
S0057338,C05005,P00541,ST046,2027-05-11 15:00:00,8,12514.58,0.00,CARD
S0057339,C04463,P00928,ST009,2026-12-11 22:20:00,4,6951.77,0.15,CARD
S0057340,C01313,P00791,ST028,2027-04-07 07:05:00,3,5011.64,0.00,WALLET
S0057341,C01274,P00578,ST047,2026-09-05 08:21:00,2,2566.07,0.05,WALLET
S0057342,C04633,P00212,ST012,2027-03-01 18:59:00,3,13581.02,0.10,CARD
S0057343,C00379,P00838,ST027,2026-09-01 19:24:00,8,11094.78,0.10,NET_BANKING
S0057344,C00460,P01080,ST019,2027-05-15 22:29:00,3,3705.04,0.05,COD
S0057345,C02061,P00273,ST015,2027-04-14 10:05:00,5,1657.16,0.05,COD
S0057346,C05490,P00857,ST035,2026-12-17 23:08:00,5,10083.38,0.00,UPI
S0057347,C04531,P00733,ST029,2026-09-04 16:48:00,3,7733.54,0.00,CARD
S0057348,C02953,P00877,ST029,2027-05-12 21:21:00,4,9491.54,0.15,WALLET
S0057349,C01522,P00930,ST026,2027-04-14 03:45:00,1,3721.19,0.10,NET_BANKING
S0057350,C04455,P00053,ST034,2027-01-20 06:18:00,1,4727.29,0.00,UPI
S0057351,C00656,P00041,ST023,2026-09-15 04:18:00,6,1420.91,0.10,COD
S0057352,C04548,P00465,ST019,2026-11-05 20:00:00,5,2736.41,0.15,NET_BANKING
S0057353,C02284,P01012,ST011,2027-03-25 08:32:00,7,683.98,0.10,WALLET
S0057354,C01576,P00667,ST039,2027-05-04 14:42:00,4,14053.41,0.15,COD
S0057355,C03865,P01018,ST035,2027-01-29 00:42:00,7,2595.15,0.10,NET_BANKING
S0057356,C00303,P00755,ST038,2026-11-24 08:23:00,2,13881.05,0.15,NET_BANKING
S0057357,C00565,P00255,ST028,2027-04-16 09:58:00,7,6191.54,0.05,CARD
S0057358,C01731,P00875,ST004,2027-01-06 19:08:00,5,9193.50,0.15,CARD
S0057359,C03995,P00353,ST006,2026-09-11 21:01:00,4,10161.42,0.05,CARD
S0057360,C02155,P01085,ST039,2026-09-01 02:22:00,7,3160.67,0.00,NET_BANKING
S0057361,C01249,P00203,ST001,2026-12-09 20:33:00,2,1071.23,0.00,CARD
S0057362,C00163,P00333,ST040,2026-11-01 23:07:00,5,1647.52,0.15,CARD
S0057363,C00471,P00453,ST009,2026-12-24 11:43:00,7,7401.19,0.00,COD
S0057364,C04408,P00180,ST007,2027-02-13 03:27:00,8,12378.45,0.00,NET_BANKING
S0057365,C05038,P00810,ST010,2027-03-11 04:54:00,8,5274.62,0.15,NET_BANKING
S0057366,C02653,P00112,ST024,2026-09-28 23:04:00,6,1012.33,0.00,UPI
S0057367,C01104,P00195,ST038,2026-11-11 00:06:00,7,10101.96,0.10,UPI
S0057368,C03787,P00167,ST015,2026-12-14 03:26:00,6,9994.61,0.10,CARD
S0057369,C00015,P00825,ST050,2027-04-19 01:06:00,6,4481.95,0.00,COD
S0057370,C03235,P00568,ST003,2026-12-09 23:05:00,8,11436.07,0.15,WALLET
S0057371,C00764,P01095,ST033,2027-04-03 07:26:00,8,2085.53,0.05,CARD
S0057372,C01560,P00075,ST004,2027-02-21 16:11:00,7,288.24,0.15,CARD
S0057373,C01700,P00291,ST009,2026-09-13 10:51:00,4,3274.34,0.00,WALLET
S0057374,C01758,P00166,ST048,2026-10-12 16:14:00,1,8032.81,0.05,WALLET
S0057375,C03283,P00729,ST026,2027-02-04 17:35:00,5,5458.72,0.00,UPI
S0057376,C01335,P00889,ST032,2027-04-29 22:29:00,5,10263.87,0.10,COD
S0057377,C02123,P01093,ST016,2026-10-19 21:59:00,3,3480.82,0.00,UPI
S0057378,C02279,P00614,ST037,2027-05-04 02:30:00,7,71.45,0.15,NET_BANKING
S0057379,C00284,P00345,ST035,2027-03-27 21:25:00,3,1997.78,0.00,CARD
S0057380,C04838,P00921,ST040,2026-10-12 22:11:00,3,10747.60,0.00,UPI
S0057381,C02863,P00383,ST050,2027-04-14 03:36:00,4,4193.79,0.10,NET_BANKING
S0057382,C04214,P00647,ST037,2026-09-26 17:11:00,4,8946.93,0.00,CARD
S0057383,C02199,P00974,ST027,2027-02-28 14:41:00,8,2875.19,0.10,WALLET
S0057384,C05141,P00212,ST025,2027-05-19 03:20:00,7,13581.02,0.15,COD
S0057385,C03624,P00658,ST013,2026-12-28 03:52:00,4,3910.13,0.15,WALLET
S0057386,C05169,P00017,ST011,2027-03-31 03:37:00,4,3528.42,0.15,COD
S0057387,C04422,P00825,ST018,2027-03-28 05:49:00,3,4481.95,0.00,NET_BANKING
S0057388,C03178,P00516,ST010,2026-11-09 17:06:00,2,7808.79,0.05,COD
S0057389,C04611,P00201,ST023,2027-01-27 18:41:00,7,7729.31,0.00,COD
S0057390,C02325,P00914,ST035,2026-11-05 11:47:00,6,14608.30,0.15,CARD
S0057391,C00258,P00523,ST031,2026-09-19 06:58:00,4,3568.60,0.00,COD
S0057392,C01656,P00185,ST015,2027-02-09 12:23:00,5,5998.13,0.00,CARD
S0057393,C01076,P00814,ST028,2026-09-01 20:44:00,8,1576.96,0.15,CARD
S0057394,C01093,P00451,ST033,2026-11-22 22:46:00,5,10085.19,0.10,COD
S0057395,C02688,P00392,ST008,2027-01-21 08:31:00,7,1926.43,0.10,UPI
S0057396,C04084,P00764,ST014,2026-12-01 00:22:00,5,2546.62,0.00,NET_BANKING
S0057397,C03544,P00716,ST046,2026-12-30 21:00:00,7,3403.75,0.15,NET_BANKING
S0057398,C01726,P00598,ST029,2026-12-23 07:20:00,7,4459.15,0.05,COD
S0057399,C01333,P00687,ST048,2026-09-20 02:42:00,4,10669.90,0.10,UPI
S0057400,C02436,P00984,ST028,2027-03-29 15:00:00,5,7532.32,0.00,CARD
S0057401,C05056,P00051,ST011,2026-09-05 09:24:00,7,8015.72,0.15,UPI
S0057402,C00041,P00165,ST025,2027-01-20 17:38:00,4,14497.74,0.00,NET_BANKING
S0057403,C02015,P00838,ST034,2026-10-31 00:49:00,1,11094.78,0.10,UPI
S0057404,C02252,P00954,ST033,2026-11-04 20:24:00,4,8183.55,0.10,WALLET
S0057405,C02671,P00807,ST003,2027-05-17 01:49:00,5,3804.96,0.00,WALLET
S0057406,C01183,P00044,ST009,2027-04-13 16:05:00,7,10352.60,0.00,WALLET
S0057407,C00727,P00442,ST024,2026-10-19 15:32:00,3,12602.76,0.15,UPI
S0057408,C02236,P00179,ST027,2026-09-15 01:26:00,1,6066.21,0.10,UPI
S0057409,C02714,P00488,ST029,2027-03-12 20:50:00,6,764.11,0.05,WALLET
S0057410,C05303,P01041,ST032,2026-09-23 06:54:00,2,4098.61,0.05,UPI
S0057411,C00550,P00538,ST046,2027-02-25 15:23:00,1,12711.98,0.00,COD
S0057412,C01284,P00698,ST013,2026-10-15 07:46:00,5,4891.44,0.10,WALLET
S0057413,C02801,P00681,ST002,2026-10-26 05:03:00,5,10247.66,0.00,UPI
S0057414,C01100,P00230,ST017,2027-01-13 10:10:00,1,9832.40,0.05,COD
S0057415,C02491,P00272,ST001,2026-11-21 09:08:00,1,13352.08,0.05,WALLET
S0057416,C04679,P00185,ST005,2027-05-15 23:15:00,3,5998.13,0.05,NET_BANKING
S0057417,C03244,P00487,ST045,2026-11-01 12:11:00,8,5449.32,0.05,UPI
S0057418,C03514,P00452,ST028,2027-01-13 12:40:00,2,3389.85,0.00,COD
S0057419,C02672,P00968,ST028,2027-02-09 18:38:00,8,10372.46,0.00,WALLET
S0057420,C05343,P00516,ST042,2027-04-13 05:44:00,5,7808.79,0.05,WALLET
S0057421,C01456,P00695,ST019,2027-04-05 09:02:00,5,13599.96,0.15,UPI
S0057422,C00989,P00359,ST009,2027-04-21 12:53:00,4,6112.49,0.00,COD
S0057423,C05428,P00768,ST009,2026-09-13 14:38:00,2,11814.22,0.15,COD
S0057424,C00236,P00196,ST044,2027-03-31 00:26:00,2,10921.34,0.15,COD
S0057425,C01871,P00798,ST005,2026-12-22 06:43:00,3,2788.26,0.00,WALLET
S0057426,C01792,P01029,ST014,2027-03-02 17:32:00,5,1602.30,0.00,COD
S0057427,C03753,P00802,ST004,2027-02-21 23:51:00,4,4433.25,0.05,UPI
S0057428,C00372,P01051,ST038,2027-01-02 06:28:00,6,4829.01,0.10,UPI
S0057429,C02990,P00469,ST004,2027-04-13 00:13:00,4,12189.67,0.10,NET_BANKING
S0057430,C04153,P00675,ST029,2027-01-30 18:00:00,1,10065.36,0.15,UPI
S0057431,C04877,P00263,ST022,2027-03-17 03:27:00,8,12638.42,0.05,WALLET
S0057432,C02284,P00425,ST015,2026-11-08 17:36:00,4,14157.41,0.00,CARD
S0057433,C04506,P00649,ST021,2026-12-19 13:34:00,3,9552.52,0.00,WALLET
S0057434,C00474,P00898,ST048,2027-01-27 04:03:00,7,1340.84,0.00,COD
S0057435,C00097,P00844,ST043,2027-03-06 12:36:00,6,12073.09,0.15,WALLET
S0057436,C00006,P00260,ST047,2026-11-21 05:52:00,7,11471.26,0.10,WALLET
S0057437,C02461,P00651,ST027,2026-10-11 02:21:00,4,1796.64,0.00,COD
S0057438,C05263,P00820,ST038,2027-05-14 20:47:00,5,1994.37,0.00,WALLET
S0057439,C00765,P00226,ST022,2027-03-25 16:15:00,8,14378.99,0.15,CARD
S0057440,C00810,P00338,ST039,2026-11-08 16:04:00,5,9729.31,0.05,WALLET
S0057441,C02611,P00848,ST016,2027-02-20 12:17:00,3,12246.43,0.05,NET_BANKING
S0057442,C04405,P01036,ST002,2027-03-28 11:41:00,3,4840.62,0.05,UPI
S0057443,C01665,P00876,ST002,2027-04-02 10:08:00,3,13453.44,0.00,WALLET
S0057444,C00156,P00155,ST023,2026-10-18 19:28:00,3,7087.72,0.15,NET_BANKING
S0057445,C00551,P01010,ST044,2027-04-23 12:53:00,8,4011.17,0.05,COD
S0057446,C03484,P00319,ST013,2027-01-10 08:20:00,1,5444.74,0.05,COD
S0057447,C02328,P00241,ST001,2027-03-22 20:59:00,1,14291.38,0.00,WALLET
S0057448,C05448,P00361,ST044,2027-02-11 10:09:00,5,3502.39,0.10,COD
S0057449,C02409,P00242,ST034,2026-09-15 21:41:00,2,6380.48,0.10,NET_BANKING
S0057450,C01358,P00478,ST045,2027-01-14 13:48:00,6,1905.90,0.00,WALLET
S0057451,C01854,P00740,ST024,2026-09-15 20:25:00,1,10365.11,0.15,COD
S0057452,C03066,P00908,ST016,2026-09-23 18:18:00,4,10685.50,0.10,NET_BANKING
S0057453,C05276,P00410,ST018,2027-03-17 15:49:00,5,12139.70,0.05,NET_BANKING
S0057454,C05052,P00694,ST047,2027-02-19 07:38:00,7,11037.40,0.00,NET_BANKING
S0057455,C00680,P00305,ST030,2027-04-02 09:40:00,2,8188.13,0.10,NET_BANKING
S0057456,C04476,P01068,ST036,2026-11-04 23:54:00,6,3477.98,0.15,UPI
S0057457,C01719,P00179,ST035,2026-10-16 04:23:00,1,6066.21,0.05,UPI
S0057458,C00620,P00084,ST043,2026-09-07 12:18:00,4,9370.43,0.05,NET_BANKING
S0057459,C03607,P00505,ST031,2027-03-30 01:23:00,6,13158.37,0.00,UPI
S0057460,C00033,P00996,ST039,2027-02-05 21:37:00,1,12724.73,0.05,UPI
S0057461,C05027,P00005,ST003,2026-09-26 02:45:00,8,3720.45,0.15,UPI
S0057462,C05481,P00130,ST022,2026-09-24 03:13:00,3,1609.69,0.00,WALLET
S0057463,C02581,P00911,ST042,2027-03-21 06:07:00,7,10076.98,0.00,COD
S0057464,C05127,P00690,ST004,2027-03-25 05:31:00,1,4018.76,0.05,UPI
S0057465,C04702,P00816,ST020,2026-09-23 00:25:00,8,12563.10,0.00,COD
S0057466,C05089,P00853,ST027,2026-10-18 15:22:00,4,14567.44,0.05,NET_BANKING
S0057467,C02369,P00064,ST009,2026-10-22 03:29:00,2,9773.23,0.10,CARD
S0057468,C00897,P00913,ST010,2027-03-05 10:53:00,7,11417.61,0.05,NET_BANKING
S0057469,C02361,P00505,ST017,2027-04-30 05:17:00,8,13158.37,0.00,WALLET
S0057470,C00381,P00451,ST014,2026-11-24 10:17:00,2,10085.19,0.10,CARD
S0057471,C04355,P00996,ST038,2026-10-23 01:51:00,5,12724.73,0.00,NET_BANKING
S0057472,C03714,P00619,ST048,2027-04-10 03:20:00,2,14183.29,0.00,CARD
S0057473,C03310,P01024,ST041,2027-03-09 01:56:00,8,472.56,0.00,COD
S0057474,C02549,P00975,ST001,2026-11-20 21:10:00,8,14210.52,0.15,WALLET
S0057475,C00017,P00685,ST009,2027-03-03 17:21:00,5,2866.20,0.10,COD
S0057476,C04866,P00145,ST013,2027-01-30 17:31:00,1,10011.24,0.05,CARD
S0057477,C01388,P00002,ST018,2027-04-11 23:29:00,3,14309.77,0.15,CARD
S0057478,C01408,P00371,ST027,2026-10-08 06:50:00,6,7245.43,0.05,COD
S0057479,C02102,P00367,ST006,2027-03-17 13:14:00,5,13780.17,0.15,WALLET
S0057480,C00371,P00433,ST037,2026-09-09 07:16:00,7,6296.95,0.00,COD
S0057481,C04517,P00584,ST023,2026-09-26 02:27:00,7,1058.35,0.10,NET_BANKING
S0057482,C00644,P00921,ST034,2027-01-17 01:37:00,7,10747.60,0.10,COD
S0057483,C03641,P00867,ST040,2027-04-10 09:54:00,2,5370.01,0.00,CARD
S0057484,C01193,P00638,ST011,2026-12-28 15:00:00,7,8964.05,0.00,NET_BANKING
S0057485,C04795,P00941,ST040,2026-10-29 17:39:00,1,4779.66,0.05,WALLET
S0057486,C05369,P00985,ST005,2026-09-21 00:19:00,1,12971.94,0.15,CARD
S0057487,C00311,P00422,ST009,2027-01-11 00:36:00,4,8067.73,0.15,UPI
S0057488,C04789,P00288,ST003,2026-09-21 22:06:00,5,8330.78,0.15,CARD
S0057489,C05259,P01033,ST027,2027-04-11 08:16:00,6,3062.18,0.10,CARD
S0057490,C04373,P00595,ST012,2026-09-11 05:59:00,1,6648.58,0.05,CARD
S0057491,C04934,P00800,ST047,2026-10-28 02:36:00,6,14143.96,0.00,UPI
S0057492,C01628,P00311,ST010,2027-01-17 04:18:00,6,10510.03,0.10,NET_BANKING
S0057493,C04206,P00297,ST038,2027-04-04 01:22:00,4,10745.27,0.15,UPI
S0057494,C00254,P00359,ST007,2027-01-06 09:12:00,8,6112.49,0.00,CARD
S0057495,C02217,P00636,ST036,2026-11-27 11:55:00,3,12658.75,0.10,CARD
S0057496,C01422,P00569,ST021,2027-05-05 11:17:00,1,11413.80,0.10,WALLET
S0057497,C03841,P00967,ST034,2027-02-27 13:25:00,5,14531.68,0.10,UPI
S0057498,C04055,P00955,ST038,2027-05-14 11:42:00,2,5719.71,0.00,COD
S0057499,C03853,P00822,ST044,2026-12-25 10:35:00,8,11979.30,0.00,COD
S0057500,C03368,P00629,ST045,2027-01-02 22:59:00,8,11585.25,0.15,UPI
S0057501,C03079,P00596,ST021,2026-10-22 22:28:00,2,8194.29,0.00,WALLET
S0057502,C00096,P00188,ST042,2027-01-21 21:55:00,7,6455.12,0.15,UPI
S0057503,C00026,P00666,ST041,2027-01-10 12:26:00,1,12463.65,0.05,CARD
S0057504,C04573,P00462,ST001,2027-03-18 01:32:00,2,3972.80,0.10,UPI
S0057505,C01488,P00434,ST043,2026-12-26 23:39:00,8,11454.78,0.15,NET_BANKING
S0057506,C04175,P01069,ST040,2027-02-28 06:07:00,2,507.54,0.15,NET_BANKING
S0057507,C01913,P00253,ST033,2026-09-09 01:48:00,4,12129.99,0.15,COD
S0057508,C03584,P00756,ST041,2027-03-13 17:56:00,2,7470.61,0.00,NET_BANKING
S0057509,C00169,P00671,ST037,2027-02-07 10:48:00,8,12833.33,0.00,COD
S0057510,C05430,P00321,ST029,2026-09-03 12:29:00,6,1068.85,0.15,COD
S0057511,C03654,P00759,ST031,2026-12-09 02:54:00,7,2675.60,0.15,CARD
S0057512,C01137,P01021,ST027,2026-10-21 03:42:00,7,4377.85,0.00,NET_BANKING
S0057513,C05180,P00507,ST002,2027-03-23 07:32:00,7,13477.84,0.00,UPI
S0057514,C01470,P00806,ST025,2027-03-25 02:10:00,3,10445.92,0.00,NET_BANKING
S0057515,C04549,P00639,ST027,2026-09-30 14:22:00,1,5321.74,0.00,UPI
S0057516,C04238,P00995,ST047,2026-09-02 01:42:00,2,10497.82,0.10,WALLET
S0057517,C00634,P00537,ST027,2027-03-25 13:57:00,1,9956.19,0.15,UPI
S0057518,C05194,P00301,ST042,2027-03-11 00:27:00,8,2542.44,0.10,COD
S0057519,C03276,P00557,ST032,2026-10-13 15:02:00,1,9429.31,0.10,WALLET
S0057520,C02322,P00964,ST045,2027-03-29 01:36:00,6,5344.88,0.05,UPI
S0057521,C01782,P00534,ST007,2026-11-12 18:54:00,5,5928.36,0.05,COD
S0057522,C00651,P00686,ST025,2027-01-28 13:39:00,4,1168.81,0.15,WALLET
S0057523,C03545,P00917,ST037,2027-02-16 17:23:00,3,12206.45,0.00,WALLET
S0057524,C00631,P00007,ST002,2026-11-08 20:10:00,8,8987.92,0.15,UPI
S0057525,C03588,P00183,ST034,2026-10-29 14:09:00,5,4082.17,0.15,CARD
S0057526,C04666,P00973,ST006,2026-12-06 13:36:00,6,13784.89,0.00,WALLET
S0057527,C02494,P00598,ST046,2026-10-09 07:16:00,5,4459.15,0.00,WALLET
S0057528,C03316,P00337,ST021,2027-03-14 14:30:00,8,14544.49,0.00,NET_BANKING
S0057529,C00714,P00961,ST022,2027-01-16 00:52:00,4,13877.25,0.00,COD
S0057530,C04055,P00581,ST024,2026-12-03 14:29:00,1,5203.27,0.05,NET_BANKING
S0057531,C00942,P00682,ST048,2027-04-15 21:59:00,4,14995.19,0.15,COD
S0057532,C02321,P00877,ST050,2027-03-02 12:48:00,7,9491.54,0.00,CARD
S0057533,C04717,P00462,ST003,2027-03-19 22:42:00,6,3972.80,0.15,WALLET
S0057534,C00325,P00582,ST010,2027-03-13 00:36:00,4,3449.31,0.00,UPI
S0057535,C03983,P00098,ST045,2026-10-11 23:31:00,3,3874.92,0.00,UPI
S0057536,C03084,P00817,ST012,2026-12-30 16:53:00,6,11269.31,0.05,WALLET
S0057537,C04724,P00013,ST039,2026-12-20 05:40:00,8,6028.43,0.15,CARD
S0057538,C00480,P01036,ST039,2026-10-04 00:50:00,5,999.08,0.00,UPI
S0057539,C00956,P00525,ST028,2026-10-23 13:41:00,1,10778.97,0.05,NET_BANKING
S0057540,C01460,P00839,ST035,2026-11-03 07:45:00,7,14909.42,0.00,NET_BANKING
S0057541,C00316,P00349,ST049,2027-03-13 18:34:00,4,4491.15,0.15,WALLET
S0057542,C01494,P00623,ST001,2026-10-28 08:27:00,7,2478.31,0.10,WALLET
S0057543,C03866,P00282,ST004,2026-09-16 14:28:00,5,11737.73,0.10,NET_BANKING
S0057544,C02574,P00057,ST043,2027-01-30 08:06:00,2,6283.79,0.05,WALLET
S0057545,C01667,P00795,ST037,2027-01-30 08:47:00,4,123.55,0.00,CARD
S0057546,C04952,P00393,ST017,2026-10-13 21:59:00,4,7337.73,0.00,WALLET
S0057547,C03870,P01075,ST050,2026-10-15 12:46:00,3,4667.24,0.00,UPI
S0057548,C01668,P00279,ST032,2026-10-24 03:01:00,4,7949.95,0.15,NET_BANKING
S0057549,C03169,P00060,ST013,2027-01-16 09:14:00,2,13328.41,0.10,NET_BANKING
S0057550,C00062,P01080,ST030,2027-03-11 16:41:00,6,1126.38,0.10,UPI
S0057551,C01431,P00508,ST041,2026-11-09 22:32:00,6,14824.01,0.10,COD
S0057552,C00284,P00009,ST048,2027-05-02 02:44:00,5,14426.84,0.10,UPI
S0057553,C02619,P00479,ST009,2026-12-11 06:45:00,5,1921.66,0.00,NET_BANKING
S0057554,C03743,P00528,ST039,2026-10-09 01:11:00,2,12190.45,0.10,WALLET
S0057555,C02098,P00533,ST019,2027-03-28 03:44:00,3,13218.50,0.00,CARD
S0057556,C02255,P00213,ST008,2027-04-13 06:22:00,4,2854.32,0.00,WALLET
S0057557,C03488,P00579,ST015,2027-01-14 00:11:00,2,10886.45,0.00,CARD
S0057558,C03215,P00020,ST003,2026-10-09 03:45:00,4,143.52,0.00,COD
S0057559,C03369,P00784,ST008,2026-11-01 23:14:00,4,13461.16,0.00,COD
S0057560,C04132,P00847,ST040,2026-09-12 23:12:00,7,11650.44,0.00,WALLET
S0057561,C01030,P00892,ST049,2027-03-29 12:22:00,8,12540.67,0.05,CARD
S0057562,C05146,P01040,ST034,2027-02-02 11:48:00,5,1307.35,0.10,UPI
S0057563,C04139,P00119,ST014,2026-09-21 07:27:00,2,794.81,0.15,COD
S0057564,C02566,P00756,ST014,2027-02-22 01:08:00,8,7470.61,0.05,UPI
S0057565,C04375,P00097,ST009,2027-01-26 07:27:00,7,9879.74,0.00,CARD
S0057566,C01986,P00324,ST042,2026-11-24 12:41:00,4,2603.61,0.05,COD
S0057567,C04520,P00786,ST016,2027-01-01 01:19:00,5,8674.28,0.10,COD
S0057568,C01962,P00784,ST044,2026-10-20 10:08:00,7,13461.16,0.15,UPI
S0057569,C02517,P00408,ST042,2027-02-05 10:45:00,7,61.60,0.15,WALLET
S0057570,C04966,P00705,ST025,2027-01-23 04:46:00,7,12535.43,0.10,CARD
S0057571,C02958,P00616,ST036,2027-04-27 17:59:00,1,114.05,0.10,COD
S0057572,C02332,P00993,ST012,2026-11-05 14:32:00,3,11078.12,0.00,COD
S0057573,C03427,P00840,ST005,2027-04-26 00:37:00,3,4066.13,0.05,CARD
S0057574,C01361,P01089,ST005,2027-01-16 01:42:00,7,4288.48,0.00,COD
S0057575,C03946,P00754,ST002,2026-12-21 00:00:00,2,4946.47,0.05,WALLET
S0057576,C05183,P00474,ST008,2027-04-13 03:20:00,4,2329.87,0.10,CARD
S0057577,C00094,P00789,ST023,2027-03-16 11:35:00,2,2259.56,0.00,WALLET
S0057578,C00395,P01083,ST027,2027-05-05 17:30:00,8,60.49,0.00,WALLET
S0057579,C05483,P00666,ST029,2026-10-13 20:43:00,5,12463.65,0.00,CARD
S0057580,C01871,P00887,ST010,2026-09-02 12:24:00,4,6975.28,0.00,CARD
S0057581,C01566,P00046,ST048,2027-01-01 12:31:00,4,4750.20,0.00,UPI
S0057582,C04141,P00325,ST012,2027-04-28 16:35:00,2,878.26,0.00,UPI
S0057583,C03455,P00248,ST018,2026-12-13 21:05:00,7,13778.23,0.05,UPI
S0057584,C04794,P01061,ST041,2026-10-02 14:53:00,5,2273.14,0.00,UPI
S0057585,C00002,P00201,ST045,2027-05-08 22:11:00,4,7729.31,0.10,UPI
S0057586,C01925,P00842,ST040,2026-10-05 12:29:00,7,12208.32,0.15,CARD
S0057587,C03095,P00861,ST043,2026-11-01 06:51:00,1,3963.47,0.00,COD
S0057588,C03489,P00341,ST010,2027-04-08 01:39:00,1,12040.98,0.00,WALLET
S0057589,C02032,P00832,ST005,2027-03-08 13:42:00,2,12604.04,0.10,COD
S0057590,C00575,P00012,ST018,2026-09-26 19:41:00,5,50.90,0.15,CARD
S0057591,C01019,P00629,ST027,2027-03-12 23:34:00,1,11585.25,0.00,COD
S0057592,C01950,P00730,ST023,2027-04-26 00:19:00,3,3796.60,0.00,NET_BANKING
S0057593,C03275,P00381,ST032,2026-09-19 11:43:00,4,12953.05,0.05,UPI
S0057594,C01776,P00715,ST040,2026-11-18 18:40:00,5,9749.53,0.00,UPI
S0057595,C02835,P00099,ST036,2027-04-22 23:42:00,2,7954.37,0.05,WALLET
S0057596,C02740,P01062,ST030,2027-01-16 17:25:00,3,1028.64,0.15,UPI
S0057597,C04562,P00338,ST021,2027-03-12 06:07:00,7,9729.31,0.15,NET_BANKING
S0057598,C05232,P00563,ST008,2027-03-03 03:44:00,8,2736.29,0.15,UPI
S0057599,C02035,P00493,ST030,2026-09-13 06:19:00,3,10898.38,0.15,NET_BANKING
S0057600,C04149,P00791,ST029,2027-01-15 08:59:00,7,5011.64,0.00,NET_BANKING
S0057601,C04942,P00556,ST049,2027-02-21 07:51:00,8,4347.03,0.05,NET_BANKING
S0057602,C01543,P00983,ST021,2026-12-26 14:05:00,2,14539.34,0.00,UPI
S0057603,C03649,P01100,ST043,2027-03-23 03:53:00,1,4809.47,0.15,CARD
S0057604,C00879,P00381,ST007,2026-12-16 08:32:00,4,12953.05,0.10,COD
S0057605,C00723,P00722,ST010,2026-11-14 15:59:00,2,2303.35,0.00,NET_BANKING
S0057606,C03197,P00430,ST043,2027-03-25 09:06:00,5,5232.86,0.15,WALLET
S0057607,C02773,P00291,ST021,2026-09-06 20:54:00,2,3274.34,0.00,WALLET
S0057608,C04774,P00063,ST029,2026-11-20 16:44:00,7,9510.65,0.00,NET_BANKING
S0057609,C03382,P00214,ST018,2027-03-12 15:45:00,2,8311.62,0.05,CARD
S0057610,C05095,P00105,ST020,2027-01-03 02:01:00,2,7300.13,0.10,CARD
S0057611,C00560,P01035,ST024,2026-09-30 15:37:00,6,3612.04,0.15,NET_BANKING
S0057612,C04583,P00407,ST023,2027-03-30 20:15:00,8,6517.00,0.15,WALLET
S0057613,C04797,P00590,ST033,2026-11-22 11:03:00,4,265.48,0.00,NET_BANKING
S0057614,C04258,P00583,ST031,2027-01-15 11:45:00,6,5417.09,0.00,WALLET
S0057615,C05077,P00468,ST044,2027-02-28 20:16:00,3,2151.00,0.10,WALLET
S0057616,C02086,P00124,ST007,2026-12-19 07:33:00,8,9023.03,0.00,UPI
S0057617,C00445,P00845,ST015,2026-09-19 05:15:00,5,596.43,0.15,CARD
S0057618,C01912,P00884,ST033,2027-04-11 21:02:00,7,13619.78,0.00,UPI
S0057619,C00432,P00151,ST034,2027-04-29 19:05:00,5,9961.31,0.10,UPI
S0057620,C05126,P00245,ST042,2027-03-13 23:23:00,8,8201.28,0.10,UPI
S0057621,C01567,P00110,ST009,2027-05-19 11:18:00,7,11820.01,0.00,COD
S0057622,C04913,P00439,ST048,2026-12-16 17:41:00,6,11875.56,0.00,NET_BANKING
S0057623,C00550,P00370,ST032,2027-03-15 06:09:00,1,9728.34,0.00,NET_BANKING
S0057624,C01785,P00976,ST024,2027-03-08 09:19:00,1,3815.57,0.15,COD
S0057625,C01813,P00478,ST047,2026-11-22 22:57:00,3,1905.90,0.10,COD
S0057626,C02822,P00793,ST042,2027-02-28 00:57:00,3,9165.88,0.00,CARD
S0057627,C04818,P00041,ST022,2026-09-15 23:51:00,2,1420.91,0.00,WALLET
S0057628,C04609,P01078,ST042,2027-01-13 15:46:00,7,1033.60,0.00,CARD
S0057629,C05156,P00254,ST009,2027-01-16 13:18:00,6,1267.62,0.05,CARD
S0057630,C01143,P00564,ST040,2027-04-19 14:24:00,7,13288.39,0.00,COD
S0057631,C00456,P00462,ST024,2026-11-27 23:53:00,2,3972.80,0.05,COD
S0057632,C04364,P00621,ST048,2027-01-13 09:58:00,3,12280.84,0.15,UPI
S0057633,C04258,P00005,ST015,2026-11-27 09:09:00,4,3720.45,0.15,NET_BANKING
S0057634,C03011,P00704,ST028,2027-05-16 14:17:00,3,3700.74,0.00,UPI
S0057635,C00828,P00113,ST026,2026-10-26 19:29:00,8,13315.47,0.10,CARD
S0057636,C03671,P00745,ST019,2026-12-04 11:57:00,2,11887.46,0.05,COD
S0057637,C05131,P00509,ST011,2027-03-05 01:11:00,8,6695.51,0.05,UPI
S0057638,C04619,P00578,ST047,2027-01-04 12:21:00,7,2566.07,0.15,UPI
S0057639,C04085,P00550,ST023,2027-03-24 06:06:00,7,1961.46,0.05,UPI
S0057640,C02799,P00276,ST001,2026-11-11 10:07:00,5,6865.96,0.05,WALLET
S0057641,C03865,P00314,ST003,2027-03-15 05:34:00,7,1767.09,0.00,COD
S0057642,C01402,P00564,ST021,2027-04-19 09:32:00,4,13288.39,0.05,NET_BANKING
S0057643,C04616,P01098,ST048,2027-01-29 03:36:00,4,2542.23,0.15,NET_BANKING
S0057644,C04351,P00732,ST020,2027-02-26 08:33:00,4,7048.14,0.15,COD
S0057645,C00542,P00087,ST040,2027-02-07 15:37:00,6,2943.27,0.00,NET_BANKING
S0057646,C00397,P00443,ST037,2026-11-01 17:43:00,1,10115.80,0.15,WALLET
S0057647,C04711,P00017,ST030,2027-01-28 23:30:00,3,3528.42,0.15,COD
S0057648,C00086,P00509,ST007,2026-12-30 22:53:00,5,6695.51,0.15,NET_BANKING
S0057649,C01363,P00276,ST044,2026-12-19 11:40:00,5,6865.96,0.15,WALLET
S0057650,C01269,P00074,ST027,2027-03-20 05:38:00,3,9655.66,0.05,NET_BANKING
S0057651,C01857,P00037,ST049,2026-10-31 17:55:00,6,11915.11,0.00,CARD
S0057652,C01791,P00313,ST010,2027-03-05 13:37:00,3,7134.65,0.00,CARD
S0057653,C03331,P00467,ST043,2027-02-27 03:44:00,2,8776.36,0.00,WALLET
S0057654,C05411,P00649,ST036,2027-04-03 23:09:00,4,9552.52,0.10,CARD
S0057655,C01060,P00891,ST008,2027-04-13 16:59:00,1,2634.44,0.00,CARD
S0057656,C05076,P00394,ST050,2026-11-06 01:43:00,8,12895.03,0.00,UPI
S0057657,C04008,P00634,ST031,2027-02-09 09:51:00,1,13541.02,0.05,NET_BANKING
S0057658,C03760,P00106,ST020,2026-10-21 00:03:00,8,14238.90,0.05,CARD
S0057659,C02321,P00842,ST021,2026-12-30 10:10:00,4,12208.32,0.00,COD
S0057660,C01881,P00656,ST031,2026-11-12 01:11:00,5,5514.15,0.10,CARD
S0057661,C02249,P00545,ST045,2026-12-23 16:00:00,5,2928.27,0.05,NET_BANKING
S0057662,C02843,P00879,ST046,2027-02-15 23:39:00,6,5207.36,0.10,WALLET
S0057663,C02761,P00740,ST043,2027-01-05 20:55:00,4,10365.11,0.15,NET_BANKING
S0057664,C03126,P00787,ST043,2027-01-31 06:14:00,6,12290.08,0.05,COD
S0057665,C02693,P00713,ST004,2026-12-24 15:26:00,6,3603.18,0.05,UPI
S0057666,C00829,P00834,ST010,2026-11-30 11:29:00,7,13773.56,0.10,NET_BANKING
S0057667,C03169,P00785,ST049,2027-03-22 18:06:00,2,8966.99,0.05,COD
S0057668,C02045,P00806,ST008,2027-03-14 06:24:00,7,10445.92,0.00,NET_BANKING
S0057669,C05470,P00740,ST042,2026-09-26 19:44:00,6,10365.11,0.15,NET_BANKING
S0057670,C00192,P00031,ST048,2027-05-01 09:28:00,1,13784.17,0.00,WALLET
S0057671,C05115,P01084,ST045,2026-09-25 08:56:00,3,576.27,0.10,UPI
S0057672,C04625,P00538,ST024,2027-05-07 12:01:00,3,12711.98,0.00,CARD
S0057673,C05002,P00024,ST007,2027-01-07 04:12:00,7,7530.12,0.05,WALLET
S0057674,C01550,P00399,ST050,2026-09-29 11:04:00,5,12674.98,0.10,NET_BANKING
S0057675,C03523,P00491,ST025,2027-01-09 22:48:00,8,4754.80,0.00,NET_BANKING
S0057676,C05074,P00019,ST017,2027-01-21 10:24:00,5,4767.41,0.00,CARD
S0057677,C03643,P00551,ST015,2026-12-03 02:47:00,4,9996.39,0.00,CARD
S0057678,C01349,P00245,ST019,2027-02-18 03:22:00,7,8201.28,0.05,NET_BANKING
S0057679,C04737,P00348,ST009,2027-04-05 04:27:00,6,6541.94,0.00,WALLET
S0057680,C00289,P01003,ST037,2026-12-18 08:55:00,3,807.58,0.05,WALLET
S0057681,C02999,P01099,ST001,2026-12-22 11:34:00,5,4679.07,0.05,NET_BANKING
S0057682,C04439,P00368,ST047,2027-03-26 04:19:00,4,14776.53,0.00,COD
S0057683,C03290,P00839,ST017,2026-09-05 00:14:00,8,14909.42,0.10,UPI
S0057684,C02071,P00636,ST031,2026-10-28 20:48:00,8,12658.75,0.00,WALLET
S0057685,C01737,P00451,ST002,2026-09-04 19:34:00,3,10085.19,0.05,COD
S0057686,C02783,P00354,ST001,2026-09-27 04:35:00,2,11455.34,0.15,COD
S0057687,C00578,P00281,ST037,2026-09-01 01:27:00,2,12950.39,0.00,NET_BANKING
S0057688,C02875,P00337,ST043,2027-02-16 02:15:00,8,14544.49,0.05,CARD
S0057689,C01823,P00629,ST042,2026-09-23 11:50:00,5,11585.25,0.05,WALLET
S0057690,C00303,P00657,ST047,2026-10-08 01:02:00,2,5978.63,0.00,WALLET
S0057691,C04251,P00637,ST015,2027-05-02 16:20:00,5,14361.31,0.00,CARD
S0057692,C01257,P00216,ST007,2026-09-24 04:58:00,1,1540.77,0.05,NET_BANKING
S0057693,C01454,P00753,ST005,2027-03-31 02:23:00,5,9739.34,0.05,COD
S0057694,C03498,P00497,ST005,2026-11-25 13:03:00,8,9469.60,0.05,COD
S0057695,C01482,P00944,ST040,2026-12-02 16:26:00,6,13637.69,0.00,CARD
S0057696,C03918,P00682,ST024,2027-04-15 15:53:00,6,14995.19,0.10,CARD
S0057697,C01177,P00453,ST024,2027-03-15 01:44:00,2,7401.19,0.15,COD
S0057698,C01049,P00885,ST049,2027-04-15 20:52:00,5,2276.62,0.05,CARD
S0057699,C01240,P00766,ST010,2026-10-13 12:02:00,5,889.54,0.15,WALLET
S0057700,C01584,P00993,ST021,2027-02-21 02:38:00,5,11078.12,0.00,COD
S0057701,C03802,P00786,ST008,2027-04-18 11:42:00,3,8674.28,0.00,COD
S0057702,C03206,P00200,ST020,2026-12-20 13:31:00,4,12660.04,0.15,UPI
S0057703,C05202,P00407,ST038,2027-02-19 05:43:00,1,6517.00,0.10,NET_BANKING
S0057704,C04423,P00243,ST030,2027-03-01 06:50:00,4,6859.66,0.10,COD
S0057705,C04844,P00759,ST035,2026-12-14 15:52:00,3,2675.60,0.00,COD
S0057706,C00148,P00845,ST027,2026-11-22 07:10:00,8,596.43,0.00,WALLET
S0057707,C04767,P00721,ST016,2027-01-02 14:52:00,8,2539.40,0.05,NET_BANKING
S0057708,C01181,P01077,ST048,2027-05-04 05:48:00,3,778.23,0.00,CARD
S0057709,C00301,P00404,ST024,2027-02-23 14:16:00,8,2015.34,0.15,COD
S0057710,C01044,P00084,ST044,2027-03-29 12:57:00,8,9370.43,0.15,UPI
S0057711,C00686,P00128,ST046,2026-09-23 09:02:00,4,12585.65,0.05,WALLET
S0057712,C04269,P00584,ST005,2027-04-10 23:34:00,2,1058.35,0.10,WALLET
S0057713,C03340,P00224,ST032,2027-04-08 04:35:00,1,2208.50,0.00,WALLET
S0057714,C01781,P00504,ST002,2026-11-29 03:23:00,3,6640.14,0.15,NET_BANKING
S0057715,C05356,P00857,ST013,2026-11-08 23:40:00,4,10083.38,0.00,WALLET
S0057716,C03023,P00667,ST049,2026-09-19 02:03:00,2,14053.41,0.00,WALLET
S0057717,C02509,P00802,ST030,2026-12-08 03:16:00,5,4433.25,0.15,UPI
S0057718,C02227,P00005,ST013,2027-03-31 22:19:00,8,3720.45,0.00,WALLET
S0057719,C02142,P00137,ST041,2027-02-16 15:30:00,8,9416.73,0.00,UPI
S0057720,C03620,P00803,ST028,2026-10-24 12:42:00,4,4458.92,0.15,CARD
S0057721,C01676,P00729,ST009,2027-03-01 05:22:00,8,5458.72,0.10,NET_BANKING
S0057722,C00105,P00811,ST018,2026-09-04 13:30:00,3,12059.60,0.10,UPI
S0057723,C04206,P00953,ST039,2026-09-04 19:02:00,4,11654.98,0.10,UPI
S0057724,C01599,P00693,ST014,2026-12-15 19:07:00,1,10171.16,0.10,NET_BANKING
S0057725,C03779,P00537,ST042,2026-10-13 06:24:00,2,9956.19,0.00,UPI
S0057726,C02442,P00454,ST009,2026-12-08 00:16:00,5,8517.58,0.00,WALLET
S0057727,C00828,P00521,ST002,2027-03-15 20:34:00,5,6093.07,0.05,UPI
S0057728,C02026,P00792,ST042,2027-05-08 21:31:00,6,13052.60,0.10,UPI
S0057729,C03558,P00431,ST046,2026-09-13 06:20:00,1,13380.90,0.00,UPI
S0057730,C02315,P00913,ST044,2027-02-28 22:56:00,6,11417.61,0.15,CARD
S0057731,C00901,P00196,ST038,2027-01-24 05:19:00,6,10921.34,0.15,NET_BANKING
S0057732,C03500,P00140,ST006,2026-09-18 00:24:00,4,343.17,0.15,UPI
S0057733,C02516,P00336,ST016,2026-10-13 19:58:00,4,10827.01,0.10,UPI
S0057734,C03575,P00961,ST027,2027-03-29 21:07:00,8,13877.25,0.00,NET_BANKING
S0057735,C04527,P00977,ST019,2027-04-15 23:17:00,5,12203.63,0.00,CARD
S0057736,C05152,P00859,ST037,2026-11-22 13:28:00,8,4987.90,0.00,NET_BANKING
S0057737,C01346,P00266,ST022,2026-10-22 15:33:00,4,13447.25,0.00,WALLET
S0057738,C01957,P00920,ST033,2026-10-28 14:43:00,2,13420.77,0.00,WALLET
S0057739,C03806,P00252,ST005,2026-11-10 04:29:00,5,10612.68,0.00,COD
S0057740,C00815,P00784,ST004,2026-09-14 07:45:00,1,13461.16,0.15,COD
S0057741,C01859,P00399,ST012,2027-04-22 19:24:00,8,12674.98,0.05,COD
S0057742,C02829,P00722,ST023,2027-04-23 19:04:00,6,2303.35,0.10,UPI
S0057743,C03884,P00471,ST025,2027-02-16 08:25:00,8,8186.09,0.10,COD
S0057744,C04273,P00493,ST037,2026-09-08 10:56:00,7,10898.38,0.15,UPI
S0057745,C03383,P00734,ST015,2027-03-19 16:54:00,1,2368.19,0.10,COD
S0057746,C01849,P00493,ST012,2027-03-02 17:49:00,5,10898.38,0.00,COD
S0057747,C01204,P00836,ST033,2026-11-25 16:05:00,4,8199.84,0.10,WALLET
S0057748,C00090,P00877,ST036,2026-10-24 21:27:00,2,9491.54,0.05,NET_BANKING
S0057749,C00723,P00101,ST038,2027-03-27 21:34:00,4,8045.20,0.10,CARD
S0057750,C01023,P00116,ST022,2027-01-23 04:57:00,7,6123.57,0.00,CARD
S0057751,C04828,P00481,ST031,2027-04-17 23:19:00,8,10052.76,0.10,CARD
S0057752,C00351,P00789,ST007,2027-01-24 03:00:00,1,2259.56,0.05,CARD
S0057753,C05313,P00353,ST012,2027-02-16 15:04:00,8,10161.42,0.15,WALLET
S0057754,C02671,P00445,ST005,2027-02-11 08:25:00,7,9889.85,0.00,COD
S0057755,C03094,P00101,ST039,2026-11-22 11:40:00,6,8045.20,0.00,NET_BANKING
S0057756,C04815,P00549,ST007,2026-11-11 15:26:00,8,8615.76,0.00,CARD
S0057757,C05018,P00264,ST018,2026-11-05 14:43:00,4,3453.32,0.00,NET_BANKING
S0057758,C01292,P00853,ST017,2027-01-31 08:44:00,7,14567.44,0.00,WALLET
S0057759,C03447,P00810,ST012,2027-01-12 17:00:00,3,5274.62,0.00,CARD
S0057760,C05228,P00740,ST007,2026-09-28 02:27:00,3,10365.11,0.05,WALLET
S0057761,C01636,P01005,ST048,2026-10-02 08:20:00,6,109.39,0.05,COD
S0057762,C02993,P00414,ST004,2026-09-24 21:03:00,2,11326.94,0.10,UPI
S0057763,C01874,P00197,ST014,2027-03-18 23:59:00,3,14262.88,0.00,UPI
S0057764,C01083,P00018,ST003,2026-11-15 22:14:00,1,10580.36,0.15,WALLET
S0057765,C04923,P00041,ST021,2026-10-19 13:10:00,1,1420.91,0.00,WALLET
S0057766,C04419,P00046,ST039,2027-01-22 12:39:00,1,4750.20,0.15,CARD
S0057767,C01760,P00476,ST001,2026-11-10 12:16:00,4,10059.57,0.05,COD
S0057768,C00672,P00602,ST009,2026-10-25 14:50:00,4,10282.25,0.15,UPI
S0057769,C03704,P00415,ST028,2027-02-16 04:57:00,8,3287.41,0.05,COD
S0057770,C00087,P00531,ST035,2027-01-18 10:00:00,5,137.66,0.15,NET_BANKING
S0057771,C03150,P00860,ST039,2027-02-07 16:42:00,3,207.98,0.15,COD
S0057772,C03878,P00345,ST014,2027-02-06 21:00:00,8,1997.78,0.00,UPI
S0057773,C00541,P01077,ST041,2026-11-17 23:32:00,7,4469.34,0.15,COD
S0057774,C05200,P00961,ST038,2027-03-27 20:20:00,2,13877.25,0.00,NET_BANKING
S0057775,C01346,P00424,ST041,2027-05-01 18:24:00,6,12370.62,0.15,WALLET
S0057776,C01862,P00804,ST033,2027-01-05 14:48:00,3,13775.11,0.05,CARD
S0057777,C00486,P00736,ST049,2027-04-02 21:40:00,4,10626.28,0.05,COD
S0057778,C00116,P00508,ST014,2026-11-30 13:24:00,4,14824.01,0.00,UPI
S0057779,C03589,P00354,ST035,2027-04-28 22:02:00,4,11455.34,0.00,COD
S0057780,C02657,P00865,ST032,2027-05-06 15:36:00,7,8660.01,0.10,CARD
S0057781,C03601,P01058,ST019,2027-02-23 23:42:00,2,3749.89,0.00,COD
S0057782,C00034,P00346,ST028,2026-10-10 13:11:00,1,10411.85,0.15,COD
S0057783,C05406,P00795,ST049,2027-01-09 06:31:00,2,123.55,0.05,CARD
S0057784,C04090,P00790,ST016,2026-12-05 06:43:00,8,14518.69,0.00,COD
S0057785,C03550,P00091,ST016,2026-11-28 20:57:00,7,11974.70,0.00,NET_BANKING
S0057786,C00516,P00760,ST046,2027-04-08 08:29:00,6,13523.24,0.05,CARD
S0057787,C05204,P00645,ST008,2027-01-23 19:04:00,3,11979.98,0.05,COD
S0057788,C04707,P00627,ST001,2027-02-05 18:21:00,2,12769.96,0.05,NET_BANKING
S0057789,C00952,P00107,ST010,2027-02-12 12:34:00,6,7220.47,0.10,COD
S0057790,C02285,P00073,ST025,2026-09-03 00:10:00,2,13519.47,0.00,UPI
S0057791,C01362,P01024,ST004,2027-03-19 15:54:00,6,1248.30,0.10,CARD
S0057792,C04516,P00420,ST048,2027-03-02 01:08:00,4,13992.32,0.00,UPI
S0057793,C02734,P01045,ST023,2026-09-26 13:18:00,7,3320.33,0.10,UPI
S0057794,C04725,P00489,ST003,2027-02-17 19:44:00,4,12272.05,0.00,COD
S0057795,C01148,P00611,ST019,2027-04-26 22:01:00,1,13074.44,0.00,NET_BANKING
S0057796,C01013,P01010,ST025,2026-12-17 10:13:00,8,2614.66,0.00,WALLET
S0057797,C00010,P00185,ST041,2027-02-12 00:51:00,2,5998.13,0.10,UPI
S0057798,C02981,P00289,ST009,2026-10-13 04:47:00,2,535.61,0.05,WALLET
S0057799,C04757,P00018,ST026,2026-09-13 22:26:00,7,10580.36,0.00,NET_BANKING
S0057800,C00957,P00800,ST009,2026-10-07 01:24:00,5,14143.96,0.00,UPI
S0057801,C03911,P00173,ST006,2026-10-27 05:20:00,2,2556.28,0.10,WALLET
S0057802,C00632,P00260,ST029,2027-04-01 06:23:00,1,11471.26,0.15,CARD
S0057803,C05278,P01073,ST021,2027-02-24 16:14:00,7,4840.81,0.00,UPI
S0057804,C02289,P00842,ST042,2026-10-18 19:58:00,2,12208.32,0.05,UPI
S0057805,C04678,P00656,ST050,2026-11-03 03:31:00,3,5514.15,0.15,CARD
S0057806,C00044,P00956,ST003,2027-04-27 09:33:00,7,1818.03,0.15,WALLET
S0057807,C02526,P00386,ST018,2027-04-24 00:20:00,1,344.42,0.10,WALLET
S0057808,C01764,P00210,ST050,2026-11-17 11:42:00,5,3260.81,0.00,CARD
S0057809,C02623,P00410,ST026,2026-11-08 00:02:00,1,12139.70,0.15,WALLET
S0057810,C03169,P00683,ST033,2026-10-01 18:40:00,8,6906.08,0.15,UPI
S0057811,C01661,P00196,ST041,2027-04-08 03:13:00,6,10921.34,0.00,NET_BANKING
S0057812,C03396,P00366,ST018,2027-02-24 03:11:00,8,13188.09,0.10,UPI
S0057813,C02390,P00310,ST040,2026-11-10 19:47:00,7,7286.34,0.00,UPI
S0057814,C00064,P00325,ST032,2027-04-27 13:21:00,3,878.26,0.05,COD
S0057815,C01497,P00158,ST046,2026-10-12 09:46:00,1,3652.82,0.00,UPI
S0057816,C05466,P00702,ST042,2026-09-19 04:26:00,4,10861.46,0.15,NET_BANKING
S0057817,C01111,P00392,ST007,2026-11-22 00:47:00,6,1926.43,0.10,COD
S0057818,C00484,P00893,ST038,2027-01-07 20:58:00,5,11968.39,0.00,UPI
S0057819,C00679,P00135,ST031,2027-01-13 18:02:00,3,4518.74,0.00,NET_BANKING
S0057820,C03091,P00893,ST033,2027-03-27 21:39:00,6,11968.39,0.00,COD
S0057821,C00959,P00307,ST013,2026-10-13 03:44:00,5,13759.94,0.10,NET_BANKING
S0057822,C03567,P01086,ST035,2026-12-20 15:58:00,1,4560.16,0.05,UPI
S0057823,C03969,P00926,ST046,2026-12-13 03:14:00,5,11337.89,0.00,WALLET
S0057824,C04848,P00240,ST001,2027-05-14 23:37:00,4,9582.36,0.00,COD
S0057825,C00734,P00503,ST013,2027-02-28 21:32:00,2,5972.66,0.15,WALLET
S0057826,C00795,P00973,ST047,2026-11-21 08:16:00,8,13784.89,0.00,NET_BANKING
S0057827,C03067,P00551,ST024,2026-10-15 04:04:00,3,9996.39,0.05,COD
S0057828,C01363,P00717,ST021,2027-03-06 03:17:00,1,679.75,0.00,NET_BANKING
S0057829,C04028,P00031,ST034,2026-11-03 05:16:00,5,13784.17,0.00,COD
S0057830,C03677,P00624,ST004,2027-01-08 18:35:00,5,10459.90,0.05,CARD
S0057831,C01554,P01033,ST024,2026-11-28 09:30:00,1,3463.29,0.10,WALLET
S0057832,C02958,P00381,ST012,2027-04-13 21:44:00,8,12953.05,0.00,COD
S0057833,C05181,P01096,ST007,2027-03-22 03:09:00,4,3336.11,0.00,UPI
S0057834,C03169,P00173,ST043,2027-05-17 05:06:00,4,2556.28,0.10,NET_BANKING
S0057835,C00425,P00959,ST012,2026-11-18 10:47:00,6,9477.36,0.00,UPI
S0057836,C01508,P00473,ST042,2026-09-01 02:09:00,1,671.21,0.15,NET_BANKING
S0057837,C00176,P00188,ST022,2027-01-19 14:11:00,6,6455.12,0.05,NET_BANKING
S0057838,C02061,P00666,ST050,2027-02-15 23:23:00,1,12463.65,0.05,CARD
S0057839,C01371,P00909,ST038,2026-11-14 19:29:00,3,12153.06,0.15,WALLET
S0057840,C01213,P01080,ST033,2027-03-15 10:50:00,1,846.70,0.00,UPI
S0057841,C01425,P00256,ST047,2026-12-05 15:37:00,2,1987.06,0.15,COD
S0057842,C05203,P00676,ST001,2027-04-04 13:37:00,7,13208.41,0.10,UPI
S0057843,C04565,P00796,ST007,2027-04-08 20:12:00,1,7252.60,0.00,NET_BANKING
S0057844,C01883,P00860,ST010,2027-02-26 04:50:00,4,207.98,0.15,CARD
S0057845,C04464,P00265,ST013,2027-03-26 08:15:00,8,11238.83,0.00,UPI
S0057846,C04824,P00046,ST023,2027-01-22 14:54:00,2,4750.20,0.00,CARD
S0057847,C01799,P00947,ST041,2026-09-10 00:56:00,4,5493.18,0.10,NET_BANKING
S0057848,C03729,P00196,ST005,2027-02-24 03:27:00,1,10921.34,0.10,CARD
S0057849,C05031,P00148,ST036,2027-02-05 19:52:00,3,4636.94,0.10,CARD
S0057850,C02286,P00115,ST022,2027-02-26 17:29:00,7,7420.65,0.00,NET_BANKING
S0057851,C00086,P00581,ST011,2027-05-17 01:17:00,7,5203.27,0.15,UPI
S0057852,C01341,P00702,ST035,2027-03-29 14:26:00,5,10861.46,0.05,NET_BANKING
S0057853,C04477,P00666,ST033,2026-10-14 05:23:00,6,12463.65,0.05,UPI
S0057854,C04019,P00757,ST003,2026-11-30 01:19:00,4,226.72,0.15,UPI
S0057855,C03300,P00015,ST004,2026-09-05 11:24:00,7,6091.54,0.00,CARD
S0057856,C04217,P00446,ST014,2026-11-16 19:40:00,8,14903.24,0.15,UPI
S0057857,C01155,P00419,ST005,2027-02-23 06:50:00,3,11021.19,0.00,WALLET
S0057858,C02886,P00399,ST029,2026-10-15 07:00:00,4,12674.98,0.10,WALLET
S0057859,C00593,P01097,ST033,2027-03-13 18:00:00,5,413.77,0.05,NET_BANKING
S0057860,C02839,P00130,ST004,2026-09-26 23:09:00,4,1609.69,0.05,COD
S0057861,C00798,P00486,ST010,2027-01-06 07:00:00,2,10044.32,0.00,COD
S0057862,C00073,P00238,ST024,2027-04-16 12:58:00,2,2175.91,0.05,WALLET
S0057863,C03721,P00352,ST028,2027-04-29 15:50:00,6,13564.85,0.10,CARD
S0057864,C01189,P01056,ST001,2027-01-15 19:27:00,1,2316.28,0.00,NET_BANKING
S0057865,C02615,P00231,ST019,2026-11-29 15:37:00,5,4512.73,0.10,WALLET
S0057866,C05469,P00196,ST013,2027-03-05 07:16:00,6,10921.34,0.00,CARD
S0057867,C04591,P00556,ST025,2027-03-01 14:24:00,2,4347.03,0.00,NET_BANKING
S0057868,C03111,P00602,ST028,2027-04-28 10:01:00,4,10282.25,0.05,NET_BANKING
S0057869,C02199,P00305,ST010,2026-11-08 17:33:00,3,8188.13,0.00,WALLET
S0057870,C03130,P00225,ST005,2027-05-02 05:33:00,7,9830.38,0.10,COD
S0057871,C02514,P00558,ST038,2027-02-03 13:50:00,2,2884.27,0.10,CARD
S0057872,C03534,P00871,ST023,2026-11-06 09:41:00,6,9556.52,0.00,CARD
S0057873,C03992,P00279,ST022,2027-01-09 09:46:00,3,7949.95,0.15,WALLET
S0057874,C03334,P00695,ST036,2026-11-20 03:28:00,5,13599.96,0.00,CARD
S0057875,C03382,P00264,ST004,2027-03-20 21:25:00,4,3453.32,0.10,UPI
S0057876,C02571,P00482,ST017,2026-09-09 11:43:00,5,3964.41,0.00,WALLET
S0057877,C03175,P00944,ST037,2027-04-12 11:00:00,1,13637.69,0.00,WALLET
S0057878,C04602,P00585,ST019,2027-04-12 22:18:00,6,4078.01,0.00,WALLET
S0057879,C01440,P00395,ST006,2026-09-27 04:43:00,5,4137.07,0.00,UPI
S0057880,C04589,P00003,ST019,2027-01-03 06:58:00,6,9487.90,0.05,NET_BANKING
S0057881,C04098,P00872,ST039,2026-10-17 05:59:00,3,6939.07,0.10,UPI
S0057882,C01635,P00132,ST013,2026-09-17 22:42:00,1,661.50,0.00,CARD
S0057883,C04943,P00506,ST046,2026-09-05 17:41:00,3,4110.78,0.00,NET_BANKING
S0057884,C03960,P00134,ST038,2027-05-09 07:45:00,5,9455.44,0.00,NET_BANKING
S0057885,C00536,P00050,ST018,2026-12-31 09:37:00,5,930.35,0.05,COD
S0057886,C01210,P00746,ST011,2026-09-15 07:21:00,6,8367.69,0.15,CARD
S0057887,C03475,P00979,ST041,2026-09-16 19:07:00,1,5063.99,0.05,CARD
S0057888,C03187,P00270,ST015,2026-11-30 14:54:00,7,12684.63,0.15,CARD
S0057889,C02449,P00888,ST035,2027-03-12 22:35:00,7,2165.37,0.05,UPI
S0057890,C01747,P00963,ST031,2026-09-26 19:38:00,4,9496.66,0.00,CARD
S0057891,C05384,P00067,ST045,2027-05-03 15:11:00,1,3494.40,0.15,WALLET
S0057892,C03379,P00127,ST025,2027-03-30 22:09:00,2,11914.83,0.05,NET_BANKING
S0057893,C04836,P00744,ST045,2026-10-05 16:52:00,1,3611.42,0.00,NET_BANKING
S0057894,C00593,P00710,ST011,2026-10-04 19:35:00,2,3147.74,0.10,UPI
S0057895,C01495,P00237,ST042,2027-03-06 00:29:00,8,5637.77,0.00,WALLET
S0057896,C05300,P00171,ST016,2026-11-01 20:14:00,4,6161.32,0.00,COD
S0057897,C00970,P00578,ST047,2026-12-14 19:57:00,8,2566.07,0.00,WALLET
S0057898,C01259,P00677,ST018,2027-03-05 08:11:00,7,9646.68,0.10,WALLET
S0057899,C00807,P00680,ST001,2026-11-01 05:15:00,5,6161.56,0.00,WALLET
S0057900,C05196,P01003,ST001,2027-03-24 10:19:00,1,275.75,0.00,COD
S0057901,C01230,P00532,ST009,2027-02-27 17:55:00,3,13097.07,0.15,CARD
S0057902,C03431,P00609,ST034,2026-12-08 01:22:00,2,12112.83,0.15,UPI
S0057903,C03416,P00178,ST041,2027-02-01 15:11:00,6,10707.38,0.00,UPI
S0057904,C03085,P00811,ST005,2026-12-12 11:41:00,6,12059.60,0.00,CARD
S0057905,C05389,P00630,ST037,2026-10-05 23:59:00,3,12265.22,0.05,UPI
S0057906,C03239,P00321,ST034,2027-03-27 00:35:00,3,1068.85,0.05,CARD
S0057907,C03189,P00552,ST039,2026-09-26 15:59:00,4,14232.88,0.00,COD
S0057908,C03815,P00585,ST011,2026-10-13 10:54:00,2,4078.01,0.00,CARD
S0057909,C00895,P00716,ST031,2026-09-26 13:17:00,7,3403.75,0.10,CARD
S0057910,C02133,P00575,ST047,2027-01-31 20:26:00,7,10494.08,0.00,CARD
S0057911,C03229,P00653,ST022,2027-05-11 09:28:00,5,13600.13,0.15,WALLET
S0057912,C04850,P00089,ST048,2027-04-27 08:17:00,7,9250.21,0.05,UPI
S0057913,C01529,P00271,ST039,2026-10-19 09:35:00,5,11702.78,0.00,COD
S0057914,C03627,P00819,ST027,2026-11-30 18:44:00,1,5314.55,0.00,UPI
S0057915,C01540,P00213,ST016,2027-02-03 13:37:00,4,2854.32,0.00,CARD
S0057916,C03451,P00014,ST015,2026-10-05 02:37:00,6,9230.95,0.00,CARD
S0057917,C03847,P00248,ST011,2027-02-28 01:17:00,1,13778.23,0.15,UPI
S0057918,C04369,P00639,ST002,2027-01-08 05:45:00,1,5321.74,0.15,WALLET
S0057919,C02624,P00239,ST049,2026-09-25 06:08:00,5,2668.52,0.10,NET_BANKING
S0057920,C02557,P00761,ST043,2027-01-08 00:42:00,1,7126.90,0.00,CARD
S0057921,C04223,P00944,ST037,2027-05-06 07:04:00,2,13637.69,0.05,CARD
S0057922,C03150,P00011,ST046,2026-09-15 11:44:00,5,9660.40,0.00,NET_BANKING
S0057923,C02850,P00958,ST021,2026-09-30 19:59:00,1,6025.05,0.00,COD
S0057924,C00432,P00042,ST012,2026-10-07 19:02:00,5,14409.73,0.00,WALLET
S0057925,C00285,P00602,ST041,2027-04-18 16:41:00,5,10282.25,0.10,UPI
S0057926,C03943,P00566,ST035,2027-03-30 20:57:00,2,9094.95,0.05,NET_BANKING
S0057927,C00405,P00772,ST040,2026-09-22 23:35:00,2,13512.62,0.00,CARD
S0057928,C04920,P01039,ST046,2026-10-13 16:22:00,8,741.43,0.00,WALLET
S0057929,C01809,P00724,ST021,2026-11-18 09:09:00,7,842.59,0.10,UPI
S0057930,C00440,P00713,ST037,2026-12-21 03:42:00,2,3603.18,0.15,NET_BANKING
S0057931,C05313,P00841,ST004,2027-02-05 22:12:00,4,8077.31,0.00,UPI
S0057932,C05384,P00796,ST019,2026-09-25 04:50:00,2,7252.60,0.00,NET_BANKING
S0057933,C02604,P00026,ST037,2027-02-28 21:21:00,8,3973.71,0.05,NET_BANKING
S0057934,C01589,P00476,ST014,2026-11-29 18:31:00,6,10059.57,0.00,CARD
S0057935,C05389,P00793,ST026,2026-09-21 16:45:00,6,9165.88,0.00,COD
S0057936,C01036,P00037,ST032,2026-12-08 20:29:00,8,11915.11,0.05,WALLET
S0057937,C02095,P00177,ST001,2027-04-10 05:38:00,7,5272.03,0.05,WALLET
S0057938,C04029,P00520,ST029,2026-09-15 15:58:00,8,9276.97,0.00,WALLET
S0057939,C05417,P00327,ST002,2026-09-04 00:26:00,5,7639.94,0.10,NET_BANKING
S0057940,C02934,P00228,ST018,2027-05-04 17:18:00,8,4532.08,0.15,WALLET
S0057941,C02186,P00522,ST013,2027-04-15 07:45:00,4,1719.44,0.10,WALLET
S0057942,C00261,P00939,ST047,2026-09-24 16:22:00,7,7892.75,0.00,NET_BANKING
S0057943,C00312,P00882,ST008,2027-01-13 22:31:00,7,1160.87,0.15,NET_BANKING
S0057944,C02257,P00585,ST036,2026-12-25 12:50:00,4,4078.01,0.00,COD
S0057945,C02197,P01061,ST022,2027-01-01 19:56:00,8,1489.59,0.15,CARD
S0057946,C00039,P00378,ST042,2027-01-10 12:29:00,1,14078.19,0.10,UPI
S0057947,C03557,P00135,ST046,2027-01-06 11:48:00,6,4518.74,0.00,NET_BANKING
S0057948,C00701,P00348,ST039,2027-01-04 09:38:00,1,6541.94,0.05,CARD
S0057949,C05408,P00485,ST036,2026-09-13 03:34:00,8,2390.76,0.05,NET_BANKING
S0057950,C01218,P01088,ST020,2027-01-07 12:55:00,3,2237.41,0.10,UPI
S0057951,C02754,P00779,ST011,2027-01-22 21:30:00,7,9277.18,0.15,COD
S0057952,C00756,P00804,ST004,2027-03-25 05:02:00,6,13775.11,0.00,NET_BANKING
S0057953,C00127,P00865,ST004,2027-01-02 01:19:00,5,8660.01,0.10,CARD
S0057954,C00857,P00403,ST006,2027-01-15 08:26:00,4,6512.03,0.15,WALLET
S0057955,C04063,P00751,ST016,2026-12-18 13:38:00,4,4310.47,0.00,NET_BANKING
S0057956,C01488,P00286,ST023,2027-02-22 11:22:00,5,2796.88,0.05,CARD
S0057957,C02250,P00358,ST001,2027-05-05 22:40:00,7,7269.79,0.10,NET_BANKING
S0057958,C01259,P00475,ST034,2026-11-29 13:11:00,6,1870.66,0.10,UPI
S0057959,C04196,P00162,ST012,2026-11-26 14:21:00,6,12288.78,0.05,UPI
S0057960,C03518,P00959,ST020,2026-11-30 03:47:00,5,9477.36,0.15,UPI
S0057961,C03681,P00205,ST028,2027-04-23 14:15:00,2,2535.39,0.05,CARD
S0057962,C03797,P00629,ST041,2027-01-06 11:30:00,1,11585.25,0.00,CARD
S0057963,C02854,P00078,ST002,2027-05-07 23:09:00,2,6017.13,0.00,WALLET
S0057964,C00518,P00693,ST022,2026-10-27 19:16:00,3,10171.16,0.05,NET_BANKING
S0057965,C00410,P00665,ST049,2027-01-24 04:19:00,6,13897.47,0.00,NET_BANKING
S0057966,C04504,P01024,ST023,2027-03-25 07:36:00,8,65.32,0.05,COD
S0057967,C04420,P00179,ST010,2027-01-15 13:26:00,1,6066.21,0.00,UPI
S0057968,C03397,P00479,ST008,2027-05-19 18:09:00,6,1921.66,0.05,UPI
S0057969,C03369,P00973,ST024,2027-04-22 20:38:00,5,13784.89,0.00,COD
S0057970,C04222,P00481,ST013,2027-02-26 17:45:00,1,10052.76,0.00,CARD
S0057971,C04443,P00658,ST038,2027-02-26 07:26:00,7,3910.13,0.05,WALLET
S0057972,C05174,P00537,ST013,2026-11-04 01:58:00,4,9956.19,0.05,CARD
S0057973,C00597,P00149,ST032,2027-01-23 11:31:00,2,6470.19,0.00,NET_BANKING
S0057974,C01513,P00512,ST039,2026-09-07 18:40:00,3,11395.40,0.10,WALLET
S0057975,C04601,P00900,ST039,2027-04-30 23:23:00,4,10665.28,0.00,NET_BANKING
S0057976,C02896,P00582,ST028,2027-02-24 03:46:00,5,3449.31,0.10,COD
S0057977,C04559,P00611,ST014,2027-02-18 00:25:00,7,13074.44,0.00,NET_BANKING
S0057978,C02331,P00353,ST015,2027-02-06 22:11:00,5,10161.42,0.10,UPI
S0057979,C02660,P00577,ST028,2027-05-10 03:02:00,5,286.38,0.05,NET_BANKING
S0057980,C02903,P00203,ST028,2026-09-17 19:39:00,1,1071.23,0.10,WALLET
S0057981,C00208,P00328,ST006,2026-09-11 17:21:00,6,3281.70,0.00,CARD
S0057982,C00255,P00136,ST023,2027-02-10 15:34:00,3,2339.70,0.00,WALLET
S0057983,C05091,P00135,ST046,2026-09-11 16:12:00,5,4518.74,0.00,CARD
S0057984,C02787,P00280,ST044,2026-12-22 04:02:00,1,5715.39,0.00,WALLET
S0057985,C01113,P00638,ST040,2026-09-17 12:29:00,5,8964.05,0.05,COD
S0057986,C03640,P00390,ST041,2026-10-17 03:14:00,6,5645.91,0.05,CARD
S0057987,C02009,P00486,ST009,2027-05-18 11:45:00,2,10044.32,0.00,COD
S0057988,C02716,P00359,ST029,2027-02-22 13:04:00,7,6112.49,0.00,WALLET
S0057989,C00549,P00716,ST007,2027-05-05 04:59:00,1,3403.75,0.00,WALLET
S0057990,C02250,P00008,ST037,2027-03-26 06:21:00,8,1347.12,0.00,WALLET
S0057991,C00918,P00637,ST041,2027-05-03 01:31:00,3,14361.31,0.05,UPI
S0057992,C03231,P00796,ST035,2026-12-02 05:43:00,7,7252.60,0.10,NET_BANKING
S0057993,C03271,P00314,ST017,2027-01-18 04:26:00,5,1767.09,0.15,CARD
S0057994,C03723,P00375,ST029,2027-03-29 00:01:00,4,8641.01,0.00,COD
S0057995,C01763,P00154,ST021,2026-11-30 17:57:00,7,3193.19,0.00,CARD
S0057996,C02721,P00114,ST037,2027-04-24 16:56:00,6,1848.49,0.15,NET_BANKING
S0057997,C04213,P00548,ST021,2027-03-05 10:31:00,2,11468.53,0.05,CARD
S0057998,C02708,P00914,ST020,2026-10-17 03:06:00,3,14608.30,0.05,WALLET
S0057999,C01460,P01056,ST008,2027-03-23 06:23:00,3,288.19,0.15,CARD
S0058000,C01228,P00966,ST043,2027-05-04 23:10:00,8,14692.30,0.05,CARD
S0058001,C04325,P00909,ST008,2027-01-03 16:12:00,6,12153.06,0.05,CARD
S0058002,C02929,P00277,ST026,2026-10-31 05:53:00,4,4475.85,0.00,COD
S0058003,C02868,P00328,ST038,2026-09-02 12:43:00,4,3281.70,0.10,COD
S0058004,C01008,P00669,ST024,2026-10-31 01:45:00,8,14324.33,0.10,COD
S0058005,C03021,P00198,ST012,2027-02-26 05:47:00,6,11526.28,0.00,CARD
S0058006,C05453,P01072,ST038,2026-11-22 09:05:00,1,2770.20,0.00,UPI
S0058007,C04486,P00336,ST009,2026-09-23 09:46:00,2,10827.01,0.00,NET_BANKING
S0058008,C01833,P00156,ST024,2026-12-12 01:30:00,2,12020.51,0.00,NET_BANKING
S0058009,C01400,P00345,ST001,2027-04-03 17:19:00,4,1997.78,0.00,COD
S0058010,C03952,P00511,ST030,2026-12-15 06:30:00,3,1704.19,0.15,WALLET
S0058011,C03647,P00975,ST017,2027-05-05 19:16:00,8,14210.52,0.10,WALLET
S0058012,C03582,P01009,ST029,2027-03-27 04:24:00,3,3678.19,0.00,CARD
S0058013,C02883,P00851,ST038,2027-05-16 16:10:00,3,10520.35,0.00,CARD
S0058014,C02946,P00085,ST022,2027-04-06 12:01:00,2,14386.77,0.00,CARD
S0058015,C04278,P00272,ST027,2027-05-06 22:51:00,2,13352.08,0.15,CARD
S0058016,C02894,P00576,ST019,2026-12-05 15:52:00,6,829.35,0.05,NET_BANKING
S0058017,C04870,P00922,ST028,2026-10-23 09:04:00,7,5403.68,0.00,UPI
S0058018,C01627,P01036,ST002,2027-01-01 03:06:00,8,4421.22,0.00,UPI
S0058019,C01967,P00966,ST026,2026-12-25 17:53:00,6,14692.30,0.10,NET_BANKING
S0058020,C03050,P00309,ST035,2026-09-21 09:08:00,7,9944.41,0.00,WALLET
S0058021,C04567,P00742,ST011,2026-09-11 22:31:00,3,7019.87,0.00,NET_BANKING
S0058022,C04744,P00751,ST009,2026-11-30 13:56:00,3,4310.47,0.05,COD
S0058023,C05416,P00560,ST036,2027-01-19 21:46:00,6,9161.86,0.05,CARD
S0058024,C03006,P00631,ST033,2027-01-29 00:51:00,4,2764.58,0.00,CARD
S0058025,C03682,P00012,ST031,2026-09-29 23:27:00,8,50.90,0.00,WALLET
S0058026,C04445,P00430,ST037,2027-03-24 05:29:00,3,5232.86,0.15,COD
S0058027,C01666,P01024,ST010,2027-04-04 06:10:00,5,3612.04,0.00,NET_BANKING
S0058028,C02760,P00617,ST012,2026-09-16 03:16:00,1,11028.99,0.00,CARD
S0058029,C02421,P00797,ST037,2027-01-28 10:23:00,6,13199.71,0.00,COD
S0058030,C03782,P00896,ST039,2027-02-16 06:32:00,7,9136.34,0.00,COD
S0058031,C04247,P01003,ST029,2027-01-25 05:14:00,3,4085.96,0.05,UPI
S0058032,C05163,P00665,ST021,2026-09-27 12:37:00,8,13897.47,0.00,NET_BANKING
S0058033,C04530,P01041,ST035,2027-03-29 19:47:00,8,1685.24,0.05,NET_BANKING
S0058034,C03705,P00419,ST049,2027-04-12 22:11:00,2,11021.19,0.05,CARD
S0058035,C03871,P00300,ST017,2026-09-07 02:29:00,4,14429.61,0.00,CARD
S0058036,C05319,P00644,ST046,2026-11-22 12:42:00,3,8264.91,0.00,CARD
S0058037,C03736,P01082,ST015,2027-03-12 01:43:00,3,1730.12,0.15,CARD
S0058038,C03907,P00774,ST036,2027-01-03 19:26:00,4,12009.08,0.00,COD
S0058039,C02901,P01048,ST015,2026-10-03 15:11:00,4,2513.10,0.00,CARD
S0058040,C03938,P00090,ST010,2026-12-31 01:53:00,5,1862.74,0.05,UPI
S0058041,C03077,P00215,ST014,2027-01-14 14:46:00,8,3285.00,0.00,NET_BANKING
S0058042,C01689,P00186,ST046,2026-10-23 09:11:00,6,5509.22,0.00,UPI
S0058043,C04871,P00684,ST029,2027-03-07 18:10:00,8,9364.88,0.15,COD
S0058044,C05426,P00801,ST030,2027-04-06 21:03:00,7,6852.19,0.15,CARD
S0058045,C03240,P00124,ST026,2027-01-03 23:40:00,8,9023.03,0.00,UPI
S0058046,C00766,P00695,ST026,2027-04-02 17:37:00,8,13599.96,0.15,COD
S0058047,C01640,P00276,ST048,2027-02-01 10:14:00,1,6865.96,0.10,NET_BANKING
S0058048,C04870,P00687,ST019,2027-01-20 15:46:00,4,10669.90,0.15,COD
S0058049,C00326,P00264,ST013,2026-12-02 17:45:00,2,3453.32,0.15,COD
S0058050,C01434,P00806,ST003,2027-01-08 01:45:00,5,10445.92,0.05,WALLET
S0058051,C04548,P00452,ST042,2027-04-10 16:58:00,4,3389.85,0.05,CARD
S0058052,C05411,P00215,ST003,2027-05-17 14:43:00,1,3285.00,0.10,UPI
S0058053,C03644,P00627,ST032,2027-04-07 17:39:00,2,12769.96,0.00,UPI
S0058054,C02609,P00908,ST047,2026-10-28 10:25:00,2,10685.50,0.00,NET_BANKING
S0058055,C01732,P00911,ST039,2027-02-11 06:05:00,3,10076.98,0.05,WALLET
S0058056,C03400,P00309,ST044,2026-11-22 09:14:00,6,9944.41,0.00,NET_BANKING
S0058057,C04318,P00086,ST025,2027-05-05 22:35:00,3,394.30,0.10,WALLET
S0058058,C01844,P00268,ST003,2026-11-09 16:43:00,3,4586.89,0.00,COD
S0058059,C04857,P00968,ST025,2026-12-01 03:07:00,1,10372.46,0.00,NET_BANKING
S0058060,C03350,P00636,ST002,2026-09-24 17:33:00,4,12658.75,0.00,NET_BANKING
S0058061,C04343,P01098,ST023,2027-02-06 07:58:00,1,729.52,0.00,UPI
S0058062,C02605,P00418,ST035,2027-05-04 06:47:00,1,7868.89,0.10,UPI
S0058063,C04042,P01027,ST040,2026-11-25 07:37:00,2,1046.92,0.05,NET_BANKING
S0058064,C05099,P00765,ST018,2026-09-14 08:45:00,2,9252.17,0.10,NET_BANKING
S0058065,C01888,P00740,ST019,2026-11-22 12:12:00,7,10365.11,0.10,WALLET
S0058066,C00781,P00860,ST007,2027-02-17 15:56:00,3,207.98,0.00,NET_BANKING
S0058067,C02303,P00308,ST031,2026-09-29 03:40:00,4,8424.73,0.00,COD
S0058068,C04220,P00274,ST043,2027-05-14 19:14:00,1,13222.64,0.15,WALLET
S0058069,C04374,P00328,ST018,2026-11-19 01:29:00,8,3281.70,0.15,WALLET
S0058070,C00561,P00579,ST043,2027-03-16 23:37:00,7,10886.45,0.00,UPI
S0058071,C00708,P00580,ST008,2026-09-20 18:39:00,7,4489.50,0.15,UPI
S0058072,C04988,P00004,ST011,2027-02-24 08:37:00,6,7022.90,0.15,COD
S0058073,C04678,P00133,ST039,2027-05-06 07:01:00,1,12379.20,0.00,UPI
S0058074,C05077,P00251,ST010,2027-03-27 05:01:00,8,1347.37,0.00,UPI
S0058075,C04556,P00387,ST002,2027-03-23 14:47:00,5,9454.62,0.05,COD
S0058076,C01320,P00540,ST027,2027-04-10 02:57:00,6,8768.71,0.05,COD
S0058077,C00646,P00603,ST027,2026-12-04 19:26:00,8,7723.35,0.10,UPI
S0058078,C01411,P00414,ST048,2026-11-01 04:14:00,1,11326.94,0.05,WALLET
S0058079,C05376,P00019,ST029,2027-01-25 16:57:00,5,4767.41,0.05,UPI
S0058080,C01339,P00912,ST003,2027-04-08 23:06:00,4,12258.78,0.00,WALLET
S0058081,C00691,P00103,ST017,2026-10-22 04:41:00,2,3719.77,0.10,CARD
S0058082,C01454,P00806,ST050,2026-11-15 02:14:00,6,10445.92,0.15,UPI
S0058083,C01056,P00010,ST013,2027-05-17 19:33:00,6,10965.99,0.05,NET_BANKING
S0058084,C01260,P00570,ST004,2027-02-11 09:26:00,6,8154.82,0.15,WALLET
S0058085,C00206,P00186,ST004,2026-11-14 09:47:00,7,5509.22,0.00,UPI
S0058086,C04523,P00185,ST019,2026-09-23 03:32:00,3,5998.13,0.00,UPI
S0058087,C01539,P00077,ST032,2026-09-12 13:22:00,5,5411.25,0.10,WALLET
S0058088,C04486,P00661,ST037,2027-05-09 06:50:00,4,12752.32,0.00,CARD
S0058089,C01689,P00271,ST020,2026-09-21 21:05:00,2,11702.78,0.00,CARD
S0058090,C01563,P00788,ST030,2027-04-05 16:16:00,2,14058.06,0.00,UPI
S0058091,C05064,P00186,ST040,2026-10-11 13:17:00,3,5509.22,0.00,COD
S0058092,C03828,P00901,ST009,2026-09-23 22:44:00,2,11518.70,0.15,NET_BANKING
S0058093,C02487,P00592,ST010,2027-03-25 16:25:00,7,3828.55,0.00,COD
S0058094,C04690,P00560,ST048,2027-05-03 13:20:00,5,9161.86,0.10,UPI
S0058095,C01533,P00989,ST013,2027-03-15 09:27:00,2,6367.31,0.00,UPI
S0058096,C02369,P00923,ST042,2026-12-22 03:06:00,4,12391.37,0.10,UPI
S0058097,C01989,P01098,ST020,2027-01-18 04:38:00,6,638.21,0.05,NET_BANKING
S0058098,C01041,P00311,ST047,2026-12-18 10:02:00,6,10510.03,0.05,WALLET
S0058099,C03513,P00806,ST028,2026-11-28 16:14:00,2,10445.92,0.05,WALLET
S0058100,C00042,P00805,ST007,2026-09-15 07:40:00,7,14921.08,0.00,WALLET
S0058101,C01342,P00290,ST035,2026-11-21 17:05:00,4,3515.83,0.00,WALLET
S0058102,C00336,P00126,ST032,2027-03-15 19:09:00,1,787.25,0.00,CARD
S0058103,C03016,P00832,ST018,2026-11-30 22:37:00,8,12604.04,0.00,COD
S0058104,C05155,P00685,ST009,2027-04-02 02:13:00,2,2866.20,0.15,COD
S0058105,C02557,P01001,ST045,2027-05-02 22:27:00,6,3201.36,0.10,NET_BANKING
S0058106,C00492,P00305,ST021,2026-11-11 09:43:00,7,8188.13,0.15,CARD
S0058107,C05012,P00338,ST040,2027-03-22 22:30:00,2,9729.31,0.15,UPI
S0058108,C04147,P00888,ST048,2026-11-29 22:45:00,5,2165.37,0.15,NET_BANKING
S0058109,C04629,P01051,ST009,2027-03-18 04:56:00,4,2447.83,0.05,WALLET
S0058110,C04675,P00877,ST006,2026-10-26 21:48:00,7,9491.54,0.10,CARD
S0058111,C04155,P00652,ST015,2027-04-12 02:49:00,7,7213.51,0.10,UPI
S0058112,C00834,P00725,ST007,2027-01-28 08:25:00,1,5516.84,0.15,NET_BANKING
S0058113,C00181,P00368,ST050,2026-10-28 03:24:00,5,14776.53,0.00,UPI
S0058114,C02718,P00881,ST049,2027-01-05 20:39:00,6,13418.59,0.00,UPI
S0058115,C03378,P00727,ST004,2026-10-22 05:23:00,6,12337.64,0.05,CARD
S0058116,C03630,P00254,ST004,2027-02-24 18:00:00,2,1267.62,0.00,WALLET
S0058117,C00192,P00661,ST012,2027-04-10 02:33:00,8,12752.32,0.15,COD
S0058118,C05191,P00564,ST038,2026-09-09 00:43:00,7,13288.39,0.00,UPI
S0058119,C01335,P00586,ST016,2026-10-20 02:59:00,1,3287.74,0.05,UPI
S0058120,C00889,P00917,ST031,2027-01-08 17:30:00,6,12206.45,0.00,COD
S0058121,C03822,P00002,ST032,2026-11-19 23:25:00,7,14309.77,0.00,WALLET
S0058122,C04320,P00253,ST025,2027-03-19 12:04:00,5,12129.99,0.00,WALLET
S0058123,C01196,P00657,ST050,2026-10-27 15:13:00,4,5978.63,0.05,COD
S0058124,C01373,P00661,ST049,2027-03-05 02:47:00,3,12752.32,0.05,WALLET
S0058125,C04674,P00865,ST022,2027-03-10 21:55:00,5,8660.01,0.05,COD
S0058126,C02628,P00155,ST021,2027-04-24 01:47:00,3,7087.72,0.00,NET_BANKING
S0058127,C04038,P00019,ST040,2026-12-19 20:04:00,7,4767.41,0.00,WALLET
S0058128,C03537,P00187,ST001,2027-04-11 04:21:00,6,6392.10,0.00,COD
S0058129,C03248,P00085,ST002,2027-05-08 09:45:00,6,14386.77,0.15,UPI
S0058130,C03219,P00414,ST027,2027-02-19 19:21:00,7,11326.94,0.05,COD
S0058131,C04589,P00875,ST030,2026-10-27 14:01:00,6,9193.50,0.00,NET_BANKING
S0058132,C02649,P00510,ST042,2027-04-11 14:20:00,1,8953.00,0.05,CARD
S0058133,C03138,P00042,ST022,2026-11-16 11:38:00,6,14409.73,0.05,CARD
S0058134,C00096,P00865,ST006,2027-01-07 12:36:00,3,8660.01,0.10,NET_BANKING
S0058135,C04317,P00927,ST038,2026-11-09 15:45:00,3,9200.17,0.05,WALLET
S0058136,C00837,P00296,ST027,2026-11-13 17:11:00,2,4617.53,0.10,UPI
S0058137,C04370,P00112,ST010,2027-03-29 10:27:00,7,1012.33,0.05,CARD
S0058138,C03681,P00838,ST038,2026-09-05 20:24:00,1,11094.78,0.00,CARD
S0058139,C02664,P00873,ST011,2026-11-04 04:49:00,7,9917.75,0.00,COD
S0058140,C03437,P00916,ST036,2026-09-21 00:32:00,6,1771.51,0.00,UPI
S0058141,C04543,P00327,ST050,2026-11-23 05:26:00,5,7639.94,0.00,NET_BANKING
S0058142,C05109,P01091,ST047,2026-11-25 03:41:00,3,2491.21,0.00,UPI
S0058143,C05124,P00791,ST020,2027-04-30 06:38:00,1,5011.64,0.10,UPI
S0058144,C03714,P00169,ST002,2026-11-01 20:41:00,2,11639.94,0.05,CARD
S0058145,C03751,P00747,ST021,2027-01-09 18:55:00,5,91.31,0.05,WALLET
S0058146,C04577,P00494,ST019,2026-12-28 00:14:00,4,4019.59,0.00,WALLET
S0058147,C00133,P00221,ST019,2026-09-06 00:02:00,8,7251.17,0.00,COD
S0058148,C01293,P00388,ST035,2027-03-22 13:34:00,6,6375.35,0.15,WALLET
S0058149,C00811,P01048,ST035,2026-10-23 12:13:00,8,1871.73,0.05,NET_BANKING
S0058150,C00346,P00783,ST003,2026-11-17 17:29:00,1,1108.76,0.00,CARD
S0058151,C02921,P00807,ST014,2027-03-13 07:32:00,4,3804.96,0.15,CARD
S0058152,C04177,P00892,ST001,2026-10-24 08:34:00,5,12540.67,0.00,COD
S0058153,C02567,P00010,ST004,2026-10-24 11:01:00,8,10965.99,0.00,CARD
S0058154,C00061,P00486,ST007,2026-09-17 16:12:00,7,10044.32,0.00,UPI
S0058155,C04911,P01064,ST004,2027-05-04 05:13:00,7,3390.43,0.00,CARD
S0058156,C03213,P00476,ST034,2027-04-05 13:58:00,3,10059.57,0.15,CARD
S0058157,C05235,P00719,ST016,2026-12-30 16:03:00,4,6837.75,0.00,UPI
S0058158,C04473,P00885,ST017,2026-11-12 10:23:00,3,2276.62,0.10,NET_BANKING
S0058159,C03431,P00234,ST034,2027-03-07 21:53:00,7,10659.34,0.10,WALLET
S0058160,C04408,P00479,ST035,2027-03-11 01:52:00,3,1921.66,0.10,WALLET
S0058161,C01467,P00627,ST014,2027-05-07 05:37:00,5,12769.96,0.15,WALLET
S0058162,C02691,P00738,ST022,2027-04-06 11:11:00,3,14125.52,0.00,COD
S0058163,C04491,P00944,ST027,2027-05-06 06:09:00,1,13637.69,0.00,CARD
S0058164,C03260,P00442,ST028,2027-05-08 19:25:00,5,12602.76,0.10,CARD
S0058165,C04071,P00485,ST028,2027-02-19 02:47:00,8,2390.76,0.05,NET_BANKING
S0058166,C01932,P00313,ST003,2026-10-28 15:43:00,7,7134.65,0.05,WALLET
S0058167,C00001,P00184,ST005,2027-03-06 08:08:00,5,8980.87,0.10,CARD
S0058168,C00655,P00103,ST006,2026-12-13 02:30:00,1,3719.77,0.00,COD
S0058169,C05367,P00622,ST011,2026-12-24 08:47:00,1,6264.75,0.15,NET_BANKING
S0058170,C01689,P00397,ST026,2027-02-06 17:15:00,4,12844.97,0.10,NET_BANKING
S0058171,C01923,P00582,ST022,2027-01-28 04:48:00,6,3449.31,0.00,UPI
S0058172,C02408,P00176,ST029,2027-05-12 06:39:00,2,10058.14,0.00,WALLET
S0058173,C03463,P00362,ST041,2027-03-17 13:02:00,3,9461.46,0.00,UPI
S0058174,C00211,P00371,ST009,2027-02-03 09:48:00,6,7245.43,0.15,NET_BANKING
S0058175,C04377,P00665,ST004,2026-11-11 02:26:00,3,13897.47,0.00,UPI
S0058176,C01461,P00421,ST013,2026-10-09 02:52:00,5,9929.53,0.15,NET_BANKING
S0058177,C03187,P00520,ST040,2027-05-02 22:01:00,6,9276.97,0.00,CARD
S0058178,C04439,P00211,ST034,2026-09-28 12:51:00,8,1685.16,0.05,WALLET
S0058179,C01442,P00998,ST005,2027-03-27 05:12:00,8,2576.28,0.00,COD
S0058180,C05222,P01061,ST032,2027-04-15 06:05:00,4,2051.37,0.00,NET_BANKING
S0058181,C03892,P00564,ST043,2026-10-09 03:01:00,4,13288.39,0.10,NET_BANKING
S0058182,C01866,P00089,ST043,2026-10-19 17:59:00,8,9250.21,0.15,NET_BANKING
S0058183,C01200,P00499,ST011,2026-12-12 07:17:00,6,5291.36,0.10,CARD
S0058184,C01213,P00750,ST001,2027-02-12 00:36:00,4,10881.74,0.00,NET_BANKING
S0058185,C01750,P00673,ST009,2027-04-08 20:30:00,1,7917.40,0.05,COD
S0058186,C01385,P00965,ST023,2027-01-21 15:22:00,5,14887.52,0.05,CARD
S0058187,C02420,P00979,ST021,2027-05-03 12:43:00,8,5063.99,0.15,UPI
S0058188,C04935,P00129,ST003,2027-03-07 12:10:00,7,5652.18,0.00,WALLET
S0058189,C03648,P00659,ST043,2026-11-13 05:22:00,5,3678.56,0.15,NET_BANKING
S0058190,C04998,P00766,ST006,2026-12-11 15:13:00,2,889.54,0.15,UPI
S0058191,C00830,P00839,ST029,2026-10-27 13:57:00,4,14909.42,0.00,UPI
S0058192,C00227,P00757,ST020,2026-12-28 08:11:00,5,226.72,0.00,CARD
S0058193,C02516,P00676,ST013,2026-09-20 19:42:00,8,13208.41,0.15,COD
S0058194,C03997,P00427,ST022,2027-02-17 18:01:00,6,7760.69,0.00,UPI
S0058195,C03740,P00080,ST032,2027-04-28 15:47:00,4,4990.71,0.00,NET_BANKING
S0058196,C04252,P00987,ST038,2027-02-06 04:13:00,6,8796.88,0.00,UPI
S0058197,C01237,P00027,ST042,2026-11-02 15:45:00,2,2538.93,0.05,COD
S0058198,C04852,P00953,ST009,2026-12-10 09:01:00,1,11654.98,0.10,COD
S0058199,C04522,P00849,ST016,2026-10-16 00:35:00,2,11840.46,0.00,COD
S0058200,C01989,P00970,ST025,2026-11-24 00:23:00,7,11802.25,0.05,WALLET
S0058201,C02562,P00755,ST048,2027-01-09 12:52:00,5,13881.05,0.00,CARD
S0058202,C02382,P00240,ST040,2027-04-14 18:07:00,3,9582.36,0.05,COD
S0058203,C02785,P00567,ST015,2026-11-18 23:35:00,2,2522.97,0.05,NET_BANKING
S0058204,C02871,P00661,ST024,2027-03-19 10:57:00,6,12752.32,0.15,UPI
S0058205,C00914,P00712,ST042,2027-01-25 18:06:00,3,2775.71,0.00,COD
S0058206,C05279,P00657,ST045,2027-03-18 04:36:00,1,5978.63,0.00,UPI
S0058207,C04685,P00456,ST034,2027-03-11 12:08:00,5,2960.04,0.00,UPI
S0058208,C01577,P00924,ST036,2027-03-14 03:03:00,3,2977.90,0.00,CARD
S0058209,C02152,P00375,ST046,2027-04-30 14:09:00,7,8641.01,0.00,WALLET
S0058210,C00963,P00143,ST049,2026-10-19 11:42:00,3,7704.38,0.00,NET_BANKING
S0058211,C01788,P00818,ST001,2027-04-20 13:35:00,2,9748.07,0.00,UPI
S0058212,C03572,P00965,ST042,2026-09-22 07:13:00,3,14887.52,0.00,WALLET
S0058213,C00851,P00597,ST035,2027-02-01 05:49:00,1,148.42,0.00,UPI
S0058214,C04483,P00049,ST031,2027-03-26 16:34:00,8,856.91,0.10,UPI
S0058215,C04349,P00227,ST006,2027-05-10 17:31:00,4,7877.11,0.10,NET_BANKING
S0058216,C00381,P00090,ST026,2027-01-23 17:29:00,6,1862.74,0.00,UPI
S0058217,C03280,P00707,ST044,2026-09-09 17:32:00,4,10164.19,0.10,UPI
S0058218,C00554,P00349,ST007,2026-09-12 20:30:00,8,4491.15,0.05,NET_BANKING
S0058219,C03486,P00654,ST013,2026-11-26 09:53:00,1,12742.05,0.05,WALLET
S0058220,C01557,P00551,ST015,2027-01-18 02:40:00,8,9996.39,0.00,COD
S0058221,C01333,P00797,ST031,2026-10-15 11:57:00,3,13199.71,0.00,NET_BANKING
S0058222,C05458,P00636,ST028,2027-03-27 00:56:00,3,12658.75,0.05,COD
S0058223,C01439,P00982,ST012,2026-09-23 00:49:00,5,1313.93,0.00,CARD
S0058224,C00691,P00087,ST013,2027-03-04 07:26:00,2,2943.27,0.10,UPI
S0058225,C03107,P00305,ST021,2027-03-16 09:22:00,4,8188.13,0.00,NET_BANKING
S0058226,C01209,P01082,ST049,2026-11-06 07:41:00,8,4032.14,0.15,WALLET
S0058227,C02813,P00670,ST035,2027-02-27 20:26:00,4,12195.01,0.15,NET_BANKING
S0058228,C01966,P00552,ST022,2027-04-08 07:15:00,4,14232.88,0.00,WALLET
S0058229,C04311,P00367,ST037,2026-11-30 05:24:00,8,13780.17,0.05,UPI
S0058230,C01876,P00575,ST041,2026-11-09 18:32:00,3,10494.08,0.10,CARD
S0058231,C01150,P00431,ST026,2026-09-28 05:06:00,3,13380.90,0.05,COD
S0058232,C02812,P00568,ST012,2027-05-18 04:54:00,5,11436.07,0.10,CARD
S0058233,C05311,P00487,ST006,2027-04-10 12:32:00,1,5449.32,0.10,NET_BANKING
S0058234,C03983,P00546,ST037,2027-04-13 19:27:00,8,9420.65,0.00,WALLET
S0058235,C01106,P00147,ST021,2027-02-28 16:08:00,3,8610.17,0.00,UPI
S0058236,C04204,P00806,ST030,2026-10-23 04:10:00,2,10445.92,0.00,COD
S0058237,C01602,P00843,ST032,2026-12-16 22:27:00,4,13366.08,0.00,NET_BANKING
S0058238,C03391,P00029,ST019,2026-10-15 18:29:00,8,10510.24,0.10,CARD
S0058239,C02122,P00985,ST044,2027-05-18 22:14:00,8,12971.94,0.00,WALLET
S0058240,C00059,P00234,ST005,2027-02-03 12:11:00,6,10659.34,0.05,WALLET
S0058241,C05148,P00909,ST024,2027-05-02 19:27:00,3,12153.06,0.00,NET_BANKING
S0058242,C00556,P00635,ST032,2027-03-19 01:47:00,8,7089.77,0.00,NET_BANKING
S0058243,C05301,P00448,ST005,2026-09-14 17:23:00,1,9484.91,0.05,UPI
S0058244,C02252,P00824,ST017,2027-04-08 15:59:00,6,5681.80,0.00,WALLET
S0058245,C02296,P00985,ST025,2027-02-04 15:10:00,1,12971.94,0.10,COD
S0058246,C03099,P00801,ST023,2026-12-20 11:16:00,5,6852.19,0.10,WALLET
S0058247,C02088,P00471,ST042,2027-02-27 14:30:00,4,8186.09,0.00,UPI
S0058248,C03717,P00938,ST025,2026-12-29 11:07:00,7,9016.69,0.05,WALLET
S0058249,C00241,P00614,ST043,2027-03-05 15:50:00,7,71.45,0.15,CARD
S0058250,C02207,P00361,ST042,2027-01-21 15:49:00,1,3502.39,0.05,UPI
S0058251,C00672,P01003,ST032,2026-11-18 17:32:00,4,852.41,0.10,CARD
S0058252,C00942,P00527,ST044,2026-11-17 16:03:00,2,14547.75,0.05,WALLET
S0058253,C01294,P00903,ST042,2027-03-22 13:29:00,2,4390.79,0.00,WALLET
S0058254,C03096,P00561,ST010,2026-10-01 17:55:00,1,4145.03,0.10,UPI
S0058255,C02873,P00085,ST016,2027-04-17 15:03:00,5,14386.77,0.00,WALLET
S0058256,C04012,P00552,ST011,2027-02-14 16:49:00,2,14232.88,0.10,WALLET
S0058257,C03060,P00193,ST003,2027-02-08 09:13:00,3,754.57,0.00,UPI
S0058258,C01463,P00698,ST041,2027-02-07 09:35:00,1,4891.44,0.00,UPI
S0058259,C03035,P00261,ST011,2026-11-16 23:05:00,5,6561.97,0.15,CARD
S0058260,C04505,P00830,ST007,2026-12-10 00:52:00,4,8076.01,0.10,NET_BANKING
S0058261,C01583,P00413,ST045,2027-03-02 22:17:00,2,8913.27,0.10,UPI
S0058262,C00771,P01039,ST046,2027-02-07 09:50:00,1,99.62,0.00,UPI
S0058263,C01799,P00783,ST033,2026-10-12 05:58:00,1,1108.76,0.10,UPI
S0058264,C01142,P00288,ST048,2026-10-27 12:46:00,5,8330.78,0.00,NET_BANKING
S0058265,C01223,P00245,ST006,2027-01-11 22:28:00,8,8201.28,0.15,WALLET
S0058266,C01561,P00726,ST025,2026-09-17 01:50:00,7,7391.49,0.05,WALLET
S0058267,C00658,P00957,ST043,2027-01-11 14:12:00,4,13167.89,0.10,CARD
S0058268,C01540,P01071,ST012,2026-11-07 07:57:00,6,4936.69,0.00,WALLET
S0058269,C00850,P00198,ST032,2026-11-14 03:11:00,2,11526.28,0.15,NET_BANKING
S0058270,C00922,P00429,ST007,2026-10-21 16:23:00,5,8780.62,0.05,COD
S0058271,C03653,P01000,ST047,2027-03-20 18:27:00,7,3161.37,0.15,NET_BANKING
S0058272,C01962,P00210,ST001,2026-11-05 18:20:00,7,3260.81,0.10,UPI
S0058273,C01677,P00125,ST043,2026-10-13 17:59:00,1,8537.50,0.10,COD
S0058274,C03265,P00602,ST049,2027-01-12 16:42:00,2,10282.25,0.10,WALLET
S0058275,C00331,P00348,ST009,2027-03-29 13:47:00,2,6541.94,0.05,CARD
S0058276,C05027,P01030,ST017,2027-03-15 23:01:00,3,2529.69,0.15,CARD
S0058277,C01699,P00682,ST025,2027-02-22 20:38:00,5,14995.19,0.10,WALLET
S0058278,C04981,P00995,ST032,2026-09-06 05:12:00,2,10497.82,0.00,WALLET
S0058279,C00575,P00008,ST028,2026-11-29 13:03:00,5,1347.12,0.00,CARD
S0058280,C03141,P00534,ST003,2027-02-22 03:07:00,2,5928.36,0.00,COD
S0058281,C04138,P01050,ST013,2027-04-25 22:04:00,4,1904.70,0.05,NET_BANKING
S0058282,C05206,P01010,ST037,2026-11-27 11:45:00,7,3506.38,0.15,WALLET
S0058283,C05290,P00569,ST022,2027-01-02 04:46:00,7,11413.80,0.10,CARD
S0058284,C02151,P00999,ST032,2027-02-15 14:40:00,6,6110.48,0.15,NET_BANKING
S0058285,C00511,P00701,ST005,2026-12-03 03:20:00,7,9710.18,0.05,COD
S0058286,C01111,P00563,ST027,2027-01-16 09:48:00,7,2736.29,0.10,WALLET
S0058287,C03427,P00587,ST022,2027-01-03 05:31:00,2,7939.21,0.15,COD
S0058288,C01179,P00619,ST014,2027-05-12 13:29:00,5,14183.29,0.00,NET_BANKING
S0058289,C01952,P01068,ST005,2027-05-11 17:09:00,5,2371.15,0.05,WALLET
S0058290,C03733,P00087,ST029,2027-01-17 12:45:00,7,2943.27,0.00,WALLET
S0058291,C00883,P00171,ST027,2027-02-03 09:29:00,3,6161.32,0.15,COD
S0058292,C05367,P00569,ST044,2026-12-01 15:50:00,6,11413.80,0.15,COD
S0058293,C00961,P00577,ST040,2027-03-17 11:30:00,3,286.38,0.15,WALLET
S0058294,C05241,P00731,ST040,2027-01-27 13:44:00,3,6650.71,0.00,WALLET
S0058295,C01719,P00136,ST007,2027-03-06 09:44:00,1,2339.70,0.00,COD
S0058296,C01477,P00755,ST002,2026-09-19 09:45:00,4,13881.05,0.10,CARD
S0058297,C03545,P00602,ST014,2027-01-15 06:25:00,8,10282.25,0.15,UPI
S0058298,C00077,P00139,ST006,2026-10-30 22:49:00,2,13296.70,0.05,NET_BANKING
S0058299,C02746,P00172,ST017,2026-11-17 06:32:00,6,13640.80,0.00,CARD
S0058300,C03562,P00761,ST018,2026-12-21 20:59:00,4,7126.90,0.10,COD
S0058301,C04270,P00565,ST020,2026-09-06 11:23:00,7,2663.33,0.05,CARD
S0058302,C04747,P00442,ST006,2026-11-06 13:39:00,3,12602.76,0.05,COD
S0058303,C01925,P00204,ST046,2026-11-07 06:25:00,1,1600.11,0.05,WALLET
S0058304,C00630,P00421,ST028,2027-01-18 05:41:00,1,9929.53,0.00,WALLET
S0058305,C04632,P00763,ST008,2027-03-21 22:51:00,3,4853.30,0.10,NET_BANKING
S0058306,C01958,P00808,ST007,2027-01-06 08:43:00,6,2340.21,0.05,NET_BANKING
S0058307,C00817,P00781,ST039,2026-12-23 09:35:00,7,8887.88,0.00,CARD
S0058308,C03834,P00158,ST009,2027-04-26 03:45:00,6,3652.82,0.00,UPI
S0058309,C00597,P00220,ST028,2027-03-22 01:50:00,1,3145.53,0.05,COD
S0058310,C00742,P00291,ST014,2027-01-27 05:29:00,1,3274.34,0.00,CARD
S0058311,C04792,P00387,ST037,2026-10-29 21:31:00,5,9454.62,0.00,UPI
S0058312,C02975,P01017,ST004,2026-09-16 11:31:00,5,4862.28,0.00,WALLET
S0058313,C01073,P00748,ST034,2027-02-12 20:10:00,5,7740.82,0.15,UPI
S0058314,C03904,P00237,ST019,2027-05-09 16:34:00,8,5637.77,0.15,CARD
S0058315,C04133,P00908,ST046,2026-09-28 00:49:00,6,10685.50,0.10,WALLET
S0058316,C03893,P00110,ST017,2026-09-24 18:09:00,6,11820.01,0.10,UPI
S0058317,C02405,P01023,ST049,2027-04-02 03:28:00,2,260.26,0.05,CARD
S0058318,C00128,P00877,ST036,2027-01-18 20:14:00,8,9491.54,0.10,UPI
S0058319,C00595,P01071,ST010,2027-01-15 15:11:00,8,3867.04,0.15,WALLET
S0058320,C02995,P00535,ST035,2027-04-14 00:37:00,8,11264.22,0.00,CARD
S0058321,C03642,P00556,ST011,2026-10-04 01:49:00,6,4347.03,0.05,UPI
S0058322,C00580,P00416,ST021,2026-12-06 23:20:00,2,7537.51,0.00,WALLET
S0058323,C03162,P00020,ST042,2026-09-15 22:07:00,8,2991.70,0.10,WALLET
S0058324,C03050,P01097,ST034,2027-05-15 01:54:00,8,2875.00,0.10,WALLET
S0058325,C01334,P00181,ST028,2027-03-28 01:05:00,6,9255.83,0.05,CARD
S0058326,C01843,P00420,ST044,2026-12-20 14:41:00,7,13992.32,0.10,WALLET
S0058327,C02986,P00220,ST044,2027-03-14 17:59:00,6,3145.53,0.00,CARD
S0058328,C02131,P00337,ST020,2027-03-19 15:56:00,5,14544.49,0.10,COD
S0058329,C02976,P00956,ST001,2026-11-20 08:22:00,4,1818.03,0.00,CARD
S0058330,C02829,P00043,ST007,2026-09-15 21:58:00,8,3923.78,0.15,NET_BANKING
S0058331,C02271,P00544,ST037,2026-10-02 10:52:00,2,6390.78,0.00,UPI
S0058332,C00035,P01008,ST006,2026-12-09 07:52:00,7,2692.65,0.10,NET_BANKING
S0058333,C02616,P00630,ST041,2026-11-30 09:32:00,1,12265.22,0.05,WALLET
S0058334,C05015,P00727,ST010,2027-03-26 17:52:00,5,12337.64,0.15,CARD
S0058335,C03065,P00126,ST030,2027-02-24 00:44:00,8,787.25,0.05,COD
S0058336,C04996,P00482,ST023,2026-09-11 10:19:00,5,3964.41,0.00,WALLET
S0058337,C02523,P00625,ST018,2026-10-24 02:03:00,8,12569.93,0.05,WALLET
S0058338,C03435,P00979,ST007,2027-03-26 16:10:00,2,5063.99,0.15,UPI
S0058339,C03696,P00684,ST009,2026-11-02 19:50:00,3,9364.88,0.15,WALLET
S0058340,C00157,P00041,ST006,2027-01-08 07:22:00,3,1420.91,0.05,NET_BANKING
S0058341,C01257,P00143,ST043,2027-04-14 17:02:00,5,7704.38,0.15,UPI
S0058342,C03326,P00511,ST030,2026-10-13 07:33:00,7,1704.19,0.00,UPI
S0058343,C01214,P00467,ST007,2027-04-21 01:08:00,4,8776.36,0.05,COD
S0058344,C02633,P00397,ST030,2026-09-06 09:32:00,3,12844.97,0.00,NET_BANKING
S0058345,C02661,P00119,ST033,2026-12-01 17:13:00,2,794.81,0.00,UPI
S0058346,C03359,P01099,ST006,2026-11-14 08:22:00,8,2017.00,0.00,COD
S0058347,C00258,P00365,ST019,2027-01-28 06:46:00,8,14402.02,0.00,NET_BANKING
S0058348,C00560,P00062,ST025,2027-03-17 21:56:00,3,6290.18,0.15,WALLET
S0058349,C03386,P00327,ST033,2026-10-21 04:10:00,4,7639.94,0.00,COD
S0058350,C01162,P00435,ST043,2027-03-17 03:11:00,1,6495.05,0.00,WALLET
S0058351,C04005,P00205,ST036,2026-12-07 15:41:00,6,2535.39,0.15,CARD
S0058352,C03388,P00779,ST019,2026-09-20 20:38:00,2,9277.18,0.15,WALLET
S0058353,C02036,P00348,ST017,2026-10-23 10:45:00,6,6541.94,0.00,COD
S0058354,C04138,P00222,ST043,2026-10-12 06:58:00,8,10998.10,0.10,UPI
S0058355,C05289,P00794,ST014,2027-02-17 00:49:00,6,9152.31,0.00,WALLET
S0058356,C04791,P00976,ST048,2026-10-17 14:18:00,4,3815.57,0.15,CARD
S0058357,C02026,P00057,ST031,2027-01-04 16:18:00,7,6283.79,0.10,WALLET
S0058358,C01615,P00139,ST026,2026-09-02 02:11:00,3,13296.70,0.00,NET_BANKING
S0058359,C02599,P00061,ST032,2026-12-11 03:09:00,5,9979.10,0.05,CARD
S0058360,C04283,P00955,ST014,2027-04-17 06:51:00,1,5719.71,0.10,WALLET
S0058361,C02670,P00464,ST025,2026-11-30 14:34:00,4,6498.78,0.10,COD
S0058362,C05086,P01078,ST027,2027-04-12 15:35:00,3,537.94,0.15,NET_BANKING
S0058363,C04070,P00979,ST029,2027-04-23 10:48:00,6,5063.99,0.05,WALLET
S0058364,C01642,P01093,ST026,2027-05-14 04:58:00,7,3527.14,0.00,WALLET
S0058365,C01783,P00455,ST023,2027-03-03 14:30:00,5,11331.19,0.10,CARD
S0058366,C05321,P00049,ST048,2026-12-09 08:25:00,8,856.91,0.00,WALLET
S0058367,C02658,P00615,ST039,2027-02-01 17:42:00,2,5873.54,0.10,CARD
S0058368,C01354,P01041,ST036,2026-12-17 16:11:00,3,4291.78,0.10,WALLET
S0058369,C00152,P00774,ST022,2027-03-23 20:23:00,6,12009.08,0.00,NET_BANKING
S0058370,C04361,P00827,ST011,2027-03-08 17:00:00,7,14075.22,0.15,COD
S0058371,C05048,P00286,ST034,2026-11-20 12:48:00,5,2796.88,0.00,WALLET
S0058372,C04968,P01011,ST038,2027-03-14 05:40:00,6,542.79,0.00,COD
S0058373,C00405,P00725,ST043,2027-01-09 23:36:00,6,5516.84,0.10,WALLET
S0058374,C02348,P00483,ST045,2026-11-14 08:21:00,4,7759.25,0.05,NET_BANKING
S0058375,C04587,P00363,ST010,2027-02-28 20:07:00,2,7028.08,0.05,NET_BANKING
S0058376,C00329,P00440,ST021,2027-02-14 01:17:00,2,11929.30,0.10,UPI
S0058377,C03142,P00367,ST004,2026-12-22 11:50:00,4,13780.17,0.00,CARD
S0058378,C01101,P00776,ST024,2027-05-19 21:41:00,7,571.16,0.10,NET_BANKING
S0058379,C03858,P00914,ST004,2027-04-11 12:52:00,5,14608.30,0.15,CARD
S0058380,C03933,P00760,ST010,2027-03-14 12:23:00,5,13523.24,0.10,WALLET
S0058381,C00526,P00627,ST038,2026-11-10 05:55:00,1,12769.96,0.00,WALLET
S0058382,C03459,P00382,ST027,2027-03-02 06:03:00,2,14341.57,0.15,WALLET
S0058383,C04126,P00461,ST013,2026-09-02 22:38:00,1,9906.46,0.00,NET_BANKING
S0058384,C04506,P00086,ST047,2027-02-15 02:34:00,1,394.30,0.10,CARD
S0058385,C05355,P00927,ST014,2026-10-18 21:33:00,2,9200.17,0.05,CARD
S0058386,C04713,P00731,ST031,2026-09-13 14:50:00,2,6650.71,0.00,NET_BANKING
S0058387,C01235,P01034,ST032,2026-10-21 20:15:00,6,241.60,0.05,CARD
S0058388,C01788,P00916,ST035,2026-09-13 13:11:00,5,1771.51,0.05,NET_BANKING
S0058389,C03654,P00092,ST008,2027-04-12 21:07:00,8,8564.59,0.00,UPI
S0058390,C04313,P00897,ST013,2027-02-17 06:55:00,7,3588.17,0.05,CARD
S0058391,C03394,P00095,ST029,2026-11-02 04:10:00,7,5408.19,0.10,UPI
S0058392,C02048,P00445,ST022,2027-02-28 23:12:00,2,9889.85,0.00,UPI
S0058393,C04339,P00089,ST008,2027-03-22 11:23:00,3,9250.21,0.00,COD
S0058394,C05066,P00738,ST011,2026-12-17 07:03:00,1,14125.52,0.00,COD
S0058395,C03325,P01087,ST038,2027-05-19 14:22:00,6,2930.36,0.00,NET_BANKING
S0058396,C02707,P00676,ST023,2027-01-03 12:03:00,1,13208.41,0.10,WALLET
S0058397,C00204,P00507,ST004,2026-09-23 01:48:00,6,13477.84,0.10,CARD
S0058398,C01588,P00009,ST029,2026-09-07 17:51:00,1,14426.84,0.10,WALLET
S0058399,C00498,P00823,ST031,2026-11-07 10:27:00,5,13235.97,0.10,NET_BANKING
S0058400,C00220,P00778,ST049,2027-05-19 18:51:00,7,5364.50,0.15,CARD
S0058401,C02544,P00437,ST030,2027-04-07 18:05:00,3,9854.53,0.10,UPI
S0058402,C04116,P00651,ST012,2026-09-10 19:10:00,7,1796.64,0.15,WALLET
S0058403,C05256,P01027,ST049,2027-03-30 03:32:00,4,2404.59,0.00,UPI
S0058404,C01545,P00556,ST017,2026-12-17 19:28:00,2,4347.03,0.10,COD
S0058405,C00167,P00086,ST019,2026-11-04 19:10:00,4,394.30,0.15,NET_BANKING
S0058406,C03079,P00116,ST042,2026-11-11 00:03:00,6,6123.57,0.00,COD
S0058407,C03946,P00847,ST005,2026-11-16 04:30:00,5,11650.44,0.05,COD
S0058408,C02619,P00540,ST010,2027-04-04 22:14:00,7,8768.71,0.00,CARD
S0058409,C04174,P00003,ST043,2026-11-14 06:21:00,3,9487.90,0.10,WALLET
S0058410,C02787,P00901,ST041,2026-12-23 09:26:00,5,11518.70,0.10,UPI
S0058411,C04670,P00209,ST031,2027-04-29 14:32:00,5,6800.00,0.00,CARD
S0058412,C03154,P00285,ST045,2026-10-28 01:47:00,4,6123.71,0.10,UPI
S0058413,C05176,P00726,ST023,2027-03-31 17:59:00,2,7391.49,0.05,WALLET
S0058414,C05452,P00705,ST050,2027-04-09 01:16:00,2,12535.43,0.10,CARD
S0058415,C03468,P00077,ST033,2026-10-07 19:45:00,6,5411.25,0.05,UPI
S0058416,C05413,P00353,ST042,2026-12-19 09:08:00,4,10161.42,0.10,WALLET
S0058417,C02465,P00988,ST011,2026-09-20 21:14:00,8,6169.02,0.10,CARD
S0058418,C03292,P00420,ST048,2027-04-03 13:42:00,2,13992.32,0.00,NET_BANKING
S0058419,C01099,P00085,ST034,2026-11-02 08:19:00,8,14386.77,0.00,WALLET
S0058420,C03824,P00888,ST016,2026-11-07 03:06:00,2,2165.37,0.00,COD
S0058421,C03708,P00575,ST031,2026-11-01 12:17:00,7,10494.08,0.15,COD
S0058422,C03042,P00923,ST031,2026-12-04 15:27:00,3,12391.37,0.10,NET_BANKING
S0058423,C04889,P00927,ST017,2027-01-15 11:10:00,6,9200.17,0.15,UPI
S0058424,C04528,P00546,ST044,2027-04-14 05:40:00,4,9420.65,0.10,WALLET
S0058425,C04016,P00169,ST004,2026-12-28 02:04:00,4,11639.94,0.15,COD
S0058426,C00041,P01021,ST021,2027-03-23 18:33:00,3,2661.67,0.00,NET_BANKING
S0058427,C00348,P00559,ST016,2026-12-24 13:42:00,8,9132.88,0.10,NET_BANKING
S0058428,C02219,P00732,ST009,2027-04-24 00:23:00,8,7048.14,0.00,WALLET
S0058429,C03956,P00373,ST016,2026-11-23 14:18:00,3,11139.22,0.05,COD
S0058430,C02187,P00393,ST038,2027-03-27 11:30:00,4,7337.73,0.15,UPI
S0058431,C00672,P01097,ST036,2027-02-27 13:54:00,2,328.82,0.15,CARD
S0058432,C02914,P00547,ST022,2027-01-11 09:15:00,4,68.05,0.00,NET_BANKING
S0058433,C04576,P00468,ST040,2027-01-06 09:50:00,6,2151.00,0.05,CARD
S0058434,C01279,P00490,ST024,2027-02-12 13:48:00,8,3009.09,0.05,NET_BANKING
S0058435,C03199,P00296,ST027,2026-10-28 00:19:00,5,4617.53,0.00,WALLET
S0058436,C03313,P00329,ST010,2026-11-25 06:56:00,7,1364.47,0.10,UPI
S0058437,C02315,P00461,ST048,2026-12-19 13:36:00,5,9906.46,0.15,CARD
S0058438,C02635,P00037,ST009,2027-02-14 18:31:00,2,11915.11,0.00,COD
S0058439,C00494,P00149,ST018,2026-09-26 00:13:00,5,6470.19,0.05,COD
S0058440,C03675,P00948,ST016,2027-02-03 16:17:00,7,7783.05,0.00,WALLET
S0058441,C04540,P00129,ST027,2027-05-01 10:54:00,2,5652.18,0.00,CARD
S0058442,C03112,P01051,ST008,2027-02-06 00:07:00,3,234.97,0.15,CARD
S0058443,C02851,P00699,ST003,2027-04-16 09:48:00,8,14544.40,0.00,UPI
S0058444,C03108,P00817,ST003,2027-01-18 03:51:00,6,11269.31,0.00,CARD
S0058445,C02554,P00571,ST002,2027-05-05 10:31:00,4,4671.20,0.00,UPI
S0058446,C04881,P00688,ST006,2026-11-29 04:55:00,3,14801.08,0.05,COD
S0058447,C03233,P00299,ST035,2026-10-03 17:33:00,4,4344.66,0.00,NET_BANKING
S0058448,C02531,P00688,ST042,2027-02-16 08:56:00,3,14801.08,0.10,NET_BANKING
S0058449,C00071,P00112,ST010,2026-09-06 02:46:00,6,1012.33,0.00,NET_BANKING
S0058450,C03119,P00421,ST020,2026-11-09 13:14:00,8,9929.53,0.15,NET_BANKING
S0058451,C01117,P00108,ST049,2027-01-12 23:31:00,5,8643.88,0.15,UPI
S0058452,C03186,P00772,ST013,2026-09-06 15:53:00,6,13512.62,0.00,COD
S0058453,C05294,P00374,ST033,2026-11-06 12:00:00,1,688.46,0.15,CARD
S0058454,C03187,P00989,ST009,2027-04-25 16:53:00,5,6367.31,0.15,COD
S0058455,C02784,P00221,ST010,2026-12-07 21:23:00,7,7251.17,0.00,COD
S0058456,C01554,P00718,ST028,2027-04-30 09:00:00,2,3535.94,0.15,NET_BANKING
S0058457,C02911,P00753,ST009,2026-09-04 07:58:00,4,9739.34,0.00,COD
S0058458,C00339,P00480,ST034,2027-05-03 14:53:00,1,2188.07,0.00,NET_BANKING
S0058459,C04309,P01082,ST014,2027-03-17 00:07:00,3,4456.89,0.05,COD
S0058460,C01296,P00094,ST005,2026-10-23 05:35:00,4,3538.71,0.05,NET_BANKING
S0058461,C02380,P00863,ST040,2027-01-06 21:20:00,4,6218.08,0.00,UPI
S0058462,C03447,P00696,ST037,2026-12-01 18:10:00,5,444.90,0.10,CARD
S0058463,C01881,P00359,ST027,2027-03-30 21:49:00,8,6112.49,0.10,CARD
S0058464,C01606,P00230,ST013,2027-03-27 14:29:00,1,9832.40,0.05,UPI
S0058465,C01269,P00247,ST047,2026-12-15 21:18:00,8,3627.73,0.15,NET_BANKING
S0058466,C04995,P00606,ST027,2026-12-20 01:29:00,5,2062.87,0.00,CARD
S0058467,C00613,P00547,ST030,2026-10-14 22:30:00,3,68.05,0.00,NET_BANKING
S0058468,C02009,P00573,ST036,2027-01-23 16:18:00,8,7520.25,0.05,COD
S0058469,C04293,P00530,ST011,2027-01-10 08:29:00,2,1909.30,0.10,NET_BANKING
S0058470,C05085,P00040,ST050,2027-02-06 02:13:00,8,1501.66,0.00,UPI
S0058471,C05430,P00007,ST035,2027-01-10 14:45:00,8,8987.92,0.10,COD
S0058472,C04765,P00183,ST020,2027-04-02 14:55:00,3,4082.17,0.10,UPI
S0058473,C02545,P00317,ST035,2026-10-21 11:50:00,7,4717.68,0.05,WALLET
S0058474,C00515,P00494,ST004,2026-12-10 18:47:00,7,4019.59,0.05,WALLET
S0058475,C02482,P00092,ST048,2026-10-12 21:19:00,4,8564.59,0.00,WALLET
S0058476,C04260,P00381,ST031,2026-09-27 02:44:00,7,12953.05,0.10,CARD
S0058477,C02860,P00641,ST043,2027-02-25 02:22:00,4,6765.73,0.05,UPI
S0058478,C04036,P00768,ST003,2027-01-13 15:50:00,2,11814.22,0.00,CARD
S0058479,C02845,P00795,ST041,2026-10-14 03:10:00,3,123.55,0.15,UPI
S0058480,C04300,P00217,ST046,2027-03-21 16:40:00,2,10077.87,0.00,CARD
S0058481,C05060,P00921,ST020,2026-10-01 23:59:00,6,10747.60,0.15,WALLET
S0058482,C03677,P00937,ST018,2026-12-14 07:02:00,2,2930.83,0.00,COD
S0058483,C05025,P00295,ST022,2027-02-04 00:27:00,6,8088.40,0.00,CARD
S0058484,C00231,P01082,ST007,2026-10-03 09:22:00,1,2782.87,0.15,UPI
S0058485,C02788,P00461,ST037,2026-09-18 00:49:00,4,9906.46,0.05,CARD
S0058486,C01014,P00510,ST022,2027-02-20 20:36:00,3,8953.00,0.10,NET_BANKING
S0058487,C04730,P00943,ST028,2026-10-25 08:22:00,6,12935.87,0.15,COD
S0058488,C04309,P00216,ST003,2026-09-28 06:18:00,7,1540.77,0.00,WALLET
S0058489,C04493,P00210,ST014,2026-11-16 12:12:00,8,3260.81,0.10,NET_BANKING
S0058490,C02890,P00519,ST041,2026-11-19 05:31:00,7,3550.37,0.00,NET_BANKING
S0058491,C03295,P00395,ST050,2026-09-18 05:56:00,6,4137.07,0.15,CARD
S0058492,C01585,P00777,ST032,2027-01-15 05:04:00,7,7574.57,0.00,COD
S0058493,C05404,P00469,ST034,2026-11-14 07:45:00,2,12189.67,0.05,COD
S0058494,C05156,P00173,ST016,2026-09-13 02:41:00,6,2556.28,0.00,CARD
S0058495,C03092,P00760,ST042,2027-04-25 03:47:00,2,13523.24,0.15,UPI
S0058496,C05240,P00528,ST036,2026-12-20 23:52:00,5,12190.45,0.15,COD
S0058497,C02054,P00589,ST027,2027-02-25 15:36:00,7,4410.37,0.15,NET_BANKING
S0058498,C04257,P00847,ST039,2026-10-28 02:54:00,5,11650.44,0.15,UPI
S0058499,C04728,P00447,ST009,2027-05-02 20:18:00,8,13780.12,0.15,WALLET
S0058500,C00893,P00492,ST019,2026-09-08 02:49:00,2,14651.91,0.15,WALLET
S0058501,C03455,P00249,ST012,2027-04-05 02:03:00,1,10604.98,0.00,CARD
S0058502,C05200,P00659,ST019,2026-12-08 01:40:00,7,3678.56,0.15,NET_BANKING
S0058503,C02493,P00459,ST017,2027-03-27 16:00:00,7,608.46,0.05,COD
S0058504,C02085,P00750,ST049,2027-04-16 06:47:00,8,10881.74,0.10,COD
S0058505,C05127,P00262,ST032,2026-10-25 03:35:00,2,4686.95,0.15,WALLET
S0058506,C04714,P00255,ST003,2026-10-05 12:49:00,2,6191.54,0.05,UPI
S0058507,C05208,P00823,ST006,2026-12-02 10:57:00,6,13235.97,0.00,NET_BANKING
S0058508,C05031,P00223,ST014,2026-10-04 17:47:00,2,6560.58,0.00,NET_BANKING
S0058509,C00985,P01018,ST009,2027-05-15 08:55:00,2,3402.19,0.00,WALLET
S0058510,C01288,P00275,ST038,2026-10-11 17:04:00,5,6304.00,0.05,CARD
S0058511,C03012,P00549,ST030,2027-03-06 13:05:00,8,8615.76,0.05,UPI
S0058512,C02439,P01086,ST025,2027-03-21 10:38:00,6,2168.95,0.15,COD
S0058513,C01425,P00874,ST011,2026-09-11 18:07:00,3,13474.71,0.10,CARD
S0058514,C00614,P00894,ST015,2027-03-13 02:09:00,3,12465.27,0.00,UPI
S0058515,C05325,P00149,ST033,2027-02-10 15:11:00,7,6470.19,0.10,COD
S0058516,C01041,P00660,ST028,2027-02-28 09:37:00,4,7080.45,0.00,NET_BANKING
S0058517,C03906,P00256,ST025,2027-04-22 16:00:00,4,1987.06,0.15,NET_BANKING
S0058518,C01717,P00467,ST048,2027-02-27 08:02:00,5,8776.36,0.00,COD
S0058519,C03568,P00156,ST030,2027-02-16 13:07:00,4,12020.51,0.15,WALLET
S0058520,C03216,P00450,ST006,2027-05-02 02:26:00,2,11985.09,0.10,WALLET
S0058521,C03534,P00415,ST025,2027-02-23 14:51:00,5,3287.41,0.10,UPI
S0058522,C05259,P00867,ST014,2026-10-12 10:30:00,1,5370.01,0.00,COD
S0058523,C03854,P00635,ST037,2027-04-18 12:02:00,2,7089.77,0.00,CARD
S0058524,C02560,P00002,ST025,2027-02-21 06:53:00,6,14309.77,0.05,UPI
S0058525,C01205,P00143,ST027,2026-10-25 03:37:00,5,7704.38,0.05,NET_BANKING
S0058526,C00704,P00695,ST004,2027-03-08 18:07:00,8,13599.96,0.00,UPI
S0058527,C01663,P00197,ST045,2027-03-06 15:27:00,4,14262.88,0.05,NET_BANKING
S0058528,C01803,P00282,ST036,2026-10-21 04:48:00,7,11737.73,0.05,UPI
S0058529,C00121,P01074,ST025,2026-12-22 03:29:00,4,461.44,0.00,WALLET
S0058530,C03516,P00504,ST026,2026-10-31 07:44:00,6,6640.14,0.10,NET_BANKING
S0058531,C02171,P00775,ST046,2026-11-30 23:18:00,2,7767.36,0.00,NET_BANKING
S0058532,C01387,P00993,ST036,2026-12-25 23:25:00,5,11078.12,0.15,COD
S0058533,C01509,P00089,ST035,2027-01-11 13:31:00,2,9250.21,0.00,WALLET
S0058534,C03289,P00700,ST030,2027-03-07 10:51:00,3,7501.36,0.00,CARD
S0058535,C04409,P00669,ST012,2026-09-07 23:28:00,2,14324.33,0.05,WALLET
S0058536,C02493,P00567,ST018,2026-10-22 08:14:00,2,2522.97,0.10,NET_BANKING
S0058537,C00008,P00820,ST005,2027-05-08 19:07:00,8,1994.37,0.10,NET_BANKING
S0058538,C00506,P00255,ST012,2026-09-26 20:25:00,3,6191.54,0.00,WALLET
S0058539,C02302,P00598,ST049,2026-11-02 10:35:00,7,4459.15,0.15,WALLET
S0058540,C02023,P00722,ST028,2027-03-15 00:50:00,6,2303.35,0.05,WALLET
S0058541,C05083,P00944,ST031,2027-02-16 20:41:00,5,13637.69,0.15,NET_BANKING
S0058542,C04238,P00053,ST033,2027-01-20 07:21:00,1,4727.29,0.05,CARD
S0058543,C02867,P00637,ST020,2026-10-13 08:31:00,1,14361.31,0.00,NET_BANKING
S0058544,C02027,P00028,ST013,2027-02-28 07:53:00,3,9694.84,0.05,UPI
S0058545,C04975,P00822,ST030,2026-09-04 19:40:00,4,11979.30,0.10,WALLET
S0058546,C03488,P00037,ST037,2027-02-07 12:51:00,7,11915.11,0.00,COD
S0058547,C00543,P00112,ST022,2026-10-29 15:21:00,1,1012.33,0.00,COD
S0058548,C05187,P00783,ST008,2027-02-14 13:37:00,2,1108.76,0.00,UPI
S0058549,C03422,P00194,ST031,2027-04-27 17:52:00,1,4680.85,0.05,UPI
S0058550,C01597,P00260,ST043,2027-01-24 23:25:00,1,11471.26,0.00,WALLET
S0058551,C00560,P00724,ST001,2026-11-08 01:44:00,8,842.59,0.00,CARD
S0058552,C01432,P00820,ST019,2027-03-22 06:21:00,7,1994.37,0.10,WALLET
S0058553,C03534,P00328,ST023,2027-02-07 15:17:00,1,3281.70,0.15,UPI
S0058554,C01910,P00003,ST001,2027-02-03 09:38:00,5,9487.90,0.00,CARD
S0058555,C02437,P00451,ST014,2027-04-09 10:52:00,6,10085.19,0.05,CARD
S0058556,C01112,P00641,ST046,2026-12-06 11:47:00,6,6765.73,0.05,NET_BANKING
S0058557,C00509,P00992,ST041,2027-03-14 06:27:00,1,9363.29,0.15,WALLET
S0058558,C04181,P00354,ST020,2027-05-12 22:58:00,7,11455.34,0.00,WALLET
S0058559,C04813,P00039,ST002,2027-05-17 22:10:00,2,11380.58,0.05,CARD
S0058560,C04749,P00934,ST027,2027-04-16 21:52:00,3,6341.80,0.05,NET_BANKING
S0058561,C04327,P00920,ST046,2027-03-28 05:42:00,4,13420.77,0.10,UPI
S0058562,C03230,P00035,ST013,2026-10-11 11:53:00,6,1827.96,0.00,CARD
S0058563,C03155,P00628,ST035,2026-10-09 16:03:00,5,11204.97,0.00,WALLET
S0058564,C04440,P00449,ST030,2027-01-23 14:07:00,6,4682.35,0.10,COD
S0058565,C00318,P00409,ST048,2026-12-08 20:57:00,3,2349.95,0.00,COD
S0058566,C00212,P00621,ST008,2026-10-13 20:13:00,7,12280.84,0.10,WALLET
S0058567,C05311,P00866,ST025,2026-09-11 11:04:00,4,7507.05,0.10,NET_BANKING
S0058568,C05191,P00267,ST042,2026-12-23 08:05:00,3,4567.81,0.10,NET_BANKING
S0058569,C01365,P00823,ST006,2027-03-26 22:51:00,6,13235.97,0.05,WALLET
S0058570,C00989,P00869,ST019,2026-11-13 23:29:00,1,5521.33,0.05,WALLET
S0058571,C00286,P00634,ST006,2027-03-10 21:22:00,6,13541.02,0.15,COD
S0058572,C04046,P00397,ST002,2027-03-29 00:07:00,7,12844.97,0.05,NET_BANKING
S0058573,C05340,P00063,ST033,2026-10-13 11:18:00,1,9510.65,0.15,NET_BANKING
S0058574,C02615,P00722,ST021,2027-01-04 03:09:00,2,2303.35,0.00,COD
S0058575,C01990,P00572,ST008,2027-04-16 01:00:00,5,413.41,0.00,NET_BANKING
S0058576,C02229,P00178,ST003,2027-01-03 20:19:00,2,10707.38,0.00,NET_BANKING
S0058577,C01925,P00480,ST035,2027-03-26 18:41:00,8,2188.07,0.00,WALLET
S0058578,C03348,P00603,ST026,2027-03-22 17:19:00,8,7723.35,0.10,COD
S0058579,C00500,P00087,ST046,2027-02-08 15:16:00,7,2943.27,0.05,COD
S0058580,C01512,P00401,ST012,2026-09-23 06:04:00,5,14612.89,0.00,CARD
S0058581,C02813,P00071,ST033,2027-03-23 21:00:00,2,11038.49,0.15,UPI
S0058582,C04610,P00505,ST047,2026-10-20 02:55:00,2,13158.37,0.15,UPI
S0058583,C01138,P00105,ST031,2027-02-18 13:27:00,4,7300.13,0.05,CARD
S0058584,C00297,P00294,ST050,2026-11-11 02:36:00,1,9198.98,0.10,COD
S0058585,C02497,P00719,ST029,2026-11-04 12:20:00,1,6837.75,0.00,UPI
S0058586,C04987,P00533,ST037,2026-10-04 09:06:00,8,13218.50,0.00,WALLET
S0058587,C05343,P00908,ST015,2027-03-15 22:00:00,4,10685.50,0.10,NET_BANKING
S0058588,C02011,P00197,ST013,2027-05-15 00:23:00,8,14262.88,0.00,CARD
S0058589,C03885,P00597,ST014,2027-03-20 15:21:00,4,148.42,0.10,WALLET
S0058590,C00639,P01026,ST021,2026-10-18 21:33:00,3,4528.24,0.00,COD
S0058591,C05385,P00374,ST026,2027-02-16 23:25:00,3,688.46,0.00,CARD
S0058592,C03101,P00549,ST048,2027-05-16 13:44:00,2,8615.76,0.10,UPI
S0058593,C00283,P01097,ST035,2026-12-18 19:44:00,1,4366.53,0.05,COD
S0058594,C00362,P00583,ST004,2027-04-17 02:31:00,4,5417.09,0.05,CARD
S0058595,C03120,P01097,ST039,2026-12-30 04:50:00,4,3321.18,0.10,NET_BANKING
S0058596,C03731,P00641,ST046,2026-12-31 02:41:00,6,6765.73,0.05,NET_BANKING
S0058597,C05036,P01005,ST022,2026-12-11 19:29:00,8,4892.13,0.10,WALLET
S0058598,C04167,P00747,ST034,2027-02-08 02:07:00,6,91.31,0.00,WALLET
S0058599,C02011,P00887,ST012,2027-05-18 02:53:00,2,6975.28,0.05,UPI
S0058600,C03631,P00264,ST017,2027-01-19 08:44:00,8,3453.32,0.00,NET_BANKING
S0058601,C02712,P00299,ST035,2027-01-14 23:37:00,4,4344.66,0.10,WALLET
S0058602,C03222,P00365,ST032,2026-09-03 02:15:00,6,14402.02,0.15,UPI
S0058603,C04028,P00216,ST021,2027-04-01 01:07:00,6,1540.77,0.15,NET_BANKING
S0058604,C01209,P00857,ST007,2026-11-15 21:55:00,6,10083.38,0.00,CARD
S0058605,C02891,P00940,ST009,2027-02-15 06:08:00,5,10304.16,0.05,WALLET
S0058606,C05473,P00402,ST010,2027-04-10 00:32:00,6,7483.33,0.00,UPI
S0058607,C03171,P01099,ST017,2026-11-24 18:36:00,8,2855.66,0.05,CARD
S0058608,C01273,P00557,ST021,2027-05-11 23:29:00,2,9429.31,0.15,NET_BANKING
S0058609,C03224,P00975,ST004,2027-05-09 17:34:00,7,14210.52,0.15,WALLET
S0058610,C00907,P00110,ST004,2027-03-08 07:14:00,7,11820.01,0.10,UPI
S0058611,C01793,P00424,ST045,2026-09-06 20:32:00,3,12370.62,0.15,NET_BANKING
S0058612,C02357,P00864,ST026,2026-10-10 01:49:00,3,934.40,0.10,NET_BANKING
S0058613,C03707,P00158,ST038,2027-03-20 22:37:00,3,3652.82,0.00,UPI
S0058614,C05277,P00271,ST037,2027-02-14 12:56:00,1,11702.78,0.00,COD
S0058615,C01418,P00125,ST022,2027-04-04 02:29:00,5,8537.50,0.15,CARD
S0058616,C02234,P00426,ST027,2027-03-06 08:33:00,7,6898.62,0.00,CARD
S0058617,C03955,P00413,ST002,2027-03-19 11:56:00,1,8913.27,0.00,WALLET
S0058618,C03383,P00116,ST007,2026-10-05 07:04:00,5,6123.57,0.05,CARD
S0058619,C04589,P00276,ST029,2026-11-01 01:49:00,6,6865.96,0.00,WALLET
S0058620,C05056,P00735,ST018,2027-03-12 05:20:00,6,7714.11,0.00,NET_BANKING
S0058621,C04116,P00867,ST048,2027-04-28 05:01:00,7,5370.01,0.00,COD
S0058622,C00841,P00693,ST050,2026-11-19 21:09:00,1,10171.16,0.00,UPI
S0058623,C04098,P00373,ST011,2026-10-24 08:22:00,5,11139.22,0.00,CARD
S0058624,C03094,P00372,ST006,2027-01-02 11:39:00,7,8947.17,0.05,COD
S0058625,C00635,P00917,ST046,2026-09-24 12:23:00,6,12206.45,0.15,WALLET
S0058626,C04107,P00634,ST035,2026-09-27 11:02:00,2,13541.02,0.10,CARD
S0058627,C04753,P00726,ST045,2026-10-09 19:20:00,3,7391.49,0.10,COD
S0058628,C00770,P00244,ST037,2026-09-27 06:30:00,5,12653.48,0.00,WALLET
S0058629,C04982,P00728,ST013,2027-03-20 16:38:00,6,2376.69,0.15,CARD
S0058630,C01486,P00126,ST038,2027-02-07 13:03:00,5,787.25,0.15,WALLET
S0058631,C04183,P00239,ST012,2027-02-17 01:08:00,4,2668.52,0.05,NET_BANKING
S0058632,C05259,P01049,ST033,2027-01-13 10:25:00,8,2940.51,0.10,CARD
S0058633,C04578,P01038,ST046,2026-11-01 11:04:00,5,2448.03,0.00,WALLET
S0058634,C04535,P00755,ST034,2027-04-18 13:59:00,8,13881.05,0.05,UPI
S0058635,C02775,P00912,ST016,2027-03-22 04:48:00,8,12258.78,0.10,CARD
S0058636,C01215,P00172,ST028,2026-12-21 04:37:00,8,13640.80,0.10,NET_BANKING
S0058637,C02611,P00295,ST036,2027-03-18 21:19:00,6,8088.40,0.00,CARD
S0058638,C04366,P00610,ST048,2027-02-18 00:41:00,6,2166.11,0.05,NET_BANKING
S0058639,C00898,P00448,ST035,2027-03-22 17:20:00,3,9484.91,0.00,NET_BANKING
S0058640,C04853,P00986,ST039,2027-02-18 00:24:00,8,6941.31,0.00,WALLET
S0058641,C03472,P00524,ST013,2027-01-23 02:16:00,8,11462.06,0.05,CARD
S0058642,C04695,P00873,ST030,2026-11-28 18:21:00,2,9917.75,0.05,COD
S0058643,C00532,P00754,ST002,2026-09-26 19:41:00,4,4946.47,0.00,CARD
S0058644,C02868,P00648,ST012,2026-09-09 00:38:00,1,4120.80,0.15,NET_BANKING
S0058645,C00883,P00378,ST040,2026-11-03 01:03:00,6,14078.19,0.00,UPI
S0058646,C02726,P00477,ST036,2027-03-05 06:54:00,6,3992.23,0.00,UPI
S0058647,C00225,P01064,ST028,2026-12-27 07:28:00,1,1168.87,0.15,CARD
S0058648,C01738,P00052,ST036,2026-11-12 20:31:00,3,6138.64,0.05,CARD
S0058649,C01043,P00705,ST049,2026-09-01 11:51:00,7,12535.43,0.15,CARD
S0058650,C02617,P01086,ST020,2027-04-07 07:18:00,2,4420.54,0.15,UPI
S0058651,C03244,P00413,ST012,2026-10-02 21:30:00,7,8913.27,0.00,CARD
S0058652,C01165,P00205,ST023,2027-05-11 19:01:00,5,2535.39,0.05,NET_BANKING
S0058653,C03529,P00971,ST048,2027-05-18 18:51:00,1,9483.16,0.00,WALLET
S0058654,C00534,P00958,ST047,2027-02-06 11:55:00,1,6025.05,0.00,NET_BANKING
S0058655,C03731,P00115,ST041,2027-04-02 17:32:00,8,7420.65,0.05,NET_BANKING
S0058656,C00587,P00221,ST039,2026-11-12 05:11:00,2,7251.17,0.15,UPI
S0058657,C03371,P00902,ST039,2027-05-16 09:49:00,6,6441.41,0.05,WALLET
S0058658,C01910,P00371,ST028,2026-09-23 12:11:00,1,7245.43,0.10,NET_BANKING
S0058659,C04472,P00254,ST023,2026-10-22 18:47:00,7,1267.62,0.15,CARD
S0058660,C05288,P00222,ST003,2026-10-17 06:06:00,5,10998.10,0.15,CARD
S0058661,C02441,P00289,ST003,2027-05-15 03:47:00,4,535.61,0.00,UPI
S0058662,C00908,P00150,ST018,2026-12-08 07:05:00,5,10110.81,0.15,CARD
S0058663,C04525,P00348,ST045,2027-03-16 23:00:00,7,6541.94,0.10,UPI
S0058664,C03777,P00909,ST038,2026-10-19 20:32:00,8,12153.06,0.05,WALLET
S0058665,C05407,P00591,ST035,2027-04-14 21:34:00,6,11159.58,0.00,WALLET
S0058666,C03634,P00092,ST036,2027-03-30 19:02:00,7,8564.59,0.15,UPI
S0058667,C02848,P00245,ST016,2026-12-07 16:29:00,8,8201.28,0.00,CARD
S0058668,C00455,P00946,ST045,2026-12-24 04:27:00,6,536.50,0.00,NET_BANKING
S0058669,C02698,P00845,ST037,2027-01-21 06:01:00,2,596.43,0.05,COD
S0058670,C02731,P00613,ST033,2026-09-26 14:05:00,3,10916.90,0.00,UPI
S0058671,C05031,P00108,ST005,2026-09-03 14:59:00,8,8643.88,0.05,CARD
S0058672,C01451,P00032,ST022,2027-01-05 16:18:00,2,2163.25,0.00,COD
S0058673,C01488,P00364,ST008,2026-12-10 05:09:00,6,12302.90,0.15,WALLET
S0058674,C04421,P01026,ST041,2027-01-03 20:05:00,4,1050.30,0.00,UPI
S0058675,C03102,P00880,ST001,2026-10-11 19:43:00,4,9958.92,0.10,NET_BANKING
S0058676,C02867,P00202,ST038,2026-12-03 16:24:00,1,13459.06,0.00,NET_BANKING
S0058677,C03703,P01082,ST022,2026-11-21 12:32:00,6,2603.08,0.10,NET_BANKING
S0058678,C01608,P00865,ST004,2027-03-11 05:38:00,6,8660.01,0.15,WALLET
S0058679,C01368,P00342,ST005,2027-02-26 22:47:00,7,2514.86,0.05,WALLET
S0058680,C02713,P00767,ST047,2026-12-05 01:40:00,4,11689.48,0.00,CARD
S0058681,C02696,P00693,ST001,2026-10-12 16:43:00,5,10171.16,0.10,CARD
S0058682,C03167,P00164,ST003,2027-05-15 19:44:00,7,6049.30,0.10,WALLET
S0058683,C00701,P00994,ST042,2026-10-28 14:55:00,3,14986.15,0.15,NET_BANKING
S0058684,C04437,P00157,ST013,2027-03-18 22:03:00,1,8754.83,0.00,CARD
S0058685,C04148,P01079,ST043,2027-03-16 22:33:00,5,4507.17,0.05,CARD
S0058686,C01821,P00911,ST048,2026-12-22 07:25:00,8,10076.98,0.00,WALLET
S0058687,C01462,P00751,ST014,2027-03-14 23:45:00,7,4310.47,0.00,COD
S0058688,C02069,P00269,ST007,2027-02-10 21:58:00,8,1436.31,0.15,UPI
S0058689,C02123,P00278,ST038,2026-10-15 09:15:00,1,3088.10,0.15,WALLET
S0058690,C05467,P00458,ST007,2027-04-28 15:55:00,6,9495.95,0.05,UPI
S0058691,C05304,P00506,ST011,2026-10-12 02:55:00,4,4110.78,0.00,CARD
S0058692,C04625,P01072,ST029,2026-10-18 09:14:00,4,3045.64,0.05,CARD
S0058693,C03182,P00416,ST042,2026-09-27 05:50:00,8,7537.51,0.05,CARD
S0058694,C02926,P00776,ST008,2027-02-21 04:13:00,6,571.16,0.00,CARD
S0058695,C04121,P00128,ST047,2026-11-19 02:49:00,1,12585.65,0.10,UPI
S0058696,C04297,P00642,ST010,2027-02-04 08:10:00,8,4616.48,0.10,COD
S0058697,C01142,P00703,ST010,2026-12-09 17:55:00,5,578.72,0.15,NET_BANKING
S0058698,C02993,P00409,ST020,2027-01-07 19:47:00,3,2349.95,0.00,WALLET
S0058699,C02280,P00945,ST050,2027-01-22 07:23:00,1,12625.76,0.10,CARD
S0058700,C00056,P00246,ST032,2027-05-14 02:44:00,3,9342.29,0.00,UPI
S0058701,C01594,P00141,ST036,2026-12-07 10:44:00,1,8257.89,0.00,WALLET
S0058702,C01030,P00310,ST036,2026-12-24 19:34:00,8,7286.34,0.10,UPI
S0058703,C03370,P00655,ST039,2026-12-18 23:36:00,3,8138.00,0.00,NET_BANKING
S0058704,C00713,P00538,ST043,2027-05-16 23:56:00,1,12711.98,0.00,NET_BANKING
S0058705,C04359,P00595,ST013,2027-01-17 04:04:00,8,6648.58,0.15,WALLET
S0058706,C00315,P00621,ST024,2027-03-10 14:52:00,6,12280.84,0.15,UPI
S0058707,C03804,P00764,ST005,2027-03-15 07:26:00,8,2546.62,0.15,COD
S0058708,C04467,P00643,ST018,2027-03-14 04:36:00,4,13117.03,0.00,CARD
S0058709,C03179,P00703,ST018,2027-04-14 05:45:00,2,578.72,0.15,UPI
S0058710,C01925,P00955,ST005,2026-12-03 17:57:00,6,5719.71,0.05,COD
S0058711,C03451,P00934,ST021,2026-12-14 19:44:00,7,6341.80,0.00,NET_BANKING
S0058712,C04906,P00370,ST033,2026-12-22 13:27:00,1,9728.34,0.05,CARD
S0058713,C02264,P00718,ST046,2026-10-24 12:51:00,7,3535.94,0.15,WALLET
S0058714,C04167,P00542,ST027,2027-02-26 07:14:00,8,13862.55,0.15,UPI
S0058715,C00165,P00407,ST044,2027-02-15 20:10:00,6,6517.00,0.10,COD
S0058716,C04072,P00311,ST038,2027-05-09 15:43:00,6,10510.03,0.00,WALLET
S0058717,C03833,P00252,ST004,2026-10-05 08:57:00,4,10612.68,0.05,UPI
S0058718,C04677,P00897,ST035,2027-04-06 14:42:00,3,3588.17,0.05,WALLET
S0058719,C00163,P00659,ST034,2027-02-07 16:00:00,4,3678.56,0.05,WALLET
S0058720,C01942,P00579,ST002,2027-02-12 03:51:00,7,10886.45,0.10,WALLET
S0058721,C00913,P01052,ST009,2027-04-22 17:21:00,7,872.98,0.10,CARD
S0058722,C02332,P00268,ST007,2027-04-01 15:19:00,5,4586.89,0.15,NET_BANKING
S0058723,C04297,P00718,ST025,2027-03-23 22:18:00,6,3535.94,0.10,WALLET
S0058724,C02484,P00212,ST009,2027-02-18 14:22:00,3,13581.02,0.05,CARD
S0058725,C01214,P00433,ST049,2026-12-23 12:34:00,3,6296.95,0.00,NET_BANKING
S0058726,C04590,P00457,ST045,2027-05-17 12:36:00,8,2393.60,0.10,NET_BANKING
S0058727,C04658,P00217,ST037,2026-12-23 21:52:00,7,10077.87,0.00,CARD
S0058728,C03363,P00284,ST021,2026-10-27 00:38:00,5,7052.39,0.00,WALLET
S0058729,C01555,P00689,ST049,2027-02-22 04:29:00,3,1747.51,0.00,COD
S0058730,C03559,P00330,ST047,2026-10-08 05:02:00,8,3475.34,0.10,COD
S0058731,C03681,P00015,ST014,2026-11-23 23:36:00,3,6091.54,0.10,CARD
S0058732,C03954,P00521,ST022,2026-09-14 15:40:00,1,6093.07,0.15,WALLET
S0058733,C00339,P00098,ST012,2027-03-05 22:02:00,6,3874.92,0.00,NET_BANKING
S0058734,C05439,P00445,ST024,2026-09-03 22:42:00,4,9889.85,0.00,CARD
S0058735,C02049,P00776,ST031,2026-10-17 23:00:00,4,571.16,0.00,COD
S0058736,C01414,P00100,ST011,2027-01-21 09:43:00,8,2281.28,0.15,NET_BANKING
S0058737,C00318,P00676,ST043,2026-09-29 19:39:00,1,13208.41,0.00,COD
S0058738,C03602,P00424,ST033,2026-10-22 08:46:00,4,12370.62,0.05,COD
S0058739,C05047,P00535,ST038,2027-01-02 15:43:00,5,11264.22,0.10,CARD
S0058740,C03689,P01012,ST031,2026-10-22 15:15:00,7,1005.52,0.10,CARD
S0058741,C03655,P00092,ST018,2027-03-10 10:39:00,8,8564.59,0.05,UPI
S0058742,C04853,P00582,ST030,2026-12-25 05:10:00,3,3449.31,0.00,COD
S0058743,C00921,P00432,ST016,2026-10-29 01:26:00,6,578.01,0.00,UPI
S0058744,C01026,P00262,ST030,2027-04-22 20:56:00,6,4686.95,0.00,CARD
S0058745,C02840,P00615,ST011,2026-10-23 07:07:00,3,5873.54,0.10,WALLET
S0058746,C03059,P00890,ST002,2026-12-02 15:09:00,7,2569.54,0.15,WALLET
S0058747,C03340,P00540,ST004,2026-09-04 03:02:00,7,8768.71,0.00,NET_BANKING
S0058748,C00328,P00389,ST014,2027-03-27 02:05:00,1,7161.01,0.00,CARD
S0058749,C03672,P00174,ST012,2026-12-01 14:23:00,2,322.73,0.10,NET_BANKING
S0058750,C00174,P00865,ST023,2027-01-11 10:05:00,4,8660.01,0.00,WALLET
S0058751,C02647,P00323,ST021,2027-02-14 04:35:00,5,2608.20,0.15,WALLET
S0058752,C02257,P00391,ST033,2026-10-30 01:08:00,1,3490.76,0.10,CARD
S0058753,C04499,P00435,ST033,2027-02-06 09:52:00,6,6495.05,0.10,COD
S0058754,C03418,P00640,ST042,2026-09-27 17:00:00,7,9013.79,0.05,UPI
S0058755,C01514,P00263,ST046,2027-04-06 02:04:00,4,12638.42,0.10,COD
S0058756,C04968,P00612,ST012,2026-10-24 05:34:00,2,12611.50,0.00,WALLET
S0058757,C00570,P00817,ST008,2026-11-02 21:57:00,2,11269.31,0.00,CARD
S0058758,C03288,P00240,ST039,2027-04-21 00:42:00,5,9582.36,0.00,NET_BANKING
S0058759,C01185,P00801,ST035,2026-10-15 06:17:00,5,6852.19,0.00,COD
S0058760,C04200,P00406,ST016,2026-11-11 04:38:00,6,1162.78,0.15,COD
S0058761,C04628,P00644,ST019,2027-02-25 00:45:00,7,8264.91,0.00,NET_BANKING
S0058762,C05058,P00676,ST014,2026-12-19 00:53:00,6,13208.41,0.15,UPI
S0058763,C04219,P00038,ST016,2026-09-04 18:48:00,6,5447.04,0.15,UPI
S0058764,C03548,P00907,ST048,2027-05-16 15:56:00,3,14264.28,0.00,NET_BANKING
S0058765,C05050,P00590,ST012,2027-03-11 08:08:00,3,265.48,0.15,CARD
S0058766,C04312,P01076,ST010,2027-04-25 08:05:00,8,1049.13,0.10,NET_BANKING
S0058767,C01102,P00372,ST026,2027-03-19 21:32:00,7,8947.17,0.10,NET_BANKING
S0058768,C04126,P00842,ST015,2027-04-23 19:57:00,8,12208.32,0.00,CARD
S0058769,C03389,P00393,ST038,2027-03-23 02:25:00,3,7337.73,0.00,CARD
S0058770,C01741,P00055,ST040,2027-03-22 16:03:00,7,8397.51,0.00,NET_BANKING
S0058771,C02723,P00153,ST008,2027-05-05 14:42:00,5,5456.59,0.00,NET_BANKING
S0058772,C04109,P00933,ST045,2027-04-23 01:37:00,7,7457.39,0.05,COD
S0058773,C03531,P00639,ST046,2027-04-12 12:28:00,5,5321.74,0.00,NET_BANKING
S0058774,C02294,P00306,ST002,2026-09-15 02:16:00,5,8871.87,0.10,CARD
S0058775,C01530,P00752,ST041,2027-03-10 06:52:00,7,10993.54,0.00,CARD
S0058776,C03900,P00026,ST015,2027-03-15 20:22:00,6,3973.71,0.00,NET_BANKING
S0058777,C01064,P00368,ST016,2027-05-13 13:32:00,6,14776.53,0.05,CARD
S0058778,C05289,P00079,ST029,2027-03-20 04:49:00,5,398.24,0.00,NET_BANKING
S0058779,C01349,P00822,ST039,2027-04-25 16:35:00,6,11979.30,0.00,COD
S0058780,C00048,P00408,ST006,2027-02-08 12:31:00,4,61.60,0.05,CARD
S0058781,C03578,P00074,ST050,2026-12-19 16:48:00,6,9655.66,0.00,NET_BANKING
S0058782,C04447,P00639,ST037,2027-01-29 20:24:00,4,5321.74,0.10,CARD
S0058783,C04767,P00462,ST003,2027-05-13 10:16:00,5,3972.80,0.05,WALLET
S0058784,C01182,P01017,ST048,2027-01-13 06:57:00,5,2661.56,0.05,WALLET
S0058785,C03498,P00710,ST034,2027-05-02 14:26:00,1,3147.74,0.10,WALLET
S0058786,C00663,P00995,ST046,2027-05-12 07:29:00,5,10497.82,0.15,COD
S0058787,C03731,P00756,ST012,2026-09-09 02:59:00,7,7470.61,0.00,CARD
S0058788,C04404,P00562,ST040,2026-09-28 18:04:00,3,10013.06,0.10,NET_BANKING
S0058789,C02382,P01035,ST016,2026-12-04 00:35:00,6,1331.09,0.10,WALLET
S0058790,C02467,P00786,ST023,2027-02-02 10:58:00,2,8674.28,0.00,CARD
S0058791,C01691,P00223,ST020,2026-10-23 09:14:00,4,6560.58,0.05,UPI
S0058792,C01010,P00815,ST009,2027-03-31 21:20:00,5,9553.20,0.00,COD
S0058793,C00328,P00163,ST003,2026-10-13 05:32:00,8,2045.70,0.15,COD
S0058794,C04227,P00852,ST029,2026-11-15 08:24:00,3,9756.12,0.00,CARD
S0058795,C02424,P00251,ST012,2027-04-28 02:13:00,6,1347.37,0.00,UPI
S0058796,C04093,P00724,ST037,2026-09-10 22:32:00,8,842.59,0.00,COD
S0058797,C04587,P00186,ST047,2027-03-09 06:15:00,4,5509.22,0.00,CARD
S0058798,C01947,P00934,ST044,2027-02-13 02:59:00,5,6341.80,0.05,WALLET
S0058799,C01317,P00999,ST008,2027-01-24 20:31:00,5,6110.48,0.10,NET_BANKING
S0058800,C01643,P00200,ST050,2027-04-15 04:29:00,2,12660.04,0.00,WALLET
S0058801,C05333,P00651,ST012,2026-11-05 02:47:00,5,1796.64,0.05,WALLET
S0058802,C04834,P00937,ST017,2026-12-20 23:48:00,8,2930.83,0.00,WALLET
S0058803,C03740,P00117,ST007,2026-10-09 08:01:00,6,9637.83,0.00,COD
S0058804,C00189,P00201,ST017,2026-10-21 04:15:00,5,7729.31,0.00,CARD
S0058805,C00426,P00190,ST003,2027-03-31 00:31:00,6,6844.10,0.00,CARD
S0058806,C01733,P00265,ST043,2026-09-30 11:59:00,6,11238.83,0.15,COD
S0058807,C04138,P00392,ST014,2026-12-01 11:55:00,6,1926.43,0.15,WALLET
S0058808,C01084,P00337,ST005,2027-04-19 09:37:00,3,14544.49,0.10,NET_BANKING
S0058809,C04736,P01031,ST038,2027-02-15 01:53:00,2,268.73,0.00,WALLET
S0058810,C03987,P00118,ST026,2027-02-26 21:47:00,6,7964.36,0.10,CARD
S0058811,C05255,P00545,ST044,2026-09-05 16:33:00,8,2928.27,0.10,CARD
S0058812,C02599,P00270,ST020,2026-09-30 08:26:00,7,12684.63,0.10,UPI
S0058813,C04200,P00022,ST024,2027-01-02 07:54:00,3,4659.49,0.10,COD
S0058814,C00937,P00760,ST040,2027-03-14 06:26:00,7,13523.24,0.05,UPI
S0058815,C04329,P00186,ST036,2027-04-30 13:48:00,5,5509.22,0.00,WALLET
S0058816,C00019,P00898,ST039,2027-03-31 01:50:00,5,1340.84,0.00,UPI
S0058817,C01964,P00586,ST019,2027-03-08 08:47:00,4,3287.74,0.00,WALLET
S0058818,C03441,P00591,ST030,2026-12-29 17:35:00,1,11159.58,0.00,UPI
S0058819,C02909,P00139,ST023,2026-09-16 05:09:00,4,13296.70,0.00,WALLET
S0058820,C01163,P00448,ST009,2026-10-25 04:14:00,6,9484.91,0.00,COD
S0058821,C01639,P00506,ST043,2027-03-23 03:15:00,1,4110.78,0.05,UPI
S0058822,C01563,P01082,ST038,2026-09-17 20:48:00,3,3322.61,0.15,WALLET
S0058823,C03075,P00653,ST007,2026-10-22 18:31:00,1,13600.13,0.05,NET_BANKING
S0058824,C00187,P00701,ST021,2026-11-29 13:03:00,7,9710.18,0.05,WALLET
S0058825,C04786,P00800,ST017,2026-12-07 08:35:00,8,14143.96,0.00,UPI
S0058826,C04693,P00477,ST022,2027-03-12 03:41:00,1,3992.23,0.00,COD
S0058827,C04880,P00642,ST014,2027-03-25 06:01:00,8,4616.48,0.10,NET_BANKING
S0058828,C04519,P00684,ST011,2026-09-24 16:57:00,5,9364.88,0.15,COD
S0058829,C04614,P00573,ST006,2026-12-31 00:59:00,8,7520.25,0.05,UPI
S0058830,C02938,P00021,ST038,2026-11-22 14:47:00,8,2492.45,0.00,WALLET
S0058831,C03730,P00690,ST002,2027-04-18 08:41:00,7,4018.76,0.00,COD
S0058832,C01937,P01083,ST018,2026-10-29 08:10:00,5,3007.37,0.10,UPI
S0058833,C00567,P00616,ST028,2026-10-16 22:31:00,7,114.05,0.10,COD
S0058834,C02714,P00549,ST031,2026-10-26 00:23:00,3,8615.76,0.05,NET_BANKING
S0058835,C02554,P00553,ST025,2027-04-12 04:50:00,8,10883.36,0.15,UPI
S0058836,C01198,P00591,ST009,2027-01-15 21:38:00,8,11159.58,0.00,WALLET
S0058837,C04929,P00648,ST010,2027-03-08 06:02:00,2,4120.80,0.00,WALLET
S0058838,C03398,P00082,ST032,2027-01-09 04:10:00,7,3347.34,0.15,NET_BANKING
S0058839,C02142,P00790,ST039,2027-01-15 14:10:00,3,14518.69,0.05,UPI
S0058840,C04840,P00491,ST022,2026-09-14 13:35:00,4,4754.80,0.00,CARD
S0058841,C03187,P01082,ST044,2027-02-11 10:45:00,5,2816.85,0.00,UPI
S0058842,C05295,P00538,ST034,2026-09-09 23:49:00,8,12711.98,0.00,WALLET
S0058843,C02020,P00817,ST016,2027-03-12 12:07:00,2,11269.31,0.10,NET_BANKING
S0058844,C02660,P01085,ST028,2027-03-24 04:53:00,8,1493.07,0.00,WALLET
S0058845,C04653,P00498,ST039,2026-09-04 10:17:00,3,302.97,0.00,COD
S0058846,C04768,P00915,ST026,2026-12-10 23:12:00,6,12880.95,0.05,UPI
S0058847,C02397,P00697,ST039,2027-05-06 09:16:00,5,10439.87,0.05,COD
S0058848,C02351,P00938,ST006,2027-03-10 12:59:00,4,9016.69,0.10,CARD
S0058849,C00391,P00131,ST003,2027-03-19 12:39:00,4,13217.23,0.05,WALLET
S0058850,C00263,P00799,ST002,2027-01-10 11:38:00,5,5194.85,0.00,WALLET
S0058851,C02433,P00531,ST022,2027-04-27 11:46:00,4,137.66,0.15,CARD
S0058852,C01218,P00646,ST027,2027-02-19 05:38:00,7,1788.47,0.00,NET_BANKING
S0058853,C03003,P00820,ST047,2026-12-13 23:43:00,2,1994.37,0.00,WALLET
S0058854,C04632,P00304,ST017,2026-09-13 21:20:00,3,8379.11,0.10,NET_BANKING
S0058855,C00538,P00594,ST024,2027-04-08 19:52:00,2,10755.95,0.15,WALLET
S0058856,C05110,P00609,ST025,2026-12-20 22:53:00,8,12112.83,0.10,NET_BANKING
S0058857,C04980,P00639,ST022,2026-12-27 09:45:00,5,5321.74,0.00,UPI
S0058858,C02984,P01088,ST040,2026-09-04 20:19:00,7,3646.68,0.00,WALLET
S0058859,C01750,P00230,ST046,2027-03-10 14:57:00,5,9832.40,0.00,CARD
S0058860,C01304,P00871,ST027,2027-05-12 20:18:00,5,9556.52,0.00,NET_BANKING
S0058861,C04008,P00361,ST011,2027-02-19 22:37:00,5,3502.39,0.05,WALLET
S0058862,C05169,P00840,ST001,2026-09-24 20:55:00,1,4066.13,0.00,COD
S0058863,C04358,P00484,ST001,2026-11-29 16:43:00,5,195.13,0.10,NET_BANKING
S0058864,C04494,P00264,ST017,2026-11-28 19:30:00,1,3453.32,0.00,COD
S0058865,C02431,P00834,ST013,2026-12-22 05:40:00,7,13773.56,0.00,CARD
S0058866,C02903,P00483,ST020,2027-01-20 02:33:00,2,7759.25,0.05,CARD
S0058867,C02425,P00992,ST028,2027-05-16 12:49:00,1,9363.29,0.15,NET_BANKING
S0058868,C03768,P00533,ST016,2026-11-22 11:27:00,4,13218.50,0.00,COD
S0058869,C04013,P00317,ST010,2026-11-03 19:45:00,1,4717.68,0.10,CARD
S0058870,C05158,P00945,ST043,2026-09-08 00:28:00,1,12625.76,0.15,COD
S0058871,C05227,P00978,ST016,2027-03-29 14:48:00,1,12166.54,0.00,COD
S0058872,C02865,P00352,ST029,2027-02-12 04:31:00,7,13564.85,0.00,CARD
S0058873,C02609,P01083,ST019,2027-05-14 02:38:00,1,2606.04,0.00,UPI
S0058874,C00563,P00897,ST025,2027-04-11 03:18:00,8,3588.17,0.00,CARD
S0058875,C03770,P00319,ST046,2027-04-21 03:47:00,4,5444.74,0.15,CARD
S0058876,C03335,P00730,ST025,2027-03-08 22:30:00,8,3796.60,0.15,NET_BANKING
S0058877,C05126,P00706,ST009,2027-04-16 01:24:00,6,2797.24,0.10,NET_BANKING
S0058878,C03410,P00487,ST049,2027-01-16 15:34:00,4,5449.32,0.00,UPI
S0058879,C01416,P00494,ST009,2027-02-21 06:41:00,4,4019.59,0.00,NET_BANKING
S0058880,C04791,P00766,ST008,2026-10-25 00:24:00,1,889.54,0.05,CARD
S0058881,C01186,P00037,ST033,2026-09-29 13:59:00,3,11915.11,0.10,COD
S0058882,C04947,P00386,ST049,2026-11-23 20:21:00,4,344.42,0.05,COD
S0058883,C02051,P00335,ST038,2027-03-14 08:37:00,4,2003.90,0.00,UPI
S0058884,C05459,P00828,ST043,2027-01-14 02:04:00,3,6520.23,0.05,WALLET
S0058885,C02039,P00309,ST018,2027-04-04 09:00:00,1,9944.41,0.05,WALLET
S0058886,C01187,P00190,ST039,2026-10-13 20:25:00,7,6844.10,0.00,WALLET
S0058887,C01515,P01016,ST032,2026-10-20 14:45:00,7,2614.20,0.05,NET_BANKING
S0058888,C00767,P00583,ST050,2027-05-03 15:59:00,1,5417.09,0.05,NET_BANKING
S0058889,C02248,P00945,ST045,2027-01-02 06:01:00,7,12625.76,0.10,NET_BANKING
S0058890,C04574,P00317,ST006,2027-03-13 04:19:00,6,4717.68,0.00,UPI
S0058891,C03323,P00352,ST050,2026-10-23 11:32:00,1,13564.85,0.05,COD
S0058892,C02134,P00994,ST022,2026-10-10 07:13:00,5,14986.15,0.15,NET_BANKING
S0058893,C02803,P01027,ST006,2027-05-05 02:02:00,7,2246.43,0.00,COD
S0058894,C02474,P00673,ST041,2027-02-19 16:52:00,2,7917.40,0.05,COD
S0058895,C05109,P00548,ST030,2027-01-19 06:54:00,6,11468.53,0.15,WALLET
S0058896,C00507,P00831,ST006,2027-04-24 14:50:00,1,4958.66,0.10,NET_BANKING
S0058897,C00681,P00094,ST011,2027-01-08 06:09:00,3,3538.71,0.00,WALLET
S0058898,C03509,P00205,ST028,2026-12-09 02:27:00,8,2535.39,0.10,UPI
S0058899,C03275,P00328,ST028,2027-02-03 06:40:00,8,3281.70,0.10,CARD
S0058900,C05412,P00437,ST027,2027-01-28 09:12:00,2,9854.53,0.10,WALLET
S0058901,C02001,P00316,ST018,2026-09-03 04:47:00,3,4896.51,0.00,WALLET
S0058902,C00228,P00094,ST012,2027-03-21 22:42:00,5,3538.71,0.05,UPI
S0058903,C04168,P00087,ST029,2027-01-02 13:09:00,4,2943.27,0.00,NET_BANKING
S0058904,C04881,P00158,ST007,2026-10-02 12:15:00,3,3652.82,0.00,UPI
S0058905,C01493,P00919,ST021,2027-02-02 00:09:00,1,8906.88,0.10,NET_BANKING
S0058906,C02068,P00551,ST018,2026-10-10 00:54:00,8,9996.39,0.00,WALLET
S0058907,C02014,P00418,ST025,2027-02-21 09:45:00,6,7868.89,0.15,CARD
S0058908,C03121,P00162,ST033,2026-09-10 12:58:00,2,12288.78,0.05,NET_BANKING
S0058909,C04127,P00237,ST039,2026-11-20 06:50:00,2,5637.77,0.05,WALLET
S0058910,C03933,P00181,ST016,2026-09-14 14:46:00,2,9255.83,0.10,NET_BANKING
S0058911,C05272,P00274,ST009,2027-01-06 15:56:00,7,13222.64,0.05,WALLET
S0058912,C02197,P00884,ST001,2027-03-15 06:01:00,2,13619.78,0.05,CARD
S0058913,C02050,P00171,ST019,2027-04-20 20:40:00,7,6161.32,0.10,UPI
S0058914,C03049,P00754,ST007,2026-12-07 11:48:00,1,4946.47,0.05,COD
S0058915,C05335,P00572,ST026,2026-11-03 07:52:00,7,413.41,0.05,WALLET
S0058916,C01349,P01095,ST046,2027-02-17 15:46:00,7,3315.08,0.05,NET_BANKING
S0058917,C00267,P00440,ST035,2026-12-03 18:43:00,3,11929.30,0.15,UPI
S0058918,C00923,P00170,ST047,2027-04-28 02:25:00,6,4556.11,0.10,COD
S0058919,C00099,P00776,ST024,2026-09-21 17:23:00,1,571.16,0.00,COD
S0058920,C05128,P00024,ST003,2027-02-05 09:10:00,2,7530.12,0.10,CARD
S0058921,C04454,P00214,ST016,2027-01-12 16:35:00,3,8311.62,0.15,NET_BANKING
S0058922,C00229,P00093,ST048,2027-03-22 15:20:00,6,1874.43,0.10,WALLET
S0058923,C02970,P00906,ST031,2027-01-23 14:28:00,5,12896.50,0.10,WALLET
S0058924,C02908,P00684,ST028,2026-10-12 00:42:00,4,9364.88,0.15,COD
S0058925,C02392,P00440,ST044,2026-09-04 16:58:00,1,11929.30,0.00,UPI
S0058926,C02524,P00958,ST014,2026-10-18 07:53:00,3,6025.05,0.00,WALLET
S0058927,C02855,P00816,ST022,2027-03-03 00:24:00,6,12563.10,0.15,CARD
S0058928,C05372,P00510,ST011,2027-02-12 15:18:00,6,8953.00,0.05,WALLET
S0058929,C03940,P00345,ST050,2026-12-02 07:53:00,6,1997.78,0.05,COD
S0058930,C04737,P00025,ST019,2026-10-03 13:44:00,3,4571.56,0.00,NET_BANKING
S0058931,C05462,P00595,ST009,2026-12-27 02:04:00,7,6648.58,0.05,NET_BANKING
S0058932,C03165,P00065,ST048,2027-02-09 06:11:00,4,505.63,0.10,UPI
S0058933,C01888,P00833,ST041,2026-09-15 04:07:00,2,1413.00,0.00,UPI
S0058934,C02623,P00880,ST003,2026-09-28 11:47:00,6,9958.92,0.15,WALLET
S0058935,C04141,P00514,ST030,2027-03-29 00:10:00,6,14174.96,0.05,COD
S0058936,C01612,P00937,ST029,2026-09-18 03:29:00,8,2930.83,0.15,UPI
S0058937,C00513,P00280,ST013,2026-10-23 00:23:00,6,5715.39,0.15,WALLET
S0058938,C04294,P00985,ST041,2026-12-10 06:34:00,7,12971.94,0.15,CARD
S0058939,C03715,P00761,ST024,2026-11-14 20:31:00,5,7126.90,0.15,CARD
S0058940,C05298,P00977,ST046,2027-05-15 11:16:00,7,12203.63,0.15,UPI
S0058941,C05380,P00616,ST001,2026-10-08 14:03:00,1,114.05,0.00,COD
S0058942,C02647,P00900,ST015,2027-01-11 16:24:00,1,10665.28,0.00,COD
S0058943,C01632,P00243,ST003,2026-12-01 19:37:00,8,6859.66,0.00,CARD
S0058944,C04338,P00509,ST007,2027-03-16 05:08:00,6,6695.51,0.15,NET_BANKING
S0058945,C03393,P00356,ST006,2026-12-20 03:38:00,8,6310.49,0.00,UPI
S0058946,C01212,P00243,ST016,2027-01-23 10:36:00,5,6859.66,0.10,NET_BANKING
S0058947,C00788,P00655,ST020,2027-03-21 06:42:00,3,8138.00,0.10,WALLET
S0058948,C01923,P00060,ST045,2027-05-15 17:56:00,5,13328.41,0.05,COD
S0058949,C01468,P00907,ST033,2027-05-05 04:51:00,5,14264.28,0.05,COD
S0058950,C02332,P00158,ST050,2027-04-16 23:49:00,7,3652.82,0.00,WALLET
S0058951,C00753,P01036,ST040,2027-01-19 19:29:00,3,4565.64,0.15,WALLET
S0058952,C03417,P01018,ST041,2027-04-04 08:58:00,5,1513.98,0.05,WALLET
S0058953,C01369,P00274,ST018,2027-05-10 04:55:00,6,13222.64,0.05,UPI
S0058954,C03874,P00603,ST043,2026-12-09 17:12:00,5,7723.35,0.05,UPI
S0058955,C01664,P00862,ST037,2027-05-04 04:49:00,7,12635.93,0.05,WALLET
S0058956,C02056,P01072,ST039,2027-02-23 04:33:00,1,2460.64,0.15,CARD
S0058957,C04324,P00808,ST011,2026-11-19 08:00:00,2,2340.21,0.00,WALLET
S0058958,C02278,P01092,ST048,2027-03-13 06:54:00,5,4227.96,0.05,UPI
S0058959,C02318,P01034,ST031,2027-02-27 17:08:00,1,384.35,0.00,UPI
S0058960,C04718,P00663,ST022,2027-04-10 23:23:00,7,4192.70,0.00,CARD
S0058961,C02514,P00695,ST021,2027-03-20 10:45:00,3,13599.96,0.15,CARD
S0058962,C03866,P00033,ST036,2027-04-07 13:36:00,7,11598.07,0.00,WALLET
S0058963,C03012,P00303,ST002,2026-10-10 14:41:00,2,14560.81,0.05,NET_BANKING
S0058964,C04502,P00043,ST018,2027-01-11 14:46:00,1,3923.78,0.00,UPI
S0058965,C04808,P00211,ST043,2027-01-05 03:38:00,6,1685.16,0.00,COD
S0058966,C01612,P00131,ST035,2027-03-21 17:10:00,6,13217.23,0.15,COD
S0058967,C03003,P00641,ST049,2027-05-18 00:17:00,3,6765.73,0.15,CARD
S0058968,C00254,P00551,ST042,2027-01-28 01:32:00,4,9996.39,0.05,UPI
S0058969,C05163,P00393,ST022,2027-01-25 14:38:00,6,7337.73,0.10,CARD
S0058970,C04555,P01064,ST008,2027-04-18 18:55:00,5,1704.61,0.00,WALLET
S0058971,C02763,P00583,ST028,2027-02-19 04:52:00,1,5417.09,0.10,CARD
S0058972,C02722,P00166,ST017,2026-10-07 11:31:00,2,8032.81,0.05,COD
S0058973,C05322,P00318,ST003,2026-12-11 22:08:00,1,10232.53,0.10,UPI
S0058974,C01485,P00442,ST050,2027-01-02 22:36:00,8,12602.76,0.10,WALLET
S0058975,C02713,P00564,ST013,2027-04-26 21:36:00,5,13288.39,0.15,NET_BANKING
S0058976,C02544,P00209,ST021,2026-11-07 21:13:00,5,6800.00,0.00,COD
S0058977,C00249,P00814,ST021,2026-10-28 17:11:00,7,1576.96,0.05,COD
S0058978,C00818,P00625,ST032,2027-01-23 04:29:00,8,12569.93,0.00,NET_BANKING
S0058979,C01796,P00233,ST049,2026-10-30 14:37:00,8,5834.21,0.00,COD
S0058980,C05003,P00842,ST026,2027-04-08 13:31:00,2,12208.32,0.00,CARD
S0058981,C04022,P00420,ST017,2026-12-09 17:17:00,8,13992.32,0.15,NET_BANKING
S0058982,C04353,P00281,ST043,2027-04-22 00:22:00,4,12950.39,0.05,NET_BANKING
S0058983,C01621,P00959,ST023,2027-01-14 20:44:00,2,9477.36,0.10,NET_BANKING
S0058984,C03380,P00375,ST003,2027-05-19 02:32:00,7,8641.01,0.05,NET_BANKING
S0058985,C03696,P00444,ST007,2027-05-10 15:24:00,6,910.78,0.10,UPI
S0058986,C02841,P00898,ST030,2027-01-19 12:26:00,5,1340.84,0.05,UPI
S0058987,C02696,P00177,ST021,2027-04-10 05:33:00,5,5272.03,0.15,WALLET
S0058988,C04540,P00361,ST011,2027-04-22 11:21:00,8,3502.39,0.00,CARD
S0058989,C02027,P00136,ST002,2027-05-04 17:45:00,7,2339.70,0.00,COD
S0058990,C05183,P00356,ST042,2027-01-20 17:42:00,2,6310.49,0.00,UPI
S0058991,C05197,P00637,ST039,2027-05-04 22:13:00,3,14361.31,0.15,COD
S0058992,C00143,P00664,ST003,2027-03-08 03:07:00,5,2596.83,0.05,NET_BANKING
S0058993,C01429,P00114,ST025,2026-09-21 22:09:00,8,1848.49,0.15,UPI
S0058994,C01787,P00996,ST025,2027-04-17 22:41:00,2,12724.73,0.05,COD
S0058995,C02619,P00975,ST036,2026-10-21 03:37:00,1,14210.52,0.05,COD
S0058996,C01170,P00455,ST020,2027-02-02 00:33:00,4,11331.19,0.10,WALLET
S0058997,C00479,P00562,ST026,2026-09-16 21:12:00,2,10013.06,0.15,NET_BANKING
S0058998,C05121,P00898,ST035,2027-02-07 06:08:00,6,1340.84,0.00,WALLET
S0058999,C00424,P00945,ST014,2026-11-01 08:24:00,5,12625.76,0.15,WALLET
S0059000,C03305,P00375,ST037,2027-01-28 03:42:00,8,8641.01,0.10,CARD
S0059001,C03218,P00283,ST040,2027-02-18 04:18:00,3,6670.75,0.00,CARD
S0059002,C00705,P00687,ST046,2026-12-25 21:52:00,6,10669.90,0.00,CARD
S0059003,C04384,P00452,ST038,2026-11-02 09:02:00,2,3389.85,0.10,COD
S0059004,C01581,P00255,ST005,2026-11-14 08:14:00,8,6191.54,0.00,COD
S0059005,C04899,P00279,ST023,2026-09-17 16:37:00,8,7949.95,0.10,NET_BANKING
S0059006,C00394,P00384,ST012,2026-11-13 16:19:00,3,2659.04,0.05,NET_BANKING
S0059007,C03215,P00650,ST019,2026-10-09 19:52:00,2,155.14,0.00,CARD
S0059008,C05353,P00481,ST047,2026-10-31 23:40:00,5,10052.76,0.15,WALLET
S0059009,C05452,P00949,ST004,2027-02-18 19:15:00,2,5923.78,0.00,CARD
S0059010,C04559,P00061,ST023,2027-04-26 23:23:00,1,9979.10,0.00,UPI
S0059011,C00729,P00828,ST010,2027-03-23 18:42:00,2,6520.23,0.00,CARD
S0059012,C02370,P00040,ST031,2026-12-19 15:41:00,8,1501.66,0.15,NET_BANKING
S0059013,C00569,P00931,ST015,2026-10-17 19:54:00,5,10365.83,0.15,CARD
S0059014,C01620,P00753,ST035,2027-04-16 07:56:00,4,9739.34,0.10,UPI
S0059015,C01371,P00625,ST037,2027-04-02 04:25:00,7,12569.93,0.10,COD
S0059016,C02589,P00296,ST035,2027-04-15 20:57:00,7,4617.53,0.15,UPI
S0059017,C00722,P00763,ST049,2026-12-15 09:48:00,3,4853.30,0.15,NET_BANKING
S0059018,C04226,P00731,ST019,2026-10-25 21:06:00,3,6650.71,0.10,UPI
S0059019,C02191,P00171,ST050,2026-11-13 07:35:00,7,6161.32,0.00,WALLET
S0059020,C04222,P00592,ST035,2027-02-12 05:20:00,6,3828.55,0.15,COD
S0059021,C05007,P01085,ST034,2026-09-13 00:22:00,8,4279.84,0.05,WALLET
S0059022,C01163,P00627,ST005,2027-03-21 05:41:00,6,12769.96,0.10,WALLET
S0059023,C00839,P00968,ST050,2026-12-22 03:27:00,3,10372.46,0.00,UPI
S0059024,C00277,P00722,ST047,2026-12-06 05:04:00,8,2303.35,0.00,WALLET
S0059025,C04175,P00692,ST005,2026-12-29 11:36:00,8,3776.76,0.15,CARD
S0059026,C04875,P00800,ST007,2027-02-14 12:59:00,7,14143.96,0.05,COD
S0059027,C02372,P00093,ST044,2026-10-02 00:26:00,2,1874.43,0.10,WALLET
S0059028,C05220,P00815,ST029,2027-04-18 21:54:00,6,9553.20,0.10,WALLET
S0059029,C04117,P00692,ST037,2026-10-07 13:39:00,5,3776.76,0.10,CARD
S0059030,C04450,P00332,ST040,2027-03-28 10:16:00,3,9532.30,0.05,WALLET
S0059031,C05150,P00484,ST021,2027-02-07 21:44:00,5,195.13,0.00,CARD
S0059032,C05207,P00887,ST020,2027-04-30 17:52:00,8,6975.28,0.15,NET_BANKING
S0059033,C03931,P00555,ST009,2026-12-08 02:37:00,4,3239.18,0.10,CARD
S0059034,C00150,P00372,ST042,2026-11-13 23:32:00,5,8947.17,0.10,WALLET
S0059035,C02145,P00639,ST050,2026-10-11 14:17:00,5,5321.74,0.15,UPI
S0059036,C03928,P00007,ST004,2026-12-23 18:27:00,2,8987.92,0.05,CARD
S0059037,C00086,P01000,ST027,2026-10-21 17:20:00,3,3161.37,0.10,NET_BANKING
S0059038,C02171,P00313,ST023,2026-11-10 10:55:00,3,7134.65,0.00,CARD
S0059039,C02895,P00829,ST044,2027-01-08 19:36:00,1,5882.19,0.10,NET_BANKING
S0059040,C04765,P00106,ST023,2027-02-18 15:21:00,8,14238.90,0.15,NET_BANKING
S0059041,C00998,P00795,ST023,2027-01-26 23:51:00,3,123.55,0.05,UPI
S0059042,C01473,P00467,ST026,2026-11-16 22:16:00,7,8776.36,0.05,NET_BANKING
S0059043,C02000,P01079,ST022,2027-04-23 21:14:00,3,1442.65,0.15,WALLET
S0059044,C01440,P00046,ST002,2027-03-20 01:29:00,4,4750.20,0.00,WALLET
S0059045,C03172,P00120,ST039,2027-03-23 20:56:00,5,2796.10,0.05,CARD
S0059046,C05302,P00633,ST023,2027-02-01 11:56:00,1,8834.04,0.00,UPI
S0059047,C05425,P00157,ST041,2027-01-05 14:08:00,2,8754.83,0.10,NET_BANKING
S0059048,C00096,P00729,ST044,2027-04-11 00:34:00,3,5458.72,0.00,COD
S0059049,C04504,P01063,ST041,2026-12-26 14:53:00,3,884.82,0.00,UPI
S0059050,C00472,P00163,ST011,2026-11-30 01:01:00,5,2045.70,0.10,CARD
S0059051,C01577,P00448,ST031,2026-09-11 16:53:00,6,9484.91,0.10,NET_BANKING
S0059052,C01517,P00533,ST022,2026-09-28 11:15:00,8,13218.50,0.00,UPI
S0059053,C03646,P00575,ST017,2027-02-20 13:13:00,3,10494.08,0.05,UPI
S0059054,C04856,P00202,ST031,2026-09-12 00:55:00,3,13459.06,0.00,COD
S0059055,C01919,P01033,ST018,2027-04-04 07:40:00,2,4911.24,0.10,UPI
S0059056,C05210,P00092,ST017,2027-04-24 18:42:00,6,8564.59,0.00,UPI
S0059057,C04889,P00323,ST027,2026-09-24 07:57:00,3,2608.20,0.15,COD
S0059058,C04381,P00925,ST005,2026-09-07 22:01:00,6,9802.23,0.15,UPI
S0059059,C05139,P00857,ST050,2027-02-05 12:46:00,6,10083.38,0.00,CARD
S0059060,C03011,P00534,ST025,2027-04-05 04:27:00,4,5928.36,0.00,COD
S0059061,C00165,P00452,ST027,2026-09-01 08:45:00,8,3389.85,0.00,UPI
S0059062,C03513,P00885,ST029,2026-12-19 20:58:00,2,2276.62,0.15,COD
S0059063,C03724,P00799,ST028,2027-04-04 18:03:00,5,5194.85,0.00,CARD
S0059064,C04607,P00339,ST033,2027-03-07 11:19:00,1,2464.80,0.10,WALLET
S0059065,C01220,P00370,ST013,2026-11-06 21:06:00,8,9728.34,0.05,NET_BANKING
S0059066,C01320,P00392,ST026,2027-05-05 10:09:00,7,1926.43,0.00,UPI
S0059067,C00269,P00780,ST023,2027-03-29 07:17:00,1,5639.59,0.15,UPI
S0059068,C04552,P00737,ST020,2026-12-12 06:01:00,7,69.58,0.00,WALLET
S0059069,C03212,P00265,ST036,2026-09-08 10:43:00,7,11238.83,0.00,NET_BANKING
S0059070,C04090,P00204,ST033,2027-05-03 01:04:00,8,1600.11,0.10,UPI
S0059071,C00751,P00321,ST021,2027-03-28 16:42:00,8,1068.85,0.05,CARD
S0059072,C03839,P00882,ST012,2027-01-23 18:45:00,8,1160.87,0.05,NET_BANKING
S0059073,C04403,P00570,ST047,2027-04-16 00:17:00,7,8154.82,0.10,COD
S0059074,C02939,P00729,ST013,2026-10-14 00:00:00,6,5458.72,0.15,NET_BANKING
S0059075,C04416,P00536,ST021,2026-09-06 19:33:00,6,8908.32,0.15,COD
S0059076,C03648,P00382,ST024,2027-02-03 01:13:00,5,14341.57,0.00,COD
S0059077,C00081,P00821,ST046,2027-03-30 22:44:00,7,7398.56,0.00,NET_BANKING
S0059078,C00406,P00601,ST043,2026-11-10 00:39:00,3,9389.35,0.15,CARD
S0059079,C00704,P00375,ST028,2027-02-01 10:14:00,3,8641.01,0.05,COD
S0059080,C05334,P00479,ST004,2027-02-05 21:49:00,7,1921.66,0.15,WALLET
S0059081,C05409,P00241,ST026,2027-03-24 08:05:00,3,14291.38,0.05,UPI
S0059082,C02698,P00605,ST018,2027-05-18 07:05:00,2,10366.72,0.05,NET_BANKING
S0059083,C00849,P00349,ST018,2026-09-25 07:42:00,8,4491.15,0.00,COD
S0059084,C01387,P00276,ST041,2027-02-23 04:10:00,6,6865.96,0.00,CARD
S0059085,C04452,P00660,ST049,2027-05-11 03:08:00,2,7080.45,0.10,COD
S0059086,C00062,P00199,ST005,2026-12-25 11:33:00,5,10119.49,0.15,CARD
S0059087,C03314,P00938,ST014,2026-11-22 17:58:00,6,9016.69,0.00,CARD
S0059088,C02988,P00968,ST012,2027-04-01 06:30:00,5,10372.46,0.15,CARD
S0059089,C01706,P00465,ST011,2026-12-25 14:57:00,5,2736.41,0.00,UPI
S0059090,C02170,P00156,ST048,2026-09-18 17:31:00,4,12020.51,0.15,COD
S0059091,C03578,P00852,ST049,2026-12-23 16:29:00,5,9756.12,0.15,UPI
S0059092,C02202,P00674,ST020,2026-11-27 03:13:00,2,12623.07,0.10,NET_BANKING
S0059093,C01343,P00024,ST019,2027-03-18 17:20:00,2,7530.12,0.05,UPI
S0059094,C03963,P00721,ST046,2027-02-25 04:05:00,3,2539.40,0.05,CARD
S0059095,C02832,P00761,ST031,2027-05-01 11:51:00,6,7126.90,0.00,CARD
S0059096,C03043,P00894,ST009,2026-11-01 03:29:00,3,12465.27,0.00,CARD
S0059097,C00034,P00059,ST050,2026-10-21 06:51:00,5,14733.93,0.00,CARD
S0059098,C00635,P01081,ST028,2027-02-12 15:06:00,3,1900.43,0.00,NET_BANKING
S0059099,C01988,P00386,ST050,2027-02-01 09:46:00,1,344.42,0.15,CARD
S0059100,C04650,P00261,ST023,2027-03-18 18:08:00,3,6561.97,0.05,WALLET
S0059101,C05152,P00331,ST035,2027-02-03 14:38:00,8,9971.71,0.05,NET_BANKING
S0059102,C03082,P00300,ST005,2026-11-26 01:47:00,5,14429.61,0.00,WALLET
S0059103,C03266,P00761,ST004,2026-10-05 02:20:00,5,7126.90,0.05,NET_BANKING
S0059104,C02217,P00474,ST024,2027-04-24 21:52:00,4,2329.87,0.05,COD
S0059105,C03011,P00241,ST040,2027-02-04 03:21:00,4,14291.38,0.05,UPI
S0059106,C01136,P00633,ST048,2026-09-14 20:39:00,5,8834.04,0.05,NET_BANKING
S0059107,C02011,P00554,ST042,2027-01-15 14:56:00,3,14870.16,0.15,CARD
S0059108,C03659,P00517,ST015,2027-04-11 19:09:00,5,13887.99,0.15,WALLET
S0059109,C01776,P01083,ST033,2027-05-04 08:44:00,6,1058.90,0.05,UPI
S0059110,C03217,P00611,ST020,2026-10-25 01:22:00,7,13074.44,0.00,UPI
S0059111,C03535,P00148,ST015,2027-02-24 03:05:00,8,4636.94,0.05,NET_BANKING
S0059112,C03683,P00185,ST033,2027-03-06 13:13:00,2,5998.13,0.15,WALLET
S0059113,C02308,P00120,ST015,2026-09-11 18:52:00,8,2796.10,0.00,CARD
S0059114,C03648,P01015,ST018,2027-02-19 13:57:00,3,3829.17,0.05,CARD
S0059115,C00400,P00052,ST011,2026-11-30 22:41:00,2,6138.64,0.05,NET_BANKING
S0059116,C02654,P00773,ST026,2027-01-11 00:25:00,7,11513.99,0.00,UPI
S0059117,C05440,P01006,ST018,2027-02-05 10:00:00,4,1927.61,0.10,NET_BANKING
S0059118,C03646,P00957,ST033,2026-11-04 10:25:00,5,13167.89,0.10,UPI
S0059119,C05163,P00119,ST012,2027-03-28 06:16:00,5,794.81,0.15,NET_BANKING
S0059120,C01776,P00400,ST034,2027-04-19 21:21:00,5,11156.69,0.05,UPI
S0059121,C03118,P00686,ST024,2026-12-14 20:01:00,3,1168.81,0.05,WALLET
S0059122,C04622,P00475,ST015,2027-03-04 09:05:00,3,1870.66,0.15,UPI
S0059123,C03226,P01098,ST050,2027-03-25 23:44:00,5,2324.25,0.10,CARD
S0059124,C02397,P00321,ST027,2026-10-23 22:20:00,5,1068.85,0.05,WALLET
S0059125,C02299,P00138,ST017,2027-04-17 10:23:00,2,11081.05,0.15,COD
S0059126,C01313,P00299,ST045,2027-01-15 22:16:00,1,4344.66,0.15,WALLET
S0059127,C02306,P00512,ST024,2027-01-19 14:25:00,7,11395.40,0.05,UPI
S0059128,C02959,P00472,ST039,2026-09-27 11:53:00,6,13031.18,0.00,UPI
S0059129,C01793,P00480,ST033,2027-02-13 12:51:00,4,2188.07,0.00,UPI
S0059130,C03571,P00433,ST005,2027-02-04 15:10:00,6,6296.95,0.15,COD
S0059131,C01085,P00007,ST027,2026-12-05 08:50:00,7,8987.92,0.00,COD
S0059132,C05362,P00184,ST045,2027-02-25 23:59:00,1,8980.87,0.00,COD
S0059133,C05254,P00232,ST047,2027-04-20 18:39:00,7,10782.96,0.00,UPI
S0059134,C01709,P00036,ST035,2026-09-21 18:49:00,4,9317.16,0.10,UPI
S0059135,C03796,P00841,ST013,2026-11-14 01:45:00,4,8077.31,0.00,NET_BANKING
S0059136,C03857,P01081,ST034,2027-05-15 00:05:00,5,2153.89,0.05,WALLET
S0059137,C02123,P00325,ST013,2027-01-25 02:35:00,4,878.26,0.10,CARD
S0059138,C04226,P00668,ST036,2027-02-15 01:32:00,8,9801.28,0.00,NET_BANKING
S0059139,C03468,P00280,ST035,2026-09-23 00:49:00,8,5715.39,0.15,NET_BANKING
S0059140,C02034,P00702,ST031,2027-04-22 06:01:00,5,10861.46,0.15,WALLET
S0059141,C00257,P00409,ST048,2026-11-27 18:55:00,4,2349.95,0.05,NET_BANKING
S0059142,C02502,P00979,ST006,2027-03-05 04:09:00,8,5063.99,0.15,NET_BANKING
S0059143,C03472,P01027,ST038,2027-04-13 20:42:00,4,3913.00,0.00,UPI
S0059144,C04745,P00248,ST022,2027-03-13 17:43:00,7,13778.23,0.05,NET_BANKING
S0059145,C01498,P00310,ST024,2026-09-30 09:48:00,1,7286.34,0.10,WALLET
S0059146,C00790,P00577,ST005,2026-11-04 11:28:00,7,286.38,0.10,CARD
S0059147,C00277,P00298,ST006,2026-10-18 12:31:00,7,14106.08,0.00,WALLET
S0059148,C03306,P00670,ST009,2026-09-02 06:43:00,4,12195.01,0.00,WALLET
S0059149,C04328,P00216,ST007,2027-04-11 23:27:00,4,1540.77,0.00,CARD
S0059150,C03010,P01004,ST041,2026-10-21 05:02:00,3,1099.22,0.05,COD
S0059151,C04511,P00066,ST048,2027-04-30 21:43:00,6,13989.36,0.05,COD
S0059152,C02350,P00362,ST050,2026-09-16 18:51:00,7,9461.46,0.00,COD
S0059153,C04748,P00072,ST020,2027-01-10 23:49:00,8,2213.98,0.00,WALLET
S0059154,C02623,P00153,ST017,2027-04-19 16:15:00,2,5456.59,0.15,UPI
S0059155,C04115,P00430,ST033,2026-11-09 05:41:00,1,5232.86,0.10,NET_BANKING
S0059156,C00383,P00345,ST033,2026-11-06 10:26:00,5,1997.78,0.15,UPI
S0059157,C05221,P00501,ST035,2027-04-09 15:24:00,8,591.28,0.05,NET_BANKING
S0059158,C02152,P00956,ST022,2026-12-22 04:48:00,6,1818.03,0.15,UPI
S0059159,C03145,P00195,ST026,2026-09-05 10:33:00,4,10101.96,0.10,UPI
S0059160,C04805,P00771,ST024,2026-11-12 00:10:00,4,9138.48,0.10,UPI
S0059161,C03388,P00597,ST008,2026-09-08 19:13:00,6,148.42,0.05,NET_BANKING
S0059162,C05467,P00517,ST016,2027-02-27 15:29:00,4,13887.99,0.00,NET_BANKING
S0059163,C00107,P00908,ST045,2026-12-06 07:15:00,7,10685.50,0.15,NET_BANKING
S0059164,C05365,P00814,ST018,2026-11-18 10:33:00,7,1576.96,0.10,COD
S0059165,C03043,P00040,ST021,2026-09-03 22:12:00,5,1501.66,0.05,COD
S0059166,C04090,P00105,ST004,2027-05-18 15:50:00,3,7300.13,0.00,UPI
S0059167,C00658,P00153,ST043,2026-11-06 11:22:00,1,5456.59,0.10,WALLET
S0059168,C02740,P00975,ST036,2026-10-11 12:54:00,6,14210.52,0.05,CARD
S0059169,C00648,P00339,ST043,2027-04-21 04:36:00,3,2464.80,0.00,WALLET
S0059170,C01021,P00496,ST022,2027-01-24 15:10:00,8,3469.95,0.00,WALLET
S0059171,C02250,P00156,ST046,2026-12-03 06:12:00,7,12020.51,0.10,WALLET
S0059172,C00376,P00313,ST013,2026-11-12 13:16:00,3,7134.65,0.15,CARD
S0059173,C03480,P00391,ST033,2027-02-27 11:49:00,8,3490.76,0.00,WALLET
S0059174,C04391,P00040,ST011,2027-05-13 05:04:00,2,1501.66,0.05,COD
S0059175,C01319,P00952,ST042,2026-09-03 10:01:00,6,7725.11,0.00,UPI
S0059176,C01380,P00976,ST047,2027-01-04 12:16:00,5,3815.57,0.05,CARD
S0059177,C02962,P00280,ST028,2026-09-19 11:42:00,3,5715.39,0.00,CARD
S0059178,C03229,P00029,ST040,2027-05-10 11:53:00,7,10510.24,0.15,COD
S0059179,C00856,P00749,ST035,2027-05-11 10:46:00,7,5536.94,0.00,WALLET
S0059180,C03623,P00562,ST029,2027-04-24 05:22:00,8,10013.06,0.00,NET_BANKING
S0059181,C02371,P00560,ST015,2026-12-11 02:19:00,2,9161.86,0.00,UPI
S0059182,C03635,P01017,ST045,2026-09-09 07:04:00,8,4839.34,0.00,NET_BANKING
S0059183,C01991,P00754,ST035,2027-03-06 20:43:00,5,4946.47,0.00,UPI
S0059184,C02970,P00240,ST020,2026-12-19 10:56:00,1,9582.36,0.10,COD
S0059185,C03499,P00545,ST035,2026-11-05 20:43:00,4,2928.27,0.05,CARD
S0059186,C03634,P00162,ST012,2027-01-27 17:20:00,3,12288.78,0.15,NET_BANKING
S0059187,C00289,P00304,ST007,2027-02-22 00:40:00,5,8379.11,0.10,NET_BANKING
S0059188,C01345,P00126,ST008,2026-11-23 06:43:00,6,787.25,0.10,UPI
S0059189,C03936,P00356,ST041,2027-03-02 16:52:00,4,6310.49,0.10,UPI
S0059190,C05105,P00219,ST048,2026-09-16 00:17:00,4,13496.03,0.05,NET_BANKING
S0059191,C00220,P00357,ST022,2027-03-10 08:29:00,2,4341.85,0.00,WALLET
S0059192,C01565,P00628,ST049,2027-03-18 18:50:00,1,11204.97,0.05,COD
S0059193,C01516,P00024,ST012,2026-12-26 16:37:00,1,7530.12,0.15,COD
S0059194,C04282,P00079,ST037,2026-12-07 05:44:00,4,398.24,0.05,WALLET
S0059195,C04493,P00951,ST017,2026-11-01 04:40:00,7,6661.86,0.00,CARD
S0059196,C00816,P00581,ST003,2027-01-05 11:45:00,7,5203.27,0.05,CARD
S0059197,C04257,P00346,ST022,2027-02-04 17:02:00,6,10411.85,0.15,CARD
S0059198,C03346,P00565,ST031,2026-12-20 01:47:00,8,2663.33,0.05,CARD
S0059199,C01055,P00689,ST022,2026-10-02 17:05:00,8,1747.51,0.15,UPI
S0059200,C04783,P00351,ST046,2027-04-25 23:31:00,4,9073.84,0.15,UPI
S0059201,C05383,P00064,ST048,2027-03-08 23:58:00,4,9773.23,0.00,NET_BANKING
S0059202,C02384,P00237,ST029,2026-12-13 21:45:00,4,5637.77,0.00,CARD
S0059203,C05112,P00224,ST009,2027-02-23 22:33:00,1,2208.50,0.10,WALLET
S0059204,C03345,P00999,ST036,2026-11-17 10:54:00,3,6110.48,0.10,WALLET
S0059205,C05431,P00033,ST043,2026-09-20 19:11:00,8,11598.07,0.05,UPI
S0059206,C02389,P00383,ST043,2026-09-13 09:53:00,8,4193.79,0.05,COD
S0059207,C04516,P01074,ST032,2027-02-17 10:31:00,5,3197.75,0.15,NET_BANKING
S0059208,C01233,P00929,ST007,2027-04-23 20:44:00,4,6068.78,0.10,NET_BANKING
S0059209,C02175,P00892,ST046,2027-04-22 11:31:00,5,12540.67,0.00,CARD
S0059210,C04009,P00807,ST004,2026-12-29 16:20:00,4,3804.96,0.15,CARD
S0059211,C05373,P01100,ST009,2026-09-17 17:41:00,5,2800.64,0.15,UPI
S0059212,C04348,P00186,ST030,2026-10-08 23:43:00,1,5509.22,0.00,COD
S0059213,C01921,P00224,ST002,2027-02-14 03:53:00,2,2208.50,0.15,NET_BANKING
S0059214,C03320,P00668,ST021,2027-03-17 11:49:00,2,9801.28,0.00,COD
S0059215,C01311,P00142,ST027,2027-04-10 14:13:00,1,3934.33,0.00,COD
S0059216,C00180,P00022,ST031,2027-04-11 20:37:00,4,4659.49,0.05,CARD
S0059217,C00110,P00200,ST034,2026-10-09 04:11:00,8,12660.04,0.00,NET_BANKING
S0059218,C01703,P00503,ST015,2026-12-09 04:47:00,7,5972.66,0.00,UPI
S0059219,C01596,P00149,ST038,2027-02-24 16:16:00,6,6470.19,0.05,UPI
S0059220,C03575,P00748,ST012,2026-11-25 10:56:00,8,7740.82,0.15,CARD
S0059221,C01273,P00986,ST033,2026-11-15 18:28:00,4,6941.31,0.15,COD
S0059222,C02807,P01031,ST025,2026-10-12 06:34:00,2,1659.91,0.15,UPI
S0059223,C03798,P00017,ST037,2027-05-17 23:05:00,7,3528.42,0.05,COD
S0059224,C02618,P00257,ST017,2027-04-05 23:41:00,3,14449.49,0.15,NET_BANKING
S0059225,C00399,P00405,ST010,2027-01-09 02:41:00,8,11768.32,0.00,UPI
S0059226,C01174,P00973,ST035,2027-01-03 02:05:00,8,13784.89,0.00,NET_BANKING
S0059227,C00311,P01006,ST013,2026-10-15 04:34:00,7,2549.51,0.00,CARD
S0059228,C01452,P00601,ST009,2026-10-18 17:56:00,6,9389.35,0.05,WALLET
S0059229,C04831,P00860,ST009,2027-04-30 16:42:00,1,207.98,0.10,COD
S0059230,C04926,P00137,ST035,2026-11-25 15:55:00,8,9416.73,0.05,NET_BANKING
S0059231,C02900,P00139,ST016,2027-05-12 06:15:00,7,13296.70,0.00,NET_BANKING
S0059232,C04619,P00846,ST045,2027-05-19 19:19:00,1,5378.97,0.10,UPI
S0059233,C04210,P00361,ST046,2027-02-21 08:39:00,3,3502.39,0.15,NET_BANKING
S0059234,C01313,P01042,ST043,2027-04-26 21:35:00,3,4056.68,0.10,CARD
S0059235,C02340,P00647,ST037,2027-04-12 08:15:00,5,8946.93,0.15,COD
S0059236,C04397,P01051,ST018,2027-03-08 13:19:00,8,329.81,0.00,COD
S0059237,C00024,P00947,ST050,2026-09-16 04:42:00,2,5493.18,0.00,CARD
S0059238,C01079,P01068,ST008,2026-12-05 03:57:00,8,4652.42,0.00,NET_BANKING
S0059239,C05161,P00522,ST037,2026-12-12 12:36:00,1,1719.44,0.00,NET_BANKING
S0059240,C01032,P01096,ST036,2026-11-21 14:15:00,5,3822.12,0.05,CARD
S0059241,C00631,P00762,ST047,2026-09-10 05:27:00,4,9970.99,0.05,NET_BANKING
S0059242,C03308,P00354,ST036,2027-04-19 09:30:00,1,11455.34,0.10,UPI
S0059243,C04922,P00272,ST014,2026-09-27 09:05:00,1,13352.08,0.10,UPI
S0059244,C01511,P00757,ST038,2026-11-28 11:41:00,1,226.72,0.00,UPI
S0059245,C03753,P00611,ST014,2027-05-14 09:51:00,2,13074.44,0.10,NET_BANKING
S0059246,C00713,P00247,ST012,2027-02-28 17:42:00,6,3627.73,0.05,COD
S0059247,C01955,P00536,ST037,2027-03-24 15:58:00,2,8908.32,0.00,WALLET
S0059248,C02306,P00523,ST012,2026-09-08 05:32:00,1,3568.60,0.10,CARD
S0059249,C02032,P00530,ST034,2027-03-09 07:58:00,6,1909.30,0.05,CARD
S0059250,C00636,P00464,ST047,2027-01-12 23:42:00,8,6498.78,0.10,CARD
S0059251,C03155,P00082,ST043,2026-10-05 16:10:00,2,3347.34,0.00,WALLET
S0059252,C03499,P00346,ST025,2026-12-15 07:12:00,1,10411.85,0.10,WALLET
S0059253,C04842,P00521,ST031,2026-11-15 12:36:00,3,6093.07,0.05,WALLET
S0059254,C01516,P00851,ST030,2027-02-15 15:43:00,1,10520.35,0.00,WALLET
S0059255,C00165,P00080,ST038,2027-04-12 09:43:00,1,4990.71,0.00,WALLET
S0059256,C00852,P00572,ST013,2027-04-14 18:28:00,8,413.41,0.05,CARD
S0059257,C00154,P00296,ST010,2026-12-25 10:26:00,3,4617.53,0.10,NET_BANKING
S0059258,C02879,P00149,ST001,2027-05-07 16:09:00,8,6470.19,0.15,UPI
S0059259,C05101,P00615,ST041,2026-11-11 18:33:00,1,5873.54,0.15,CARD
S0059260,C04966,P00893,ST020,2027-03-06 07:08:00,1,11968.39,0.10,UPI
S0059261,C00750,P00906,ST024,2026-10-03 03:29:00,5,12896.50,0.05,WALLET
S0059262,C02369,P00483,ST032,2027-01-18 13:33:00,2,7759.25,0.10,COD
S0059263,C05445,P00476,ST029,2027-01-14 16:03:00,4,10059.57,0.00,COD
S0059264,C04698,P01086,ST034,2027-04-03 01:08:00,3,189.45,0.00,NET_BANKING
S0059265,C01533,P00827,ST019,2026-12-08 22:12:00,1,14075.22,0.10,CARD
S0059266,C01235,P00858,ST026,2026-09-18 19:37:00,3,2715.82,0.10,COD
S0059267,C03828,P00745,ST042,2027-04-03 20:55:00,4,11887.46,0.10,COD
S0059268,C02156,P00041,ST018,2027-01-19 21:30:00,4,1420.91,0.10,UPI
S0059269,C02827,P00264,ST041,2027-03-05 23:57:00,2,3453.32,0.15,UPI
S0059270,C03454,P00481,ST004,2026-11-20 13:24:00,5,10052.76,0.15,CARD
S0059271,C04514,P00406,ST001,2026-09-30 19:59:00,1,1162.78,0.10,NET_BANKING
S0059272,C01886,P00463,ST011,2027-03-07 19:21:00,6,13244.30,0.00,UPI
S0059273,C03920,P01017,ST035,2027-04-23 13:38:00,3,211.82,0.00,UPI
S0059274,C01950,P00482,ST002,2027-01-16 07:26:00,1,3964.41,0.00,CARD
S0059275,C03654,P00743,ST005,2026-10-28 14:59:00,4,11438.19,0.05,CARD
S0059276,C00131,P00649,ST039,2026-11-11 21:22:00,5,9552.52,0.00,NET_BANKING
S0059277,C03913,P00414,ST024,2027-03-04 08:03:00,8,11326.94,0.15,CARD
S0059278,C02692,P00676,ST011,2026-12-29 10:19:00,3,13208.41,0.05,CARD
S0059279,C04901,P00195,ST006,2027-03-06 15:11:00,1,10101.96,0.10,NET_BANKING
S0059280,C00182,P00433,ST009,2027-01-07 05:51:00,3,6296.95,0.00,CARD
S0059281,C04654,P00342,ST009,2026-10-08 23:34:00,4,2514.86,0.00,WALLET
S0059282,C05089,P00061,ST049,2027-03-27 07:38:00,3,9979.10,0.00,CARD
S0059283,C02510,P00442,ST029,2026-10-05 01:16:00,7,12602.76,0.00,COD
S0059284,C01173,P00252,ST031,2027-05-11 12:16:00,1,10612.68,0.00,CARD
S0059285,C00219,P00167,ST013,2027-04-11 12:19:00,2,9994.61,0.05,COD
S0059286,C01891,P00715,ST050,2027-05-13 02:40:00,5,9749.53,0.00,WALLET
S0059287,C02348,P00538,ST040,2027-04-29 01:45:00,7,12711.98,0.10,CARD
S0059288,C04305,P01098,ST007,2027-02-14 06:54:00,6,962.37,0.00,COD
S0059289,C03282,P00245,ST016,2026-11-11 11:54:00,7,8201.28,0.10,NET_BANKING
S0059290,C02024,P00548,ST043,2027-04-03 19:00:00,6,11468.53,0.00,CARD
S0059291,C04407,P00633,ST046,2027-03-18 08:45:00,3,8834.04,0.00,UPI
S0059292,C02649,P00250,ST039,2027-02-20 18:53:00,8,4598.66,0.10,CARD
S0059293,C01161,P00112,ST031,2027-03-30 07:49:00,5,1012.33,0.05,CARD
S0059294,C02599,P01064,ST036,2026-09-08 17:54:00,6,4778.23,0.10,COD
S0059295,C01352,P00189,ST032,2026-12-03 02:38:00,5,10563.30,0.00,WALLET
S0059296,C04452,P00589,ST020,2027-04-25 23:18:00,3,4410.37,0.05,WALLET
S0059297,C05028,P01051,ST005,2027-04-14 21:10:00,2,4033.68,0.00,WALLET
S0059298,C01717,P00490,ST036,2027-01-20 08:47:00,4,3009.09,0.10,WALLET
S0059299,C05414,P00891,ST041,2026-10-04 07:31:00,8,2634.44,0.00,COD
S0059300,C02191,P00789,ST013,2027-01-14 18:18:00,3,2259.56,0.05,COD
S0059301,C01238,P00924,ST011,2027-02-04 06:24:00,4,2977.90,0.05,CARD
S0059302,C01882,P00359,ST021,2026-09-08 13:52:00,2,6112.49,0.10,NET_BANKING
S0059303,C01956,P00287,ST029,2027-02-03 11:02:00,2,1326.71,0.00,CARD
S0059304,C05041,P00935,ST029,2026-10-21 05:21:00,2,12673.48,0.00,COD
S0059305,C01025,P00751,ST032,2027-05-02 07:35:00,4,4310.47,0.15,WALLET
S0059306,C00987,P00611,ST042,2027-01-14 12:58:00,8,13074.44,0.15,CARD
S0059307,C00994,P00792,ST042,2026-10-31 14:15:00,2,13052.60,0.00,WALLET
S0059308,C00153,P00848,ST023,2027-03-03 21:36:00,2,12246.43,0.00,CARD
S0059309,C03838,P00995,ST007,2027-03-01 03:28:00,5,10497.82,0.00,COD
S0059310,C01914,P00777,ST030,2027-02-20 19:48:00,8,7574.57,0.15,CARD
S0059311,C04775,P00285,ST044,2027-04-24 08:48:00,3,6123.71,0.05,NET_BANKING
S0059312,C02630,P01003,ST037,2027-05-18 05:13:00,6,3556.94,0.15,CARD
S0059313,C01975,P00957,ST025,2026-12-13 12:01:00,1,13167.89,0.00,COD
S0059314,C00639,P00722,ST027,2027-01-17 21:03:00,5,2303.35,0.05,WALLET
S0059315,C00648,P00498,ST015,2027-01-03 10:51:00,5,302.97,0.15,UPI
S0059316,C00124,P00791,ST003,2027-03-11 15:29:00,1,5011.64,0.05,CARD
S0059317,C01893,P00817,ST038,2026-11-20 03:30:00,4,11269.31,0.00,UPI
S0059318,C01765,P00393,ST040,2027-01-17 06:45:00,8,7337.73,0.05,CARD
S0059319,C04580,P00975,ST015,2026-10-23 05:22:00,3,14210.52,0.00,WALLET
S0059320,C04460,P00170,ST013,2027-05-13 07:17:00,8,4556.11,0.15,UPI
S0059321,C01632,P00725,ST017,2027-03-18 07:46:00,7,5516.84,0.00,CARD
S0059322,C03109,P01052,ST031,2026-12-31 04:51:00,1,3757.94,0.00,COD
S0059323,C00638,P00586,ST021,2027-05-12 17:57:00,8,3287.74,0.05,UPI
S0059324,C03360,P00144,ST039,2027-02-04 15:30:00,2,9162.18,0.15,UPI
S0059325,C00966,P00181,ST018,2027-01-14 09:08:00,3,9255.83,0.00,COD
S0059326,C00132,P01015,ST041,2027-01-07 22:33:00,4,198.15,0.05,COD
S0059327,C03504,P00496,ST001,2027-02-09 11:31:00,6,3469.95,0.10,NET_BANKING
S0059328,C01461,P00408,ST050,2026-10-18 04:06:00,7,61.60,0.15,COD
S0059329,C02012,P00686,ST023,2026-12-03 17:34:00,4,1168.81,0.05,UPI
S0059330,C03043,P00678,ST031,2026-12-04 12:19:00,5,5849.17,0.05,CARD
S0059331,C02518,P00536,ST017,2027-02-20 07:36:00,5,8908.32,0.10,NET_BANKING
S0059332,C00593,P00414,ST017,2027-01-25 01:42:00,6,11326.94,0.00,CARD
S0059333,C01212,P00705,ST045,2026-12-21 05:28:00,2,12535.43,0.00,NET_BANKING
S0059334,C02696,P00293,ST045,2027-05-07 11:19:00,2,8511.68,0.00,COD
S0059335,C00493,P00022,ST006,2027-02-09 06:55:00,6,4659.49,0.15,COD
S0059336,C02755,P00474,ST005,2027-03-03 22:47:00,1,2329.87,0.05,NET_BANKING
S0059337,C03721,P00571,ST033,2026-11-17 22:15:00,7,4671.20,0.00,UPI
S0059338,C05289,P00534,ST027,2027-03-10 08:45:00,1,5928.36,0.15,NET_BANKING
S0059339,C01616,P00620,ST050,2026-09-27 03:49:00,2,1987.43,0.00,COD
S0059340,C03918,P00560,ST001,2026-09-23 16:17:00,3,9161.86,0.15,UPI
S0059341,C02463,P00868,ST030,2027-02-11 00:51:00,1,14973.26,0.10,UPI
S0059342,C00593,P00510,ST050,2027-01-03 06:12:00,6,8953.00,0.00,NET_BANKING
S0059343,C03769,P00202,ST030,2027-01-28 05:47:00,3,13459.06,0.05,CARD
S0059344,C02372,P00775,ST009,2026-09-23 10:52:00,3,7767.36,0.10,CARD
S0059345,C04473,P00760,ST010,2027-05-01 20:43:00,6,13523.24,0.10,WALLET
S0059346,C00416,P00320,ST009,2026-10-21 01:44:00,7,7970.92,0.00,CARD
S0059347,C01894,P01042,ST013,2026-10-03 20:01:00,3,1008.45,0.10,WALLET
S0059348,C00704,P00856,ST025,2026-11-29 19:59:00,6,4490.45,0.10,WALLET
S0059349,C03458,P00383,ST027,2027-05-07 17:42:00,6,4193.79,0.00,COD
S0059350,C00141,P00548,ST019,2026-12-30 14:34:00,7,11468.53,0.05,COD
S0059351,C00424,P01090,ST024,2027-04-08 06:33:00,7,1186.31,0.15,NET_BANKING
S0059352,C01652,P00304,ST049,2027-03-07 03:49:00,7,8379.11,0.05,WALLET
S0059353,C01391,P00704,ST027,2027-05-09 05:00:00,5,3700.74,0.10,UPI
S0059354,C00908,P00963,ST025,2026-11-10 11:40:00,3,9496.66,0.00,CARD
S0059355,C05019,P00688,ST009,2026-10-02 02:34:00,2,14801.08,0.00,COD
S0059356,C01052,P00292,ST008,2027-04-03 02:50:00,5,387.24,0.00,CARD
S0059357,C00650,P01056,ST010,2026-09-26 22:22:00,8,2904.25,0.00,WALLET
S0059358,C02572,P00174,ST025,2026-11-29 21:33:00,1,322.73,0.15,CARD
S0059359,C02377,P00932,ST004,2027-05-17 15:33:00,2,10233.75,0.00,CARD
S0059360,C02386,P00898,ST010,2027-03-07 05:32:00,1,1340.84,0.10,NET_BANKING
S0059361,C02042,P01071,ST036,2027-05-05 21:19:00,3,2142.03,0.05,COD
S0059362,C02988,P00099,ST009,2026-10-11 23:15:00,8,7954.37,0.15,CARD
S0059363,C03592,P00450,ST045,2026-09-14 20:21:00,5,11985.09,0.10,COD
S0059364,C00379,P00918,ST046,2027-01-06 10:24:00,5,11736.74,0.05,UPI
S0059365,C00132,P00851,ST027,2026-12-08 16:04:00,7,10520.35,0.00,NET_BANKING
S0059366,C05325,P00155,ST019,2026-12-30 18:55:00,5,7087.72,0.10,CARD
S0059367,C00054,P00346,ST050,2027-03-04 18:26:00,6,10411.85,0.00,NET_BANKING
S0059368,C04297,P00212,ST037,2027-01-06 00:26:00,7,13581.02,0.05,UPI
S0059369,C00900,P00794,ST036,2027-02-15 15:45:00,3,9152.31,0.05,CARD
S0059370,C03979,P00128,ST032,2027-02-24 20:55:00,6,12585.65,0.00,CARD
S0059371,C01549,P00841,ST007,2027-03-21 15:12:00,3,8077.31,0.00,WALLET
S0059372,C05374,P00076,ST045,2027-04-21 11:09:00,6,2643.86,0.05,UPI
S0059373,C03095,P00299,ST044,2027-02-20 13:27:00,5,4344.66,0.15,NET_BANKING
S0059374,C04489,P00005,ST044,2027-01-25 21:23:00,6,3720.45,0.15,WALLET
S0059375,C01457,P00397,ST028,2027-03-01 02:49:00,8,12844.97,0.05,CARD
S0059376,C05416,P00478,ST006,2027-01-02 15:02:00,4,1905.90,0.00,WALLET
S0059377,C00833,P00592,ST036,2026-10-06 20:14:00,1,3828.55,0.05,WALLET
S0059378,C01599,P00286,ST032,2027-03-25 11:04:00,6,2796.88,0.05,NET_BANKING
S0059379,C04585,P00655,ST030,2026-11-28 20:13:00,3,8138.00,0.00,WALLET
S0059380,C02439,P01061,ST002,2026-12-01 18:56:00,1,1992.65,0.15,UPI
S0059381,C02997,P00853,ST006,2027-05-04 13:08:00,2,14567.44,0.10,COD
S0059382,C03582,P00075,ST026,2026-11-29 14:01:00,3,288.24,0.15,CARD
S0059383,C02652,P00819,ST015,2026-12-12 14:27:00,8,5314.55,0.05,COD
S0059384,C02313,P00704,ST016,2026-11-16 21:30:00,7,3700.74,0.00,COD
S0059385,C02632,P00976,ST023,2026-09-28 09:56:00,6,3815.57,0.05,NET_BANKING
S0059386,C00349,P00845,ST002,2027-03-17 01:15:00,3,596.43,0.05,COD
S0059387,C05338,P00558,ST001,2026-11-26 22:59:00,3,2884.27,0.00,UPI
S0059388,C03000,P00249,ST045,2026-09-22 12:40:00,1,10604.98,0.00,WALLET
S0059389,C03472,P00150,ST011,2027-03-22 21:20:00,5,10110.81,0.00,NET_BANKING
S0059390,C04346,P00685,ST011,2026-10-23 03:04:00,7,2866.20,0.00,UPI
S0059391,C00866,P01084,ST038,2027-03-28 23:43:00,8,1140.03,0.15,NET_BANKING
S0059392,C05105,P00316,ST005,2026-11-01 23:14:00,6,4896.51,0.15,CARD
S0059393,C00257,P00805,ST042,2026-11-11 00:50:00,5,14921.08,0.15,COD
S0059394,C00674,P00527,ST036,2027-01-02 03:50:00,2,14547.75,0.05,NET_BANKING
S0059395,C00347,P00128,ST010,2026-12-01 11:53:00,3,12585.65,0.00,UPI
S0059396,C03531,P00150,ST026,2027-05-03 05:52:00,6,10110.81,0.00,UPI
S0059397,C03475,P01069,ST021,2026-10-30 05:25:00,7,1952.21,0.05,WALLET
S0059398,C00613,P00385,ST010,2026-10-09 09:33:00,2,6877.27,0.05,CARD
S0059399,C03761,P00991,ST038,2027-01-20 21:23:00,3,240.75,0.00,WALLET
S0059400,C05067,P00478,ST038,2026-12-05 12:59:00,4,1905.90,0.00,NET_BANKING
S0059401,C04153,P00482,ST050,2027-02-03 04:54:00,2,3964.41,0.15,UPI
S0059402,C03150,P00329,ST017,2026-12-19 14:59:00,3,1364.47,0.05,NET_BANKING
S0059403,C03937,P00497,ST016,2026-12-07 08:05:00,7,9469.60,0.10,WALLET
S0059404,C05272,P00158,ST010,2027-05-13 07:17:00,1,3652.82,0.00,UPI
S0059405,C04309,P00286,ST006,2027-04-02 08:25:00,3,2796.88,0.00,CARD
S0059406,C04463,P00959,ST023,2027-05-02 22:23:00,5,9477.36,0.15,COD
S0059407,C04301,P01081,ST004,2026-12-13 09:20:00,1,3013.75,0.05,WALLET
S0059408,C04137,P00404,ST032,2026-10-30 01:54:00,3,2015.34,0.15,CARD
S0059409,C02634,P00665,ST027,2027-01-31 09:52:00,2,13897.47,0.00,WALLET
S0059410,C02301,P00615,ST036,2026-12-20 07:03:00,6,5873.54,0.00,COD
S0059411,C03254,P00133,ST042,2026-11-17 09:29:00,3,12379.20,0.00,CARD
S0059412,C04864,P00592,ST039,2026-12-27 22:44:00,1,3828.55,0.00,NET_BANKING
S0059413,C03988,P00083,ST004,2026-09-13 13:15:00,8,6669.82,0.00,COD
S0059414,C03886,P00239,ST029,2026-10-21 20:30:00,1,2668.52,0.15,NET_BANKING
S0059415,C03204,P00156,ST028,2026-12-25 05:51:00,6,12020.51,0.00,WALLET
S0059416,C02080,P00253,ST041,2026-09-26 00:00:00,1,12129.99,0.05,COD
S0059417,C00958,P00570,ST018,2026-11-23 22:28:00,4,8154.82,0.05,UPI
S0059418,C05137,P00877,ST016,2027-03-24 02:52:00,6,9491.54,0.15,WALLET
S0059419,C02773,P00565,ST044,2027-04-03 18:24:00,4,2663.33,0.05,CARD
S0059420,C04177,P00998,ST019,2026-12-20 15:03:00,2,2576.28,0.00,COD
S0059421,C00244,P00783,ST005,2027-03-13 19:28:00,3,1108.76,0.10,WALLET
S0059422,C03309,P00431,ST025,2027-03-05 18:36:00,3,13380.90,0.05,COD
S0059423,C02624,P00848,ST025,2026-10-21 06:43:00,1,12246.43,0.00,WALLET
S0059424,C04323,P00186,ST036,2027-01-01 12:46:00,4,5509.22,0.10,CARD
S0059425,C01150,P00380,ST012,2027-04-30 13:34:00,5,10594.68,0.15,WALLET
S0059426,C04548,P00426,ST008,2027-03-14 00:42:00,5,6898.62,0.05,CARD
S0059427,C04086,P00050,ST023,2027-04-04 06:28:00,7,930.35,0.05,CARD
S0059428,C01959,P00182,ST013,2027-04-29 10:42:00,6,11258.08,0.15,COD
S0059429,C00415,P00636,ST019,2027-04-30 19:24:00,6,12658.75,0.15,NET_BANKING
S0059430,C02198,P00091,ST050,2026-11-07 03:45:00,1,11974.70,0.00,CARD
S0059431,C05185,P00530,ST012,2027-02-18 14:07:00,5,1909.30,0.00,WALLET
S0059432,C04428,P00828,ST036,2027-02-20 19:58:00,5,6520.23,0.05,UPI
S0059433,C04752,P00262,ST037,2026-10-23 09:05:00,5,4686.95,0.15,COD
S0059434,C01954,P00789,ST034,2027-03-18 11:14:00,3,2259.56,0.10,WALLET
S0059435,C00854,P00292,ST007,2027-05-15 09:05:00,4,387.24,0.15,CARD
S0059436,C02791,P00374,ST009,2026-12-27 15:22:00,7,688.46,0.10,COD
S0059437,C04894,P00638,ST041,2026-12-30 00:04:00,3,8964.05,0.10,CARD
S0059438,C00204,P01035,ST031,2027-05-16 01:46:00,8,3836.38,0.10,WALLET
S0059439,C05166,P00173,ST042,2027-03-27 18:15:00,7,2556.28,0.00,UPI
S0059440,C00997,P00523,ST013,2027-04-12 04:15:00,7,3568.60,0.00,WALLET
S0059441,C02720,P00443,ST013,2027-01-02 03:57:00,5,10115.80,0.15,CARD
S0059442,C04793,P00840,ST030,2026-10-08 01:54:00,2,4066.13,0.00,UPI
S0059443,C02707,P00630,ST019,2026-09-02 09:07:00,3,12265.22,0.00,CARD
S0059444,C02717,P00627,ST047,2026-11-24 15:33:00,1,12769.96,0.15,WALLET
S0059445,C00639,P01016,ST003,2027-03-09 12:36:00,3,3763.65,0.15,COD
S0059446,C01998,P01100,ST009,2027-03-01 23:53:00,6,1566.43,0.00,NET_BANKING
S0059447,C03652,P00388,ST032,2027-02-19 16:14:00,3,6375.35,0.15,COD
S0059448,C03546,P00882,ST002,2027-03-16 01:01:00,8,1160.87,0.15,NET_BANKING
S0059449,C01149,P01019,ST003,2026-09-01 17:54:00,1,2467.51,0.10,UPI
S0059450,C02514,P00767,ST022,2027-04-21 03:19:00,7,11689.48,0.00,COD
S0059451,C01649,P00926,ST048,2026-11-05 04:44:00,1,11337.89,0.00,UPI
S0059452,C01107,P00609,ST019,2026-09-28 13:32:00,6,12112.83,0.05,WALLET
S0059453,C02230,P00372,ST049,2027-03-03 19:24:00,3,8947.17,0.10,NET_BANKING
S0059454,C02457,P00245,ST026,2026-10-31 19:23:00,7,8201.28,0.00,NET_BANKING
S0059455,C05236,P00508,ST018,2027-04-08 14:21:00,6,14824.01,0.05,CARD
S0059456,C00170,P00049,ST027,2027-03-26 11:04:00,3,856.91,0.10,WALLET
S0059457,C03212,P00762,ST007,2026-09-01 09:17:00,1,9970.99,0.00,WALLET
S0059458,C01106,P00310,ST049,2026-12-19 08:13:00,2,7286.34,0.00,CARD
S0059459,C00916,P00896,ST028,2027-03-14 07:52:00,4,9136.34,0.10,NET_BANKING
S0059460,C03603,P00986,ST042,2026-11-12 10:46:00,2,6941.31,0.00,COD
S0059461,C02934,P00474,ST009,2026-10-23 07:58:00,1,2329.87,0.15,NET_BANKING
S0059462,C01037,P01087,ST029,2027-03-23 01:07:00,5,697.02,0.05,WALLET
S0059463,C00731,P00765,ST019,2026-12-25 17:44:00,2,9252.17,0.10,UPI
S0059464,C03584,P00180,ST011,2027-01-13 21:29:00,5,12378.45,0.10,COD
S0059465,C03814,P00848,ST042,2026-09-28 15:22:00,7,12246.43,0.05,NET_BANKING
S0059466,C05214,P00454,ST047,2026-11-20 17:46:00,3,8517.58,0.10,WALLET
S0059467,C03984,P00112,ST009,2027-04-12 03:19:00,3,1012.33,0.00,COD
S0059468,C01453,P00396,ST020,2027-04-22 12:24:00,6,1114.54,0.05,NET_BANKING
S0059469,C02111,P01076,ST018,2026-11-02 08:18:00,3,1317.74,0.10,WALLET
S0059470,C00400,P00367,ST031,2026-11-06 15:44:00,8,13780.17,0.00,NET_BANKING
S0059471,C02981,P00715,ST044,2027-03-27 08:44:00,7,9749.53,0.10,COD
S0059472,C03058,P00033,ST022,2027-02-23 20:48:00,5,11598.07,0.05,UPI
S0059473,C03712,P00298,ST017,2026-11-29 05:18:00,4,14106.08,0.00,CARD
S0059474,C03363,P01030,ST026,2027-03-24 21:12:00,7,498.93,0.05,NET_BANKING
S0059475,C01108,P00304,ST011,2027-01-14 15:26:00,1,8379.11,0.10,COD
S0059476,C05238,P00140,ST007,2026-09-19 14:02:00,7,343.17,0.15,CARD
S0059477,C00082,P00248,ST010,2026-11-25 02:38:00,2,13778.23,0.10,CARD
S0059478,C04763,P01077,ST002,2026-12-05 05:09:00,6,1388.89,0.00,CARD
S0059479,C00411,P00244,ST050,2027-04-24 00:16:00,7,12653.48,0.10,COD
S0059480,C05447,P00108,ST039,2027-04-28 23:14:00,5,8643.88,0.00,WALLET
S0059481,C00170,P01047,ST014,2026-11-25 23:57:00,3,2102.16,0.00,CARD
S0059482,C05274,P00814,ST032,2026-09-29 00:35:00,6,1576.96,0.00,COD
S0059483,C00265,P00395,ST016,2026-09-27 02:18:00,4,4137.07,0.00,CARD
S0059484,C00500,P00179,ST042,2027-02-14 01:00:00,2,6066.21,0.10,CARD
S0059485,C03458,P00556,ST035,2026-11-04 06:24:00,1,4347.03,0.10,NET_BANKING
S0059486,C00274,P00371,ST043,2027-03-03 23:31:00,1,7245.43,0.05,CARD
S0059487,C02660,P01059,ST022,2027-01-13 13:41:00,3,4598.56,0.05,WALLET
S0059488,C00134,P01016,ST030,2026-09-10 03:21:00,5,174.46,0.05,COD
S0059489,C04942,P00840,ST023,2027-04-12 06:30:00,6,4066.13,0.10,WALLET
S0059490,C00900,P00115,ST025,2026-10-26 23:25:00,5,7420.65,0.00,WALLET
S0059491,C04621,P00282,ST032,2027-01-27 05:19:00,4,11737.73,0.05,NET_BANKING
S0059492,C05126,P00848,ST010,2026-10-29 09:44:00,3,12246.43,0.00,WALLET
S0059493,C01550,P00884,ST042,2026-09-07 18:22:00,7,13619.78,0.05,CARD
S0059494,C01497,P00166,ST005,2027-04-29 06:36:00,6,8032.81,0.15,NET_BANKING
S0059495,C04757,P01001,ST044,2027-01-08 11:02:00,5,1355.12,0.15,UPI
S0059496,C03563,P00612,ST041,2026-10-04 07:16:00,3,12611.50,0.15,UPI
S0059497,C02322,P00165,ST034,2027-02-24 00:21:00,5,14497.74,0.05,CARD
S0059498,C01625,P00057,ST048,2026-10-21 15:44:00,2,6283.79,0.05,UPI
S0059499,C04425,P00836,ST035,2027-01-28 22:27:00,6,8199.84,0.00,NET_BANKING
S0059500,C05164,P01061,ST023,2026-12-17 06:08:00,3,4294.08,0.00,UPI
S0059501,C03393,P00906,ST015,2027-04-13 22:08:00,7,12896.50,0.00,CARD
S0059502,C04001,P01025,ST008,2026-09-14 18:27:00,1,2262.04,0.00,UPI
S0059503,C03668,P00600,ST044,2026-11-30 14:47:00,2,6476.74,0.00,NET_BANKING
S0059504,C01014,P00054,ST024,2026-10-26 03:43:00,3,6510.78,0.15,COD
S0059505,C02893,P00856,ST018,2026-09-24 09:58:00,7,4490.45,0.00,NET_BANKING
S0059506,C02869,P00769,ST043,2027-02-11 19:08:00,4,14064.61,0.10,NET_BANKING
S0059507,C05082,P00507,ST013,2027-03-28 01:22:00,5,13477.84,0.05,CARD
S0059508,C04533,P00421,ST037,2026-12-18 09:22:00,5,9929.53,0.05,NET_BANKING
S0059509,C01419,P00839,ST040,2026-09-05 15:49:00,8,14909.42,0.00,COD
S0059510,C02506,P00695,ST025,2026-09-02 00:15:00,7,13599.96,0.00,UPI
S0059511,C03942,P00431,ST036,2026-10-27 05:53:00,8,13380.90,0.10,NET_BANKING
S0059512,C04004,P00838,ST033,2026-12-10 09:12:00,7,11094.78,0.00,UPI
S0059513,C05313,P01087,ST014,2026-12-17 18:08:00,2,101.04,0.15,WALLET
S0059514,C01888,P00639,ST025,2027-05-06 08:31:00,5,5321.74,0.10,CARD
S0059515,C02335,P00880,ST030,2027-02-09 21:09:00,4,9958.92,0.00,CARD
S0059516,C05370,P00605,ST002,2027-03-02 00:31:00,3,10366.72,0.05,WALLET
S0059517,C02047,P01058,ST016,2027-03-10 14:49:00,5,4049.76,0.00,WALLET
S0059518,C00369,P00445,ST044,2026-10-31 07:30:00,1,9889.85,0.00,UPI
S0059519,C00045,P00903,ST025,2026-12-02 19:09:00,2,4390.79,0.00,NET_BANKING
S0059520,C03865,P00225,ST035,2027-05-09 02:28:00,4,9830.38,0.00,WALLET
S0059521,C02165,P00623,ST031,2026-10-11 06:35:00,1,2478.31,0.00,WALLET
S0059522,C03456,P00945,ST038,2026-10-28 18:03:00,2,12625.76,0.10,NET_BANKING
S0059523,C00064,P00071,ST022,2027-04-25 08:10:00,8,11038.49,0.00,WALLET
S0059524,C04337,P00352,ST043,2026-09-02 05:01:00,4,13564.85,0.00,COD
S0059525,C04518,P00051,ST015,2026-11-13 22:51:00,7,8015.72,0.10,CARD
S0059526,C02292,P00005,ST005,2027-05-04 06:44:00,6,3720.45,0.05,WALLET
S0059527,C03456,P00789,ST042,2027-04-16 09:23:00,3,2259.56,0.00,NET_BANKING
S0059528,C01523,P00637,ST029,2026-10-31 07:10:00,6,14361.31,0.05,NET_BANKING
S0059529,C00811,P00457,ST030,2026-11-19 11:32:00,3,2393.60,0.00,CARD
S0059530,C05035,P00302,ST040,2026-11-12 22:58:00,5,146.60,0.00,WALLET
S0059531,C00166,P00391,ST040,2026-09-12 03:32:00,3,3490.76,0.00,COD
S0059532,C02930,P00732,ST029,2026-11-06 15:54:00,1,7048.14,0.10,UPI
S0059533,C00316,P00428,ST009,2026-10-30 14:09:00,4,11541.27,0.00,CARD
S0059534,C04108,P00924,ST039,2027-01-17 18:21:00,6,2977.90,0.00,COD
S0059535,C02132,P00484,ST009,2027-03-31 12:36:00,7,195.13,0.05,NET_BANKING
S0059536,C01398,P00588,ST014,2027-01-09 04:58:00,8,12949.54,0.15,CARD
S0059537,C04531,P00204,ST050,2026-11-27 10:41:00,2,1600.11,0.00,UPI
S0059538,C00888,P00314,ST002,2026-11-04 16:42:00,2,1767.09,0.10,COD
S0059539,C05460,P01024,ST017,2027-04-27 20:54:00,6,168.52,0.05,NET_BANKING
S0059540,C02033,P00617,ST028,2027-03-19 03:32:00,2,11028.99,0.00,CARD
S0059541,C01344,P00923,ST036,2027-01-27 05:07:00,3,12391.37,0.10,CARD
S0059542,C04617,P00918,ST038,2027-04-20 22:28:00,5,11736.74,0.05,NET_BANKING
S0059543,C03353,P00679,ST031,2026-09-16 23:06:00,3,10688.41,0.00,CARD
S0059544,C04105,P00372,ST044,2026-09-21 00:55:00,2,8947.17,0.05,WALLET
S0059545,C00252,P00532,ST039,2027-01-03 01:17:00,5,13097.07,0.00,UPI
S0059546,C02468,P00122,ST023,2026-11-10 22:12:00,6,9607.56,0.05,COD
S0059547,C05430,P01055,ST031,2027-01-12 03:52:00,4,3625.09,0.05,CARD
S0059548,C03295,P00223,ST050,2027-05-11 00:02:00,4,6560.58,0.15,WALLET
S0059549,C01975,P00375,ST004,2027-01-20 10:59:00,3,8641.01,0.00,WALLET
S0059550,C03173,P00872,ST040,2027-02-24 10:29:00,4,6939.07,0.10,CARD
S0059551,C01790,P00249,ST027,2027-04-12 08:43:00,6,10604.98,0.00,WALLET
S0059552,C04562,P00290,ST018,2026-12-16 19:06:00,6,3515.83,0.05,CARD
S0059553,C01426,P00412,ST045,2027-03-16 10:51:00,5,14467.07,0.15,UPI
S0059554,C05279,P00348,ST029,2026-11-07 08:27:00,6,6541.94,0.15,UPI
S0059555,C03687,P00174,ST014,2026-10-20 19:33:00,6,322.73,0.00,COD
S0059556,C03706,P00090,ST009,2027-05-08 20:40:00,4,1862.74,0.00,UPI
S0059557,C00237,P00514,ST009,2026-11-05 11:31:00,7,14174.96,0.00,UPI
S0059558,C03650,P01018,ST013,2026-11-29 19:33:00,3,3141.19,0.00,COD
S0059559,C03599,P00699,ST019,2026-09-16 13:23:00,2,14544.40,0.05,COD
S0059560,C02557,P00428,ST042,2026-09-07 09:19:00,6,11541.27,0.00,COD
S0059561,C01892,P00635,ST035,2027-01-21 00:21:00,5,7089.77,0.15,WALLET
S0059562,C05173,P00658,ST030,2026-09-29 12:09:00,2,3910.13,0.15,NET_BANKING
S0059563,C03885,P00752,ST011,2026-09-04 21:25:00,4,10993.54,0.00,NET_BANKING
S0059564,C01090,P00613,ST047,2026-11-25 13:57:00,5,10916.90,0.00,NET_BANKING
S0059565,C02501,P00468,ST004,2027-05-16 03:55:00,3,2151.00,0.00,NET_BANKING
S0059566,C01326,P00374,ST040,2026-10-06 01:10:00,5,688.46,0.00,COD
S0059567,C01926,P00134,ST017,2027-02-28 01:34:00,2,9455.44,0.15,UPI
S0059568,C02067,P00749,ST030,2027-03-12 05:48:00,1,5536.94,0.10,NET_BANKING
S0059569,C04556,P00993,ST023,2026-09-21 13:56:00,4,11078.12,0.05,COD
S0059570,C03196,P00571,ST007,2027-01-22 22:38:00,3,4671.20,0.15,COD
S0059571,C03479,P00029,ST003,2027-01-02 22:27:00,3,10510.24,0.00,COD
S0059572,C02512,P00020,ST005,2027-01-13 08:09:00,6,2604.64,0.05,COD
S0059573,C00310,P00532,ST043,2027-04-17 02:10:00,4,13097.07,0.00,NET_BANKING
S0059574,C01210,P00015,ST033,2027-01-26 16:36:00,7,6091.54,0.05,UPI
S0059575,C01327,P01100,ST004,2026-09-07 17:13:00,3,1407.77,0.00,NET_BANKING
S0059576,C02781,P00233,ST002,2026-12-22 00:39:00,8,5834.21,0.10,NET_BANKING
S0059577,C00583,P00454,ST008,2027-04-13 02:51:00,1,8517.58,0.00,CARD
S0059578,C03356,P00368,ST003,2026-10-22 06:45:00,2,14776.53,0.00,COD
S0059579,C02166,P00751,ST042,2027-04-15 03:47:00,4,4310.47,0.15,NET_BANKING
S0059580,C04213,P00383,ST012,2027-01-22 07:45:00,3,4193.79,0.00,WALLET
S0059581,C04076,P00122,ST044,2027-01-02 05:13:00,7,9607.56,0.05,NET_BANKING
S0059582,C03588,P00282,ST039,2027-03-05 22:19:00,8,11737.73,0.00,NET_BANKING
S0059583,C02495,P00520,ST045,2026-11-24 16:23:00,6,9276.97,0.05,NET_BANKING
S0059584,C02073,P00405,ST018,2027-04-11 00:14:00,4,11768.32,0.00,UPI
S0059585,C01099,P00428,ST013,2027-05-18 05:59:00,7,11541.27,0.00,NET_BANKING
S0059586,C03266,P00017,ST025,2026-12-11 01:45:00,5,3528.42,0.15,CARD
S0059587,C05116,P00730,ST049,2026-09-22 16:03:00,2,3796.60,0.05,UPI
S0059588,C02162,P00110,ST015,2027-05-17 16:02:00,2,11820.01,0.15,UPI
S0059589,C02506,P00631,ST038,2027-03-13 15:28:00,4,2764.58,0.00,WALLET
S0059590,C01510,P00315,ST045,2027-03-14 08:45:00,7,8151.43,0.00,CARD
S0059591,C03476,P01021,ST037,2027-02-22 00:38:00,2,1181.00,0.00,WALLET
S0059592,C03387,P00317,ST040,2026-09-10 15:17:00,5,4717.68,0.10,NET_BANKING
S0059593,C04436,P00058,ST036,2026-10-12 14:01:00,8,1589.53,0.00,NET_BANKING
S0059594,C00579,P01014,ST034,2027-02-07 23:03:00,1,3255.54,0.00,WALLET
S0059595,C01651,P00940,ST022,2027-03-13 09:20:00,5,10304.16,0.00,UPI
S0059596,C04837,P00471,ST023,2026-09-14 16:42:00,4,8186.09,0.05,CARD
S0059597,C02793,P00824,ST034,2027-01-20 06:03:00,3,5681.80,0.10,COD
S0059598,C02690,P00452,ST017,2027-04-06 13:45:00,8,3389.85,0.05,WALLET
S0059599,C01125,P00584,ST010,2026-12-09 09:04:00,3,1058.35,0.00,CARD
S0059600,C01161,P00651,ST034,2026-10-26 17:23:00,4,1796.64,0.15,WALLET
S0059601,C02615,P00817,ST005,2026-10-28 20:34:00,5,11269.31,0.00,WALLET
S0059602,C04607,P00783,ST002,2026-11-11 05:43:00,4,1108.76,0.00,COD
S0059603,C01806,P00579,ST038,2027-02-16 07:37:00,5,10886.45,0.00,CARD
S0059604,C00339,P00885,ST021,2027-04-24 19:54:00,4,2276.62,0.15,UPI
S0059605,C00891,P00934,ST014,2026-10-02 07:19:00,2,6341.80,0.00,COD
S0059606,C01741,P00277,ST021,2026-10-07 06:21:00,6,4475.85,0.00,NET_BANKING
S0059607,C05146,P00366,ST025,2027-02-13 21:39:00,5,13188.09,0.00,UPI
S0059608,C04338,P00779,ST031,2026-11-27 12:05:00,2,9277.18,0.05,CARD
S0059609,C02872,P00936,ST013,2027-02-03 01:32:00,7,4432.63,0.10,CARD
S0059610,C04440,P00305,ST021,2026-11-20 00:36:00,3,8188.13,0.15,WALLET
S0059611,C04173,P00761,ST023,2027-01-11 11:12:00,7,7126.90,0.15,WALLET
S0059612,C04727,P00680,ST021,2027-01-18 07:11:00,7,6161.56,0.10,CARD
S0059613,C01797,P00413,ST010,2027-01-03 05:05:00,5,8913.27,0.10,CARD
S0059614,C05309,P00291,ST011,2026-11-22 19:26:00,3,3274.34,0.00,COD
S0059615,C05332,P00995,ST030,2027-04-21 17:49:00,7,10497.82,0.00,CARD
S0059616,C04396,P00308,ST007,2026-09-13 09:59:00,7,8424.73,0.15,UPI
S0059617,C05412,P00428,ST009,2027-02-15 09:47:00,6,11541.27,0.10,COD
S0059618,C00873,P00413,ST011,2026-09-07 10:14:00,8,8913.27,0.15,WALLET
S0059619,C02646,P00255,ST006,2027-03-24 19:03:00,4,6191.54,0.10,UPI
S0059620,C03741,P00529,ST014,2027-03-11 18:18:00,4,10534.37,0.15,COD
S0059621,C04718,P01072,ST016,2026-12-08 17:32:00,7,4900.49,0.00,NET_BANKING
S0059622,C02191,P00679,ST027,2027-01-07 08:56:00,6,10688.41,0.15,COD
S0059623,C04202,P00336,ST048,2026-12-17 02:18:00,8,10827.01,0.00,COD
S0059624,C03603,P00254,ST025,2027-02-06 04:04:00,8,1267.62,0.00,CARD
S0059625,C00301,P00155,ST042,2026-10-24 20:39:00,5,7087.72,0.10,NET_BANKING
S0059626,C05173,P00612,ST045,2026-10-09 04:35:00,3,12611.50,0.10,UPI
S0059627,C03652,P01020,ST048,2027-02-12 08:13:00,6,655.11,0.05,NET_BANKING
S0059628,C05240,P00513,ST016,2027-04-18 07:53:00,5,2594.81,0.15,WALLET
S0059629,C00217,P01088,ST022,2027-04-14 05:36:00,6,2796.04,0.10,WALLET
S0059630,C00343,P00699,ST046,2027-02-18 07:39:00,8,14544.40,0.00,UPI
S0059631,C03291,P00616,ST010,2026-10-17 14:48:00,8,114.05,0.00,WALLET
S0059632,C02868,P00812,ST002,2026-12-20 08:03:00,5,13449.06,0.10,CARD
S0059633,C03335,P00226,ST030,2026-10-03 20:37:00,8,14378.99,0.15,CARD
S0059634,C01715,P00702,ST032,2026-09-16 14:58:00,4,10861.46,0.00,COD
S0059635,C01401,P00041,ST024,2027-02-27 07:37:00,6,1420.91,0.15,COD
S0059636,C01309,P00411,ST047,2027-02-05 05:26:00,2,13165.10,0.10,COD
S0059637,C05050,P00717,ST009,2027-04-28 18:05:00,8,679.75,0.00,CARD
S0059638,C00355,P00405,ST045,2027-01-27 20:12:00,7,11768.32,0.05,WALLET
S0059639,C04178,P00254,ST009,2027-03-03 06:26:00,1,1267.62,0.10,NET_BANKING
S0059640,C03937,P00824,ST007,2026-12-20 11:13:00,8,5681.80,0.05,UPI
S0059641,C00044,P00605,ST016,2027-03-11 10:42:00,8,10366.72,0.10,NET_BANKING
S0059642,C02884,P00155,ST001,2027-05-11 17:26:00,7,7087.72,0.15,CARD
S0059643,C00617,P00978,ST026,2027-04-29 02:27:00,7,12166.54,0.05,COD
S0059644,C03953,P00419,ST007,2027-04-26 00:25:00,4,11021.19,0.05,WALLET
S0059645,C00251,P00917,ST038,2026-09-01 09:03:00,3,12206.45,0.00,UPI
S0059646,C03968,P00728,ST031,2026-09-12 16:34:00,8,2376.69,0.00,CARD
S0059647,C03002,P00468,ST026,2026-09-01 21:15:00,1,2151.00,0.00,COD
S0059648,C05490,P00174,ST040,2027-05-02 16:05:00,8,322.73,0.15,UPI
S0059649,C04415,P00281,ST016,2027-03-15 07:12:00,4,12950.39,0.10,NET_BANKING
S0059650,C01682,P00112,ST019,2026-09-06 00:50:00,5,1012.33,0.00,CARD
S0059651,C02357,P00930,ST016,2027-03-24 19:00:00,2,3721.19,0.05,WALLET
S0059652,C04628,P00772,ST019,2027-04-14 22:18:00,5,13512.62,0.00,COD
S0059653,C03373,P00680,ST024,2026-10-05 01:52:00,1,6161.56,0.00,WALLET
S0059654,C03644,P00333,ST045,2027-05-18 07:26:00,1,1647.52,0.10,NET_BANKING
S0059655,C03363,P00511,ST003,2026-12-29 16:20:00,5,1704.19,0.00,NET_BANKING
S0059656,C04157,P00141,ST023,2027-02-04 20:30:00,7,8257.89,0.15,COD
S0059657,C01146,P00358,ST045,2026-11-09 23:43:00,4,7269.79,0.00,COD
S0059658,C04535,P00908,ST021,2027-04-30 06:30:00,2,10685.50,0.00,UPI
S0059659,C01510,P00582,ST032,2026-11-09 22:55:00,6,3449.31,0.10,COD
S0059660,C01816,P00696,ST020,2027-01-13 20:57:00,4,444.90,0.10,WALLET
S0059661,C01745,P00378,ST016,2027-02-21 21:08:00,1,14078.19,0.15,WALLET
S0059662,C04992,P00847,ST024,2027-03-21 15:58:00,4,11650.44,0.05,CARD
S0059663,C03641,P01065,ST032,2026-09-27 05:59:00,6,3140.95,0.00,CARD
S0059664,C04153,P00948,ST012,2026-10-30 17:42:00,8,7783.05,0.05,CARD
S0059665,C02588,P00079,ST044,2026-09-02 07:59:00,8,398.24,0.05,NET_BANKING
S0059666,C04458,P00423,ST047,2026-09-24 22:17:00,2,562.41,0.05,UPI
S0059667,C02591,P00514,ST004,2026-10-01 07:16:00,7,14174.96,0.10,WALLET
S0059668,C02577,P00540,ST015,2027-02-09 16:52:00,4,8768.71,0.15,NET_BANKING
S0059669,C04283,P00380,ST049,2026-10-13 23:36:00,8,10594.68,0.00,WALLET
S0059670,C00069,P00096,ST008,2027-03-10 05:34:00,8,891.62,0.10,CARD
S0059671,C00846,P00551,ST002,2026-09-26 04:58:00,5,9996.39,0.05,COD
S0059672,C02781,P00399,ST034,2026-12-19 08:45:00,7,12674.98,0.00,WALLET
S0059673,C05304,P00547,ST035,2027-03-31 11:29:00,2,68.05,0.05,CARD
S0059674,C04127,P00967,ST049,2026-09-12 23:22:00,5,14531.68,0.00,CARD
S0059675,C04407,P00269,ST008,2026-09-27 03:52:00,6,1436.31,0.00,UPI
S0059676,C01431,P00779,ST013,2026-12-08 14:32:00,2,9277.18,0.05,UPI
S0059677,C00103,P01099,ST048,2027-03-09 03:38:00,5,2809.38,0.00,UPI
S0059678,C03110,P00864,ST034,2027-02-23 05:01:00,2,934.40,0.10,WALLET
S0059679,C00211,P00940,ST048,2027-01-21 14:40:00,2,10304.16,0.00,NET_BANKING
S0059680,C01950,P00810,ST036,2027-01-11 21:39:00,3,5274.62,0.10,COD
S0059681,C03228,P00826,ST011,2027-02-26 16:21:00,5,8287.08,0.00,COD
S0059682,C05278,P00560,ST042,2026-11-28 16:48:00,4,9161.86,0.05,NET_BANKING
S0059683,C05053,P00675,ST038,2027-02-06 20:33:00,1,10065.36,0.00,COD
S0059684,C02623,P01056,ST041,2026-12-09 12:49:00,1,1230.28,0.00,NET_BANKING
S0059685,C01678,P00342,ST015,2026-11-19 16:25:00,7,2514.86,0.10,WALLET
S0059686,C02101,P00157,ST028,2026-11-18 17:30:00,6,8754.83,0.05,CARD
S0059687,C04591,P00405,ST023,2027-03-27 10:02:00,8,11768.32,0.00,COD
S0059688,C03025,P00485,ST012,2026-12-24 11:31:00,5,2390.76,0.10,COD
S0059689,C00760,P00514,ST037,2027-04-26 06:24:00,5,14174.96,0.10,UPI
S0059690,C05035,P00840,ST042,2027-01-30 09:37:00,7,4066.13,0.05,UPI
S0059691,C01104,P00620,ST010,2026-09-13 06:32:00,4,1987.43,0.00,CARD
S0059692,C02571,P00778,ST048,2027-01-20 15:50:00,4,5364.50,0.00,CARD
S0059693,C02802,P00048,ST021,2026-11-01 18:18:00,6,5018.49,0.10,UPI
S0059694,C01559,P00076,ST006,2027-02-15 06:16:00,5,2643.86,0.00,WALLET
S0059695,C02183,P00419,ST001,2027-02-07 23:06:00,3,11021.19,0.00,NET_BANKING
S0059696,C01262,P00281,ST007,2027-02-07 18:16:00,8,12950.39,0.15,UPI
S0059697,C02007,P01097,ST047,2027-03-08 04:02:00,5,4388.73,0.15,WALLET
S0059698,C04620,P00348,ST047,2027-03-19 06:42:00,7,6541.94,0.05,COD
S0059699,C03477,P00722,ST046,2027-05-01 07:54:00,5,2303.35,0.05,WALLET
S0059700,C03174,P00473,ST020,2027-01-25 05:27:00,2,671.21,0.00,UPI
S0059701,C02862,P00217,ST009,2026-09-29 11:32:00,6,10077.87,0.05,NET_BANKING
S0059702,C01225,P00576,ST029,2027-02-28 03:34:00,2,829.35,0.15,COD
S0059703,C03479,P00809,ST045,2027-05-02 09:23:00,4,7203.83,0.10,NET_BANKING
S0059704,C02002,P00813,ST002,2027-02-08 08:33:00,6,9218.67,0.00,NET_BANKING
S0059705,C00121,P00475,ST037,2026-10-30 09:20:00,2,1870.66,0.10,UPI
S0059706,C02793,P00995,ST009,2026-12-14 03:56:00,7,10497.82,0.15,NET_BANKING
S0059707,C04350,P00872,ST009,2027-02-07 01:43:00,6,6939.07,0.05,NET_BANKING
S0059708,C00156,P00320,ST035,2026-11-06 06:32:00,7,7970.92,0.15,COD
S0059709,C04210,P01072,ST018,2027-02-27 12:20:00,6,1200.71,0.10,WALLET
S0059710,C04236,P00170,ST024,2027-01-13 19:41:00,5,4556.11,0.00,NET_BANKING
S0059711,C01089,P00127,ST031,2026-10-21 13:29:00,5,11914.83,0.10,CARD
S0059712,C05316,P00324,ST001,2027-04-05 21:51:00,2,2603.61,0.15,COD
S0059713,C04952,P00985,ST047,2027-02-10 17:51:00,2,12971.94,0.10,WALLET
S0059714,C04439,P00405,ST034,2026-12-18 22:04:00,8,11768.32,0.00,WALLET
S0059715,C02283,P00260,ST024,2027-04-10 04:18:00,2,11471.26,0.15,CARD
S0059716,C05394,P00507,ST042,2027-04-27 16:22:00,4,13477.84,0.15,NET_BANKING
S0059717,C02747,P00251,ST019,2026-09-10 21:25:00,7,1347.37,0.00,UPI
S0059718,C03715,P00181,ST032,2027-03-27 07:25:00,5,9255.83,0.00,COD
S0059719,C01223,P00928,ST010,2027-01-24 12:16:00,6,6951.77,0.10,CARD
S0059720,C01781,P01015,ST025,2027-05-08 08:12:00,3,2699.96,0.00,WALLET
S0059721,C02180,P00607,ST006,2027-02-09 15:28:00,3,9830.20,0.15,UPI
S0059722,C00048,P00147,ST046,2026-09-21 01:44:00,2,8610.17,0.10,COD
S0059723,C01607,P00661,ST025,2026-12-17 01:02:00,4,12752.32,0.00,WALLET
S0059724,C04739,P01094,ST011,2026-10-16 05:43:00,3,4424.66,0.00,CARD
S0059725,C00723,P00596,ST014,2027-03-25 18:39:00,3,8194.29,0.15,CARD
S0059726,C04698,P00513,ST035,2026-11-27 23:14:00,2,2594.81,0.15,CARD
S0059727,C01458,P00719,ST048,2027-01-26 12:17:00,1,6837.75,0.15,NET_BANKING
S0059728,C02977,P00916,ST024,2027-03-17 16:30:00,1,1771.51,0.10,NET_BANKING
S0059729,C02282,P00157,ST005,2026-10-20 07:41:00,8,8754.83,0.05,UPI
S0059730,C02234,P00545,ST008,2026-09-02 00:20:00,4,2928.27,0.00,CARD
S0059731,C03055,P00395,ST048,2027-04-30 02:36:00,4,4137.07,0.10,NET_BANKING
S0059732,C03671,P00118,ST021,2026-09-17 05:21:00,7,7964.36,0.00,CARD
S0059733,C01095,P00948,ST044,2027-02-16 17:34:00,7,7783.05,0.05,COD
S0059734,C01303,P00848,ST024,2026-12-24 01:47:00,6,12246.43,0.05,UPI
S0059735,C01913,P00654,ST042,2026-09-23 02:07:00,5,12742.05,0.15,UPI
S0059736,C03575,P00945,ST016,2026-11-04 17:24:00,7,12625.76,0.00,WALLET
S0059737,C05089,P01015,ST029,2026-09-15 04:02:00,5,1678.65,0.15,COD
S0059738,C01747,P00659,ST002,2026-11-21 18:41:00,5,3678.56,0.15,NET_BANKING
S0059739,C05372,P00145,ST033,2027-01-04 06:14:00,3,10011.24,0.00,UPI
S0059740,C02321,P00329,ST045,2026-12-05 07:03:00,1,1364.47,0.00,UPI
S0059741,C02472,P00180,ST048,2027-03-07 21:22:00,3,12378.45,0.00,UPI
S0059742,C00209,P00048,ST011,2027-04-29 00:34:00,8,5018.49,0.00,WALLET
S0059743,C03039,P00831,ST044,2027-02-13 21:58:00,4,4958.66,0.10,UPI
S0059744,C01953,P00422,ST015,2027-03-21 07:28:00,4,8067.73,0.00,UPI
S0059745,C02464,P00206,ST014,2026-12-12 19:10:00,5,12086.30,0.15,WALLET
S0059746,C02864,P00567,ST039,2027-05-05 13:56:00,3,2522.97,0.00,NET_BANKING
S0059747,C02917,P00856,ST045,2027-01-12 16:18:00,4,4490.45,0.15,CARD
S0059748,C02733,P00276,ST031,2026-11-26 22:27:00,2,6865.96,0.00,CARD
S0059749,C01453,P00769,ST002,2027-04-30 06:11:00,8,14064.61,0.00,COD
S0059750,C04783,P00122,ST012,2026-10-26 23:57:00,1,9607.56,0.00,CARD
S0059751,C03562,P00725,ST028,2027-03-30 21:12:00,2,5516.84,0.15,NET_BANKING
S0059752,C04800,P00446,ST012,2026-10-31 15:37:00,2,14903.24,0.05,UPI
S0059753,C01868,P00072,ST036,2027-04-09 08:54:00,5,2213.98,0.10,CARD
S0059754,C00217,P00723,ST019,2026-09-12 21:23:00,1,11150.41,0.05,WALLET
S0059755,C00239,P00919,ST030,2026-10-04 07:12:00,1,8906.88,0.05,COD
S0059756,C05221,P00652,ST022,2027-03-17 08:42:00,2,7213.51,0.15,COD
S0059757,C03611,P00110,ST031,2026-10-16 06:20:00,3,11820.01,0.00,UPI
S0059758,C00371,P00786,ST035,2027-02-02 15:49:00,8,8674.28,0.00,COD
S0059759,C03345,P01051,ST039,2027-03-05 15:07:00,8,888.99,0.15,UPI
S0059760,C04843,P00445,ST022,2027-05-14 10:59:00,8,9889.85,0.05,COD
S0059761,C02104,P00336,ST038,2026-10-13 23:38:00,4,10827.01,0.00,NET_BANKING
S0059762,C04032,P00543,ST030,2027-04-06 18:44:00,6,1249.06,0.15,COD
S0059763,C02186,P00186,ST024,2027-02-22 18:56:00,8,5509.22,0.00,CARD
S0059764,C02958,P00522,ST025,2027-02-05 04:13:00,1,1719.44,0.10,WALLET
S0059765,C01437,P00227,ST016,2027-03-02 19:05:00,6,7877.11,0.00,NET_BANKING
S0059766,C01917,P00755,ST050,2027-01-13 15:36:00,8,13881.05,0.05,UPI
S0059767,C03069,P00107,ST040,2027-01-24 03:58:00,1,7220.47,0.00,WALLET
S0059768,C00249,P00570,ST003,2026-10-28 03:00:00,4,8154.82,0.05,CARD
S0059769,C01038,P00777,ST047,2027-03-22 05:15:00,8,7574.57,0.00,CARD
S0059770,C01238,P00323,ST018,2027-02-09 15:03:00,5,2608.20,0.00,CARD
S0059771,C02248,P00119,ST028,2026-12-07 11:34:00,8,794.81,0.00,NET_BANKING
S0059772,C03715,P01095,ST026,2026-12-17 12:08:00,6,2406.19,0.05,UPI
S0059773,C01788,P00100,ST043,2026-10-07 22:00:00,2,2281.28,0.00,UPI
S0059774,C02437,P01017,ST004,2027-05-02 15:17:00,4,1562.86,0.10,NET_BANKING
S0059775,C04527,P00612,ST008,2027-04-13 18:26:00,4,12611.50,0.00,COD
S0059776,C02415,P00290,ST015,2026-10-05 05:24:00,1,3515.83,0.15,COD
S0059777,C02831,P00735,ST009,2027-03-28 22:35:00,4,7714.11,0.10,WALLET
S0059778,C01486,P00211,ST024,2027-04-23 14:16:00,1,1685.16,0.00,COD
S0059779,C03138,P00488,ST006,2027-04-27 05:23:00,2,764.11,0.05,COD
S0059780,C03509,P00818,ST037,2026-10-10 00:32:00,5,9748.07,0.10,WALLET
S0059781,C04127,P00161,ST036,2026-12-23 00:11:00,6,3469.31,0.05,CARD
S0059782,C01335,P00577,ST038,2026-12-03 17:25:00,8,286.38,0.15,CARD
S0059783,C05034,P01035,ST042,2027-03-16 03:34:00,8,2029.96,0.15,COD
S0059784,C03781,P00871,ST037,2027-05-11 20:56:00,6,9556.52,0.10,WALLET
S0059785,C00678,P00167,ST023,2027-03-04 02:02:00,7,9994.61,0.00,CARD
S0059786,C00710,P00401,ST047,2027-04-23 06:40:00,5,14612.89,0.15,WALLET
S0059787,C01834,P00798,ST045,2027-01-27 04:05:00,8,2788.26,0.05,CARD
S0059788,C05235,P00566,ST048,2027-01-22 01:26:00,3,9094.95,0.15,NET_BANKING
S0059789,C01596,P00027,ST013,2027-04-18 08:14:00,1,2538.93,0.05,CARD
S0059790,C01797,P00407,ST007,2027-03-05 11:20:00,2,6517.00,0.10,CARD
S0059791,C03550,P00755,ST040,2026-10-31 22:31:00,4,13881.05,0.00,CARD
S0059792,C03776,P00052,ST040,2027-03-19 06:33:00,2,6138.64,0.00,UPI
S0059793,C03750,P01072,ST013,2026-11-23 01:55:00,8,3384.99,0.10,NET_BANKING
S0059794,C01320,P00066,ST050,2026-10-31 18:06:00,1,13989.36,0.05,CARD
S0059795,C02818,P00019,ST031,2027-03-24 14:30:00,6,4767.41,0.10,WALLET
S0059796,C04528,P00011,ST049,2026-12-16 19:53:00,3,9660.40,0.10,UPI
S0059797,C00261,P00184,ST047,2026-10-14 22:53:00,8,8980.87,0.00,CARD
S0059798,C03056,P00895,ST040,2027-05-16 08:45:00,7,8765.77,0.05,NET_BANKING
S0059799,C04963,P00951,ST024,2027-01-01 03:20:00,8,6661.86,0.05,WALLET
S0059800,C00799,P00960,ST046,2027-04-18 12:23:00,4,6003.64,0.00,NET_BANKING
S0059801,C00814,P00381,ST032,2026-09-30 09:18:00,7,12953.05,0.10,UPI
S0059802,C03435,P01081,ST024,2026-09-11 23:25:00,5,4693.07,0.10,CARD
S0059803,C00725,P00822,ST028,2027-04-01 16:23:00,5,11979.30,0.00,WALLET
S0059804,C05439,P00923,ST020,2027-03-05 18:22:00,4,12391.37,0.00,CARD
S0059805,C01697,P01032,ST026,2026-11-16 22:55:00,4,2648.69,0.00,COD
S0059806,C04094,P00242,ST046,2027-03-27 07:15:00,7,6380.48,0.15,CARD
S0059807,C04306,P00576,ST031,2027-03-27 18:08:00,5,829.35,0.05,COD
S0059808,C02724,P00591,ST011,2026-12-18 12:59:00,8,11159.58,0.05,UPI
S0059809,C00458,P00819,ST013,2026-10-26 13:30:00,7,5314.55,0.10,WALLET
S0059810,C02524,P00355,ST015,2027-04-14 04:39:00,1,9628.58,0.00,WALLET
S0059811,C05374,P01016,ST017,2027-02-28 05:07:00,1,2520.62,0.10,WALLET
S0059812,C01822,P00457,ST027,2027-01-09 23:21:00,7,2393.60,0.05,CARD
S0059813,C02749,P00126,ST047,2026-11-13 14:58:00,7,787.25,0.10,NET_BANKING
S0059814,C01371,P00884,ST017,2026-10-19 21:21:00,8,13619.78,0.15,UPI
S0059815,C02415,P00187,ST036,2026-09-02 02:27:00,1,6392.10,0.00,NET_BANKING
S0059816,C04485,P00065,ST035,2027-03-27 15:03:00,1,505.63,0.05,NET_BANKING
S0059817,C01603,P00645,ST045,2027-01-15 12:19:00,4,11979.98,0.05,WALLET
S0059818,C05261,P00667,ST043,2027-01-16 14:52:00,1,14053.41,0.05,NET_BANKING
S0059819,C00759,P00150,ST017,2027-03-06 08:10:00,1,10110.81,0.15,COD
S0059820,C01092,P01062,ST014,2027-03-20 10:07:00,8,4916.09,0.15,CARD
S0059821,C00812,P00658,ST001,2026-12-19 19:19:00,2,3910.13,0.00,COD
S0059822,C00894,P00507,ST024,2026-12-26 15:51:00,4,13477.84,0.15,WALLET
S0059823,C04464,P00500,ST043,2026-09-22 18:50:00,4,13885.62,0.10,WALLET
S0059824,C00374,P00618,ST040,2027-03-16 02:06:00,1,9855.53,0.00,UPI
S0059825,C00335,P00041,ST012,2026-10-06 20:40:00,1,1420.91,0.15,COD
S0059826,C00487,P00528,ST046,2026-10-29 09:01:00,1,12190.45,0.15,NET_BANKING
S0059827,C00199,P00263,ST020,2026-11-01 21:43:00,3,12638.42,0.10,NET_BANKING
S0059828,C02360,P00829,ST026,2026-09-04 06:49:00,4,5882.19,0.00,CARD
S0059829,C03018,P00916,ST010,2027-01-24 04:23:00,2,1771.51,0.00,COD
S0059830,C04971,P00110,ST048,2026-11-03 17:10:00,3,11820.01,0.05,CARD
S0059831,C02308,P01049,ST037,2026-11-18 06:06:00,3,3227.93,0.15,NET_BANKING
S0059832,C03807,P00396,ST035,2027-03-31 15:22:00,5,1114.54,0.15,NET_BANKING
S0059833,C03212,P00003,ST011,2027-04-08 01:58:00,5,9487.90,0.05,CARD
S0059834,C04495,P00545,ST039,2027-01-15 10:19:00,5,2928.27,0.10,WALLET
S0059835,C05320,P01042,ST036,2027-03-23 18:50:00,8,366.05,0.00,NET_BANKING
S0059836,C05373,P01040,ST007,2027-04-19 00:19:00,3,4495.94,0.05,CARD
S0059837,C02953,P00397,ST015,2026-10-04 07:24:00,7,12844.97,0.00,CARD
S0059838,C02055,P00380,ST035,2027-03-18 07:13:00,5,10594.68,0.10,UPI
S0059839,C01913,P00281,ST002,2027-05-14 13:27:00,6,12950.39,0.15,COD
S0059840,C04627,P00116,ST020,2026-10-05 14:24:00,1,6123.57,0.05,NET_BANKING
S0059841,C02082,P00769,ST044,2026-11-01 06:12:00,1,14064.61,0.00,COD
S0059842,C00490,P00047,ST021,2026-09-17 10:27:00,8,4471.06,0.00,WALLET
S0059843,C05091,P00476,ST025,2027-04-08 04:20:00,5,10059.57,0.05,CARD
S0059844,C03105,P00576,ST039,2026-09-06 14:51:00,8,829.35,0.00,COD
S0059845,C02711,P00292,ST016,2026-12-05 18:48:00,6,387.24,0.15,NET_BANKING
S0059846,C03601,P00323,ST033,2026-11-30 15:02:00,2,2608.20,0.00,UPI
S0059847,C02441,P00123,ST047,2026-10-17 12:33:00,1,4247.43,0.10,UPI
S0059848,C02681,P00694,ST030,2027-02-22 00:37:00,6,11037.40,0.15,COD
S0059849,C03500,P00728,ST031,2026-09-26 14:34:00,4,2376.69,0.00,NET_BANKING
S0059850,C02413,P00137,ST039,2026-09-12 15:03:00,3,9416.73,0.10,COD
S0059851,C04370,P00397,ST036,2026-09-28 12:21:00,6,12844.97,0.00,COD
S0059852,C01672,P00786,ST038,2026-10-06 22:04:00,3,8674.28,0.10,CARD
S0059853,C03917,P00544,ST034,2027-05-07 16:32:00,4,6390.78,0.00,CARD
S0059854,C04453,P00886,ST007,2027-01-03 22:16:00,3,2075.82,0.10,NET_BANKING
S0059855,C03426,P00737,ST018,2027-04-26 10:06:00,6,69.58,0.10,CARD
S0059856,C00079,P00520,ST042,2026-09-08 00:00:00,6,9276.97,0.05,COD
S0059857,C04641,P00094,ST044,2026-11-15 08:06:00,4,3538.71,0.10,WALLET
S0059858,C03289,P00110,ST023,2026-10-27 20:44:00,3,11820.01,0.15,NET_BANKING
S0059859,C05146,P00835,ST003,2026-11-08 13:39:00,7,14703.43,0.15,COD
S0059860,C01782,P00752,ST037,2027-02-09 17:52:00,7,10993.54,0.15,UPI
S0059861,C01298,P00806,ST046,2026-10-27 01:50:00,2,10445.92,0.00,UPI
S0059862,C05387,P00495,ST002,2026-09-12 11:30:00,8,105.46,0.15,WALLET
S0059863,C03176,P00332,ST034,2027-04-10 18:04:00,7,9532.30,0.10,COD
S0059864,C03876,P01027,ST030,2027-04-07 12:18:00,4,320.25,0.15,COD
S0059865,C04654,P00454,ST016,2027-04-27 17:37:00,2,8517.58,0.00,COD
S0059866,C00070,P00858,ST032,2027-04-22 10:30:00,3,2715.82,0.15,CARD
S0059867,C02771,P00392,ST037,2026-12-27 15:02:00,1,1926.43,0.00,WALLET
S0059868,C00772,P00786,ST045,2027-03-13 11:52:00,1,8674.28,0.05,UPI
S0059869,C04310,P00142,ST014,2027-04-28 04:41:00,1,3934.33,0.00,UPI
S0059870,C05398,P00332,ST039,2026-11-25 05:07:00,1,9532.30,0.00,COD
S0059871,C03451,P00746,ST045,2027-02-16 07:26:00,4,8367.69,0.00,NET_BANKING
S0059872,C01013,P00822,ST030,2027-01-08 20:16:00,7,11979.30,0.05,COD
S0059873,C02562,P00919,ST035,2026-09-16 17:31:00,3,8906.88,0.00,UPI
S0059874,C04678,P00481,ST026,2026-10-24 15:24:00,5,10052.76,0.10,WALLET
S0059875,C02558,P00479,ST042,2026-11-26 09:09:00,8,1921.66,0.05,CARD
S0059876,C02844,P00733,ST044,2027-01-21 16:10:00,7,7733.54,0.10,UPI
S0059877,C00701,P00312,ST037,2027-04-04 02:22:00,2,5466.28,0.10,WALLET
S0059878,C04674,P00741,ST031,2027-01-20 04:32:00,6,14542.74,0.00,CARD
S0059879,C03934,P00988,ST022,2026-09-03 22:16:00,2,6169.02,0.00,WALLET
S0059880,C03695,P00459,ST039,2027-04-22 08:11:00,8,608.46,0.10,COD
S0059881,C01529,P00840,ST033,2026-11-02 12:03:00,6,4066.13,0.15,COD
S0059882,C00790,P00187,ST014,2026-12-11 04:30:00,2,6392.10,0.00,NET_BANKING
S0059883,C02545,P00498,ST045,2027-02-05 15:23:00,6,302.97,0.15,WALLET
S0059884,C01910,P00461,ST035,2027-01-15 08:28:00,5,9906.46,0.00,COD
S0059885,C03946,P00963,ST021,2027-03-06 01:19:00,5,9496.66,0.05,COD
S0059886,C03062,P00336,ST028,2027-02-09 03:41:00,4,10827.01,0.10,NET_BANKING
S0059887,C03558,P00466,ST014,2026-09-25 06:21:00,7,4444.00,0.10,WALLET
S0059888,C04735,P00374,ST020,2027-02-08 12:00:00,3,688.46,0.10,CARD
S0059889,C00067,P00489,ST040,2026-10-02 18:17:00,4,12272.05,0.00,COD
S0059890,C05100,P00621,ST033,2027-01-10 00:43:00,3,12280.84,0.10,COD
S0059891,C01891,P01068,ST023,2026-10-09 16:29:00,7,4455.94,0.05,WALLET
S0059892,C02283,P00917,ST023,2027-03-28 11:44:00,5,12206.45,0.10,CARD
S0059893,C01664,P00801,ST029,2027-04-02 23:01:00,6,6852.19,0.00,CARD
S0059894,C00604,P00896,ST026,2027-05-19 02:44:00,7,9136.34,0.00,COD
S0059895,C01812,P01053,ST030,2026-09-21 07:45:00,6,2865.34,0.05,WALLET
S0059896,C00599,P00442,ST009,2026-10-27 22:34:00,1,12602.76,0.15,COD
S0059897,C05232,P00470,ST037,2027-01-20 11:51:00,1,2213.98,0.00,CARD
S0059898,C01455,P00225,ST009,2027-04-09 20:56:00,8,9830.38,0.00,COD
S0059899,C00845,P00507,ST018,2027-01-29 22:48:00,2,13477.84,0.15,WALLET
S0059900,C02916,P00819,ST018,2027-01-18 08:46:00,3,5314.55,0.00,COD
S0059901,C00703,P00469,ST018,2027-02-08 14:55:00,1,12189.67,0.10,COD
S0059902,C03519,P00355,ST043,2026-11-23 14:20:00,2,9628.58,0.05,UPI
S0059903,C02580,P01030,ST026,2026-10-21 01:43:00,7,4072.02,0.05,CARD
S0059904,C04490,P01058,ST041,2026-10-18 11:20:00,6,1982.71,0.00,NET_BANKING
S0059905,C05468,P00380,ST049,2026-10-09 22:55:00,5,10594.68,0.10,UPI
S0059906,C00973,P00519,ST016,2026-09-18 02:01:00,2,3550.37,0.05,NET_BANKING
S0059907,C00782,P00968,ST019,2027-02-19 23:49:00,8,10372.46,0.10,WALLET
S0059908,C04872,P00420,ST038,2027-02-19 02:00:00,5,13992.32,0.00,NET_BANKING
S0059909,C03432,P00476,ST018,2026-11-25 08:24:00,1,10059.57,0.00,UPI
S0059910,C03394,P00547,ST033,2027-05-11 18:08:00,4,68.05,0.10,WALLET
S0059911,C01715,P00963,ST049,2027-01-11 20:54:00,7,9496.66,0.10,COD
S0059912,C02141,P00275,ST035,2027-04-09 18:54:00,2,6304.00,0.05,UPI
S0059913,C02361,P01050,ST001,2026-12-19 03:32:00,3,2682.87,0.15,WALLET
S0059914,C00131,P00547,ST006,2026-11-17 11:39:00,6,68.05,0.05,WALLET
S0059915,C04567,P00770,ST024,2026-12-16 05:06:00,3,6385.04,0.00,WALLET
S0059916,C03286,P00925,ST041,2026-12-18 11:15:00,4,9802.23,0.05,CARD
S0059917,C02973,P00645,ST027,2026-09-26 21:15:00,3,11979.98,0.10,CARD
S0059918,C00345,P00993,ST046,2027-04-05 00:23:00,8,11078.12,0.15,CARD
S0059919,C03519,P00201,ST031,2027-05-05 00:58:00,4,7729.31,0.10,COD
S0059920,C05446,P00815,ST049,2027-01-13 16:34:00,3,9553.20,0.15,CARD
S0059921,C00698,P00333,ST027,2026-11-28 08:32:00,4,1647.52,0.10,UPI
S0059922,C05473,P00319,ST040,2026-09-04 00:24:00,5,5444.74,0.00,WALLET
S0059923,C02017,P00080,ST028,2027-01-04 03:12:00,3,4990.71,0.00,CARD
S0059924,C01258,P00286,ST037,2026-10-29 17:07:00,3,2796.88,0.05,WALLET
S0059925,C04726,P00520,ST026,2027-04-03 05:47:00,8,9276.97,0.00,UPI
S0059926,C03634,P00773,ST001,2027-02-18 10:28:00,2,11513.99,0.05,COD
S0059927,C01094,P00019,ST008,2027-02-06 02:35:00,1,4767.41,0.15,COD
S0059928,C01372,P00683,ST024,2026-12-29 07:52:00,2,6906.08,0.00,UPI
S0059929,C01424,P00801,ST020,2027-02-15 09:25:00,3,6852.19,0.15,COD
S0059930,C03705,P00787,ST018,2027-01-06 04:38:00,5,12290.08,0.05,CARD
S0059931,C02667,P00333,ST050,2027-05-04 15:28:00,4,1647.52,0.00,NET_BANKING
S0059932,C04225,P00590,ST007,2027-04-29 17:09:00,5,265.48,0.05,COD
S0059933,C04178,P00295,ST017,2027-04-11 22:17:00,4,8088.40,0.10,CARD
S0059934,C05168,P00229,ST035,2027-01-28 14:57:00,4,718.51,0.10,CARD
S0059935,C00639,P00107,ST008,2026-11-15 10:59:00,4,7220.47,0.00,COD
S0059936,C04448,P00820,ST033,2026-12-01 02:59:00,2,1994.37,0.00,WALLET
S0059937,C02978,P00003,ST039,2027-02-28 04:22:00,6,9487.90,0.00,COD
S0059938,C04439,P00841,ST007,2027-02-19 08:52:00,3,8077.31,0.00,WALLET
S0059939,C00471,P00958,ST024,2026-12-20 03:49:00,2,6025.05,0.00,CARD
S0059940,C05168,P00194,ST032,2027-05-10 10:12:00,3,4680.85,0.00,COD
S0059941,C00972,P00369,ST036,2026-10-25 15:17:00,8,2410.82,0.00,WALLET
S0059942,C04127,P00170,ST049,2027-05-09 03:00:00,5,4556.11,0.00,NET_BANKING
S0059943,C02321,P00562,ST039,2026-12-14 06:47:00,5,10013.06,0.15,UPI
S0059944,C03508,P00881,ST035,2026-09-12 06:48:00,7,13418.59,0.00,CARD
S0059945,C01587,P00394,ST028,2027-03-01 13:41:00,3,12895.03,0.10,WALLET
S0059946,C03052,P00640,ST009,2026-11-07 01:20:00,1,9013.79,0.00,COD
S0059947,C02238,P01042,ST021,2027-03-01 11:30:00,3,2675.09,0.10,CARD
S0059948,C00332,P00083,ST007,2027-03-20 13:27:00,6,6669.82,0.10,NET_BANKING
S0059949,C01410,P00359,ST026,2027-05-14 11:11:00,6,6112.49,0.00,NET_BANKING
S0059950,C03960,P00872,ST024,2026-12-29 17:18:00,3,6939.07,0.05,WALLET
S0059951,C03027,P00836,ST021,2026-10-05 10:38:00,8,8199.84,0.00,NET_BANKING
S0059952,C02759,P00383,ST019,2026-09-26 17:37:00,8,4193.79,0.00,COD
S0059953,C05112,P00498,ST011,2027-04-27 07:21:00,6,302.97,0.05,CARD
S0059954,C02138,P00538,ST034,2026-11-16 09:35:00,3,12711.98,0.00,UPI
S0059955,C02820,P00994,ST005,2027-04-13 23:05:00,1,14986.15,0.00,UPI
S0059956,C02361,P00019,ST008,2027-03-25 09:47:00,4,4767.41,0.10,COD
S0059957,C04309,P00628,ST020,2026-10-12 12:11:00,2,11204.97,0.15,CARD
S0059958,C03042,P00681,ST042,2026-09-18 14:21:00,4,10247.66,0.05,COD
S0059959,C00247,P01062,ST004,2027-03-02 11:35:00,5,4268.54,0.05,WALLET
S0059960,C01714,P00220,ST011,2026-12-29 00:07:00,8,3145.53,0.05,COD
S0059961,C00760,P00324,ST003,2026-10-28 00:39:00,3,2603.61,0.15,COD
S0059962,C03739,P00130,ST048,2027-05-15 08:01:00,2,1609.69,0.05,UPI
S0059963,C02220,P00563,ST015,2026-09-10 14:42:00,3,2736.29,0.00,CARD
S0059964,C01708,P00774,ST050,2026-09-17 03:46:00,5,12009.08,0.10,NET_BANKING
S0059965,C01086,P00577,ST039,2027-01-19 00:36:00,2,286.38,0.00,UPI
S0059966,C00390,P00279,ST035,2027-03-25 22:22:00,3,7949.95,0.10,UPI
S0059967,C01071,P00460,ST046,2026-10-19 10:25:00,5,11166.19,0.00,UPI
S0059968,C04463,P00404,ST022,2026-11-26 23:03:00,1,2015.34,0.00,UPI
S0059969,C03934,P00951,ST019,2027-02-15 10:42:00,7,6661.86,0.10,WALLET
S0059970,C02853,P00531,ST003,2026-09-26 10:50:00,5,137.66,0.10,NET_BANKING
S0059971,C02743,P00963,ST014,2026-10-17 10:23:00,3,9496.66,0.00,UPI
S0059972,C04056,P00021,ST023,2026-09-16 08:03:00,8,836.14,0.15,CARD
S0059973,C02472,P00923,ST047,2026-12-11 18:14:00,8,12391.37,0.00,COD
S0059974,C02431,P00079,ST017,2027-02-02 08:52:00,7,398.24,0.15,UPI
S0059975,C02279,P00421,ST017,2027-02-24 06:55:00,6,9929.53,0.15,CARD
S0059976,C04183,P00811,ST004,2026-09-30 16:29:00,3,12059.60,0.10,COD
S0059977,C03730,P00788,ST029,2026-12-29 14:21:00,7,14058.06,0.10,NET_BANKING
S0059978,C03494,P00893,ST031,2026-09-11 08:48:00,2,11968.39,0.10,NET_BANKING
S0059979,C02841,P00202,ST038,2027-02-06 11:16:00,8,13459.06,0.15,NET_BANKING
S0059980,C01525,P00836,ST025,2027-03-24 16:51:00,6,8199.84,0.05,COD
S0059981,C04426,P00365,ST034,2027-02-01 03:20:00,8,14402.02,0.00,UPI
S0059982,C04680,P00270,ST023,2026-09-11 02:51:00,1,12684.63,0.05,CARD
S0059983,C01465,P01013,ST042,2027-01-19 23:16:00,6,2864.32,0.15,CARD
S0059984,C03331,P00339,ST046,2026-12-25 22:56:00,1,2464.80,0.15,CARD
S0059985,C03059,P00249,ST022,2026-11-04 08:54:00,8,10604.98,0.05,COD
S0059986,C03979,P00769,ST043,2026-11-19 02:07:00,6,14064.61,0.15,COD
S0059987,C03571,P00731,ST006,2026-12-13 01:19:00,6,6650.71,0.15,COD
S0059988,C03672,P00555,ST028,2027-02-05 11:01:00,2,3239.18,0.05,NET_BANKING
S0059989,C05443,P00950,ST045,2027-03-12 06:45:00,6,3458.38,0.10,NET_BANKING
S0059990,C03800,P01002,ST017,2027-05-14 17:02:00,5,326.99,0.00,NET_BANKING
S0059991,C02114,P00474,ST029,2027-05-19 13:58:00,6,2329.87,0.00,NET_BANKING
S0059992,C03458,P00613,ST017,2027-03-08 13:51:00,5,10916.90,0.05,CARD
S0059993,C03924,P00644,ST027,2027-03-16 02:30:00,7,8264.91,0.15,UPI
S0059994,C05009,P00134,ST010,2027-03-17 16:40:00,8,9455.44,0.00,COD
S0059995,C00090,P00136,ST029,2026-10-25 18:47:00,5,2339.70,0.05,UPI
S0059996,C00758,P00237,ST035,2027-05-09 04:48:00,8,5637.77,0.10,UPI
S0059997,C01753,P00082,ST023,2026-09-08 14:36:00,4,3347.34,0.05,COD
S0059998,C03205,P00554,ST049,2027-02-04 21:29:00,8,14870.16,0.10,COD
S0059999,C04027,P00915,ST022,2027-04-24 04:25:00,3,12880.95,0.00,CARD
S0060000,C00036,P00450,ST045,2027-01-09 02:49:00,6,11985.09,0.00,CARD
