customer_id,customer_name,email,phone,region,segment,created_at,updated_at
C00001,Arjun Sharma,arjun.sharma1@example.com,+91-9000000001,WEST,STANDARD,2025-10-09 07:00:00,2025-11-04 07:00:00
C00002,Aisha Reddy,aisha.reddy2@example.com,+91-9000000002,SOUTH,STANDARD,2026-08-28 13:00:00,2026-09-20 13:00:00
C00003,Rohan Kumar,rohan.kumar3@example.com,+91-9000000003,SOUTH,CORPORATE,2026-06-02 19:00:00,2026-07-22 19:00:00
C00004,Aisha Singh,aisha.singh4@example.com,+91-9000000004,NORTH,PREMIUM,2025-08-14 14:00:00,2025-08-15 14:00:00
C00005,Rahul Mehta,rahul.mehta5@example.com,+91-9000000005,WEST,STANDARD,2026-03-09 10:00:00,2026-05-03 10:00:00
C00006,Ananya Reddy,ananya.reddy6@example.com,+91-9000000006,SOUTH,PREMIUM,2025-04-05 12:00:00,2025-07-02 12:00:00
C00007,Neha Rao,neha.rao7@example.com,+91-9000000007,EAST,CORPORATE,2025-02-14 23:00:00,2025-03-17 23:00:00
C00008,Ishita Reddy,ishita.reddy8@example.com,+91-9000000008,NORTH,PREMIUM,2026-07-20 09:00:00,2026-12-14 09:00:00
C00009,Rohan Mehta,rohan.mehta9@example.com,+91-9000000009,WEST,PREMIUM,2025-03-13 01:00:00,2025-04-02 01:00:00
C00010,Kiran Chowdhury,kiran.chowdhury10@example.com,+91-9000000010,WEST,PREMIUM,2025-04-14 12:00:00,2025-09-23 12:00:00
C00011,Diya Patel,diya.patel11@example.com,+91-9000000011,WEST,CORPORATE,2026-01-15 11:00:00,2026-03-24 11:00:00
C00012,Aditya Nair,aditya.nair12@example.com,+91-9000000012,WEST,STANDARD,2025-06-25 17:00:00,2025-10-21 17:00:00
C00013,Ishita Rao,ishita.rao13@example.com,+91-9000000013,NORTH,STANDARD,2026-07-25 07:00:00,2026-09-21 07:00:00
C00014,Vivaan Joshi,vivaan.joshi14@example.com,+91-9000000014,WEST,STANDARD,2025-11-20 12:00:00,2026-01-13 12:00:00
C00015,Pooja Kapoor,pooja.kapoor15@example.com,+91-9000000015,EAST,PREMIUM,2025-11-19 06:00:00,2026-05-02 06:00:00
C00016,Priya Patel,priya.patel16@example.com,+91-9000000016,WEST,CORPORATE,2025-09-29 04:00:00,2026-02-19 04:00:00
C00017,Aisha Rao,aisha.rao17@example.com,+91-9000000017,NORTH,PREMIUM,2026-08-22 13:00:00,2026-11-22 13:00:00
C00018,Kiran Patel,kiran.patel18@example.com,+91-9000000018,SOUTH,STANDARD,2026-06-06 15:00:00,2026-07-04 15:00:00
C00019,Sai Das,sai.das19@example.com,+91-9000000019,NORTH,CORPORATE,2025-06-13 21:00:00,2025-06-29 21:00:00
C00020,Ishita Singh,ishita.singh20@example.com,+91-9000000020,WEST,PREMIUM,2026-09-03 14:00:00,2027-01-22 14:00:00
C00021,Aarav Das,aarav.das21@example.com,+91-9000000021,WEST,PREMIUM,2025-04-28 21:00:00,2025-10-09 21:00:00
C00022,Ananya Reddy,ananya.reddy22@example.com,+91-9000000022,SOUTH,PREMIUM,2025-10-28 13:00:00,2025-10-28 13:00:00
C00023,Vikram Iyer,vikram.iyer23@example.com,+91-9000000023,SOUTH,CORPORATE,2025-07-02 16:00:00,2025-09-16 16:00:00
C00024,Kavya Nair,kavya.nair24@example.com,+91-9000000024,NORTH,STANDARD,2025-07-23 04:00:00,2025-12-08 04:00:00
C00025,  Kavya Kapoor  ,kavya.kapoor25@example.com,+91-9000000025,NORTH,PREMIUM,2025-01-01 19:00:00,2025-01-05 19:00:00
C00026,Arjun Kapoor,arjun.kapoor26@example.com,+91-9000000026,WEST,STANDARD,2026-01-07 09:00:00,2026-03-09 09:00:00
C00027,Pooja Reddy,pooja.reddy27@example.com,+91-9000000027,EAST,STANDARD,2025-03-29 23:00:00,2025-08-12 23:00:00
C00028,Sai Patel,sai.patel28@example.com,+91-9000000028,SOUTH,PREMIUM,2026-05-02 17:00:00,2026-09-14 17:00:00
C00029,Neha Singh,neha.singh29@example.com,+91-9000000029,WEST,CORPORATE,2025-08-05 17:00:00,2025-10-23 17:00:00
C00030,Ishita Das,ishita.das30@example.com,+91-9000000030,south,PREMIUM,2026-01-18 14:00:00,2026-02-17 14:00:00
C00031,Kiran Kumar,invalid-email,+91-9000000031,SOUTH,CORPORATE,2025-03-07 10:00:00,2025-07-26 10:00:00
C00032,Kiran Nair,kiran.nair32@example.com,123,SOUTH,CORPORATE,2025-08-14 00:00:00,2026-01-22 00:00:00
C00033,,vivaan.kumar33@example.com,+91-9000000033,NORTH,STANDARD,2025-03-11 01:00:00,2025-07-20 01:00:00
C00034,Kiran Rao,kiran.rao34@example.com,+91-9000000034,WEST,STANDARD,2025-02-30 10:00:00,2026-10-06 06:00:00
 C00035 ,Pooja Gupta,pooja.gupta35@example.com,+91-9000000035,NORTH,STANDARD,2025-09-06 15:00:00,2025-09-30 15:00:00
C00036,Arjun Das,arjun.das36@example.com,+91-9000000036,West,PREMIUM,2026-03-18 11:00:00,2026-07-15 11:00:00
C00037,Vivaan Das,vivaan.das37@example.com,+91-9000000037,NORTH,CORPORATE,2025-04-11 01:00:00,2025-07-06 01:00:00
C00038,Arjun Kumar,arjun.kumar38@example.com,+91-9000000038,WEST,PREMIUM,2025-07-16 06:00:00,2025-08-20 06:00:00
C00039,Meera Patel,meera.patel39@example.com,+91-9000000039,WEST,STANDARD,2025-10-13 14:00:00,2026-02-03 14:00:00
C00040,Aisha Reddy,aisha.reddy40@example.com,+91-9000000040,WEST,STANDARD,2025-02-21 20:00:00,2025-03-16 20:00:00
C00041,Kiran Patel,kiran.patel41@example.com,+91-9000000041,EAST,STANDARD,2026-02-21 15:00:00,2026-06-03 15:00:00
C00042,Vivaan Patel,vivaan.patel42@example.com,+91-9000000042,NORTH,PREMIUM,2026-01-24 00:00:00,2026-05-20 00:00:00
C00043,Nikhil Singh,nikhil.singh43@example.com,+91-9000000043,EAST,STANDARD,2026-07-24 21:00:00,2026-09-10 21:00:00
C00044,Nikhil Kumar,nikhil.kumar44@example.com,+91-9000000044,WEST,STANDARD,2025-03-01 18:00:00,2025-05-20 18:00:00
C00045,Vivaan Sharma,vivaan.sharma45@example.com,+91-9000000045,WEST,CORPORATE,2026-08-22 15:00:00,2026-10-01 15:00:00
C00046,Vivaan Iyer,vivaan.iyer46@example.com,+91-9000000046,SOUTH,CORPORATE,2025-03-24 05:00:00,2025-04-10 05:00:00
C00047,Kiran Singh,kiran.singh47@example.com,+91-9000000047,WEST,CORPORATE,2025-05-03 18:00:00,2025-10-02 18:00:00
C00048,Vivaan Nair,vivaan.nair48@example.com,+91-9000000048,NORTH,CORPORATE,2025-03-25 13:00:00,2025-08-05 13:00:00
C00049,Ananya Kapoor,ananya.kapoor49@example.com,+91-9000000049,NORTH,STANDARD,2025-09-25 06:00:00,2025-12-01 06:00:00
C00050,Ishita Patel,ishita.patel50@example.com,+91-9000000050,NORTH,STANDARD,2025-11-04 14:00:00,2025-11-06 14:00:00
C00051,Priya Nair,priya.nair51@example.com,+91-9000000051,SOUTH,CORPORATE,2026-07-31 03:00:00,2026-09-23 03:00:00
C00052,Kavya Rao,kavya.rao52@example.com,+91-9000000052,SOUTH,STANDARD,2025-05-16 11:00:00,2025-08-18 11:00:00
C00053,Nikhil Patel,nikhil.patel53@example.com,+91-9000000053,WEST,CORPORATE,2026-03-25 17:00:00,2026-09-08 17:00:00
C00054,Kavya Sharma,kavya.sharma54@example.com,+91-9000000054,SOUTH,STANDARD,2026-07-22 09:00:00,2026-09-27 09:00:00
C00055,Arjun Kapoor,arjun.kapoor55@example.com,+91-9000000055,WEST,STANDARD,2025-04-20 23:00:00,2025-06-28 23:00:00
C00056,Nikhil Nair,nikhil.nair56@example.com,+91-9000000056,NORTH,STANDARD,2025-08-04 22:00:00,2026-01-26 22:00:00
C00057,Vikram Iyer,vikram.iyer57@example.com,+91-9000000057,SOUTH,STANDARD,2026-05-16 08:00:00,2026-10-25 08:00:00
C00058,Meera Chowdhury,meera.chowdhury58@example.com,+91-9000000058,SOUTH,PREMIUM,2025-10-11 01:00:00,2025-11-13 01:00:00
C00059,Vikram Patel,vikram.patel59@example.com,+91-9000000059,NORTH,CORPORATE,2026-03-29 17:00:00,2026-03-31 17:00:00
C00060,Arjun Reddy,arjun.reddy60@example.com,+91-9000000060,SOUTH,PREMIUM,2025-06-02 17:00:00,2025-10-29 17:00:00
C00061,Aisha Patel,aisha.patel61@example.com,+91-9000000061,SOUTH,PREMIUM,2026-03-17 04:00:00,2026-06-18 04:00:00
C00062,Vivaan Kapoor,vivaan.kapoor62@example.com,+91-9000000062,WEST,CORPORATE,2026-01-02 06:00:00,2026-01-28 06:00:00
C00063,Diya Joshi,diya.joshi63@example.com,+91-9000000063,NORTH,CORPORATE,2026-07-28 13:00:00,2026-09-05 13:00:00
C00064,Kiran Chowdhury,kiran.chowdhury64@example.com,+91-9000000064,NORTH,STANDARD,2025-06-16 05:00:00,2025-07-31 05:00:00
C00065,Ananya Joshi,ananya.joshi65@example.com,+91-9000000065,WEST,PREMIUM,2026-02-26 21:00:00,2026-04-07 21:00:00
C00066,Arjun Singh,arjun.singh66@example.com,+91-9000000066,WEST,STANDARD,2025-02-09 15:00:00,2025-06-06 15:00:00
C00067,Diya Rao,diya.rao67@example.com,+91-9000000067,SOUTH,CORPORATE,2025-08-22 07:00:00,2025-10-10 07:00:00
C00068,Ishita Verma,ishita.verma68@example.com,+91-9000000068,WEST,PREMIUM,2025-10-13 02:00:00,2026-03-26 02:00:00
C00069,Kavya Singh,kavya.singh69@example.com,+91-9000000069,SOUTH,STANDARD,2026-07-04 10:00:00,2026-09-08 10:00:00
C00070,Rahul Nair,rahul.nair70@example.com,+91-9000000070,SOUTH,CORPORATE,2025-09-29 01:00:00,2026-01-18 01:00:00
C00071,Diya Mehta,diya.mehta71@example.com,+91-9000000071,NORTH,CORPORATE,2025-11-18 13:00:00,2025-12-17 13:00:00
C00072,Ishita Kapoor,ishita.kapoor72@example.com,+91-9000000072,WEST,STANDARD,2026-08-14 06:00:00,2026-12-03 06:00:00
C00073,Aarav Iyer,aarav.iyer73@example.com,+91-9000000073,WEST,PREMIUM,2026-07-06 21:00:00,2026-10-24 21:00:00
C00074,Aditya Das,aditya.das74@example.com,+91-9000000074,NORTH,CORPORATE,2025-12-05 19:00:00,2026-01-05 19:00:00
C00075,Nikhil Iyer,nikhil.iyer75@example.com,+91-9000000075,NORTH,PREMIUM,2025-11-13 21:00:00,2026-02-24 21:00:00
C00076,Nikhil Iyer,nikhil.iyer76@example.com,+91-9000000076,NORTH,CORPORATE,2025-05-11 06:00:00,2025-08-16 06:00:00
C00077,Rahul Nair,rahul.nair77@example.com,+91-9000000077,NORTH,CORPORATE,2026-08-06 09:00:00,2026-08-06 09:00:00
C00078,Nikhil Rao,nikhil.rao78@example.com,+91-9000000078,NORTH,CORPORATE,2025-08-04 13:00:00,2026-01-18 13:00:00
C00079,Ananya Gupta,ananya.gupta79@example.com,+91-9000000079,WEST,CORPORATE,2026-03-29 14:00:00,2026-07-28 14:00:00
C00080,Rahul Das,rahul.das80@example.com,+91-9000000080,WEST,CORPORATE,2025-03-28 09:00:00,2025-09-06 09:00:00
C00081,Neha Verma,neha.verma81@example.com,+91-9000000081,WEST,STANDARD,2025-04-06 07:00:00,2025-05-26 07:00:00
C00082,Sai Sharma,sai.sharma82@example.com,+91-9000000082,EAST,CORPORATE,2025-02-17 07:00:00,2025-03-07 07:00:00
C00083,Priya Singh,priya.singh83@example.com,+91-9000000083,NORTH,PREMIUM,2026-08-13 06:00:00,2026-11-23 06:00:00
C00084,Kiran Patel,kiran.patel84@example.com,+91-9000000084,NORTH,STANDARD,2025-01-06 03:00:00,2025-02-20 03:00:00
C00085,Kavya Gupta,kavya.gupta85@example.com,+91-9000000085,WEST,STANDARD,2025-02-21 17:00:00,2025-06-17 17:00:00
C00086,Sai Joshi,sai.joshi86@example.com,+91-9000000086,WEST,CORPORATE,2026-04-21 21:00:00,2026-09-20 21:00:00
C00087,Ananya Joshi,ananya.joshi87@example.com,+91-9000000087,WEST,PREMIUM,2026-03-30 19:00:00,2026-08-17 19:00:00
C00088,Priya Kapoor,priya.kapoor88@example.com,+91-9000000088,EAST,PREMIUM,2025-06-12 23:00:00,2025-08-17 23:00:00
C00089,Kiran Chowdhury,kiran.chowdhury89@example.com,+91-9000000089,EAST,CORPORATE,2025-10-11 16:00:00,2025-12-11 16:00:00
C00090,Vikram Gupta,vikram.gupta90@example.com,+91-9000000090,WEST,STANDARD,2025-03-21 22:00:00,2025-05-29 22:00:00
C00091,Ananya Verma,ananya.verma91@example.com,+91-9000000091,SOUTH,STANDARD,2026-07-08 02:00:00,2026-09-05 02:00:00
C00092,Ishita Mehta,ishita.mehta92@example.com,+91-9000000092,WEST,STANDARD,2025-06-06 22:00:00,2025-09-20 22:00:00
C00093,Meera Verma,meera.verma93@example.com,+91-9000000093,NORTH,STANDARD,2026-07-10 14:00:00,2026-08-31 14:00:00
C00094,Meera Singh,meera.singh94@example.com,+91-9000000094,SOUTH,CORPORATE,2026-08-22 22:00:00,2026-11-27 22:00:00
C00095,Sneha Sharma,sneha.sharma95@example.com,+91-9000000095,NORTH,PREMIUM,2025-12-27 09:00:00,2026-05-13 09:00:00
C00096,Aisha Joshi,aisha.joshi96@example.com,+91-9000000096,EAST,STANDARD,2026-09-10 07:00:00,2026-11-18 07:00:00
C00097,Meera Gupta,meera.gupta97@example.com,+91-9000000097,NORTH,CORPORATE,2025-01-30 12:00:00,2025-07-22 12:00:00
C00098,Ishita Mehta,ishita.mehta98@example.com,+91-9000000098,SOUTH,CORPORATE,2025-06-19 14:00:00,2025-11-02 14:00:00
C00099,Aarav Kapoor,aarav.kapoor99@example.com,+91-9000000099,NORTH,CORPORATE,2026-02-08 18:00:00,2026-02-14 18:00:00
C00100,Aditya Das,aditya.das100@example.com,+91-9000000100,EAST,STANDARD,2026-03-15 04:00:00,2026-03-27 04:00:00
C00101,Vikram Singh,vikram.singh101@example.com,+91-9000000101,EAST,PREMIUM,2025-12-02 06:00:00,2026-02-26 06:00:00
C00102,Ishita Rao,ishita.rao102@example.com,+91-9000000102,SOUTH,PREMIUM,2026-03-08 08:00:00,2026-03-12 08:00:00
C00103,Aisha Sharma,aisha.sharma103@example.com,+91-9000000103,SOUTH,CORPORATE,2025-12-25 07:00:00,2026-01-04 07:00:00
C00104,Aarav Kumar,aarav.kumar104@example.com,+91-9000000104,NORTH,STANDARD,2025-07-24 00:00:00,2025-09-23 00:00:00
C00105,Sai Gupta,sai.gupta105@example.com,+91-9000000105,WEST,PREMIUM,2025-04-28 18:00:00,2025-10-24 18:00:00
C00106,Vikram Joshi,vikram.joshi106@example.com,+91-9000000106,NORTH,CORPORATE,2026-01-13 05:00:00,2026-02-11 05:00:00
C00107,Rahul Rao,rahul.rao107@example.com,+91-9000000107,SOUTH,PREMIUM,2025-04-21 18:00:00,2025-09-15 18:00:00
C00108,Ishita Singh,ishita.singh108@example.com,+91-9000000108,NORTH,CORPORATE,2025-07-23 02:00:00,2025-12-30 02:00:00
C00109,Kiran Reddy,kiran.reddy109@example.com,+91-9000000109,NORTH,STANDARD,2025-11-05 21:00:00,2026-03-29 21:00:00
C00110,Vivaan Verma,vivaan.verma110@example.com,+91-9000000110,NORTH,STANDARD,2026-06-30 13:00:00,2026-11-06 13:00:00
C00111,Ananya Sharma,ananya.sharma111@example.com,+91-9000000111,SOUTH,PREMIUM,2026-03-07 15:00:00,2026-06-07 15:00:00
C00112,Priya Mehta,priya.mehta112@example.com,+91-9000000112,SOUTH,CORPORATE,2025-06-06 13:00:00,2025-10-17 13:00:00
C00113,Vikram Nair,vikram.nair113@example.com,+91-9000000113,EAST,PREMIUM,2026-07-06 15:00:00,2026-12-04 15:00:00
C00114,Vikram Verma,vikram.verma114@example.com,+91-9000000114,WEST,PREMIUM,2025-09-09 02:00:00,2025-11-10 02:00:00
C00115,Priya Nair,priya.nair115@example.com,+91-9000000115,SOUTH,PREMIUM,2026-01-24 10:00:00,2026-04-17 10:00:00
C00116,Rahul Gupta,rahul.gupta116@example.com,+91-9000000116,WEST,PREMIUM,2025-08-06 11:00:00,2025-10-16 11:00:00
C00117,Neha Mehta,neha.mehta117@example.com,+91-9000000117,SOUTH,CORPORATE,2025-10-10 17:00:00,2025-11-27 17:00:00
C00118,Aditya Kumar,aditya.kumar118@example.com,+91-9000000118,WEST,STANDARD,2026-02-21 15:00:00,2026-08-16 15:00:00
C00119,Sneha Das,sneha.das119@example.com,+91-9000000119,SOUTH,STANDARD,2026-05-18 14:00:00,2026-08-01 14:00:00
C00120,Kiran Singh,kiran.singh120@example.com,+91-9000000120,NORTH,PREMIUM,2025-09-07 09:00:00,2026-01-06 09:00:00
C00121,Aisha Iyer,aisha.iyer121@example.com,+91-9000000121,WEST,PREMIUM,2025-12-19 13:00:00,2026-03-19 13:00:00
C00122,Priya Rao,priya.rao122@example.com,+91-9000000122,WEST,STANDARD,2025-11-10 08:00:00,2025-12-29 08:00:00
C00123,Ananya Reddy,ananya.reddy123@example.com,+91-9000000123,SOUTH,STANDARD,2026-07-03 22:00:00,2026-08-27 22:00:00
C00124,Sneha Rao,sneha.rao124@example.com,+91-9000000124,NORTH,PREMIUM,2026-08-27 16:00:00,2026-09-21 16:00:00
C00125,Rohan Rao,rohan.rao125@example.com,+91-9000000125,SOUTH,PREMIUM,2025-08-21 11:00:00,2025-08-24 11:00:00
C00126,Aisha Patel,aisha.patel126@example.com,+91-9000000126,SOUTH,CORPORATE,2025-10-08 01:00:00,2025-12-21 01:00:00
C00127,Sai Das,sai.das127@example.com,+91-9000000127,SOUTH,CORPORATE,2026-05-18 03:00:00,2026-07-29 03:00:00
C00128,Sneha Gupta,sneha.gupta128@example.com,+91-9000000128,SOUTH,STANDARD,2026-03-28 10:00:00,2026-05-31 10:00:00
C00129,Sneha Reddy,sneha.reddy129@example.com,+91-9000000129,EAST,STANDARD,2025-03-08 12:00:00,2025-08-02 12:00:00
C00130,Vivaan Patel,vivaan.patel130@example.com,+91-9000000130,WEST,STANDARD,2025-06-02 18:00:00,2025-08-04 18:00:00
C00131,Arjun Iyer,arjun.iyer131@example.com,+91-9000000131,NORTH,CORPORATE,2026-03-03 19:00:00,2026-04-29 19:00:00
C00132,Kavya Singh,kavya.singh132@example.com,+91-9000000132,WEST,CORPORATE,2026-04-07 14:00:00,2026-07-25 14:00:00
C00133,Nikhil Nair,nikhil.nair133@example.com,+91-9000000133,SOUTH,STANDARD,2025-03-03 19:00:00,2025-08-10 19:00:00
C00134,Rohan Rao,rohan.rao134@example.com,+91-9000000134,WEST,STANDARD,2025-03-25 05:00:00,2025-08-13 05:00:00
C00135,Aditya Patel,aditya.patel135@example.com,+91-9000000135,EAST,CORPORATE,2025-01-03 13:00:00,2025-06-04 13:00:00
C00136,Sneha Rao,sneha.rao136@example.com,+91-9000000136,WEST,CORPORATE,2025-02-03 07:00:00,2025-04-16 07:00:00
C00137,Priya Reddy,priya.reddy137@example.com,+91-9000000137,NORTH,CORPORATE,2025-08-28 08:00:00,2025-10-17 08:00:00
C00138,Meera Reddy,meera.reddy138@example.com,+91-9000000138,SOUTH,PREMIUM,2026-07-12 07:00:00,2026-08-17 07:00:00
C00139,Aditya Sharma,aditya.sharma139@example.com,+91-9000000139,NORTH,CORPORATE,2025-06-19 09:00:00,2025-11-11 09:00:00
C00140,Nikhil Gupta,nikhil.gupta140@example.com,+91-9000000140,WEST,CORPORATE,2025-05-08 14:00:00,2025-08-19 14:00:00
C00141,Vikram Iyer,vikram.iyer141@example.com,+91-9000000141,EAST,STANDARD,2026-07-07 15:00:00,2026-12-07 15:00:00
C00142,Vivaan Kapoor,vivaan.kapoor142@example.com,+91-9000000142,NORTH,CORPORATE,2026-03-19 23:00:00,2026-05-22 23:00:00
C00143,Aarav Reddy,aarav.reddy143@example.com,+91-9000000143,NORTH,CORPORATE,2025-08-23 21:00:00,2025-08-28 21:00:00
C00144,Vikram Nair,vikram.nair144@example.com,+91-9000000144,EAST,CORPORATE,2025-02-11 05:00:00,2025-07-27 05:00:00
C00145,Priya Kapoor,priya.kapoor145@example.com,+91-9000000145,NORTH,PREMIUM,2025-10-12 05:00:00,2026-03-23 05:00:00
C00146,Sneha Reddy,sneha.reddy146@example.com,+91-9000000146,NORTH,PREMIUM,2026-04-27 11:00:00,2026-07-18 11:00:00
C00147,Arjun Chowdhury,arjun.chowdhury147@example.com,+91-9000000147,NORTH,CORPORATE,2025-06-14 10:00:00,2025-10-18 10:00:00
C00148,Nikhil Das,nikhil.das148@example.com,+91-9000000148,SOUTH,PREMIUM,2026-02-15 17:00:00,2026-03-09 17:00:00
C00149,Ananya Rao,ananya.rao149@example.com,+91-9000000149,NORTH,CORPORATE,2025-11-28 03:00:00,2025-11-28 03:00:00
C00150,Aisha Gupta,aisha.gupta150@example.com,+91-9000000150,WEST,CORPORATE,2026-02-28 01:00:00,2026-05-31 01:00:00
C00151,Neha Joshi,neha.joshi151@example.com,+91-9000000151,EAST,STANDARD,2026-05-26 20:00:00,2026-07-17 20:00:00
C00152,Vikram Iyer,vikram.iyer152@example.com,+91-9000000152,EAST,CORPORATE,2025-05-15 09:00:00,2025-09-16 09:00:00
C00153,Arjun Sharma,arjun.sharma153@example.com,+91-9000000153,SOUTH,PREMIUM,2025-09-03 22:00:00,2026-01-22 22:00:00
C00154,Aarav Iyer,aarav.iyer154@example.com,+91-9000000154,WEST,STANDARD,2026-02-22 02:00:00,2026-06-20 02:00:00
C00155,Arjun Das,arjun.das155@example.com,+91-9000000155,WEST,CORPORATE,2025-06-07 15:00:00,2025-12-04 15:00:00
C00156,Vikram Singh,vikram.singh156@example.com,+91-9000000156,WEST,PREMIUM,2026-05-10 15:00:00,2026-09-28 15:00:00
C00157,Sai Singh,sai.singh157@example.com,+91-9000000157,WEST,CORPORATE,2025-07-15 19:00:00,2025-08-18 19:00:00
C00158,Aditya Rao,aditya.rao158@example.com,+91-9000000158,WEST,PREMIUM,2026-03-01 10:00:00,2026-03-01 10:00:00
C00159,Nikhil Mehta,nikhil.mehta159@example.com,+91-9000000159,NORTH,CORPORATE,2025-11-02 18:00:00,2026-03-07 18:00:00
C00160,Sai Gupta,sai.gupta160@example.com,+91-9000000160,NORTH,PREMIUM,2026-07-06 15:00:00,2026-11-24 15:00:00
C00161,Aisha Singh,aisha.singh161@example.com,+91-9000000161,WEST,CORPORATE,2026-04-12 10:00:00,2026-06-12 10:00:00
C00162,Pooja Singh,pooja.singh162@example.com,+91-9000000162,SOUTH,PREMIUM,2025-08-28 13:00:00,2025-12-27 13:00:00
C00163,Ishita Singh,ishita.singh163@example.com,+91-9000000163,SOUTH,STANDARD,2025-06-05 15:00:00,2025-10-11 15:00:00
C00164,Pooja Verma,pooja.verma164@example.com,+91-9000000164,SOUTH,CORPORATE,2025-04-13 14:00:00,2025-08-07 14:00:00
C00165,Aarav Mehta,aarav.mehta165@example.com,+91-9000000165,SOUTH,STANDARD,2025-05-28 13:00:00,2025-09-25 13:00:00
C00166,Vikram Verma,vikram.verma166@example.com,+91-9000000166,SOUTH,PREMIUM,2026-02-12 20:00:00,2026-08-03 20:00:00
C00167,Aisha Singh,aisha.singh167@example.com,+91-9000000167,EAST,CORPORATE,2025-11-21 20:00:00,2025-11-30 20:00:00
C00168,Neha Reddy,neha.reddy168@example.com,+91-9000000168,WEST,STANDARD,2025-08-29 20:00:00,2025-09-21 20:00:00
C00169,Meera Reddy,meera.reddy169@example.com,+91-9000000169,SOUTH,CORPORATE,2025-04-13 14:00:00,2025-06-28 14:00:00
C00170,Aarav Sharma,aarav.sharma170@example.com,+91-9000000170,WEST,PREMIUM,2025-11-29 01:00:00,2026-03-04 01:00:00
C00171,Meera Patel,meera.patel171@example.com,+91-9000000171,NORTH,CORPORATE,2025-09-08 16:00:00,2026-03-01 16:00:00
C00172,Rahul Patel,rahul.patel172@example.com,+91-9000000172,NORTH,PREMIUM,2025-06-29 02:00:00,2025-12-04 02:00:00
C00173,Kiran Gupta,kiran.gupta173@example.com,+91-9000000173,WEST,PREMIUM,2026-08-21 04:00:00,2027-01-31 04:00:00
C00174,Vikram Gupta,vikram.gupta174@example.com,+91-9000000174,SOUTH,PREMIUM,2025-09-19 21:00:00,2025-12-01 21:00:00
C00175,Aisha Patel,aisha.patel175@example.com,+91-9000000175,NORTH,CORPORATE,2025-03-17 14:00:00,2025-06-01 14:00:00
C00176,Meera Mehta,meera.mehta176@example.com,+91-9000000176,WEST,STANDARD,2025-09-14 14:00:00,2025-12-21 14:00:00
C00177,Sneha Reddy,sneha.reddy177@example.com,+91-9000000177,NORTH,PREMIUM,2025-08-31 12:00:00,2026-01-25 12:00:00
C00178,Nikhil Mehta,nikhil.mehta178@example.com,+91-9000000178,NORTH,PREMIUM,2025-10-30 00:00:00,2025-11-01 00:00:00
C00179,Pooja Chowdhury,pooja.chowdhury179@example.com,+91-9000000179,EAST,PREMIUM,2025-02-20 19:00:00,2025-04-19 19:00:00
C00180,Neha Joshi,neha.joshi180@example.com,+91-9000000180,WEST,CORPORATE,2025-12-27 07:00:00,2026-03-01 07:00:00
C00181,Sai Das,sai.das181@example.com,+91-9000000181,SOUTH,PREMIUM,2025-04-10 20:00:00,2025-07-31 20:00:00
C00182,Vivaan Nair,vivaan.nair182@example.com,+91-9000000182,SOUTH,STANDARD,2026-01-09 23:00:00,2026-03-25 23:00:00
C00183,Ananya Mehta,ananya.mehta183@example.com,+91-9000000183,WEST,STANDARD,2026-03-02 05:00:00,2026-07-18 05:00:00
C00184,Diya Iyer,diya.iyer184@example.com,+91-9000000184,SOUTH,PREMIUM,2026-05-29 08:00:00,2026-09-29 08:00:00
C00185,Nikhil Mehta,nikhil.mehta185@example.com,+91-9000000185,EAST,STANDARD,2025-12-13 03:00:00,2026-01-18 03:00:00
C00186,Kiran Chowdhury,kiran.chowdhury186@example.com,+91-9000000186,NORTH,STANDARD,2026-02-11 17:00:00,2026-05-23 17:00:00
C00187,Aarav Rao,aarav.rao187@example.com,+91-9000000187,EAST,PREMIUM,2026-07-04 03:00:00,2026-12-23 03:00:00
C00188,Vikram Nair,vikram.nair188@example.com,+91-9000000188,NORTH,STANDARD,2026-01-26 20:00:00,2026-07-17 20:00:00
C00189,Kiran Gupta,kiran.gupta189@example.com,+91-9000000189,WEST,PREMIUM,2025-01-26 19:00:00,2025-07-01 19:00:00
C00190,Kiran Das,kiran.das190@example.com,+91-9000000190,EAST,CORPORATE,2025-03-06 20:00:00,2025-05-22 20:00:00
C00191,Meera Reddy,meera.reddy191@example.com,+91-9000000191,SOUTH,PREMIUM,2025-05-24 01:00:00,2025-09-27 01:00:00
C00192,Arjun Reddy,arjun.reddy192@example.com,+91-9000000192,SOUTH,PREMIUM,2025-08-29 17:00:00,2025-12-23 17:00:00
C00193,Diya Das,diya.das193@example.com,+91-9000000193,NORTH,CORPORATE,2026-07-08 13:00:00,2026-08-16 13:00:00
C00194,Meera Das,meera.das194@example.com,+91-9000000194,NORTH,PREMIUM,2025-04-12 15:00:00,2025-06-22 15:00:00
C00195,Vivaan Mehta,vivaan.mehta195@example.com,+91-9000000195,EAST,PREMIUM,2026-01-15 06:00:00,2026-03-16 06:00:00
C00196,Diya Reddy,diya.reddy196@example.com,+91-9000000196,NORTH,STANDARD,2026-01-12 17:00:00,2026-04-23 17:00:00
C00197,Vikram Kumar,vikram.kumar197@example.com,+91-9000000197,SOUTH,CORPORATE,2025-05-06 14:00:00,2025-06-29 14:00:00
C00198,Neha Sharma,neha.sharma198@example.com,+91-9000000198,WEST,STANDARD,2025-02-21 10:00:00,2025-07-15 10:00:00
C00199,Rohan Reddy,rohan.reddy199@example.com,+91-9000000199,NORTH,STANDARD,2026-07-22 06:00:00,2026-09-19 06:00:00
C00200,Ananya Joshi,ananya.joshi200@example.com,+91-9000000200,SOUTH,PREMIUM,2025-06-01 19:00:00,2025-07-08 19:00:00
C00201,Sai Iyer,sai.iyer201@example.com,+91-9000000201,SOUTH,CORPORATE,2025-09-14 05:00:00,2025-09-20 05:00:00
C00202,Sai Sharma,sai.sharma202@example.com,+91-9000000202,NORTH,PREMIUM,2026-01-02 07:00:00,2026-01-06 07:00:00
C00203,Rahul Rao,rahul.rao203@example.com,+91-9000000203,NORTH,CORPORATE,2025-02-23 04:00:00,2025-03-24 04:00:00
C00204,Aditya Gupta,aditya.gupta204@example.com,+91-9000000204,WEST,CORPORATE,2026-04-05 11:00:00,2026-05-02 11:00:00
C00205,Priya Iyer,priya.iyer205@example.com,+91-9000000205,SOUTH,CORPORATE,2025-08-15 19:00:00,2026-01-30 19:00:00
C00206,Kavya Rao,kavya.rao206@example.com,+91-9000000206,SOUTH,STANDARD,2026-04-15 20:00:00,2026-08-15 20:00:00
C00207,Ishita Singh,ishita.singh207@example.com,+91-9000000207,EAST,STANDARD,2025-04-21 15:00:00,2025-05-11 15:00:00
C00208,Ananya Nair,ananya.nair208@example.com,+91-9000000208,SOUTH,PREMIUM,2025-06-01 02:00:00,2025-11-07 02:00:00
C00209,Pooja Iyer,pooja.iyer209@example.com,+91-9000000209,NORTH,CORPORATE,2025-11-29 12:00:00,2026-02-12 12:00:00
C00210,Priya Iyer,priya.iyer210@example.com,+91-9000000210,SOUTH,CORPORATE,2026-09-12 13:00:00,2026-10-11 13:00:00
C00211,Aisha Mehta,aisha.mehta211@example.com,+91-9000000211,EAST,STANDARD,2025-08-09 13:00:00,2025-11-22 13:00:00
C00212,Ananya Chowdhury,ananya.chowdhury212@example.com,+91-9000000212,NORTH,CORPORATE,2026-04-10 12:00:00,2026-05-04 12:00:00
C00213,Ananya Singh,ananya.singh213@example.com,+91-9000000213,WEST,PREMIUM,2025-11-17 21:00:00,2025-12-26 21:00:00
C00214,Sneha Reddy,sneha.reddy214@example.com,+91-9000000214,SOUTH,PREMIUM,2025-04-04 02:00:00,2025-04-28 02:00:00
C00215,Diya Joshi,diya.joshi215@example.com,+91-9000000215,SOUTH,CORPORATE,2025-05-14 17:00:00,2025-10-04 17:00:00
C00216,Aisha Verma,aisha.verma216@example.com,+91-9000000216,NORTH,CORPORATE,2025-05-06 13:00:00,2025-08-22 13:00:00
C00217,Vivaan Rao,vivaan.rao217@example.com,+91-9000000217,NORTH,STANDARD,2026-09-07 09:00:00,2027-02-01 09:00:00
C00218,Kavya Kumar,kavya.kumar218@example.com,+91-9000000218,EAST,STANDARD,2025-06-08 21:00:00,2025-07-05 21:00:00
C00219,Diya Chowdhury,diya.chowdhury219@example.com,+91-9000000219,SOUTH,PREMIUM,2026-07-24 11:00:00,2026-12-17 11:00:00
C00220,Kiran Joshi,kiran.joshi220@example.com,+91-9000000220,NORTH,CORPORATE,2026-03-16 17:00:00,2026-09-04 17:00:00
C00221,Aisha Sharma,aisha.sharma221@example.com,+91-9000000221,SOUTH,PREMIUM,2025-10-01 00:00:00,2026-03-29 00:00:00
C00222,Nikhil Kapoor,nikhil.kapoor222@example.com,+91-9000000222,SOUTH,STANDARD,2025-12-14 11:00:00,2026-01-19 11:00:00
C00223,Pooja Das,pooja.das223@example.com,+91-9000000223,SOUTH,CORPORATE,2026-02-15 02:00:00,2026-07-27 02:00:00
C00224,Aarav Reddy,aarav.reddy224@example.com,+91-9000000224,NORTH,PREMIUM,2026-06-28 06:00:00,2026-10-22 06:00:00
C00225,Ananya Patel,ananya.patel225@example.com,+91-9000000225,NORTH,CORPORATE,2026-01-14 09:00:00,2026-06-15 09:00:00
C00226,Aditya Kapoor,aditya.kapoor226@example.com,+91-9000000226,SOUTH,CORPORATE,2025-02-23 04:00:00,2025-03-07 04:00:00
C00227,Aditya Rao,aditya.rao227@example.com,+91-9000000227,NORTH,PREMIUM,2026-03-30 21:00:00,2026-09-01 21:00:00
C00228,Priya Singh,priya.singh228@example.com,+91-9000000228,WEST,STANDARD,2025-10-07 06:00:00,2026-01-03 06:00:00
C00229,Meera Reddy,meera.reddy229@example.com,+91-9000000229,NORTH,PREMIUM,2025-10-18 21:00:00,2026-03-01 21:00:00
C00230,Nikhil Sharma,nikhil.sharma230@example.com,+91-9000000230,NORTH,STANDARD,2025-08-14 12:00:00,2025-08-15 12:00:00
C00231,Rohan Rao,rohan.rao231@example.com,+91-9000000231,WEST,PREMIUM,2025-08-05 04:00:00,2025-10-27 04:00:00
C00232,Arjun Sharma,arjun.sharma232@example.com,+91-9000000232,NORTH,STANDARD,2026-05-25 23:00:00,2026-06-27 23:00:00
C00233,Ishita Iyer,ishita.iyer233@example.com,+91-9000000233,WEST,CORPORATE,2025-08-24 16:00:00,2025-11-22 16:00:00
C00234,Aditya Singh,aditya.singh234@example.com,+91-9000000234,SOUTH,PREMIUM,2025-02-13 13:00:00,2025-03-04 13:00:00
C00235,Ananya Nair,ananya.nair235@example.com,+91-9000000235,NORTH,CORPORATE,2026-03-16 18:00:00,2026-08-26 18:00:00
C00236,Meera Rao,meera.rao236@example.com,+91-9000000236,SOUTH,PREMIUM,2025-04-28 12:00:00,2025-06-10 12:00:00
C00237,Neha Gupta,neha.gupta237@example.com,+91-9000000237,NORTH,STANDARD,2026-01-06 02:00:00,2026-03-09 02:00:00
C00238,Meera Nair,meera.nair238@example.com,+91-9000000238,SOUTH,PREMIUM,2026-02-15 16:00:00,2026-05-05 16:00:00
C00239,Ananya Kumar,ananya.kumar239@example.com,+91-9000000239,SOUTH,CORPORATE,2025-12-08 05:00:00,2026-05-19 05:00:00
C00240,Arjun Iyer,arjun.iyer240@example.com,+91-9000000240,NORTH,PREMIUM,2026-06-07 06:00:00,2026-11-19 06:00:00
C00241,Sai Kumar,sai.kumar241@example.com,+91-9000000241,WEST,STANDARD,2025-04-16 04:00:00,2025-05-30 04:00:00
C00242,Neha Patel,neha.patel242@example.com,+91-9000000242,EAST,PREMIUM,2025-03-19 05:00:00,2025-08-10 05:00:00
C00243,Pooja Gupta,pooja.gupta243@example.com,+91-9000000243,NORTH,PREMIUM,2026-08-02 20:00:00,2027-01-09 20:00:00
C00244,Ananya Patel,ananya.patel244@example.com,+91-9000000244,EAST,PREMIUM,2026-03-27 02:00:00,2026-09-04 02:00:00
C00245,Nikhil Joshi,nikhil.joshi245@example.com,+91-9000000245,SOUTH,PREMIUM,2025-10-09 18:00:00,2026-02-15 18:00:00
C00246,Aditya Rao,aditya.rao246@example.com,+91-9000000246,SOUTH,STANDARD,2026-04-18 14:00:00,2026-07-21 14:00:00
C00247,Nikhil Reddy,nikhil.reddy247@example.com,+91-9000000247,NORTH,CORPORATE,2025-04-03 19:00:00,2025-07-10 19:00:00
C00248,Priya Nair,priya.nair248@example.com,+91-9000000248,SOUTH,PREMIUM,2026-07-22 23:00:00,2026-12-15 23:00:00
C00249,Rohan Verma,rohan.verma249@example.com,+91-9000000249,WEST,STANDARD,2026-09-12 15:00:00,2026-09-27 15:00:00
C00250,Priya Reddy,priya.reddy250@example.com,+91-9000000250,SOUTH,CORPORATE,2025-12-18 22:00:00,2026-06-01 22:00:00
C00251,Rahul Sharma,rahul.sharma251@example.com,+91-9000000251,EAST,PREMIUM,2025-09-11 22:00:00,2026-01-23 22:00:00
C00252,Kavya Nair,kavya.nair252@example.com,+91-9000000252,NORTH,PREMIUM,2025-06-12 11:00:00,2025-09-19 11:00:00
C00253,Meera Joshi,meera.joshi253@example.com,+91-9000000253,NORTH,STANDARD,2025-12-13 21:00:00,2026-05-23 21:00:00
C00254,Ananya Reddy,ananya.reddy254@example.com,+91-9000000254,WEST,CORPORATE,2025-12-04 03:00:00,2026-03-12 03:00:00
C00255,Nikhil Rao,nikhil.rao255@example.com,+91-9000000255,NORTH,STANDARD,2026-09-10 04:00:00,2027-02-06 04:00:00
C00256,Sai Kapoor,sai.kapoor256@example.com,+91-9000000256,NORTH,STANDARD,2025-12-25 09:00:00,2026-05-26 09:00:00
C00257,Aditya Rao,aditya.rao257@example.com,+91-9000000257,NORTH,STANDARD,2026-07-27 12:00:00,2027-01-14 12:00:00
C00258,Kavya Reddy,kavya.reddy258@example.com,+91-9000000258,NORTH,STANDARD,2026-03-10 16:00:00,2026-06-10 16:00:00
C00259,Nikhil Patel,nikhil.patel259@example.com,+91-9000000259,EAST,STANDARD,2025-08-08 10:00:00,2025-10-04 10:00:00
C00260,Sai Patel,sai.patel260@example.com,+91-9000000260,SOUTH,CORPORATE,2025-03-21 09:00:00,2025-08-06 09:00:00
C00261,Kavya Sharma,kavya.sharma261@example.com,+91-9000000261,SOUTH,CORPORATE,2025-12-11 19:00:00,2026-03-17 19:00:00
C00262,Sai Patel,sai.patel262@example.com,+91-9000000262,NORTH,STANDARD,2025-07-05 22:00:00,2025-10-25 22:00:00
C00263,Vivaan Singh,vivaan.singh263@example.com,+91-9000000263,WEST,PREMIUM,2026-01-09 21:00:00,2026-06-14 21:00:00
C00264,Nikhil Joshi,nikhil.joshi264@example.com,+91-9000000264,WEST,STANDARD,2026-04-05 07:00:00,2026-06-23 07:00:00
C00265,Sneha Kapoor,sneha.kapoor265@example.com,+91-9000000265,NORTH,PREMIUM,2025-07-18 11:00:00,2025-11-13 11:00:00
C00266,Nikhil Joshi,nikhil.joshi266@example.com,+91-9000000266,WEST,PREMIUM,2026-01-27 16:00:00,2026-03-09 16:00:00
C00267,Rohan Joshi,rohan.joshi267@example.com,+91-9000000267,WEST,STANDARD,2026-09-12 04:00:00,2027-02-23 04:00:00
C00268,Sneha Chowdhury,sneha.chowdhury268@example.com,+91-9000000268,SOUTH,CORPORATE,2026-01-16 17:00:00,2026-05-28 17:00:00
C00269,Arjun Rao,arjun.rao269@example.com,+91-9000000269,WEST,PREMIUM,2025-03-27 05:00:00,2025-08-05 05:00:00
C00270,Sai Chowdhury,sai.chowdhury270@example.com,+91-9000000270,WEST,PREMIUM,2026-03-24 02:00:00,2026-06-21 02:00:00
C00271,Aarav Singh,aarav.singh271@example.com,+91-9000000271,WEST,PREMIUM,2025-02-24 12:00:00,2025-04-25 12:00:00
C00272,Ishita Reddy,ishita.reddy272@example.com,+91-9000000272,SOUTH,PREMIUM,2026-01-19 07:00:00,2026-02-13 07:00:00
C00273,Ananya Joshi,ananya.joshi273@example.com,+91-9000000273,SOUTH,PREMIUM,2025-05-30 04:00:00,2025-09-27 04:00:00
C00274,Sai Joshi,sai.joshi274@example.com,+91-9000000274,NORTH,STANDARD,2026-04-26 14:00:00,2026-05-16 14:00:00
C00275,Aarav Rao,aarav.rao275@example.com,+91-9000000275,WEST,CORPORATE,2025-08-09 04:00:00,2026-01-11 04:00:00
C00276,Kavya Singh,kavya.singh276@example.com,+91-9000000276,WEST,PREMIUM,2025-04-24 09:00:00,2025-05-25 09:00:00
C00277,Vivaan Kumar,vivaan.kumar277@example.com,+91-9000000277,NORTH,PREMIUM,2026-03-06 20:00:00,2026-03-22 20:00:00
C00278,Arjun Chowdhury,arjun.chowdhury278@example.com,+91-9000000278,WEST,STANDARD,2026-05-27 19:00:00,2026-11-04 19:00:00
C00279,Kavya Nair,kavya.nair279@example.com,+91-9000000279,SOUTH,PREMIUM,2025-09-05 22:00:00,2025-12-23 22:00:00
C00280,Aarav Nair,aarav.nair280@example.com,+91-9000000280,NORTH,PREMIUM,2025-12-28 07:00:00,2026-02-13 07:00:00
C00281,Aditya Iyer,aditya.iyer281@example.com,+91-9000000281,WEST,CORPORATE,2026-01-05 02:00:00,2026-05-14 02:00:00
C00282,Kavya Iyer,kavya.iyer282@example.com,+91-9000000282,EAST,STANDARD,2025-01-21 12:00:00,2025-07-02 12:00:00
C00283,Ishita Verma,ishita.verma283@example.com,+91-9000000283,SOUTH,PREMIUM,2025-09-17 23:00:00,2025-10-04 23:00:00
C00284,Diya Kumar,diya.kumar284@example.com,+91-9000000284,NORTH,STANDARD,2025-04-17 18:00:00,2025-04-28 18:00:00
C00285,Diya Iyer,diya.iyer285@example.com,+91-9000000285,SOUTH,CORPORATE,2025-12-13 20:00:00,2026-04-10 20:00:00
C00286,Sneha Das,sneha.das286@example.com,+91-9000000286,SOUTH,CORPORATE,2025-07-06 04:00:00,2025-10-31 04:00:00
C00287,Vivaan Rao,vivaan.rao287@example.com,+91-9000000287,WEST,STANDARD,2025-07-26 01:00:00,2025-10-14 01:00:00
C00288,Nikhil Iyer,nikhil.iyer288@example.com,+91-9000000288,EAST,PREMIUM,2026-02-12 17:00:00,2026-02-21 17:00:00
C00289,Rohan Rao,rohan.rao289@example.com,+91-9000000289,NORTH,PREMIUM,2026-01-01 01:00:00,2026-02-01 01:00:00
C00290,Diya Singh,diya.singh290@example.com,+91-9000000290,EAST,PREMIUM,2026-02-14 23:00:00,2026-05-11 23:00:00
C00291,Rahul Gupta,rahul.gupta291@example.com,+91-9000000291,WEST,PREMIUM,2026-05-25 11:00:00,2026-06-15 11:00:00
C00292,Meera Reddy,meera.reddy292@example.com,+91-9000000292,SOUTH,CORPORATE,2026-03-17 19:00:00,2026-05-31 19:00:00
C00293,Ananya Reddy,ananya.reddy293@example.com,+91-9000000293,WEST,PREMIUM,2025-03-23 10:00:00,2025-07-15 10:00:00
C00294,Neha Mehta,neha.mehta294@example.com,+91-9000000294,EAST,PREMIUM,2026-03-13 05:00:00,2026-07-05 05:00:00
C00295,Vivaan Mehta,vivaan.mehta295@example.com,+91-9000000295,NORTH,PREMIUM,2025-12-28 19:00:00,2026-06-09 19:00:00
C00296,Vivaan Reddy,vivaan.reddy296@example.com,+91-9000000296,WEST,CORPORATE,2026-02-20 11:00:00,2026-08-12 11:00:00
C00297,Rahul Sharma,rahul.sharma297@example.com,+91-9000000297,EAST,STANDARD,2025-05-27 19:00:00,2025-06-28 19:00:00
C00298,Aditya Kumar,aditya.kumar298@example.com,+91-9000000298,NORTH,CORPORATE,2026-01-11 11:00:00,2026-01-19 11:00:00
C00299,Neha Patel,neha.patel299@example.com,+91-9000000299,NORTH,PREMIUM,2026-04-06 11:00:00,2026-04-25 11:00:00
C00300,Pooja Patel,pooja.patel300@example.com,+91-9000000300,NORTH,PREMIUM,2026-06-27 11:00:00,2026-12-10 11:00:00
C00301,Vikram Kumar,vikram.kumar301@example.com,+91-9000000301,SOUTH,PREMIUM,2025-04-27 00:00:00,2025-09-06 00:00:00
C00302,Ishita Kapoor,ishita.kapoor302@example.com,+91-9000000302,WEST,PREMIUM,2026-07-30 03:00:00,2027-01-26 03:00:00
C00303,Priya Kumar,priya.kumar303@example.com,+91-9000000303,EAST,STANDARD,2025-10-20 22:00:00,2025-11-20 22:00:00
C00304,Sai Chowdhury,sai.chowdhury304@example.com,+91-9000000304,SOUTH,CORPORATE,2025-03-17 14:00:00,2025-07-08 14:00:00
C00305,Aditya Joshi,aditya.joshi305@example.com,+91-9000000305,NORTH,CORPORATE,2025-11-24 21:00:00,2025-12-10 21:00:00
C00306,Aisha Iyer,aisha.iyer306@example.com,+91-9000000306,SOUTH,CORPORATE,2025-10-25 09:00:00,2026-04-22 09:00:00
C00307,Rahul Joshi,rahul.joshi307@example.com,+91-9000000307,WEST,STANDARD,2026-01-06 16:00:00,2026-02-26 16:00:00
C00308,Sai Kumar,sai.kumar308@example.com,+91-9000000308,NORTH,CORPORATE,2026-05-21 00:00:00,2026-10-14 00:00:00
C00309,Diya Gupta,diya.gupta309@example.com,+91-9000000309,NORTH,STANDARD,2026-07-19 04:00:00,2026-08-04 04:00:00
C00310,Nikhil Singh,nikhil.singh310@example.com,+91-9000000310,NORTH,PREMIUM,2026-05-06 16:00:00,2026-09-30 16:00:00
C00311,Aditya Patel,aditya.patel311@example.com,+91-9000000311,SOUTH,PREMIUM,2025-11-21 20:00:00,2026-03-20 20:00:00
C00312,Kavya Verma,kavya.verma312@example.com,+91-9000000312,NORTH,STANDARD,2025-05-12 17:00:00,2025-06-14 17:00:00
C00313,Meera Iyer,meera.iyer313@example.com,+91-9000000313,WEST,STANDARD,2025-02-26 03:00:00,2025-05-14 03:00:00
C00314,Rahul Patel,rahul.patel314@example.com,+91-9000000314,WEST,PREMIUM,2025-11-27 22:00:00,2026-04-08 22:00:00
C00315,Nikhil Chowdhury,nikhil.chowdhury315@example.com,+91-9000000315,WEST,CORPORATE,2025-03-22 08:00:00,2025-08-10 08:00:00
C00316,Vikram Patel,vikram.patel316@example.com,+91-9000000316,WEST,STANDARD,2025-11-07 19:00:00,2026-03-15 19:00:00
C00317,Rahul Nair,rahul.nair317@example.com,+91-9000000317,SOUTH,CORPORATE,2026-08-18 04:00:00,2027-01-24 04:00:00
C00318,Neha Verma,neha.verma318@example.com,+91-9000000318,SOUTH,STANDARD,2026-08-01 01:00:00,2026-08-12 01:00:00
C00319,Pooja Rao,pooja.rao319@example.com,+91-9000000319,NORTH,CORPORATE,2025-08-04 18:00:00,2026-01-14 18:00:00
C00320,Aarav Gupta,aarav.gupta320@example.com,+91-9000000320,WEST,PREMIUM,2026-07-13 09:00:00,2026-09-13 09:00:00
C00321,Ishita Rao,ishita.rao321@example.com,+91-9000000321,SOUTH,STANDARD,2026-04-10 02:00:00,2026-07-31 02:00:00
C00322,Meera Gupta,meera.gupta322@example.com,+91-9000000322,NORTH,CORPORATE,2026-04-21 06:00:00,2026-05-27 06:00:00
C00323,Ananya Chowdhury,ananya.chowdhury323@example.com,+91-9000000323,NORTH,PREMIUM,2025-11-23 23:00:00,2025-12-26 23:00:00
C00324,Diya Iyer,diya.iyer324@example.com,+91-9000000324,NORTH,STANDARD,2026-07-30 03:00:00,2026-11-26 03:00:00
C00325,Arjun Rao,arjun.rao325@example.com,+91-9000000325,SOUTH,STANDARD,2026-04-06 07:00:00,2026-04-18 07:00:00
C00326,Nikhil Singh,nikhil.singh326@example.com,+91-9000000326,SOUTH,PREMIUM,2026-03-05 07:00:00,2026-07-30 07:00:00
C00327,Ananya Kumar,ananya.kumar327@example.com,+91-9000000327,WEST,PREMIUM,2025-06-13 15:00:00,2025-10-18 15:00:00
C00328,Nikhil Gupta,nikhil.gupta328@example.com,+91-9000000328,NORTH,CORPORATE,2025-01-24 02:00:00,2025-05-21 02:00:00
C00329,Kiran Kumar,kiran.kumar329@example.com,+91-9000000329,SOUTH,STANDARD,2026-08-21 11:00:00,2026-11-01 11:00:00
C00330,Sneha Nair,sneha.nair330@example.com,+91-9000000330,WEST,STANDARD,2026-04-27 09:00:00,2026-05-24 09:00:00
C00331,Meera Patel,meera.patel331@example.com,+91-9000000331,NORTH,PREMIUM,2025-09-28 23:00:00,2025-12-30 23:00:00
C00332,Vivaan Singh,vivaan.singh332@example.com,+91-9000000332,WEST,STANDARD,2025-02-22 18:00:00,2025-05-25 18:00:00
C00333,Aisha Rao,aisha.rao333@example.com,+91-9000000333,WEST,PREMIUM,2025-03-17 12:00:00,2025-08-04 12:00:00
C00334,Vikram Chowdhury,vikram.chowdhury334@example.com,+91-9000000334,SOUTH,PREMIUM,2025-05-02 04:00:00,2025-08-05 04:00:00
C00335,Ananya Iyer,ananya.iyer335@example.com,+91-9000000335,WEST,CORPORATE,2026-01-10 04:00:00,2026-05-20 04:00:00
C00336,Ishita Iyer,ishita.iyer336@example.com,+91-9000000336,SOUTH,STANDARD,2025-02-11 01:00:00,2025-05-07 01:00:00
C00337,Sneha Iyer,sneha.iyer337@example.com,+91-9000000337,NORTH,CORPORATE,2026-04-13 04:00:00,2026-05-18 04:00:00
C00338,Ananya Kapoor,ananya.kapoor338@example.com,+91-9000000338,NORTH,CORPORATE,2025-11-23 05:00:00,2026-02-07 05:00:00
C00339,Pooja Verma,pooja.verma339@example.com,+91-9000000339,WEST,PREMIUM,2026-06-04 16:00:00,2026-10-26 16:00:00
C00340,Nikhil Gupta,nikhil.gupta340@example.com,+91-9000000340,NORTH,CORPORATE,2025-01-18 11:00:00,2025-02-15 11:00:00
C00341,Meera Nair,meera.nair341@example.com,+91-9000000341,SOUTH,CORPORATE,2025-11-12 23:00:00,2026-03-13 23:00:00
C00342,Vikram Das,vikram.das342@example.com,+91-9000000342,WEST,CORPORATE,2026-08-16 18:00:00,2026-08-29 18:00:00
C00343,Pooja Gupta,pooja.gupta343@example.com,+91-9000000343,NORTH,PREMIUM,2025-06-24 16:00:00,2025-07-31 16:00:00
C00344,Kiran Sharma,kiran.sharma344@example.com,+91-9000000344,SOUTH,STANDARD,2026-08-10 22:00:00,2026-08-14 22:00:00
C00345,Priya Verma,priya.verma345@example.com,+91-9000000345,NORTH,CORPORATE,2026-03-05 04:00:00,2026-04-26 04:00:00
C00346,Meera Iyer,meera.iyer346@example.com,+91-9000000346,SOUTH,CORPORATE,2026-04-28 23:00:00,2026-06-02 23:00:00
C00347,Kavya Kumar,kavya.kumar347@example.com,+91-9000000347,EAST,CORPORATE,2026-07-29 10:00:00,2026-11-02 10:00:00
C00348,Ananya Patel,ananya.patel348@example.com,+91-9000000348,NORTH,CORPORATE,2026-04-16 17:00:00,2026-07-15 17:00:00
C00349,Vikram Nair,vikram.nair349@example.com,+91-9000000349,WEST,PREMIUM,2026-05-11 06:00:00,2026-09-30 06:00:00
C00350,Nikhil Kumar,nikhil.kumar350@example.com,+91-9000000350,WEST,CORPORATE,2025-11-01 09:00:00,2026-04-30 09:00:00
C00351,Sneha Verma,sneha.verma351@example.com,+91-9000000351,WEST,CORPORATE,2026-05-07 11:00:00,2026-07-16 11:00:00
C00352,Nikhil Reddy,nikhil.reddy352@example.com,+91-9000000352,WEST,PREMIUM,2026-08-11 21:00:00,2026-11-20 21:00:00
C00353,Diya Joshi,diya.joshi353@example.com,+91-9000000353,SOUTH,PREMIUM,2025-05-30 09:00:00,2025-06-19 09:00:00
C00354,Diya Kapoor,diya.kapoor354@example.com,+91-9000000354,WEST,CORPORATE,2026-03-29 20:00:00,2026-07-29 20:00:00
C00355,Rohan Kumar,rohan.kumar355@example.com,+91-9000000355,WEST,CORPORATE,2026-07-06 08:00:00,2026-09-13 08:00:00
C00356,Sai Reddy,sai.reddy356@example.com,+91-9000000356,WEST,STANDARD,2026-08-24 07:00:00,2027-02-11 07:00:00
C00357,Kavya Kumar,kavya.kumar357@example.com,+91-9000000357,SOUTH,PREMIUM,2025-08-27 01:00:00,2025-11-19 01:00:00
C00358,Sneha Reddy,sneha.reddy358@example.com,+91-9000000358,WEST,STANDARD,2025-05-21 00:00:00,2025-09-02 00:00:00
C00359,Sneha Gupta,sneha.gupta359@example.com,+91-9000000359,NORTH,PREMIUM,2025-07-24 09:00:00,2026-01-05 09:00:00
C00360,Vivaan Kapoor,vivaan.kapoor360@example.com,+91-9000000360,NORTH,STANDARD,2025-04-02 20:00:00,2025-08-16 20:00:00
C00361,Vivaan Kapoor,vivaan.kapoor361@example.com,+91-9000000361,SOUTH,STANDARD,2025-06-29 13:00:00,2025-10-08 13:00:00
C00362,Sneha Patel,sneha.patel362@example.com,+91-9000000362,SOUTH,PREMIUM,2025-10-24 01:00:00,2026-03-18 01:00:00
C00363,Neha Reddy,neha.reddy363@example.com,+91-9000000363,EAST,CORPORATE,2025-12-10 09:00:00,2026-04-28 09:00:00
C00364,Kavya Gupta,kavya.gupta364@example.com,+91-9000000364,EAST,PREMIUM,2025-05-18 16:00:00,2025-07-06 16:00:00
C00365,Arjun Verma,arjun.verma365@example.com,+91-9000000365,EAST,CORPORATE,2025-06-16 23:00:00,2025-08-20 23:00:00
C00366,Rahul Sharma,rahul.sharma366@example.com,+91-9000000366,NORTH,CORPORATE,2025-12-12 09:00:00,2026-01-30 09:00:00
C00367,Rahul Nair,rahul.nair367@example.com,+91-9000000367,WEST,PREMIUM,2026-02-20 13:00:00,2026-03-14 13:00:00
C00368,Ishita Das,ishita.das368@example.com,+91-9000000368,SOUTH,PREMIUM,2025-04-08 05:00:00,2025-06-29 05:00:00
C00369,Kiran Sharma,kiran.sharma369@example.com,+91-9000000369,WEST,PREMIUM,2025-09-25 12:00:00,2025-12-02 12:00:00
C00370,Ananya Rao,ananya.rao370@example.com,+91-9000000370,NORTH,STANDARD,2026-08-20 23:00:00,2026-10-25 23:00:00
C00371,Diya Mehta,diya.mehta371@example.com,+91-9000000371,SOUTH,PREMIUM,2025-08-30 01:00:00,2025-11-16 01:00:00
C00372,Rahul Singh,rahul.singh372@example.com,+91-9000000372,WEST,CORPORATE,2026-05-30 22:00:00,2026-06-29 22:00:00
C00373,Nikhil Verma,nikhil.verma373@example.com,+91-9000000373,SOUTH,PREMIUM,2025-08-15 07:00:00,2025-09-23 07:00:00
C00374,Priya Mehta,priya.mehta374@example.com,+91-9000000374,NORTH,CORPORATE,2026-09-13 11:00:00,2027-01-31 11:00:00
C00375,Sneha Joshi,sneha.joshi375@example.com,+91-9000000375,WEST,STANDARD,2026-07-05 21:00:00,2026-12-26 21:00:00
C00376,Neha Chowdhury,neha.chowdhury376@example.com,+91-9000000376,EAST,CORPORATE,2025-03-25 16:00:00,2025-09-21 16:00:00
C00377,Diya Reddy,diya.reddy377@example.com,+91-9000000377,SOUTH,CORPORATE,2026-08-01 03:00:00,2026-12-08 03:00:00
C00378,Rohan Nair,rohan.nair378@example.com,+91-9000000378,SOUTH,PREMIUM,2026-07-04 04:00:00,2026-11-14 04:00:00
C00379,Priya Reddy,priya.reddy379@example.com,+91-9000000379,NORTH,PREMIUM,2025-07-30 22:00:00,2025-08-22 22:00:00
C00380,Kavya Gupta,kavya.gupta380@example.com,+91-9000000380,SOUTH,CORPORATE,2025-02-26 14:00:00,2025-06-12 14:00:00
C00381,Priya Nair,priya.nair381@example.com,+91-9000000381,EAST,CORPORATE,2025-03-01 17:00:00,2025-05-18 17:00:00
C00382,Aarav Singh,aarav.singh382@example.com,+91-9000000382,WEST,CORPORATE,2025-09-18 00:00:00,2025-10-06 00:00:00
C00383,Vivaan Singh,vivaan.singh383@example.com,+91-9000000383,SOUTH,CORPORATE,2025-12-19 22:00:00,2026-01-03 22:00:00
C00384,Aditya Kapoor,aditya.kapoor384@example.com,+91-9000000384,WEST,PREMIUM,2026-04-29 01:00:00,2026-06-14 01:00:00
C00385,Sai Joshi,sai.joshi385@example.com,+91-9000000385,NORTH,PREMIUM,2026-03-07 11:00:00,2026-06-11 11:00:00
C00386,Ishita Reddy,ishita.reddy386@example.com,+91-9000000386,NORTH,STANDARD,2026-07-07 04:00:00,2026-08-21 04:00:00
C00387,Aisha Singh,aisha.singh387@example.com,+91-9000000387,WEST,STANDARD,2026-06-26 04:00:00,2026-07-01 04:00:00
C00388,Nikhil Gupta,nikhil.gupta388@example.com,+91-9000000388,WEST,PREMIUM,2026-07-12 13:00:00,2026-09-08 13:00:00
C00389,Kiran Gupta,kiran.gupta389@example.com,+91-9000000389,WEST,STANDARD,2025-12-21 04:00:00,2026-01-18 04:00:00
C00390,Vivaan Joshi,vivaan.joshi390@example.com,+91-9000000390,SOUTH,STANDARD,2026-03-06 19:00:00,2026-04-27 19:00:00
C00391,Aditya Reddy,aditya.reddy391@example.com,+91-9000000391,EAST,CORPORATE,2026-09-01 01:00:00,2027-02-20 01:00:00
C00392,Vivaan Kumar,vivaan.kumar392@example.com,+91-9000000392,EAST,STANDARD,2025-02-15 12:00:00,2025-07-03 12:00:00
C00393,Rohan Joshi,rohan.joshi393@example.com,+91-9000000393,WEST,PREMIUM,2025-02-27 04:00:00,2025-04-27 04:00:00
C00394,Pooja Verma,pooja.verma394@example.com,+91-9000000394,NORTH,STANDARD,2026-08-15 19:00:00,2026-10-31 19:00:00
C00395,Sai Das,sai.das395@example.com,+91-9000000395,NORTH,PREMIUM,2026-06-18 07:00:00,2026-08-27 07:00:00
C00396,Vivaan Iyer,vivaan.iyer396@example.com,+91-9000000396,SOUTH,CORPORATE,2026-08-29 23:00:00,2027-02-18 23:00:00
C00397,Meera Iyer,meera.iyer397@example.com,+91-9000000397,NORTH,CORPORATE,2026-05-23 01:00:00,2026-11-10 01:00:00
C00398,Ishita Joshi,ishita.joshi398@example.com,+91-9000000398,NORTH,PREMIUM,2026-06-22 10:00:00,2026-07-30 10:00:00
C00399,Nikhil Singh,nikhil.singh399@example.com,+91-9000000399,EAST,STANDARD,2025-07-08 17:00:00,2025-09-03 17:00:00
C00400,Nikhil Chowdhury,nikhil.chowdhury400@example.com,+91-9000000400,SOUTH,CORPORATE,2025-05-28 14:00:00,2025-09-10 14:00:00
C00401,Meera Iyer,meera.iyer401@example.com,+91-9000000401,NORTH,STANDARD,2026-06-27 04:00:00,2026-08-31 04:00:00
C00402,Rohan Verma,rohan.verma402@example.com,+91-9000000402,NORTH,STANDARD,2025-03-22 14:00:00,2025-08-06 14:00:00
C00403,Rohan Sharma,rohan.sharma403@example.com,+91-9000000403,NORTH,CORPORATE,2025-10-02 12:00:00,2025-10-12 12:00:00
C00404,Aditya Kumar,aditya.kumar404@example.com,+91-9000000404,WEST,STANDARD,2026-08-25 23:00:00,2026-12-25 23:00:00
C00405,Rohan Chowdhury,rohan.chowdhury405@example.com,+91-9000000405,SOUTH,STANDARD,2025-12-07 09:00:00,2026-01-24 09:00:00
C00406,Arjun Mehta,arjun.mehta406@example.com,+91-9000000406,NORTH,CORPORATE,2026-05-06 07:00:00,2026-06-27 07:00:00
C00407,Ishita Kapoor,ishita.kapoor407@example.com,+91-9000000407,NORTH,PREMIUM,2025-09-03 17:00:00,2025-12-09 17:00:00
C00408,Priya Iyer,priya.iyer408@example.com,+91-9000000408,WEST,PREMIUM,2026-01-03 09:00:00,2026-05-14 09:00:00
C00409,Sneha Gupta,sneha.gupta409@example.com,+91-9000000409,EAST,PREMIUM,2025-04-11 23:00:00,2025-06-02 23:00:00
C00410,Diya Verma,diya.verma410@example.com,+91-9000000410,NORTH,STANDARD,2026-02-28 01:00:00,2026-04-06 01:00:00
C00411,Aarav Rao,aarav.rao411@example.com,+91-9000000411,NORTH,CORPORATE,2026-07-21 18:00:00,2026-11-04 18:00:00
C00412,Nikhil Patel,nikhil.patel412@example.com,+91-9000000412,WEST,PREMIUM,2025-07-20 10:00:00,2025-12-12 10:00:00
C00413,Kiran Gupta,kiran.gupta413@example.com,+91-9000000413,NORTH,PREMIUM,2026-07-18 20:00:00,2026-11-20 20:00:00
C00414,Sneha Gupta,sneha.gupta414@example.com,+91-9000000414,NORTH,STANDARD,2025-06-22 23:00:00,2025-07-27 23:00:00
C00415,Aisha Gupta,aisha.gupta415@example.com,+91-9000000415,SOUTH,CORPORATE,2025-07-08 17:00:00,2025-07-16 17:00:00
C00416,Aditya Chowdhury,aditya.chowdhury416@example.com,+91-9000000416,NORTH,STANDARD,2025-02-19 00:00:00,2025-07-30 00:00:00
C00417,Kiran Reddy,kiran.reddy417@example.com,+91-9000000417,WEST,CORPORATE,2025-06-04 00:00:00,2025-09-28 00:00:00
C00418,Diya Sharma,diya.sharma418@example.com,+91-9000000418,EAST,STANDARD,2026-05-10 21:00:00,2026-05-11 21:00:00
C00419,Aisha Iyer,aisha.iyer419@example.com,+91-9000000419,SOUTH,CORPORATE,2026-02-26 00:00:00,2026-05-07 00:00:00
C00420,Aisha Rao,aisha.rao420@example.com,+91-9000000420,NORTH,STANDARD,2025-01-18 16:00:00,2025-02-14 16:00:00
C00421,Arjun Iyer,arjun.iyer421@example.com,+91-9000000421,WEST,CORPORATE,2025-06-02 07:00:00,2025-10-14 07:00:00
C00422,Vikram Chowdhury,vikram.chowdhury422@example.com,+91-9000000422,NORTH,STANDARD,2025-12-29 08:00:00,2026-04-03 08:00:00
C00423,Ishita Gupta,ishita.gupta423@example.com,+91-9000000423,WEST,PREMIUM,2026-08-02 07:00:00,2027-01-24 07:00:00
C00424,Aditya Das,aditya.das424@example.com,+91-9000000424,NORTH,PREMIUM,2025-02-02 02:00:00,2025-05-09 02:00:00
C00425,Aisha Gupta,aisha.gupta425@example.com,+91-9000000425,SOUTH,CORPORATE,2025-02-27 20:00:00,2025-04-11 20:00:00
C00426,Aditya Gupta,aditya.gupta426@example.com,+91-9000000426,NORTH,CORPORATE,2026-03-21 20:00:00,2026-04-14 20:00:00
C00427,Kavya Kapoor,kavya.kapoor427@example.com,+91-9000000427,WEST,CORPORATE,2025-02-13 07:00:00,2025-07-08 07:00:00
C00428,Sneha Rao,sneha.rao428@example.com,+91-9000000428,WEST,CORPORATE,2025-02-17 02:00:00,2025-07-11 02:00:00
C00429,Vivaan Patel,vivaan.patel429@example.com,+91-9000000429,WEST,CORPORATE,2025-11-19 00:00:00,2025-12-25 00:00:00
C00430,Ishita Kapoor,ishita.kapoor430@example.com,+91-9000000430,SOUTH,CORPORATE,2025-03-20 09:00:00,2025-05-20 09:00:00
C00431,Pooja Chowdhury,pooja.chowdhury431@example.com,+91-9000000431,WEST,PREMIUM,2026-02-03 21:00:00,2026-05-12 21:00:00
C00432,Sai Joshi,sai.joshi432@example.com,+91-9000000432,NORTH,STANDARD,2025-03-22 16:00:00,2025-04-16 16:00:00
C00433,Meera Kumar,meera.kumar433@example.com,+91-9000000433,NORTH,CORPORATE,2025-03-19 10:00:00,2025-08-18 10:00:00
C00434,Ishita Joshi,ishita.joshi434@example.com,+91-9000000434,WEST,PREMIUM,2025-12-01 00:00:00,2026-04-05 00:00:00
C00435,Kiran Verma,kiran.verma435@example.com,+91-9000000435,NORTH,STANDARD,2026-07-21 12:00:00,2027-01-11 12:00:00
C00436,Pooja Das,pooja.das436@example.com,+91-9000000436,NORTH,PREMIUM,2026-01-25 02:00:00,2026-03-29 02:00:00
C00437,Aditya Reddy,aditya.reddy437@example.com,+91-9000000437,NORTH,CORPORATE,2025-10-02 04:00:00,2026-03-13 04:00:00
C00438,Sai Mehta,sai.mehta438@example.com,+91-9000000438,NORTH,STANDARD,2026-02-03 10:00:00,2026-02-26 10:00:00
C00439,Aarav Rao,aarav.rao439@example.com,+91-9000000439,WEST,STANDARD,2026-04-01 11:00:00,2026-05-04 11:00:00
C00440,Aditya Patel,aditya.patel440@example.com,+91-9000000440,WEST,CORPORATE,2026-03-18 14:00:00,2026-07-27 14:00:00
C00441,Meera Reddy,meera.reddy441@example.com,+91-9000000441,NORTH,CORPORATE,2025-01-27 02:00:00,2025-02-19 02:00:00
C00442,Neha Nair,neha.nair442@example.com,+91-9000000442,SOUTH,PREMIUM,2025-11-29 12:00:00,2026-03-14 12:00:00
C00443,Ishita Joshi,ishita.joshi443@example.com,+91-9000000443,WEST,STANDARD,2025-03-28 23:00:00,2025-08-21 23:00:00
C00444,Kavya Patel,kavya.patel444@example.com,+91-9000000444,SOUTH,PREMIUM,2026-01-25 05:00:00,2026-04-12 05:00:00
C00445,Vikram Gupta,vikram.gupta445@example.com,+91-9000000445,SOUTH,PREMIUM,2025-05-30 02:00:00,2025-08-08 02:00:00
C00446,Meera Rao,meera.rao446@example.com,+91-9000000446,NORTH,PREMIUM,2026-05-11 02:00:00,2026-07-13 02:00:00
C00447,Sneha Nair,sneha.nair447@example.com,+91-9000000447,SOUTH,STANDARD,2025-07-20 14:00:00,2025-10-05 14:00:00
C00448,Aarav Singh,aarav.singh448@example.com,+91-9000000448,NORTH,PREMIUM,2025-12-07 19:00:00,2026-03-29 19:00:00
C00449,Ananya Singh,ananya.singh449@example.com,+91-9000000449,WEST,PREMIUM,2026-09-01 04:00:00,2027-02-02 04:00:00
C00450,Rohan Gupta,rohan.gupta450@example.com,+91-9000000450,NORTH,PREMIUM,2025-11-18 05:00:00,2026-01-31 05:00:00
C00451,Sneha Nair,sneha.nair451@example.com,+91-9000000451,NORTH,PREMIUM,2025-09-06 10:00:00,2025-12-15 10:00:00
C00452,Diya Reddy,diya.reddy452@example.com,+91-9000000452,NORTH,CORPORATE,2026-08-01 06:00:00,2026-09-16 06:00:00
C00453,Aisha Sharma,aisha.sharma453@example.com,+91-9000000453,WEST,PREMIUM,2026-04-18 22:00:00,2026-07-01 22:00:00
C00454,Aditya Chowdhury,aditya.chowdhury454@example.com,+91-9000000454,EAST,STANDARD,2026-02-23 21:00:00,2026-08-04 21:00:00
C00455,Nikhil Kumar,nikhil.kumar455@example.com,+91-9000000455,SOUTH,CORPORATE,2025-09-16 21:00:00,2026-01-02 21:00:00
C00456,Ishita Reddy,ishita.reddy456@example.com,+91-9000000456,EAST,CORPORATE,2026-04-05 19:00:00,2026-07-16 19:00:00
C00457,Aisha Iyer,aisha.iyer457@example.com,+91-9000000457,SOUTH,PREMIUM,2026-03-05 17:00:00,2026-08-31 17:00:00
C00458,Aisha Nair,aisha.nair458@example.com,+91-9000000458,WEST,CORPORATE,2025-03-29 03:00:00,2025-09-15 03:00:00
C00459,Diya Patel,diya.patel459@example.com,+91-9000000459,NORTH,PREMIUM,2025-02-15 18:00:00,2025-06-05 18:00:00
C00460,Arjun Sharma,arjun.sharma460@example.com,+91-9000000460,WEST,CORPORATE,2025-04-11 08:00:00,2025-08-21 08:00:00
C00461,Aisha Nair,aisha.nair461@example.com,+91-9000000461,EAST,PREMIUM,2026-08-13 07:00:00,2026-11-21 07:00:00
C00462,Priya Joshi,priya.joshi462@example.com,+91-9000000462,WEST,STANDARD,2026-08-26 22:00:00,2026-11-22 22:00:00
C00463,Aarav Gupta,aarav.gupta463@example.com,+91-9000000463,NORTH,STANDARD,2025-04-18 09:00:00,2025-05-17 09:00:00
C00464,Sai Verma,sai.verma464@example.com,+91-9000000464,EAST,STANDARD,2025-11-16 10:00:00,2026-03-29 10:00:00
C00465,Sneha Verma,sneha.verma465@example.com,+91-9000000465,EAST,CORPORATE,2026-05-03 03:00:00,2026-10-28 03:00:00
C00466,Priya Verma,priya.verma466@example.com,+91-9000000466,SOUTH,CORPORATE,2025-03-10 09:00:00,2025-04-08 09:00:00
C00467,Aarav Chowdhury,aarav.chowdhury467@example.com,+91-9000000467,SOUTH,CORPORATE,2025-12-18 20:00:00,2026-01-29 20:00:00
C00468,Kiran Iyer,kiran.iyer468@example.com,+91-9000000468,SOUTH,PREMIUM,2025-06-28 17:00:00,2025-11-18 17:00:00
C00469,Meera Gupta,meera.gupta469@example.com,+91-9000000469,SOUTH,STANDARD,2025-08-26 12:00:00,2026-02-05 12:00:00
C00470,Meera Singh,meera.singh470@example.com,+91-9000000470,NORTH,STANDARD,2025-01-30 23:00:00,2025-05-25 23:00:00
C00471,Pooja Singh,pooja.singh471@example.com,+91-9000000471,WEST,STANDARD,2026-02-03 00:00:00,2026-04-15 00:00:00
C00472,Aditya Nair,aditya.nair472@example.com,+91-9000000472,SOUTH,PREMIUM,2025-04-15 17:00:00,2025-07-07 17:00:00
C00473,Rohan Gupta,rohan.gupta473@example.com,+91-9000000473,EAST,CORPORATE,2025-04-27 08:00:00,2025-10-07 08:00:00
C00474,Ananya Nair,ananya.nair474@example.com,+91-9000000474,NORTH,CORPORATE,2026-02-02 19:00:00,2026-03-03 19:00:00
C00475,Diya Verma,diya.verma475@example.com,+91-9000000475,SOUTH,CORPORATE,2026-04-14 19:00:00,2026-10-11 19:00:00
C00476,Nikhil Kapoor,nikhil.kapoor476@example.com,+91-9000000476,SOUTH,PREMIUM,2026-08-28 02:00:00,2026-09-27 02:00:00
C00477,Kiran Rao,kiran.rao477@example.com,+91-9000000477,NORTH,CORPORATE,2025-04-30 05:00:00,2025-06-05 05:00:00
C00478,Kavya Singh,kavya.singh478@example.com,+91-9000000478,SOUTH,CORPORATE,2026-03-05 19:00:00,2026-06-11 19:00:00
C00479,Meera Patel,meera.patel479@example.com,+91-9000000479,WEST,CORPORATE,2026-05-14 20:00:00,2026-10-26 20:00:00
C00480,Rahul Iyer,rahul.iyer480@example.com,+91-9000000480,WEST,STANDARD,2025-06-20 15:00:00,2025-08-06 15:00:00
C00481,Ananya Chowdhury,ananya.chowdhury481@example.com,+91-9000000481,SOUTH,PREMIUM,2026-04-07 19:00:00,2026-04-09 19:00:00
C00482,Sneha Patel,sneha.patel482@example.com,+91-9000000482,WEST,CORPORATE,2025-07-19 12:00:00,2026-01-02 12:00:00
C00483,Sneha Singh,sneha.singh483@example.com,+91-9000000483,EAST,PREMIUM,2026-05-19 13:00:00,2026-06-30 13:00:00
C00484,Aditya Nair,aditya.nair484@example.com,+91-9000000484,WEST,STANDARD,2025-02-01 07:00:00,2025-04-12 07:00:00
C00485,Kiran Iyer,kiran.iyer485@example.com,+91-9000000485,EAST,CORPORATE,2025-10-23 05:00:00,2026-02-26 05:00:00
C00486,Aisha Iyer,aisha.iyer486@example.com,+91-9000000486,SOUTH,PREMIUM,2025-04-26 18:00:00,2025-09-12 18:00:00
C00487,Diya Iyer,diya.iyer487@example.com,+91-9000000487,EAST,CORPORATE,2025-02-12 23:00:00,2025-04-08 23:00:00
C00488,Meera Reddy,meera.reddy488@example.com,+91-9000000488,SOUTH,PREMIUM,2025-09-11 09:00:00,2025-11-17 09:00:00
C00489,Diya Chowdhury,diya.chowdhury489@example.com,+91-9000000489,SOUTH,STANDARD,2025-03-31 14:00:00,2025-05-23 14:00:00
C00490,Pooja Mehta,pooja.mehta490@example.com,+91-9000000490,NORTH,CORPORATE,2025-12-26 22:00:00,2026-04-14 22:00:00
C00491,Rahul Nair,rahul.nair491@example.com,+91-9000000491,WEST,STANDARD,2025-05-23 06:00:00,2025-10-15 06:00:00
C00492,Diya Iyer,diya.iyer492@example.com,+91-9000000492,WEST,STANDARD,2025-10-15 19:00:00,2026-01-05 19:00:00
C00493,Nikhil Rao,nikhil.rao493@example.com,+91-9000000493,WEST,CORPORATE,2026-08-10 08:00:00,2026-09-03 08:00:00
C00494,Sai Joshi,sai.joshi494@example.com,+91-9000000494,WEST,CORPORATE,2026-02-26 01:00:00,2026-03-30 01:00:00
C00495,Sai Kumar,sai.kumar495@example.com,+91-9000000495,NORTH,STANDARD,2025-05-30 22:00:00,2025-11-19 22:00:00
C00496,Ishita Gupta,ishita.gupta496@example.com,+91-9000000496,WEST,CORPORATE,2025-05-26 18:00:00,2025-09-09 18:00:00
C00497,Ishita Gupta,ishita.gupta497@example.com,+91-9000000497,SOUTH,PREMIUM,2025-03-19 20:00:00,2025-07-28 20:00:00
C00498,Vikram Mehta,vikram.mehta498@example.com,+91-9000000498,EAST,PREMIUM,2026-01-13 14:00:00,2026-06-10 14:00:00
C00499,Aarav Chowdhury,aarav.chowdhury499@example.com,+91-9000000499,EAST,CORPORATE,2025-04-06 23:00:00,2025-09-23 23:00:00
C00500,Diya Chowdhury,diya.chowdhury500@example.com,+91-9000000500,NORTH,STANDARD,2025-03-06 17:00:00,2025-06-23 17:00:00
C00501,Rohan Gupta,rohan.gupta501@example.com,+91-9000000501,WEST,PREMIUM,2025-10-02 10:00:00,2026-02-19 10:00:00
C00502,Pooja Patel,pooja.patel502@example.com,+91-9000000502,NORTH,CORPORATE,2026-08-03 15:00:00,2026-08-15 15:00:00
C00503,Vivaan Reddy,vivaan.reddy503@example.com,+91-9000000503,SOUTH,STANDARD,2026-04-16 00:00:00,2026-08-06 00:00:00
C00504,Priya Sharma,priya.sharma504@example.com,+91-9000000504,SOUTH,CORPORATE,2026-03-15 06:00:00,2026-05-31 06:00:00
C00505,Rahul Chowdhury,rahul.chowdhury505@example.com,+91-9000000505,NORTH,PREMIUM,2025-10-08 02:00:00,2025-10-29 02:00:00
C00506,Diya Das,diya.das506@example.com,+91-9000000506,NORTH,CORPORATE,2025-06-19 01:00:00,2025-09-05 01:00:00
C00507,Kiran Singh,kiran.singh507@example.com,+91-9000000507,SOUTH,STANDARD,2025-04-04 22:00:00,2025-05-28 22:00:00
C00508,Sneha Reddy,sneha.reddy508@example.com,+91-9000000508,WEST,CORPORATE,2025-05-16 18:00:00,2025-11-06 18:00:00
C00509,Priya Sharma,priya.sharma509@example.com,+91-9000000509,NORTH,STANDARD,2025-01-09 22:00:00,2025-04-27 22:00:00
C00510,Sai Gupta,sai.gupta510@example.com,+91-9000000510,NORTH,STANDARD,2025-03-14 07:00:00,2025-04-09 07:00:00
C00511,Arjun Verma,arjun.verma511@example.com,+91-9000000511,SOUTH,PREMIUM,2026-01-12 09:00:00,2026-02-15 09:00:00
C00512,Sai Reddy,sai.reddy512@example.com,+91-9000000512,SOUTH,CORPORATE,2026-06-28 18:00:00,2026-12-11 18:00:00
C00513,Rahul Gupta,rahul.gupta513@example.com,+91-9000000513,WEST,CORPORATE,2025-12-26 23:00:00,2026-02-02 23:00:00
C00514,Meera Nair,meera.nair514@example.com,+91-9000000514,SOUTH,STANDARD,2026-03-30 06:00:00,2026-05-04 06:00:00
C00515,Arjun Nair,arjun.nair515@example.com,+91-9000000515,NORTH,PREMIUM,2026-01-29 11:00:00,2026-03-05 11:00:00
C00516,Kiran Rao,kiran.rao516@example.com,+91-9000000516,WEST,CORPORATE,2025-03-28 07:00:00,2025-08-28 07:00:00
C00517,Neha Rao,neha.rao517@example.com,+91-9000000517,WEST,STANDARD,2025-01-28 21:00:00,2025-06-09 21:00:00
C00518,Neha Iyer,neha.iyer518@example.com,+91-9000000518,NORTH,PREMIUM,2025-07-13 23:00:00,2025-12-25 23:00:00
C00519,Vivaan Joshi,vivaan.joshi519@example.com,+91-9000000519,NORTH,STANDARD,2025-09-03 15:00:00,2025-11-03 15:00:00
C00520,Sneha Das,sneha.das520@example.com,+91-9000000520,WEST,STANDARD,2026-09-01 02:00:00,2026-12-02 02:00:00
C00521,Ananya Patel,ananya.patel521@example.com,+91-9000000521,NORTH,PREMIUM,2026-02-01 18:00:00,2026-06-20 18:00:00
C00522,Rahul Joshi,rahul.joshi522@example.com,+91-9000000522,SOUTH,CORPORATE,2026-04-28 02:00:00,2026-05-15 02:00:00
C00523,Aarav Rao,aarav.rao523@example.com,+91-9000000523,SOUTH,PREMIUM,2025-08-09 01:00:00,2025-12-16 01:00:00
C00524,Nikhil Das,nikhil.das524@example.com,+91-9000000524,NORTH,CORPORATE,2026-05-29 13:00:00,2026-09-08 13:00:00
C00525,Aditya Das,aditya.das525@example.com,+91-9000000525,NORTH,STANDARD,2026-07-04 17:00:00,2026-09-13 17:00:00
C00526,Aditya Rao,aditya.rao526@example.com,+91-9000000526,WEST,STANDARD,2025-03-22 16:00:00,2025-08-06 16:00:00
C00527,Ananya Singh,ananya.singh527@example.com,+91-9000000527,SOUTH,PREMIUM,2026-08-24 20:00:00,2027-02-18 20:00:00
C00528,Meera Mehta,meera.mehta528@example.com,+91-9000000528,WEST,STANDARD,2025-09-02 01:00:00,2025-12-22 01:00:00
C00529,Arjun Gupta,arjun.gupta529@example.com,+91-9000000529,SOUTH,STANDARD,2025-02-26 09:00:00,2025-03-01 09:00:00
C00530,Sai Mehta,sai.mehta530@example.com,+91-9000000530,EAST,PREMIUM,2025-01-12 05:00:00,2025-05-25 05:00:00
C00531,Kavya Joshi,kavya.joshi531@example.com,+91-9000000531,NORTH,STANDARD,2025-09-23 05:00:00,2025-11-30 05:00:00
C00532,Arjun Joshi,arjun.joshi532@example.com,+91-9000000532,NORTH,PREMIUM,2025-01-31 10:00:00,2025-06-14 10:00:00
C00533,Aditya Rao,aditya.rao533@example.com,+91-9000000533,SOUTH,PREMIUM,2026-08-14 20:00:00,2026-12-08 20:00:00
C00534,Kavya Verma,kavya.verma534@example.com,+91-9000000534,NORTH,STANDARD,2025-02-26 15:00:00,2025-05-31 15:00:00
C00535,Rahul Rao,rahul.rao535@example.com,+91-9000000535,SOUTH,STANDARD,2025-04-16 18:00:00,2025-08-24 18:00:00
C00536,Aarav Sharma,aarav.sharma536@example.com,+91-9000000536,SOUTH,PREMIUM,2025-01-13 07:00:00,2025-04-16 07:00:00
C00537,Ishita Kapoor,ishita.kapoor537@example.com,+91-9000000537,SOUTH,CORPORATE,2025-06-03 05:00:00,2025-11-17 05:00:00
C00538,Meera Kumar,meera.kumar538@example.com,+91-9000000538,NORTH,CORPORATE,2025-11-26 07:00:00,2026-02-15 07:00:00
C00539,Vikram Chowdhury,vikram.chowdhury539@example.com,+91-9000000539,NORTH,STANDARD,2025-03-21 18:00:00,2025-07-27 18:00:00
C00540,Vivaan Patel,vivaan.patel540@example.com,+91-9000000540,SOUTH,PREMIUM,2025-08-17 16:00:00,2025-09-03 16:00:00
C00541,Priya Chowdhury,priya.chowdhury541@example.com,+91-9000000541,NORTH,STANDARD,2025-10-17 09:00:00,2026-03-07 09:00:00
C00542,Priya Sharma,priya.sharma542@example.com,+91-9000000542,WEST,CORPORATE,2026-01-13 06:00:00,2026-03-31 06:00:00
C00543,Neha Kumar,neha.kumar543@example.com,+91-9000000543,NORTH,PREMIUM,2026-04-21 11:00:00,2026-06-10 11:00:00
C00544,Aisha Joshi,aisha.joshi544@example.com,+91-9000000544,SOUTH,PREMIUM,2025-09-09 04:00:00,2025-09-15 04:00:00
C00545,Kiran Iyer,kiran.iyer545@example.com,+91-9000000545,SOUTH,PREMIUM,2025-12-21 20:00:00,2025-12-21 20:00:00
C00546,Ishita Chowdhury,ishita.chowdhury546@example.com,+91-9000000546,WEST,CORPORATE,2025-11-11 03:00:00,2026-01-10 03:00:00
C00547,Meera Gupta,meera.gupta547@example.com,+91-9000000547,WEST,STANDARD,2025-03-03 04:00:00,2025-03-14 04:00:00
C00548,Kiran Kapoor,kiran.kapoor548@example.com,+91-9000000548,NORTH,PREMIUM,2026-06-17 13:00:00,2026-07-08 13:00:00
C00549,Pooja Reddy,pooja.reddy549@example.com,+91-9000000549,NORTH,STANDARD,2026-06-02 04:00:00,2026-10-31 04:00:00
C00550,Pooja Sharma,pooja.sharma550@example.com,+91-9000000550,SOUTH,STANDARD,2026-03-22 21:00:00,2026-06-04 21:00:00
C00551,Vikram Chowdhury,vikram.chowdhury551@example.com,+91-9000000551,NORTH,PREMIUM,2025-11-19 12:00:00,2026-03-14 12:00:00
C00552,Vikram Kumar,vikram.kumar552@example.com,+91-9000000552,SOUTH,CORPORATE,2025-03-18 06:00:00,2025-04-14 06:00:00
C00553,Sai Reddy,sai.reddy553@example.com,+91-9000000553,EAST,PREMIUM,2025-06-18 14:00:00,2025-09-30 14:00:00
C00554,Arjun Iyer,arjun.iyer554@example.com,+91-9000000554,EAST,PREMIUM,2026-01-02 06:00:00,2026-04-30 06:00:00
C00555,Vikram Chowdhury,vikram.chowdhury555@example.com,+91-9000000555,SOUTH,CORPORATE,2025-05-03 02:00:00,2025-07-19 02:00:00
C00556,Neha Sharma,neha.sharma556@example.com,+91-9000000556,SOUTH,STANDARD,2025-08-09 10:00:00,2025-10-11 10:00:00
C00557,Diya Singh,diya.singh557@example.com,+91-9000000557,WEST,PREMIUM,2026-06-10 01:00:00,2026-07-24 01:00:00
C00558,Aarav Singh,aarav.singh558@example.com,+91-9000000558,WEST,STANDARD,2026-04-09 17:00:00,2026-05-03 17:00:00
C00559,Priya Reddy,priya.reddy559@example.com,+91-9000000559,SOUTH,STANDARD,2025-05-24 03:00:00,2025-07-19 03:00:00
C00560,Sai Kumar,sai.kumar560@example.com,+91-9000000560,SOUTH,CORPORATE,2026-02-15 11:00:00,2026-07-15 11:00:00
C00561,Vikram Kapoor,vikram.kapoor561@example.com,+91-9000000561,SOUTH,STANDARD,2025-03-18 00:00:00,2025-08-30 00:00:00
C00562,Priya Joshi,priya.joshi562@example.com,+91-9000000562,NORTH,STANDARD,2025-05-12 02:00:00,2025-05-22 02:00:00
C00563,Priya Sharma,priya.sharma563@example.com,+91-9000000563,NORTH,CORPORATE,2025-06-22 18:00:00,2025-10-01 18:00:00
C00564,Sneha Sharma,sneha.sharma564@example.com,+91-9000000564,NORTH,STANDARD,2026-01-27 21:00:00,2026-04-27 21:00:00
C00565,Rohan Kapoor,rohan.kapoor565@example.com,+91-9000000565,WEST,PREMIUM,2025-07-11 08:00:00,2025-08-18 08:00:00
C00566,Vivaan Nair,vivaan.nair566@example.com,+91-9000000566,WEST,PREMIUM,2025-09-09 20:00:00,2025-12-23 20:00:00
C00567,Aisha Gupta,aisha.gupta567@example.com,+91-9000000567,WEST,PREMIUM,2025-03-04 02:00:00,2025-04-08 02:00:00
C00568,Meera Kumar,meera.kumar568@example.com,+91-9000000568,WEST,STANDARD,2026-06-23 07:00:00,2026-09-28 07:00:00
C00569,Diya Gupta,diya.gupta569@example.com,+91-9000000569,NORTH,CORPORATE,2026-07-12 15:00:00,2026-11-17 15:00:00
C00570,Ananya Singh,ananya.singh570@example.com,+91-9000000570,SOUTH,PREMIUM,2025-10-04 05:00:00,2026-03-05 05:00:00
C00571,Kiran Sharma,kiran.sharma571@example.com,+91-9000000571,EAST,CORPORATE,2025-10-15 01:00:00,2026-01-14 01:00:00
C00572,Pooja Kumar,pooja.kumar572@example.com,+91-9000000572,WEST,CORPORATE,2025-06-13 03:00:00,2025-08-13 03:00:00
C00573,Vikram Iyer,vikram.iyer573@example.com,+91-9000000573,NORTH,PREMIUM,2025-02-27 07:00:00,2025-05-28 07:00:00
C00574,Rahul Patel,rahul.patel574@example.com,+91-9000000574,NORTH,CORPORATE,2025-08-31 18:00:00,2026-02-25 18:00:00
C00575,Diya Kapoor,diya.kapoor575@example.com,+91-9000000575,NORTH,CORPORATE,2026-08-29 00:00:00,2027-01-20 00:00:00
C00576,Sai Nair,sai.nair576@example.com,+91-9000000576,WEST,PREMIUM,2025-07-12 15:00:00,2025-08-25 15:00:00
C00577,Sneha Sharma,sneha.sharma577@example.com,+91-9000000577,WEST,CORPORATE,2025-04-03 01:00:00,2025-05-29 01:00:00
C00578,Aarav Iyer,aarav.iyer578@example.com,+91-9000000578,NORTH,CORPORATE,2026-05-05 00:00:00,2026-06-25 00:00:00
C00579,Sai Verma,sai.verma579@example.com,+91-9000000579,SOUTH,STANDARD,2025-07-01 10:00:00,2025-08-07 10:00:00
C00580,Pooja Mehta,pooja.mehta580@example.com,+91-9000000580,WEST,PREMIUM,2025-05-26 03:00:00,2025-06-13 03:00:00
C00581,Diya Mehta,diya.mehta581@example.com,+91-9000000581,SOUTH,PREMIUM,2026-02-10 18:00:00,2026-04-28 18:00:00
C00582,Ananya Patel,ananya.patel582@example.com,+91-9000000582,NORTH,CORPORATE,2025-06-11 23:00:00,2025-10-13 23:00:00
C00583,Ananya Patel,ananya.patel583@example.com,+91-9000000583,NORTH,PREMIUM,2026-07-30 22:00:00,2026-09-25 22:00:00
C00584,Pooja Chowdhury,pooja.chowdhury584@example.com,+91-9000000584,WEST,CORPORATE,2025-06-29 12:00:00,2025-12-22 12:00:00
C00585,Nikhil Patel,nikhil.patel585@example.com,+91-9000000585,SOUTH,CORPORATE,2025-07-01 23:00:00,2025-11-24 23:00:00
C00586,Ishita Chowdhury,ishita.chowdhury586@example.com,+91-9000000586,SOUTH,CORPORATE,2026-08-05 01:00:00,2026-10-25 01:00:00
C00587,Neha Kumar,neha.kumar587@example.com,+91-9000000587,EAST,STANDARD,2026-08-03 03:00:00,2026-10-26 03:00:00
C00588,Aditya Kumar,aditya.kumar588@example.com,+91-9000000588,SOUTH,CORPORATE,2025-12-22 10:00:00,2026-01-13 10:00:00
C00589,Ananya Gupta,ananya.gupta589@example.com,+91-9000000589,WEST,STANDARD,2025-01-12 08:00:00,2025-07-08 08:00:00
C00590,Aditya Verma,aditya.verma590@example.com,+91-9000000590,SOUTH,STANDARD,2025-09-20 03:00:00,2025-12-27 03:00:00
C00591,Priya Mehta,priya.mehta591@example.com,+91-9000000591,NORTH,PREMIUM,2026-03-06 05:00:00,2026-06-10 05:00:00
C00592,Diya Iyer,diya.iyer592@example.com,+91-9000000592,EAST,CORPORATE,2026-01-20 03:00:00,2026-07-05 03:00:00
C00593,Kiran Patel,kiran.patel593@example.com,+91-9000000593,SOUTH,PREMIUM,2026-04-08 02:00:00,2026-04-13 02:00:00
C00594,Ananya Rao,ananya.rao594@example.com,+91-9000000594,NORTH,STANDARD,2025-04-18 02:00:00,2025-07-23 02:00:00
C00595,Rahul Mehta,rahul.mehta595@example.com,+91-9000000595,SOUTH,PREMIUM,2025-03-18 17:00:00,2025-08-17 17:00:00
C00596,Neha Kapoor,neha.kapoor596@example.com,+91-9000000596,SOUTH,PREMIUM,2026-05-10 22:00:00,2026-10-24 22:00:00
C00597,Rahul Nair,rahul.nair597@example.com,+91-9000000597,SOUTH,STANDARD,2026-03-21 05:00:00,2026-06-13 05:00:00
C00598,Rohan Kumar,rohan.kumar598@example.com,+91-9000000598,WEST,CORPORATE,2026-02-24 22:00:00,2026-07-12 22:00:00
C00599,Vikram Das,vikram.das599@example.com,+91-9000000599,WEST,STANDARD,2025-10-16 09:00:00,2025-10-28 09:00:00
C00600,Ishita Nair,ishita.nair600@example.com,+91-9000000600,SOUTH,STANDARD,2026-07-17 15:00:00,2026-10-17 15:00:00
C00601,Aarav Singh,aarav.singh601@example.com,+91-9000000601,NORTH,PREMIUM,2025-03-31 09:00:00,2025-05-21 09:00:00
C00602,Arjun Sharma,arjun.sharma602@example.com,+91-9000000602,WEST,STANDARD,2025-07-31 05:00:00,2025-11-29 05:00:00
C00603,Arjun Rao,arjun.rao603@example.com,+91-9000000603,EAST,CORPORATE,2026-02-12 15:00:00,2026-04-20 15:00:00
C00604,Aditya Das,aditya.das604@example.com,+91-9000000604,SOUTH,PREMIUM,2026-07-12 12:00:00,2026-10-17 12:00:00
C00605,Diya Patel,diya.patel605@example.com,+91-9000000605,WEST,PREMIUM,2026-04-02 01:00:00,2026-07-30 01:00:00
C00606,Vikram Kumar,vikram.kumar606@example.com,+91-9000000606,SOUTH,STANDARD,2025-10-03 18:00:00,2026-03-30 18:00:00
C00607,Arjun Reddy,arjun.reddy607@example.com,+91-9000000607,NORTH,CORPORATE,2025-12-19 17:00:00,2026-02-15 17:00:00
C00608,Aisha Sharma,aisha.sharma608@example.com,+91-9000000608,NORTH,CORPORATE,2026-02-01 16:00:00,2026-07-26 16:00:00
C00609,Sneha Nair,sneha.nair609@example.com,+91-9000000609,WEST,STANDARD,2025-08-30 15:00:00,2025-12-09 15:00:00
C00610,Vivaan Iyer,vivaan.iyer610@example.com,+91-9000000610,NORTH,CORPORATE,2026-08-08 16:00:00,2027-01-13 16:00:00
C00611,Sai Reddy,sai.reddy611@example.com,+91-9000000611,SOUTH,STANDARD,2026-04-05 05:00:00,2026-05-24 05:00:00
C00612,Sai Sharma,sai.sharma612@example.com,+91-9000000612,NORTH,STANDARD,2026-03-10 02:00:00,2026-08-17 02:00:00
C00613,Sai Chowdhury,sai.chowdhury613@example.com,+91-9000000613,NORTH,CORPORATE,2026-09-02 08:00:00,2026-09-19 08:00:00
C00614,Aditya Singh,aditya.singh614@example.com,+91-9000000614,WEST,PREMIUM,2026-07-24 12:00:00,2026-10-02 12:00:00
C00615,Kavya Gupta,kavya.gupta615@example.com,+91-9000000615,NORTH,CORPORATE,2025-01-13 22:00:00,2025-05-26 22:00:00
C00616,Meera Reddy,meera.reddy616@example.com,+91-9000000616,SOUTH,CORPORATE,2026-03-01 04:00:00,2026-07-29 04:00:00
C00617,Pooja Joshi,pooja.joshi617@example.com,+91-9000000617,NORTH,STANDARD,2025-04-13 03:00:00,2025-06-25 03:00:00
C00618,Aisha Kapoor,aisha.kapoor618@example.com,+91-9000000618,WEST,PREMIUM,2025-12-19 13:00:00,2026-06-04 13:00:00
C00619,Sneha Nair,sneha.nair619@example.com,+91-9000000619,SOUTH,PREMIUM,2026-04-30 01:00:00,2026-08-11 01:00:00
C00620,Sai Nair,sai.nair620@example.com,+91-9000000620,NORTH,PREMIUM,2026-02-16 01:00:00,2026-08-11 01:00:00
C00621,Kiran Sharma,kiran.sharma621@example.com,+91-9000000621,NORTH,STANDARD,2026-05-02 08:00:00,2026-07-27 08:00:00
C00622,Nikhil Rao,nikhil.rao622@example.com,+91-9000000622,SOUTH,STANDARD,2025-10-15 15:00:00,2025-11-18 15:00:00
C00623,Nikhil Mehta,nikhil.mehta623@example.com,+91-9000000623,WEST,CORPORATE,2026-03-30 10:00:00,2026-07-14 10:00:00
C00624,Neha Das,neha.das624@example.com,+91-9000000624,EAST,STANDARD,2025-04-02 06:00:00,2025-07-15 06:00:00
C00625,Sneha Joshi,sneha.joshi625@example.com,+91-9000000625,SOUTH,CORPORATE,2026-06-13 11:00:00,2026-07-23 11:00:00
C00626,Aditya Rao,aditya.rao626@example.com,+91-9000000626,SOUTH,CORPORATE,2026-06-03 12:00:00,2026-10-26 12:00:00
C00627,Aarav Patel,aarav.patel627@example.com,+91-9000000627,SOUTH,STANDARD,2025-07-17 06:00:00,2025-07-25 06:00:00
C00628,Priya Sharma,priya.sharma628@example.com,+91-9000000628,WEST,PREMIUM,2026-01-05 22:00:00,2026-04-09 22:00:00
C00629,Priya Iyer,priya.iyer629@example.com,+91-9000000629,SOUTH,CORPORATE,2026-02-11 20:00:00,2026-02-18 20:00:00
C00630,Kiran Verma,kiran.verma630@example.com,+91-9000000630,EAST,STANDARD,2026-05-16 19:00:00,2026-09-14 19:00:00
C00631,Pooja Iyer,pooja.iyer631@example.com,+91-9000000631,SOUTH,PREMIUM,2025-12-25 11:00:00,2026-06-19 11:00:00
C00632,Aditya Rao,aditya.rao632@example.com,+91-9000000632,SOUTH,STANDARD,2025-01-29 12:00:00,2025-06-24 12:00:00
C00633,Rohan Chowdhury,rohan.chowdhury633@example.com,+91-9000000633,WEST,CORPORATE,2025-08-15 20:00:00,2025-10-06 20:00:00
C00634,Vikram Das,vikram.das634@example.com,+91-9000000634,SOUTH,CORPORATE,2026-02-24 16:00:00,2026-02-26 16:00:00
C00635,Sneha Kapoor,sneha.kapoor635@example.com,+91-9000000635,SOUTH,CORPORATE,2025-05-16 20:00:00,2025-05-18 20:00:00
C00636,Kiran Rao,kiran.rao636@example.com,+91-9000000636,WEST,PREMIUM,2025-11-09 22:00:00,2026-02-13 22:00:00
C00637,Diya Gupta,diya.gupta637@example.com,+91-9000000637,EAST,PREMIUM,2025-09-16 06:00:00,2026-03-08 06:00:00
C00638,Kavya Chowdhury,kavya.chowdhury638@example.com,+91-9000000638,SOUTH,STANDARD,2026-02-11 18:00:00,2026-06-21 18:00:00
C00639,Diya Iyer,diya.iyer639@example.com,+91-9000000639,WEST,PREMIUM,2026-09-01 19:00:00,2027-02-23 19:00:00
C00640,Arjun Gupta,arjun.gupta640@example.com,+91-9000000640,WEST,CORPORATE,2025-03-07 10:00:00,2025-05-29 10:00:00
C00641,Vikram Rao,vikram.rao641@example.com,+91-9000000641,SOUTH,CORPORATE,2025-11-02 06:00:00,2026-01-02 06:00:00
C00642,Vivaan Joshi,vivaan.joshi642@example.com,+91-9000000642,NORTH,CORPORATE,2026-09-07 12:00:00,2026-10-12 12:00:00
C00643,Aarav Das,aarav.das643@example.com,+91-9000000643,WEST,PREMIUM,2026-05-25 09:00:00,2026-09-05 09:00:00
C00644,Ishita Mehta,ishita.mehta644@example.com,+91-9000000644,NORTH,STANDARD,2025-02-06 18:00:00,2025-05-04 18:00:00
C00645,Kiran Das,kiran.das645@example.com,+91-9000000645,EAST,CORPORATE,2026-07-02 20:00:00,2026-10-01 20:00:00
C00646,Kavya Rao,kavya.rao646@example.com,+91-9000000646,WEST,STANDARD,2025-06-24 21:00:00,2025-09-07 21:00:00
C00647,Arjun Gupta,arjun.gupta647@example.com,+91-9000000647,WEST,CORPORATE,2025-05-12 23:00:00,2025-10-02 23:00:00
C00648,Rahul Das,rahul.das648@example.com,+91-9000000648,SOUTH,STANDARD,2025-12-10 20:00:00,2026-03-10 20:00:00
C00649,Kiran Mehta,kiran.mehta649@example.com,+91-9000000649,NORTH,PREMIUM,2025-11-11 13:00:00,2026-01-16 13:00:00
C00650,Pooja Rao,pooja.rao650@example.com,+91-9000000650,EAST,STANDARD,2026-04-20 03:00:00,2026-09-29 03:00:00
C00651,Pooja Nair,pooja.nair651@example.com,+91-9000000651,WEST,CORPORATE,2025-03-14 15:00:00,2025-04-13 15:00:00
C00652,Ishita Iyer,ishita.iyer652@example.com,+91-9000000652,SOUTH,STANDARD,2025-11-02 13:00:00,2025-12-07 13:00:00
C00653,Rohan Verma,rohan.verma653@example.com,+91-9000000653,EAST,STANDARD,2026-02-24 18:00:00,2026-05-15 18:00:00
C00654,Rahul Joshi,rahul.joshi654@example.com,+91-9000000654,NORTH,CORPORATE,2025-03-24 15:00:00,2025-05-08 15:00:00
C00655,Ananya Das,ananya.das655@example.com,+91-9000000655,EAST,PREMIUM,2025-03-01 00:00:00,2025-04-23 00:00:00
C00656,Rahul Nair,rahul.nair656@example.com,+91-9000000656,SOUTH,STANDARD,2025-06-12 15:00:00,2025-11-16 15:00:00
C00657,Meera Das,meera.das657@example.com,+91-9000000657,NORTH,PREMIUM,2026-03-16 12:00:00,2026-06-22 12:00:00
C00658,Aarav Sharma,aarav.sharma658@example.com,+91-9000000658,NORTH,STANDARD,2026-07-01 06:00:00,2026-09-21 06:00:00
C00659,Kavya Kumar,kavya.kumar659@example.com,+91-9000000659,SOUTH,CORPORATE,2025-01-19 21:00:00,2025-03-23 21:00:00
C00660,Kiran Mehta,kiran.mehta660@example.com,+91-9000000660,SOUTH,STANDARD,2025-12-19 09:00:00,2026-03-27 09:00:00
C00661,Kavya Nair,kavya.nair661@example.com,+91-9000000661,SOUTH,STANDARD,2025-11-10 05:00:00,2026-01-25 05:00:00
C00662,Nikhil Gupta,nikhil.gupta662@example.com,+91-9000000662,WEST,PREMIUM,2026-06-17 19:00:00,2026-10-06 19:00:00
C00663,Sai Verma,sai.verma663@example.com,+91-9000000663,WEST,STANDARD,2026-05-17 11:00:00,2026-08-28 11:00:00
C00664,Aarav Kumar,aarav.kumar664@example.com,+91-9000000664,SOUTH,STANDARD,2025-08-18 23:00:00,2025-08-23 23:00:00
C00665,Pooja Iyer,pooja.iyer665@example.com,+91-9000000665,NORTH,CORPORATE,2025-06-23 03:00:00,2025-12-06 03:00:00
C00666,Vivaan Singh,vivaan.singh666@example.com,+91-9000000666,NORTH,STANDARD,2025-09-19 17:00:00,2026-02-18 17:00:00
C00667,Vivaan Das,vivaan.das667@example.com,+91-9000000667,SOUTH,STANDARD,2025-04-21 20:00:00,2025-10-14 20:00:00
C00668,Arjun Singh,arjun.singh668@example.com,+91-9000000668,SOUTH,CORPORATE,2026-03-31 12:00:00,2026-06-03 12:00:00
C00669,Sneha Mehta,sneha.mehta669@example.com,+91-9000000669,SOUTH,PREMIUM,2025-06-06 06:00:00,2025-09-21 06:00:00
C00670,Arjun Das,arjun.das670@example.com,+91-9000000670,NORTH,CORPORATE,2026-06-17 08:00:00,2026-12-13 08:00:00
C00671,Sai Singh,sai.singh671@example.com,+91-9000000671,NORTH,STANDARD,2025-04-18 16:00:00,2025-06-29 16:00:00
C00672,Arjun Joshi,arjun.joshi672@example.com,+91-9000000672,WEST,CORPORATE,2025-04-19 15:00:00,2025-06-09 15:00:00
C00673,Vikram Chowdhury,vikram.chowdhury673@example.com,+91-9000000673,NORTH,CORPORATE,2026-06-20 06:00:00,2026-10-02 06:00:00
C00674,Nikhil Patel,nikhil.patel674@example.com,+91-9000000674,EAST,STANDARD,2025-02-10 17:00:00,2025-08-05 17:00:00
C00675,Sneha Verma,sneha.verma675@example.com,+91-9000000675,SOUTH,CORPORATE,2025-08-29 00:00:00,2025-09-20 00:00:00
C00676,Arjun Chowdhury,arjun.chowdhury676@example.com,+91-9000000676,EAST,STANDARD,2026-08-11 21:00:00,2026-09-03 21:00:00
C00677,Kavya Reddy,kavya.reddy677@example.com,+91-9000000677,WEST,PREMIUM,2025-04-14 08:00:00,2025-06-28 08:00:00
C00678,Vikram Gupta,vikram.gupta678@example.com,+91-9000000678,SOUTH,STANDARD,2025-02-21 03:00:00,2025-05-06 03:00:00
C00679,Diya Joshi,diya.joshi679@example.com,+91-9000000679,SOUTH,STANDARD,2025-11-17 13:00:00,2025-11-28 13:00:00
C00680,Aarav Chowdhury,aarav.chowdhury680@example.com,+91-9000000680,SOUTH,PREMIUM,2025-05-22 21:00:00,2025-08-21 21:00:00
C00681,Priya Nair,priya.nair681@example.com,+91-9000000681,SOUTH,PREMIUM,2025-10-02 23:00:00,2025-12-28 23:00:00
C00682,Rahul Reddy,rahul.reddy682@example.com,+91-9000000682,EAST,PREMIUM,2026-02-15 12:00:00,2026-05-24 12:00:00
C00683,Sneha Joshi,sneha.joshi683@example.com,+91-9000000683,SOUTH,STANDARD,2026-03-08 20:00:00,2026-04-10 20:00:00
C00684,Vivaan Chowdhury,vivaan.chowdhury684@example.com,+91-9000000684,NORTH,CORPORATE,2025-06-13 03:00:00,2025-10-14 03:00:00
C00685,Pooja Das,pooja.das685@example.com,+91-9000000685,NORTH,PREMIUM,2026-03-25 05:00:00,2026-06-24 05:00:00
C00686,Neha Sharma,neha.sharma686@example.com,+91-9000000686,EAST,STANDARD,2025-05-14 15:00:00,2025-08-27 15:00:00
C00687,Priya Sharma,priya.sharma687@example.com,+91-9000000687,NORTH,STANDARD,2025-03-06 08:00:00,2025-09-02 08:00:00
C00688,Kavya Joshi,kavya.joshi688@example.com,+91-9000000688,NORTH,STANDARD,2026-08-14 23:00:00,2027-02-01 23:00:00
C00689,Ananya Iyer,ananya.iyer689@example.com,+91-9000000689,NORTH,STANDARD,2026-06-20 22:00:00,2026-10-08 22:00:00
C00690,Kiran Gupta,kiran.gupta690@example.com,+91-9000000690,NORTH,STANDARD,2025-12-21 21:00:00,2026-05-12 21:00:00
C00691,Neha Sharma,neha.sharma691@example.com,+91-9000000691,SOUTH,CORPORATE,2025-01-12 20:00:00,2025-05-12 20:00:00
C00692,Sneha Chowdhury,sneha.chowdhury692@example.com,+91-9000000692,EAST,PREMIUM,2025-06-19 02:00:00,2025-08-19 02:00:00
C00693,Ananya Rao,ananya.rao693@example.com,+91-9000000693,WEST,CORPORATE,2025-02-21 16:00:00,2025-08-04 16:00:00
C00694,Ishita Singh,ishita.singh694@example.com,+91-9000000694,EAST,PREMIUM,2025-08-29 02:00:00,2026-01-22 02:00:00
C00695,Priya Reddy,priya.reddy695@example.com,+91-9000000695,NORTH,STANDARD,2026-05-26 14:00:00,2026-09-30 14:00:00
C00696,Aarav Reddy,aarav.reddy696@example.com,+91-9000000696,SOUTH,CORPORATE,2026-02-18 13:00:00,2026-07-08 13:00:00
C00697,Aarav Chowdhury,aarav.chowdhury697@example.com,+91-9000000697,NORTH,CORPORATE,2025-04-04 19:00:00,2025-06-20 19:00:00
C00698,Kavya Iyer,kavya.iyer698@example.com,+91-9000000698,EAST,PREMIUM,2025-07-31 20:00:00,2025-11-01 20:00:00
C00699,Vivaan Chowdhury,vivaan.chowdhury699@example.com,+91-9000000699,NORTH,CORPORATE,2025-08-17 14:00:00,2026-01-22 14:00:00
C00700,Neha Gupta,neha.gupta700@example.com,+91-9000000700,EAST,STANDARD,2026-01-08 22:00:00,2026-02-01 22:00:00
C00701,Kiran Sharma,kiran.sharma701@example.com,+91-9000000701,WEST,CORPORATE,2025-12-16 11:00:00,2026-04-28 11:00:00
C00702,Diya Mehta,diya.mehta702@example.com,+91-9000000702,SOUTH,PREMIUM,2025-04-19 01:00:00,2025-05-24 01:00:00
C00703,Meera Reddy,meera.reddy703@example.com,+91-9000000703,WEST,STANDARD,2025-09-18 19:00:00,2025-10-18 19:00:00
C00704,Ishita Kumar,ishita.kumar704@example.com,+91-9000000704,NORTH,STANDARD,2026-04-14 06:00:00,2026-07-29 06:00:00
C00705,Vivaan Kapoor,vivaan.kapoor705@example.com,+91-9000000705,EAST,PREMIUM,2026-08-26 03:00:00,2027-02-10 03:00:00
C00706,Pooja Iyer,pooja.iyer706@example.com,+91-9000000706,SOUTH,CORPORATE,2025-05-18 15:00:00,2025-05-30 15:00:00
C00707,Aisha Kapoor,aisha.kapoor707@example.com,+91-9000000707,EAST,CORPORATE,2026-03-20 18:00:00,2026-05-04 18:00:00
C00708,Pooja Patel,pooja.patel708@example.com,+91-9000000708,NORTH,CORPORATE,2025-05-12 03:00:00,2025-10-12 03:00:00
C00709,Neha Kapoor,neha.kapoor709@example.com,+91-9000000709,NORTH,PREMIUM,2025-11-26 16:00:00,2026-04-30 16:00:00
C00710,Kiran Rao,kiran.rao710@example.com,+91-9000000710,WEST,PREMIUM,2026-02-12 10:00:00,2026-03-18 10:00:00
C00711,Sai Singh,sai.singh711@example.com,+91-9000000711,WEST,PREMIUM,2026-09-09 22:00:00,2027-03-07 22:00:00
C00712,Aisha Chowdhury,aisha.chowdhury712@example.com,+91-9000000712,WEST,CORPORATE,2025-11-18 22:00:00,2026-01-12 22:00:00
C00713,Rohan Kumar,rohan.kumar713@example.com,+91-9000000713,NORTH,CORPORATE,2025-10-25 21:00:00,2025-11-27 21:00:00
C00714,Rahul Iyer,rahul.iyer714@example.com,+91-9000000714,NORTH,CORPORATE,2026-07-10 22:00:00,2026-08-08 22:00:00
C00715,Diya Iyer,diya.iyer715@example.com,+91-9000000715,NORTH,CORPORATE,2026-05-07 18:00:00,2026-08-21 18:00:00
C00716,Aisha Rao,aisha.rao716@example.com,+91-9000000716,WEST,STANDARD,2026-03-09 00:00:00,2026-03-15 00:00:00
C00717,Ishita Patel,ishita.patel717@example.com,+91-9000000717,SOUTH,STANDARD,2025-02-24 21:00:00,2025-05-03 21:00:00
C00718,Rahul Rao,rahul.rao718@example.com,+91-9000000718,SOUTH,CORPORATE,2025-09-14 04:00:00,2025-11-28 04:00:00
C00719,Rohan Joshi,rohan.joshi719@example.com,+91-9000000719,NORTH,PREMIUM,2026-07-09 01:00:00,2026-08-04 01:00:00
C00720,Neha Chowdhury,neha.chowdhury720@example.com,+91-9000000720,WEST,PREMIUM,2026-07-30 07:00:00,2026-09-28 07:00:00
C00721,Kavya Joshi,kavya.joshi721@example.com,+91-9000000721,SOUTH,PREMIUM,2025-10-22 22:00:00,2026-01-29 22:00:00
C00722,Meera Joshi,meera.joshi722@example.com,+91-9000000722,SOUTH,STANDARD,2025-11-17 17:00:00,2026-01-20 17:00:00
C00723,Rohan Nair,rohan.nair723@example.com,+91-9000000723,NORTH,CORPORATE,2026-03-30 07:00:00,2026-08-16 07:00:00
C00724,Neha Kumar,neha.kumar724@example.com,+91-9000000724,EAST,STANDARD,2025-07-18 09:00:00,2026-01-08 09:00:00
C00725,Aditya Patel,aditya.patel725@example.com,+91-9000000725,WEST,STANDARD,2025-06-27 23:00:00,2025-10-01 23:00:00
C00726,Vivaan Singh,vivaan.singh726@example.com,+91-9000000726,WEST,STANDARD,2025-10-13 17:00:00,2025-11-23 17:00:00
C00727,Pooja Chowdhury,pooja.chowdhury727@example.com,+91-9000000727,NORTH,PREMIUM,2025-09-19 00:00:00,2025-10-28 00:00:00
C00728,Vivaan Patel,vivaan.patel728@example.com,+91-9000000728,SOUTH,CORPORATE,2025-11-27 19:00:00,2026-05-03 19:00:00
C00729,Nikhil Gupta,nikhil.gupta729@example.com,+91-9000000729,NORTH,STANDARD,2026-08-10 17:00:00,2026-10-30 17:00:00
C00730,Kavya Kumar,kavya.kumar730@example.com,+91-9000000730,SOUTH,CORPORATE,2025-07-08 16:00:00,2025-08-17 16:00:00
C00731,Meera Iyer,meera.iyer731@example.com,+91-9000000731,SOUTH,PREMIUM,2026-07-04 12:00:00,2026-08-29 12:00:00
C00732,Rohan Das,rohan.das732@example.com,+91-9000000732,NORTH,PREMIUM,2025-12-06 10:00:00,2026-01-30 10:00:00
C00733,Neha Iyer,neha.iyer733@example.com,+91-9000000733,SOUTH,STANDARD,2026-05-02 17:00:00,2026-10-20 17:00:00
C00734,Diya Gupta,diya.gupta734@example.com,+91-9000000734,NORTH,CORPORATE,2025-09-04 20:00:00,2025-11-05 20:00:00
C00735,Vivaan Das,vivaan.das735@example.com,+91-9000000735,SOUTH,PREMIUM,2025-11-25 12:00:00,2026-01-29 12:00:00
C00736,Aisha Mehta,aisha.mehta736@example.com,+91-9000000736,WEST,PREMIUM,2025-10-17 00:00:00,2026-02-25 00:00:00
C00737,Kavya Gupta,kavya.gupta737@example.com,+91-9000000737,WEST,CORPORATE,2026-05-14 01:00:00,2026-07-02 01:00:00
C00738,Ananya Iyer,ananya.iyer738@example.com,+91-9000000738,SOUTH,CORPORATE,2025-03-26 03:00:00,2025-08-09 03:00:00
C00739,Aarav Das,aarav.das739@example.com,+91-9000000739,WEST,CORPORATE,2025-03-09 06:00:00,2025-06-25 06:00:00
C00740,Arjun Kumar,arjun.kumar740@example.com,+91-9000000740,NORTH,CORPORATE,2026-07-05 22:00:00,2026-07-23 22:00:00
C00741,Sai Sharma,sai.sharma741@example.com,+91-9000000741,NORTH,STANDARD,2026-04-16 22:00:00,2026-05-08 22:00:00
C00742,Aditya Sharma,aditya.sharma742@example.com,+91-9000000742,WEST,STANDARD,2025-07-02 08:00:00,2025-11-26 08:00:00
C00743,Kiran Kapoor,kiran.kapoor743@example.com,+91-9000000743,NORTH,PREMIUM,2025-09-22 13:00:00,2026-03-02 13:00:00
C00744,Ishita Singh,ishita.singh744@example.com,+91-9000000744,NORTH,CORPORATE,2025-11-20 00:00:00,2025-12-20 00:00:00
C00745,Aisha Sharma,aisha.sharma745@example.com,+91-9000000745,NORTH,STANDARD,2025-03-06 23:00:00,2025-09-01 23:00:00
C00746,Aditya Verma,aditya.verma746@example.com,+91-9000000746,WEST,CORPORATE,2026-05-30 03:00:00,2026-08-15 03:00:00
C00747,Neha Reddy,neha.reddy747@example.com,+91-9000000747,NORTH,PREMIUM,2025-10-16 14:00:00,2026-04-03 14:00:00
C00748,Aarav Gupta,aarav.gupta748@example.com,+91-9000000748,WEST,STANDARD,2025-06-10 17:00:00,2025-09-18 17:00:00
C00749,Aisha Rao,aisha.rao749@example.com,+91-9000000749,NORTH,STANDARD,2025-05-28 09:00:00,2025-10-16 09:00:00
C00750,Aisha Patel,aisha.patel750@example.com,+91-9000000750,SOUTH,CORPORATE,2025-05-07 01:00:00,2025-10-06 01:00:00
C00751,Ishita Iyer,ishita.iyer751@example.com,+91-9000000751,WEST,STANDARD,2026-07-15 02:00:00,2026-10-11 02:00:00
C00752,Rohan Singh,rohan.singh752@example.com,+91-9000000752,SOUTH,STANDARD,2026-06-09 04:00:00,2026-08-04 04:00:00
C00753,Neha Chowdhury,neha.chowdhury753@example.com,+91-9000000753,SOUTH,STANDARD,2025-09-16 06:00:00,2026-03-06 06:00:00
C00754,Pooja Chowdhury,pooja.chowdhury754@example.com,+91-9000000754,EAST,CORPORATE,2025-02-25 17:00:00,2025-07-15 17:00:00
C00755,Aditya Rao,aditya.rao755@example.com,+91-9000000755,SOUTH,STANDARD,2025-03-10 08:00:00,2025-08-05 08:00:00
C00756,Sneha Verma,sneha.verma756@example.com,+91-9000000756,WEST,STANDARD,2026-01-01 04:00:00,2026-03-14 04:00:00
C00757,Neha Reddy,neha.reddy757@example.com,+91-9000000757,EAST,PREMIUM,2025-07-18 10:00:00,2025-10-10 10:00:00
C00758,Neha Das,neha.das758@example.com,+91-9000000758,NORTH,STANDARD,2025-11-10 22:00:00,2026-04-03 22:00:00
C00759,Pooja Verma,pooja.verma759@example.com,+91-9000000759,SOUTH,STANDARD,2025-11-20 13:00:00,2026-02-08 13:00:00
C00760,Kiran Joshi,kiran.joshi760@example.com,+91-9000000760,NORTH,PREMIUM,2025-08-15 22:00:00,2025-11-15 22:00:00
C00761,Sai Das,sai.das761@example.com,+91-9000000761,EAST,PREMIUM,2025-12-06 15:00:00,2026-03-07 15:00:00
C00762,Nikhil Gupta,nikhil.gupta762@example.com,+91-9000000762,SOUTH,CORPORATE,2026-07-19 03:00:00,2026-12-21 03:00:00
C00763,Aditya Chowdhury,aditya.chowdhury763@example.com,+91-9000000763,WEST,STANDARD,2025-10-15 04:00:00,2025-12-21 04:00:00
C00764,Aditya Mehta,aditya.mehta764@example.com,+91-9000000764,WEST,CORPORATE,2025-03-19 00:00:00,2025-03-26 00:00:00
C00765,Pooja Nair,pooja.nair765@example.com,+91-9000000765,WEST,STANDARD,2026-02-19 18:00:00,2026-07-10 18:00:00
C00766,Vikram Iyer,vikram.iyer766@example.com,+91-9000000766,SOUTH,PREMIUM,2026-07-07 15:00:00,2026-10-15 15:00:00
C00767,Kiran Kapoor,kiran.kapoor767@example.com,+91-9000000767,WEST,STANDARD,2026-08-27 23:00:00,2026-12-23 23:00:00
C00768,Kavya Iyer,kavya.iyer768@example.com,+91-9000000768,NORTH,CORPORATE,2025-04-03 12:00:00,2025-04-05 12:00:00
C00769,Kiran Chowdhury,kiran.chowdhury769@example.com,+91-9000000769,SOUTH,PREMIUM,2025-06-19 16:00:00,2025-07-29 16:00:00
C00770,Rahul Nair,rahul.nair770@example.com,+91-9000000770,SOUTH,CORPORATE,2026-08-03 21:00:00,2026-12-04 21:00:00
C00771,Diya Sharma,diya.sharma771@example.com,+91-9000000771,WEST,STANDARD,2025-08-13 15:00:00,2025-10-19 15:00:00
C00772,Diya Kumar,diya.kumar772@example.com,+91-9000000772,WEST,CORPORATE,2025-02-13 21:00:00,2025-05-16 21:00:00
C00773,Ishita Gupta,ishita.gupta773@example.com,+91-9000000773,SOUTH,CORPORATE,2026-04-11 01:00:00,2026-07-02 01:00:00
C00774,Arjun Mehta,arjun.mehta774@example.com,+91-9000000774,WEST,CORPORATE,2026-06-18 20:00:00,2026-08-24 20:00:00
C00775,Pooja Iyer,pooja.iyer775@example.com,+91-9000000775,NORTH,CORPORATE,2026-08-07 05:00:00,2026-11-11 05:00:00
C00776,Diya Nair,diya.nair776@example.com,+91-9000000776,WEST,PREMIUM,2025-03-21 16:00:00,2025-05-17 16:00:00
C00777,Kavya Singh,kavya.singh777@example.com,+91-9000000777,EAST,PREMIUM,2025-12-28 11:00:00,2026-05-31 11:00:00
C00778,Aarav Iyer,aarav.iyer778@example.com,+91-9000000778,SOUTH,STANDARD,2025-05-23 14:00:00,2025-06-11 14:00:00
C00779,Kavya Das,kavya.das779@example.com,+91-9000000779,SOUTH,STANDARD,2025-10-15 06:00:00,2025-11-24 06:00:00
C00780,Diya Nair,diya.nair780@example.com,+91-9000000780,WEST,PREMIUM,2025-05-02 21:00:00,2025-07-25 21:00:00
C00781,Arjun Gupta,arjun.gupta781@example.com,+91-9000000781,WEST,CORPORATE,2026-05-06 15:00:00,2026-06-16 15:00:00
C00782,Meera Sharma,meera.sharma782@example.com,+91-9000000782,SOUTH,CORPORATE,2025-09-07 01:00:00,2026-02-05 01:00:00
C00783,Rahul Patel,rahul.patel783@example.com,+91-9000000783,NORTH,STANDARD,2026-06-09 01:00:00,2026-06-23 01:00:00
C00784,Rahul Rao,rahul.rao784@example.com,+91-9000000784,NORTH,CORPORATE,2025-07-04 16:00:00,2025-11-25 16:00:00
C00785,Aarav Kapoor,aarav.kapoor785@example.com,+91-9000000785,WEST,PREMIUM,2025-10-18 02:00:00,2026-03-22 02:00:00
C00786,Sneha Chowdhury,sneha.chowdhury786@example.com,+91-9000000786,WEST,PREMIUM,2026-05-09 05:00:00,2026-10-09 05:00:00
C00787,Sai Joshi,sai.joshi787@example.com,+91-9000000787,NORTH,CORPORATE,2026-08-20 05:00:00,2026-12-28 05:00:00
C00788,Vikram Patel,vikram.patel788@example.com,+91-9000000788,NORTH,CORPORATE,2025-12-17 14:00:00,2026-01-03 14:00:00
C00789,Kiran Singh,kiran.singh789@example.com,+91-9000000789,SOUTH,STANDARD,2026-01-30 04:00:00,2026-03-22 04:00:00
C00790,Kavya Chowdhury,kavya.chowdhury790@example.com,+91-9000000790,NORTH,STANDARD,2026-06-01 21:00:00,2026-11-03 21:00:00
C00791,Arjun Patel,arjun.patel791@example.com,+91-9000000791,NORTH,STANDARD,2026-05-03 19:00:00,2026-09-16 19:00:00
C00792,Kavya Joshi,kavya.joshi792@example.com,+91-9000000792,EAST,CORPORATE,2025-05-01 02:00:00,2025-06-03 02:00:00
C00793,Neha Iyer,neha.iyer793@example.com,+91-9000000793,NORTH,CORPORATE,2025-01-02 21:00:00,2025-04-19 21:00:00
C00794,Diya Chowdhury,diya.chowdhury794@example.com,+91-9000000794,WEST,PREMIUM,2025-02-14 22:00:00,2025-04-13 22:00:00
C00795,Sneha Joshi,sneha.joshi795@example.com,+91-9000000795,NORTH,CORPORATE,2026-01-26 11:00:00,2026-07-23 11:00:00
C00796,Pooja Reddy,pooja.reddy796@example.com,+91-9000000796,WEST,PREMIUM,2026-03-12 04:00:00,2026-05-10 04:00:00
C00797,Aditya Rao,aditya.rao797@example.com,+91-9000000797,NORTH,PREMIUM,2026-09-05 17:00:00,2026-10-23 17:00:00
C00798,Aarav Mehta,aarav.mehta798@example.com,+91-9000000798,WEST,STANDARD,2025-01-08 18:00:00,2025-05-21 18:00:00
C00799,Aarav Singh,aarav.singh799@example.com,+91-9000000799,NORTH,PREMIUM,2025-07-30 22:00:00,2025-10-30 22:00:00
C00800,Arjun Patel,arjun.patel800@example.com,+91-9000000800,NORTH,PREMIUM,2026-03-13 20:00:00,2026-05-18 20:00:00
C00801,Aisha Singh,aisha.singh801@example.com,+91-9000000801,NORTH,PREMIUM,2026-08-02 11:00:00,2027-01-23 11:00:00
C00802,Ishita Joshi,ishita.joshi802@example.com,+91-9000000802,WEST,CORPORATE,2025-07-28 13:00:00,2025-11-28 13:00:00
C00803,Rahul Verma,rahul.verma803@example.com,+91-9000000803,EAST,PREMIUM,2026-07-27 17:00:00,2026-10-13 17:00:00
C00804,Pooja Verma,pooja.verma804@example.com,+91-9000000804,SOUTH,CORPORATE,2026-02-12 23:00:00,2026-03-14 23:00:00
C00805,Kiran Gupta,kiran.gupta805@example.com,+91-9000000805,WEST,CORPORATE,2025-06-15 03:00:00,2025-09-25 03:00:00
C00806,Ananya Joshi,ananya.joshi806@example.com,+91-9000000806,SOUTH,STANDARD,2026-07-18 19:00:00,2026-10-25 19:00:00
C00807,Aarav Joshi,aarav.joshi807@example.com,+91-9000000807,EAST,CORPORATE,2025-04-04 04:00:00,2025-07-24 04:00:00
C00808,Aditya Reddy,aditya.reddy808@example.com,+91-9000000808,NORTH,STANDARD,2025-09-27 07:00:00,2026-03-01 07:00:00
C00809,Vivaan Mehta,vivaan.mehta809@example.com,+91-9000000809,NORTH,CORPORATE,2026-01-29 12:00:00,2026-06-11 12:00:00
C00810,Nikhil Mehta,nikhil.mehta810@example.com,+91-9000000810,SOUTH,CORPORATE,2026-09-04 01:00:00,2027-01-08 01:00:00
C00811,Priya Sharma,priya.sharma811@example.com,+91-9000000811,WEST,PREMIUM,2025-07-26 21:00:00,2025-09-13 21:00:00
C00812,Vivaan Joshi,vivaan.joshi812@example.com,+91-9000000812,WEST,CORPORATE,2026-09-06 16:00:00,2026-11-04 16:00:00
C00813,Neha Patel,neha.patel813@example.com,+91-9000000813,WEST,CORPORATE,2025-02-06 11:00:00,2025-02-06 11:00:00
C00814,Rahul Reddy,rahul.reddy814@example.com,+91-9000000814,NORTH,CORPORATE,2025-10-10 12:00:00,2026-01-19 12:00:00
C00815,Ishita Nair,ishita.nair815@example.com,+91-9000000815,SOUTH,CORPORATE,2025-07-25 16:00:00,2026-01-21 16:00:00
C00816,Aditya Kapoor,aditya.kapoor816@example.com,+91-9000000816,WEST,CORPORATE,2025-04-03 17:00:00,2025-08-24 17:00:00
C00817,Pooja Verma,pooja.verma817@example.com,+91-9000000817,WEST,CORPORATE,2025-12-22 08:00:00,2026-02-09 08:00:00
C00818,Priya Kapoor,priya.kapoor818@example.com,+91-9000000818,SOUTH,PREMIUM,2026-02-18 18:00:00,2026-04-03 18:00:00
C00819,Meera Iyer,meera.iyer819@example.com,+91-9000000819,SOUTH,CORPORATE,2025-04-20 17:00:00,2025-07-04 17:00:00
C00820,Ananya Reddy,ananya.reddy820@example.com,+91-9000000820,WEST,CORPORATE,2026-06-10 08:00:00,2026-08-13 08:00:00
C00821,Priya Singh,priya.singh821@example.com,+91-9000000821,WEST,PREMIUM,2026-07-31 15:00:00,2026-11-25 15:00:00
C00822,Priya Kapoor,priya.kapoor822@example.com,+91-9000000822,EAST,STANDARD,2026-08-24 00:00:00,2026-10-29 00:00:00
C00823,Aditya Singh,aditya.singh823@example.com,+91-9000000823,WEST,PREMIUM,2025-08-14 21:00:00,2025-11-27 21:00:00
C00824,Diya Iyer,diya.iyer824@example.com,+91-9000000824,WEST,STANDARD,2026-07-03 00:00:00,2026-09-14 00:00:00
C00825,Aditya Singh,aditya.singh825@example.com,+91-9000000825,WEST,STANDARD,2025-12-17 02:00:00,2026-04-17 02:00:00
C00826,Ananya Verma,ananya.verma826@example.com,+91-9000000826,WEST,STANDARD,2025-08-12 18:00:00,2026-02-02 18:00:00
C00827,Rohan Gupta,rohan.gupta827@example.com,+91-9000000827,WEST,PREMIUM,2025-07-24 07:00:00,2025-09-14 07:00:00
C00828,Kiran Kumar,kiran.kumar828@example.com,+91-9000000828,NORTH,STANDARD,2025-09-13 19:00:00,2025-10-10 19:00:00
C00829,Arjun Kapoor,arjun.kapoor829@example.com,+91-9000000829,EAST,CORPORATE,2025-03-22 21:00:00,2025-03-23 21:00:00
C00830,Aisha Sharma,aisha.sharma830@example.com,+91-9000000830,NORTH,PREMIUM,2026-05-09 11:00:00,2026-09-12 11:00:00
C00831,Pooja Chowdhury,pooja.chowdhury831@example.com,+91-9000000831,SOUTH,CORPORATE,2025-10-09 15:00:00,2025-12-19 15:00:00
C00832,Ishita Kumar,ishita.kumar832@example.com,+91-9000000832,SOUTH,CORPORATE,2026-08-14 04:00:00,2026-11-30 04:00:00
C00833,Sneha Iyer,sneha.iyer833@example.com,+91-9000000833,NORTH,PREMIUM,2025-02-03 16:00:00,2025-07-28 16:00:00
C00834,Rahul Gupta,rahul.gupta834@example.com,+91-9000000834,WEST,PREMIUM,2025-05-04 22:00:00,2025-07-23 22:00:00
C00835,Aarav Sharma,aarav.sharma835@example.com,+91-9000000835,NORTH,STANDARD,2025-08-04 12:00:00,2025-10-26 12:00:00
C00836,Diya Nair,diya.nair836@example.com,+91-9000000836,WEST,PREMIUM,2025-09-23 05:00:00,2025-11-22 05:00:00
C00837,Vikram Gupta,vikram.gupta837@example.com,+91-9000000837,SOUTH,PREMIUM,2025-12-18 11:00:00,2026-04-05 11:00:00
C00838,Rohan Singh,rohan.singh838@example.com,+91-9000000838,NORTH,PREMIUM,2026-01-17 11:00:00,2026-05-12 11:00:00
C00839,Rahul Nair,rahul.nair839@example.com,+91-9000000839,WEST,STANDARD,2025-05-15 18:00:00,2025-07-23 18:00:00
C00840,Kiran Iyer,kiran.iyer840@example.com,+91-9000000840,WEST,STANDARD,2026-03-19 12:00:00,2026-04-26 12:00:00
C00841,Sneha Joshi,sneha.joshi841@example.com,+91-9000000841,NORTH,PREMIUM,2025-01-10 05:00:00,2025-02-13 05:00:00
C00842,Kavya Iyer,kavya.iyer842@example.com,+91-9000000842,WEST,PREMIUM,2025-11-20 15:00:00,2026-04-12 15:00:00
C00843,Pooja Sharma,pooja.sharma843@example.com,+91-9000000843,SOUTH,STANDARD,2026-02-12 03:00:00,2026-04-08 03:00:00
C00844,Vikram Gupta,vikram.gupta844@example.com,+91-9000000844,NORTH,PREMIUM,2025-04-09 14:00:00,2025-07-10 14:00:00
C00845,Diya Iyer,diya.iyer845@example.com,+91-9000000845,NORTH,STANDARD,2026-07-25 08:00:00,2026-11-07 08:00:00
C00846,Arjun Verma,arjun.verma846@example.com,+91-9000000846,NORTH,CORPORATE,2026-09-13 06:00:00,2027-02-26 06:00:00
C00847,Aisha Patel,aisha.patel847@example.com,+91-9000000847,NORTH,CORPORATE,2025-10-19 11:00:00,2026-02-26 11:00:00
C00848,Sneha Joshi,sneha.joshi848@example.com,+91-9000000848,NORTH,CORPORATE,2026-04-03 02:00:00,2026-06-15 02:00:00
C00849,Priya Das,priya.das849@example.com,+91-9000000849,NORTH,PREMIUM,2025-05-29 05:00:00,2025-11-06 05:00:00
C00850,Neha Nair,neha.nair850@example.com,+91-9000000850,SOUTH,STANDARD,2026-02-19 02:00:00,2026-05-17 02:00:00
C00851,Kiran Verma,kiran.verma851@example.com,+91-9000000851,WEST,CORPORATE,2025-11-21 20:00:00,2026-01-28 20:00:00
C00852,Neha Das,neha.das852@example.com,+91-9000000852,EAST,PREMIUM,2026-02-09 08:00:00,2026-07-09 08:00:00
C00853,Kavya Gupta,kavya.gupta853@example.com,+91-9000000853,SOUTH,STANDARD,2026-02-28 05:00:00,2026-04-01 05:00:00
C00854,Kiran Das,kiran.das854@example.com,+91-9000000854,SOUTH,STANDARD,2025-09-15 23:00:00,2025-10-27 23:00:00
C00855,Ishita Reddy,ishita.reddy855@example.com,+91-9000000855,EAST,CORPORATE,2025-04-08 02:00:00,2025-04-21 02:00:00
C00856,Aarav Joshi,aarav.joshi856@example.com,+91-9000000856,SOUTH,STANDARD,2026-02-11 16:00:00,2026-04-19 16:00:00
C00857,Neha Patel,neha.patel857@example.com,+91-9000000857,NORTH,PREMIUM,2025-03-28 20:00:00,2025-05-25 20:00:00
C00858,Kiran Mehta,kiran.mehta858@example.com,+91-9000000858,SOUTH,STANDARD,2025-10-18 14:00:00,2026-03-01 14:00:00
C00859,Rahul Sharma,rahul.sharma859@example.com,+91-9000000859,NORTH,PREMIUM,2025-02-05 21:00:00,2025-06-06 21:00:00
C00860,Priya Chowdhury,priya.chowdhury860@example.com,+91-9000000860,WEST,PREMIUM,2026-07-08 08:00:00,2026-08-11 08:00:00
C00861,Aisha Patel,aisha.patel861@example.com,+91-9000000861,EAST,CORPORATE,2026-08-29 19:00:00,2027-02-07 19:00:00
C00862,Pooja Singh,pooja.singh862@example.com,+91-9000000862,WEST,PREMIUM,2026-06-21 20:00:00,2026-09-17 20:00:00
C00863,Sneha Iyer,sneha.iyer863@example.com,+91-9000000863,EAST,PREMIUM,2025-08-21 02:00:00,2025-11-22 02:00:00
C00864,Meera Rao,meera.rao864@example.com,+91-9000000864,SOUTH,STANDARD,2025-06-09 09:00:00,2025-10-20 09:00:00
C00865,Sai Verma,sai.verma865@example.com,+91-9000000865,WEST,STANDARD,2025-10-21 15:00:00,2026-04-15 15:00:00
C00866,Sneha Joshi,sneha.joshi866@example.com,+91-9000000866,SOUTH,PREMIUM,2026-05-04 09:00:00,2026-07-17 09:00:00
C00867,Neha Kumar,neha.kumar867@example.com,+91-9000000867,NORTH,STANDARD,2025-01-08 17:00:00,2025-04-23 17:00:00
C00868,Aisha Singh,aisha.singh868@example.com,+91-9000000868,SOUTH,CORPORATE,2026-02-09 07:00:00,2026-07-24 07:00:00
C00869,Ishita Chowdhury,ishita.chowdhury869@example.com,+91-9000000869,WEST,STANDARD,2026-01-23 07:00:00,2026-05-11 07:00:00
C00870,Kiran Iyer,kiran.iyer870@example.com,+91-9000000870,WEST,PREMIUM,2025-10-06 09:00:00,2026-01-19 09:00:00
C00871,Rohan Chowdhury,rohan.chowdhury871@example.com,+91-9000000871,SOUTH,PREMIUM,2025-03-12 05:00:00,2025-04-09 05:00:00
C00872,Priya Nair,priya.nair872@example.com,+91-9000000872,NORTH,PREMIUM,2026-04-09 08:00:00,2026-05-27 08:00:00
C00873,Ananya Sharma,ananya.sharma873@example.com,+91-9000000873,WEST,STANDARD,2025-06-05 01:00:00,2025-07-22 01:00:00
C00874,Arjun Rao,arjun.rao874@example.com,+91-9000000874,EAST,CORPORATE,2025-10-03 04:00:00,2025-10-05 04:00:00
C00875,Kiran Reddy,kiran.reddy875@example.com,+91-9000000875,EAST,STANDARD,2025-06-04 00:00:00,2025-08-30 00:00:00
C00876,Meera Rao,meera.rao876@example.com,+91-9000000876,EAST,CORPORATE,2026-05-26 11:00:00,2026-06-03 11:00:00
C00877,Ananya Reddy,ananya.reddy877@example.com,+91-9000000877,WEST,PREMIUM,2025-05-30 01:00:00,2025-06-17 01:00:00
C00878,Aisha Gupta,aisha.gupta878@example.com,+91-9000000878,WEST,PREMIUM,2025-07-05 06:00:00,2025-07-08 06:00:00
C00879,Arjun Joshi,arjun.joshi879@example.com,+91-9000000879,EAST,STANDARD,2025-09-12 12:00:00,2025-09-20 12:00:00
C00880,Rohan Gupta,rohan.gupta880@example.com,+91-9000000880,WEST,PREMIUM,2025-04-07 16:00:00,2025-07-15 16:00:00
C00881,Nikhil Kapoor,nikhil.kapoor881@example.com,+91-9000000881,SOUTH,CORPORATE,2025-11-27 05:00:00,2026-04-16 05:00:00
C00882,Kavya Reddy,kavya.reddy882@example.com,+91-9000000882,WEST,STANDARD,2025-09-17 15:00:00,2025-12-18 15:00:00
C00883,Vivaan Chowdhury,vivaan.chowdhury883@example.com,+91-9000000883,WEST,CORPORATE,2025-08-12 03:00:00,2025-12-01 03:00:00
C00884,Ananya Sharma,ananya.sharma884@example.com,+91-9000000884,NORTH,STANDARD,2025-06-21 08:00:00,2025-09-30 08:00:00
C00885,Kiran Sharma,kiran.sharma885@example.com,+91-9000000885,EAST,CORPORATE,2025-02-13 18:00:00,2025-07-15 18:00:00
C00886,Sai Verma,sai.verma886@example.com,+91-9000000886,SOUTH,PREMIUM,2025-04-02 07:00:00,2025-04-25 07:00:00
C00887,Neha Verma,neha.verma887@example.com,+91-9000000887,NORTH,CORPORATE,2025-03-03 01:00:00,2025-04-11 01:00:00
C00888,Aisha Joshi,aisha.joshi888@example.com,+91-9000000888,EAST,STANDARD,2025-04-20 04:00:00,2025-07-10 04:00:00
C00889,Aisha Joshi,aisha.joshi889@example.com,+91-9000000889,WEST,STANDARD,2025-12-22 14:00:00,2026-06-16 14:00:00
C00890,Ishita Verma,ishita.verma890@example.com,+91-9000000890,SOUTH,PREMIUM,2025-05-18 08:00:00,2025-11-14 08:00:00
C00891,Priya Iyer,priya.iyer891@example.com,+91-9000000891,EAST,STANDARD,2025-10-29 17:00:00,2026-03-23 17:00:00
C00892,Rahul Iyer,rahul.iyer892@example.com,+91-9000000892,EAST,PREMIUM,2025-12-23 10:00:00,2026-05-25 10:00:00
C00893,Aisha Patel,aisha.patel893@example.com,+91-9000000893,SOUTH,PREMIUM,2025-03-12 16:00:00,2025-05-26 16:00:00
C00894,Vikram Iyer,vikram.iyer894@example.com,+91-9000000894,SOUTH,CORPORATE,2026-01-11 14:00:00,2026-05-20 14:00:00
C00895,Ishita Mehta,ishita.mehta895@example.com,+91-9000000895,NORTH,PREMIUM,2025-07-09 00:00:00,2025-12-14 00:00:00
C00896,Kiran Verma,kiran.verma896@example.com,+91-9000000896,WEST,PREMIUM,2025-03-06 21:00:00,2025-04-23 21:00:00
C00897,Kavya Das,kavya.das897@example.com,+91-9000000897,SOUTH,CORPORATE,2026-05-25 17:00:00,2026-08-05 17:00:00
C00898,Ananya Singh,ananya.singh898@example.com,+91-9000000898,SOUTH,CORPORATE,2025-11-26 03:00:00,2026-05-13 03:00:00
C00899,Aditya Sharma,aditya.sharma899@example.com,+91-9000000899,SOUTH,STANDARD,2025-05-13 05:00:00,2025-06-09 05:00:00
C00900,Sneha Kumar,sneha.kumar900@example.com,+91-9000000900,NORTH,CORPORATE,2025-04-12 01:00:00,2025-07-20 01:00:00
C00901,Sneha Iyer,sneha.iyer901@example.com,+91-9000000901,SOUTH,PREMIUM,2026-08-28 08:00:00,2026-10-23 08:00:00
C00902,Neha Mehta,neha.mehta902@example.com,+91-9000000902,WEST,CORPORATE,2025-03-14 00:00:00,2025-07-17 00:00:00
C00903,Aditya Gupta,aditya.gupta903@example.com,+91-9000000903,WEST,CORPORATE,2025-03-04 11:00:00,2025-06-18 11:00:00
C00904,Diya Joshi,diya.joshi904@example.com,+91-9000000904,WEST,CORPORATE,2025-03-01 19:00:00,2025-03-11 19:00:00
C00905,Aditya Chowdhury,aditya.chowdhury905@example.com,+91-9000000905,WEST,CORPORATE,2025-11-08 02:00:00,2025-12-02 02:00:00
C00906,Arjun Mehta,arjun.mehta906@example.com,+91-9000000906,NORTH,STANDARD,2025-08-25 17:00:00,2025-10-13 17:00:00
C00907,Kavya Das,kavya.das907@example.com,+91-9000000907,SOUTH,CORPORATE,2025-09-12 18:00:00,2026-02-01 18:00:00
C00908,Meera Mehta,meera.mehta908@example.com,+91-9000000908,NORTH,PREMIUM,2025-04-19 20:00:00,2025-10-08 20:00:00
C00909,Priya Mehta,priya.mehta909@example.com,+91-9000000909,SOUTH,STANDARD,2026-03-14 03:00:00,2026-08-01 03:00:00
C00910,Ishita Iyer,ishita.iyer910@example.com,+91-9000000910,SOUTH,CORPORATE,2025-12-12 21:00:00,2026-05-14 21:00:00
C00911,Priya Kapoor,priya.kapoor911@example.com,+91-9000000911,WEST,PREMIUM,2025-12-27 10:00:00,2026-04-01 10:00:00
C00912,Meera Joshi,meera.joshi912@example.com,+91-9000000912,NORTH,CORPORATE,2026-03-17 23:00:00,2026-05-17 23:00:00
C00913,Pooja Iyer,pooja.iyer913@example.com,+91-9000000913,WEST,CORPORATE,2025-08-08 12:00:00,2025-10-12 12:00:00
C00914,Diya Gupta,diya.gupta914@example.com,+91-9000000914,SOUTH,CORPORATE,2026-04-04 12:00:00,2026-04-12 12:00:00
C00915,Nikhil Nair,nikhil.nair915@example.com,+91-9000000915,SOUTH,PREMIUM,2025-01-17 16:00:00,2025-01-18 16:00:00
C00916,Nikhil Kumar,nikhil.kumar916@example.com,+91-9000000916,SOUTH,CORPORATE,2025-08-08 10:00:00,2025-10-17 10:00:00
C00917,Aisha Iyer,aisha.iyer917@example.com,+91-9000000917,NORTH,STANDARD,2026-07-24 18:00:00,2026-08-17 18:00:00
C00918,Vivaan Gupta,vivaan.gupta918@example.com,+91-9000000918,SOUTH,PREMIUM,2025-12-31 04:00:00,2026-04-03 04:00:00
C00919,Pooja Kumar,pooja.kumar919@example.com,+91-9000000919,WEST,STANDARD,2025-08-27 08:00:00,2026-01-20 08:00:00
C00920,Ishita Nair,ishita.nair920@example.com,+91-9000000920,SOUTH,CORPORATE,2025-08-11 23:00:00,2025-11-02 23:00:00
C00921,Sneha Patel,sneha.patel921@example.com,+91-9000000921,NORTH,STANDARD,2026-05-15 22:00:00,2026-10-14 22:00:00
C00922,Nikhil Sharma,nikhil.sharma922@example.com,+91-9000000922,SOUTH,STANDARD,2026-08-14 12:00:00,2026-11-07 12:00:00
C00923,Diya Kapoor,diya.kapoor923@example.com,+91-9000000923,SOUTH,STANDARD,2026-03-21 13:00:00,2026-09-04 13:00:00
C00924,Neha Kapoor,neha.kapoor924@example.com,+91-9000000924,NORTH,STANDARD,2025-01-12 20:00:00,2025-03-31 20:00:00
C00925,Kavya Sharma,kavya.sharma925@example.com,+91-9000000925,NORTH,STANDARD,2025-11-23 17:00:00,2026-02-14 17:00:00
C00926,Kavya Mehta,kavya.mehta926@example.com,+91-9000000926,SOUTH,CORPORATE,2025-08-15 04:00:00,2025-11-23 04:00:00
C00927,Priya Joshi,priya.joshi927@example.com,+91-9000000927,WEST,STANDARD,2026-09-02 18:00:00,2026-10-28 18:00:00
C00928,Meera Rao,meera.rao928@example.com,+91-9000000928,SOUTH,PREMIUM,2026-02-08 04:00:00,2026-03-01 04:00:00
C00929,Sneha Nair,sneha.nair929@example.com,+91-9000000929,NORTH,PREMIUM,2025-02-20 17:00:00,2025-03-13 17:00:00
C00930,Ishita Iyer,ishita.iyer930@example.com,+91-9000000930,SOUTH,STANDARD,2026-03-21 22:00:00,2026-07-22 22:00:00
C00931,Aisha Kumar,aisha.kumar931@example.com,+91-9000000931,NORTH,STANDARD,2026-05-15 12:00:00,2026-10-05 12:00:00
C00932,Neha Mehta,neha.mehta932@example.com,+91-9000000932,WEST,STANDARD,2026-06-21 07:00:00,2026-08-28 07:00:00
C00933,Meera Verma,meera.verma933@example.com,+91-9000000933,SOUTH,CORPORATE,2026-08-13 02:00:00,2026-11-26 02:00:00
C00934,Meera Verma,meera.verma934@example.com,+91-9000000934,NORTH,PREMIUM,2025-12-23 06:00:00,2026-05-24 06:00:00
C00935,Aarav Joshi,aarav.joshi935@example.com,+91-9000000935,NORTH,CORPORATE,2025-11-09 05:00:00,2026-03-02 05:00:00
C00936,Neha Patel,neha.patel936@example.com,+91-9000000936,WEST,STANDARD,2026-03-28 01:00:00,2026-09-19 01:00:00
C00937,Diya Patel,diya.patel937@example.com,+91-9000000937,SOUTH,STANDARD,2025-03-29 03:00:00,2025-09-03 03:00:00
C00938,Sai Chowdhury,sai.chowdhury938@example.com,+91-9000000938,NORTH,CORPORATE,2025-10-22 00:00:00,2025-11-19 00:00:00
C00939,Nikhil Gupta,nikhil.gupta939@example.com,+91-9000000939,NORTH,STANDARD,2026-04-28 00:00:00,2026-09-12 00:00:00
C00940,Rohan Kumar,rohan.kumar940@example.com,+91-9000000940,WEST,CORPORATE,2026-07-14 16:00:00,2026-11-14 16:00:00
C00941,Neha Mehta,neha.mehta941@example.com,+91-9000000941,SOUTH,PREMIUM,2025-05-25 22:00:00,2025-10-21 22:00:00
C00942,Kavya Sharma,kavya.sharma942@example.com,+91-9000000942,SOUTH,PREMIUM,2025-09-19 05:00:00,2025-11-09 05:00:00
C00943,Neha Rao,neha.rao943@example.com,+91-9000000943,SOUTH,STANDARD,2025-02-24 14:00:00,2025-06-03 14:00:00
C00944,Vikram Das,vikram.das944@example.com,+91-9000000944,SOUTH,PREMIUM,2026-01-04 03:00:00,2026-06-19 03:00:00
C00945,Ishita Kumar,ishita.kumar945@example.com,+91-9000000945,SOUTH,PREMIUM,2026-01-25 16:00:00,2026-05-29 16:00:00
C00946,Neha Iyer,neha.iyer946@example.com,+91-9000000946,WEST,CORPORATE,2025-04-01 05:00:00,2025-07-27 05:00:00
C00947,Aisha Kapoor,aisha.kapoor947@example.com,+91-9000000947,WEST,CORPORATE,2025-01-23 01:00:00,2025-04-11 01:00:00
C00948,Ananya Gupta,ananya.gupta948@example.com,+91-9000000948,SOUTH,STANDARD,2026-02-07 23:00:00,2026-05-06 23:00:00
C00949,Diya Verma,diya.verma949@example.com,+91-9000000949,WEST,PREMIUM,2025-11-06 07:00:00,2025-11-21 07:00:00
C00950,Vikram Kapoor,vikram.kapoor950@example.com,+91-9000000950,WEST,PREMIUM,2026-02-01 00:00:00,2026-03-30 00:00:00
C00951,Sai Verma,sai.verma951@example.com,+91-9000000951,SOUTH,STANDARD,2026-02-07 21:00:00,2026-05-15 21:00:00
C00952,Kavya Das,kavya.das952@example.com,+91-9000000952,WEST,CORPORATE,2025-08-21 13:00:00,2025-09-29 13:00:00
C00953,Meera Rao,meera.rao953@example.com,+91-9000000953,EAST,CORPORATE,2026-09-12 10:00:00,2026-10-15 10:00:00
C00954,Rohan Das,rohan.das954@example.com,+91-9000000954,WEST,CORPORATE,2025-05-22 18:00:00,2025-07-12 18:00:00
C00955,Sai Rao,sai.rao955@example.com,+91-9000000955,NORTH,STANDARD,2026-06-21 04:00:00,2026-12-05 04:00:00
C00956,Pooja Kapoor,pooja.kapoor956@example.com,+91-9000000956,SOUTH,CORPORATE,2025-06-11 10:00:00,2025-10-25 10:00:00
C00957,Arjun Patel,arjun.patel957@example.com,+91-9000000957,SOUTH,PREMIUM,2025-11-22 04:00:00,2026-03-07 04:00:00
C00958,Meera Rao,meera.rao958@example.com,+91-9000000958,WEST,STANDARD,2026-03-30 23:00:00,2026-05-17 23:00:00
C00959,Arjun Patel,arjun.patel959@example.com,+91-9000000959,NORTH,CORPORATE,2025-07-09 00:00:00,2025-09-15 00:00:00
C00960,Neha Nair,neha.nair960@example.com,+91-9000000960,WEST,STANDARD,2025-08-25 19:00:00,2026-02-16 19:00:00
C00961,Aarav Verma,aarav.verma961@example.com,+91-9000000961,EAST,STANDARD,2025-03-23 22:00:00,2025-07-29 22:00:00
C00962,Neha Gupta,neha.gupta962@example.com,+91-9000000962,NORTH,PREMIUM,2026-01-18 05:00:00,2026-05-19 05:00:00
C00963,Sai Patel,sai.patel963@example.com,+91-9000000963,SOUTH,PREMIUM,2025-07-17 07:00:00,2025-07-20 07:00:00
C00964,Vikram Singh,vikram.singh964@example.com,+91-9000000964,WEST,STANDARD,2025-08-16 23:00:00,2025-09-01 23:00:00
C00965,Rahul Kapoor,rahul.kapoor965@example.com,+91-9000000965,EAST,CORPORATE,2026-03-26 19:00:00,2026-06-17 19:00:00
C00966,Priya Kapoor,priya.kapoor966@example.com,+91-9000000966,NORTH,STANDARD,2025-09-10 13:00:00,2026-02-12 13:00:00
C00967,Ishita Mehta,ishita.mehta967@example.com,+91-9000000967,NORTH,CORPORATE,2025-11-17 12:00:00,2026-04-12 12:00:00
C00968,Neha Iyer,neha.iyer968@example.com,+91-9000000968,SOUTH,CORPORATE,2026-06-22 20:00:00,2026-07-19 20:00:00
C00969,Priya Gupta,priya.gupta969@example.com,+91-9000000969,WEST,CORPORATE,2025-02-13 07:00:00,2025-05-25 07:00:00
C00970,Vivaan Iyer,vivaan.iyer970@example.com,+91-9000000970,SOUTH,STANDARD,2026-02-01 16:00:00,2026-04-16 16:00:00
C00971,Priya Singh,priya.singh971@example.com,+91-9000000971,EAST,STANDARD,2025-11-08 09:00:00,2026-02-24 09:00:00
C00972,Nikhil Nair,nikhil.nair972@example.com,+91-9000000972,WEST,STANDARD,2025-02-25 22:00:00,2025-06-23 22:00:00
C00973,Priya Reddy,priya.reddy973@example.com,+91-9000000973,SOUTH,CORPORATE,2026-05-28 03:00:00,2026-11-22 03:00:00
C00974,Aisha Patel,aisha.patel974@example.com,+91-9000000974,NORTH,PREMIUM,2026-02-07 13:00:00,2026-02-13 13:00:00
C00975,Rahul Gupta,rahul.gupta975@example.com,+91-9000000975,WEST,PREMIUM,2026-08-28 22:00:00,2026-09-20 22:00:00
C00976,Vikram Verma,vikram.verma976@example.com,+91-9000000976,SOUTH,STANDARD,2025-06-17 22:00:00,2025-07-16 22:00:00
C00977,Priya Das,priya.das977@example.com,+91-9000000977,WEST,CORPORATE,2026-01-07 02:00:00,2026-04-15 02:00:00
C00978,Kavya Nair,kavya.nair978@example.com,+91-9000000978,WEST,PREMIUM,2025-06-13 12:00:00,2025-06-24 12:00:00
C00979,Rahul Kapoor,rahul.kapoor979@example.com,+91-9000000979,SOUTH,STANDARD,2025-12-10 18:00:00,2026-01-16 18:00:00
C00980,Rahul Joshi,rahul.joshi980@example.com,+91-9000000980,WEST,PREMIUM,2025-02-22 13:00:00,2025-06-16 13:00:00
C00981,Nikhil Das,nikhil.das981@example.com,+91-9000000981,SOUTH,STANDARD,2025-07-05 03:00:00,2025-07-05 03:00:00
C00982,Neha Joshi,neha.joshi982@example.com,+91-9000000982,EAST,PREMIUM,2025-09-17 00:00:00,2026-01-22 00:00:00
C00983,Aisha Joshi,aisha.joshi983@example.com,+91-9000000983,EAST,STANDARD,2025-01-06 19:00:00,2025-03-02 19:00:00
C00984,Pooja Das,pooja.das984@example.com,+91-9000000984,NORTH,PREMIUM,2026-05-03 14:00:00,2026-05-23 14:00:00
C00985,Neha Nair,neha.nair985@example.com,+91-9000000985,WEST,PREMIUM,2025-01-07 07:00:00,2025-06-14 07:00:00
C00986,Aisha Chowdhury,aisha.chowdhury986@example.com,+91-9000000986,SOUTH,STANDARD,2025-08-01 01:00:00,2025-08-15 01:00:00
C00987,Diya Sharma,diya.sharma987@example.com,+91-9000000987,NORTH,CORPORATE,2025-05-29 01:00:00,2025-08-13 01:00:00
C00988,Ananya Kapoor,ananya.kapoor988@example.com,+91-9000000988,SOUTH,PREMIUM,2025-03-31 01:00:00,2025-05-15 01:00:00
C00989,Rahul Das,rahul.das989@example.com,+91-9000000989,NORTH,CORPORATE,2025-10-19 19:00:00,2026-03-11 19:00:00
C00990,Rahul Gupta,rahul.gupta990@example.com,+91-9000000990,SOUTH,STANDARD,2026-08-16 11:00:00,2026-10-31 11:00:00
C00991,Ananya Verma,ananya.verma991@example.com,+91-9000000991,NORTH,CORPORATE,2026-01-24 02:00:00,2026-02-09 02:00:00
C00992,Nikhil Gupta,nikhil.gupta992@example.com,+91-9000000992,WEST,PREMIUM,2025-05-18 03:00:00,2025-09-29 03:00:00
C00993,Meera Iyer,meera.iyer993@example.com,+91-9000000993,WEST,CORPORATE,2025-08-03 22:00:00,2025-08-17 22:00:00
C00994,Arjun Nair,arjun.nair994@example.com,+91-9000000994,EAST,CORPORATE,2026-06-26 02:00:00,2026-12-19 02:00:00
C00995,Neha Kapoor,neha.kapoor995@example.com,+91-9000000995,NORTH,PREMIUM,2025-10-22 13:00:00,2025-12-27 13:00:00
C00996,Kavya Nair,kavya.nair996@example.com,+91-9000000996,NORTH,CORPORATE,2025-12-29 04:00:00,2026-05-05 04:00:00
C00997,Kavya Mehta,kavya.mehta997@example.com,+91-9000000997,SOUTH,CORPORATE,2026-05-25 15:00:00,2026-07-23 15:00:00
C00998,Nikhil Kumar,nikhil.kumar998@example.com,+91-9000000998,SOUTH,PREMIUM,2025-01-02 03:00:00,2025-06-11 03:00:00
C00999,Arjun Mehta,arjun.mehta999@example.com,+91-9000000999,NORTH,PREMIUM,2025-08-01 19:00:00,2025-08-12 19:00:00
C01000,Ananya Verma,ananya.verma1000@example.com,+91-9000001000,WEST,STANDARD,2026-07-28 20:00:00,2027-01-07 20:00:00
C01001,Rohan Mehta,rohan.mehta1001@example.com,+91-9000001001,SOUTH,PREMIUM,2025-10-16 08:00:00,2025-12-31 08:00:00
C01002,Kavya Iyer,kavya.iyer1002@example.com,+91-9000001002,SOUTH,CORPORATE,2025-11-28 00:00:00,2026-02-21 00:00:00
C01003,Ananya Singh,ananya.singh1003@example.com,+91-9000001003,SOUTH,STANDARD,2026-08-06 19:00:00,2026-09-24 19:00:00
C01004,Ananya Chowdhury,ananya.chowdhury1004@example.com,+91-9000001004,EAST,PREMIUM,2025-12-13 21:00:00,2025-12-22 21:00:00
C01005,Sai Gupta,sai.gupta1005@example.com,+91-9000001005,EAST,CORPORATE,2025-06-09 20:00:00,2025-09-02 20:00:00
C01006,Priya Joshi,priya.joshi1006@example.com,+91-9000001006,SOUTH,CORPORATE,2026-02-28 23:00:00,2026-05-15 23:00:00
C01007,Pooja Mehta,pooja.mehta1007@example.com,+91-9000001007,WEST,STANDARD,2025-11-20 17:00:00,2026-01-12 17:00:00
C01008,Pooja Das,pooja.das1008@example.com,+91-9000001008,SOUTH,STANDARD,2025-12-06 11:00:00,2026-02-15 11:00:00
C01009,Aarav Verma,aarav.verma1009@example.com,+91-9000001009,WEST,STANDARD,2026-01-20 20:00:00,2026-06-15 20:00:00
C01010,Neha Singh,neha.singh1010@example.com,+91-9000001010,SOUTH,PREMIUM,2025-07-11 19:00:00,2026-01-07 19:00:00
C01011,Ananya Mehta,ananya.mehta1011@example.com,+91-9000001011,NORTH,STANDARD,2025-02-02 08:00:00,2025-06-09 08:00:00
C01012,Kiran Verma,kiran.verma1012@example.com,+91-9000001012,WEST,CORPORATE,2026-04-08 09:00:00,2026-06-24 09:00:00
C01013,Rahul Reddy,rahul.reddy1013@example.com,+91-9000001013,WEST,STANDARD,2026-01-19 01:00:00,2026-05-12 01:00:00
C01014,Kavya Sharma,kavya.sharma1014@example.com,+91-9000001014,SOUTH,STANDARD,2026-05-10 16:00:00,2026-08-05 16:00:00
C01015,Sneha Mehta,sneha.mehta1015@example.com,+91-9000001015,NORTH,STANDARD,2026-06-21 09:00:00,2026-07-16 09:00:00
C01016,Kavya Das,kavya.das1016@example.com,+91-9000001016,SOUTH,PREMIUM,2025-05-16 06:00:00,2025-08-23 06:00:00
C01017,Kavya Reddy,kavya.reddy1017@example.com,+91-9000001017,SOUTH,CORPORATE,2025-01-05 09:00:00,2025-06-06 09:00:00
C01018,Aditya Verma,aditya.verma1018@example.com,+91-9000001018,SOUTH,CORPORATE,2026-04-24 01:00:00,2026-10-09 01:00:00
C01019,Nikhil Sharma,nikhil.sharma1019@example.com,+91-9000001019,WEST,PREMIUM,2026-08-15 09:00:00,2026-10-05 09:00:00
C01020,Rohan Rao,rohan.rao1020@example.com,+91-9000001020,NORTH,PREMIUM,2025-10-11 17:00:00,2026-03-31 17:00:00
C01021,Arjun Rao,arjun.rao1021@example.com,+91-9000001021,WEST,STANDARD,2025-06-02 05:00:00,2025-06-05 05:00:00
C01022,Neha Iyer,neha.iyer1022@example.com,+91-9000001022,WEST,CORPORATE,2026-06-11 03:00:00,2026-09-08 03:00:00
C01023,Aisha Verma,aisha.verma1023@example.com,+91-9000001023,WEST,CORPORATE,2025-10-05 04:00:00,2025-12-06 04:00:00
C01024,Rahul Reddy,rahul.reddy1024@example.com,+91-9000001024,NORTH,CORPORATE,2025-11-15 19:00:00,2026-03-08 19:00:00
C01025,Vivaan Patel,vivaan.patel1025@example.com,+91-9000001025,SOUTH,STANDARD,2025-01-30 15:00:00,2025-05-08 15:00:00
C01026,Vivaan Reddy,vivaan.reddy1026@example.com,+91-9000001026,SOUTH,CORPORATE,2026-03-13 12:00:00,2026-08-12 12:00:00
C01027,Pooja Das,pooja.das1027@example.com,+91-9000001027,NORTH,PREMIUM,2026-04-02 19:00:00,2026-06-26 19:00:00
C01028,Rohan Mehta,rohan.mehta1028@example.com,+91-9000001028,EAST,CORPORATE,2026-07-01 02:00:00,2026-08-03 02:00:00
C01029,Aditya Chowdhury,aditya.chowdhury1029@example.com,+91-9000001029,EAST,PREMIUM,2026-04-25 03:00:00,2026-10-17 03:00:00
C01030,Priya Gupta,priya.gupta1030@example.com,+91-9000001030,SOUTH,CORPORATE,2025-08-26 07:00:00,2025-10-31 07:00:00
C01031,Diya Singh,diya.singh1031@example.com,+91-9000001031,NORTH,PREMIUM,2025-07-07 22:00:00,2025-10-31 22:00:00
C01032,Sneha Sharma,sneha.sharma1032@example.com,+91-9000001032,SOUTH,PREMIUM,2025-03-08 15:00:00,2025-07-08 15:00:00
C01033,Priya Chowdhury,priya.chowdhury1033@example.com,+91-9000001033,NORTH,CORPORATE,2025-06-24 09:00:00,2025-11-18 09:00:00
C01034,Sai Iyer,sai.iyer1034@example.com,+91-9000001034,SOUTH,PREMIUM,2025-04-16 12:00:00,2025-09-05 12:00:00
C01035,Aditya Joshi,aditya.joshi1035@example.com,+91-9000001035,EAST,PREMIUM,2025-11-06 17:00:00,2026-04-06 17:00:00
C01036,Meera Kumar,meera.kumar1036@example.com,+91-9000001036,SOUTH,PREMIUM,2025-09-07 17:00:00,2025-12-14 17:00:00
C01037,Aditya Verma,aditya.verma1037@example.com,+91-9000001037,NORTH,PREMIUM,2025-08-02 22:00:00,2025-11-21 22:00:00
C01038,Pooja Joshi,pooja.joshi1038@example.com,+91-9000001038,WEST,STANDARD,2025-12-17 17:00:00,2026-06-04 17:00:00
C01039,Aditya Mehta,aditya.mehta1039@example.com,+91-9000001039,SOUTH,CORPORATE,2026-08-11 15:00:00,2027-01-10 15:00:00
C01040,Priya Verma,priya.verma1040@example.com,+91-9000001040,EAST,STANDARD,2026-07-23 03:00:00,2026-10-09 03:00:00
C01041,Ishita Reddy,ishita.reddy1041@example.com,+91-9000001041,NORTH,PREMIUM,2026-09-05 03:00:00,2026-11-27 03:00:00
C01042,Sneha Das,sneha.das1042@example.com,+91-9000001042,WEST,STANDARD,2025-03-04 02:00:00,2025-07-30 02:00:00
C01043,Aarav Joshi,aarav.joshi1043@example.com,+91-9000001043,SOUTH,PREMIUM,2025-05-31 21:00:00,2025-10-14 21:00:00
C01044,Nikhil Singh,nikhil.singh1044@example.com,+91-9000001044,WEST,STANDARD,2026-08-15 14:00:00,2027-02-05 14:00:00
C01045,Ananya Rao,ananya.rao1045@example.com,+91-9000001045,WEST,PREMIUM,2026-08-07 21:00:00,2026-11-03 21:00:00
C01046,Aditya Nair,aditya.nair1046@example.com,+91-9000001046,WEST,PREMIUM,2025-01-09 19:00:00,2025-02-10 19:00:00
C01047,Nikhil Sharma,nikhil.sharma1047@example.com,+91-9000001047,SOUTH,STANDARD,2026-01-14 17:00:00,2026-07-13 17:00:00
C01048,Aisha Chowdhury,aisha.chowdhury1048@example.com,+91-9000001048,WEST,STANDARD,2026-01-03 03:00:00,2026-03-04 03:00:00
C01049,Meera Mehta,meera.mehta1049@example.com,+91-9000001049,NORTH,CORPORATE,2026-08-28 12:00:00,2026-12-03 12:00:00
C01050,Ishita Singh,ishita.singh1050@example.com,+91-9000001050,WEST,CORPORATE,2026-03-22 17:00:00,2026-05-05 17:00:00
C01051,Sneha Patel,sneha.patel1051@example.com,+91-9000001051,NORTH,PREMIUM,2025-07-12 17:00:00,2025-10-26 17:00:00
C01052,Sai Rao,sai.rao1052@example.com,+91-9000001052,SOUTH,STANDARD,2025-05-09 04:00:00,2025-10-21 04:00:00
C01053,Aarav Patel,aarav.patel1053@example.com,+91-9000001053,NORTH,STANDARD,2026-05-14 21:00:00,2026-06-04 21:00:00
C01054,Sai Das,sai.das1054@example.com,+91-9000001054,NORTH,PREMIUM,2026-03-02 14:00:00,2026-08-08 14:00:00
C01055,Rahul Gupta,rahul.gupta1055@example.com,+91-9000001055,WEST,PREMIUM,2026-06-06 13:00:00,2026-09-12 13:00:00
C01056,Diya Kumar,diya.kumar1056@example.com,+91-9000001056,NORTH,STANDARD,2025-07-10 13:00:00,2025-12-04 13:00:00
C01057,Sneha Chowdhury,sneha.chowdhury1057@example.com,+91-9000001057,WEST,PREMIUM,2025-08-31 22:00:00,2025-12-14 22:00:00
C01058,Aisha Nair,aisha.nair1058@example.com,+91-9000001058,SOUTH,CORPORATE,2026-01-11 01:00:00,2026-05-14 01:00:00
C01059,Diya Reddy,diya.reddy1059@example.com,+91-9000001059,SOUTH,STANDARD,2026-08-18 15:00:00,2026-12-30 15:00:00
C01060,Vikram Gupta,vikram.gupta1060@example.com,+91-9000001060,WEST,CORPORATE,2026-06-14 02:00:00,2026-07-06 02:00:00
C01061,Kiran Gupta,kiran.gupta1061@example.com,+91-9000001061,WEST,CORPORATE,2025-03-21 21:00:00,2025-06-08 21:00:00
C01062,Neha Sharma,neha.sharma1062@example.com,+91-9000001062,SOUTH,PREMIUM,2025-12-18 17:00:00,2026-04-13 17:00:00
C01063,Kavya Kapoor,kavya.kapoor1063@example.com,+91-9000001063,NORTH,PREMIUM,2026-04-26 18:00:00,2026-07-25 18:00:00
C01064,Nikhil Rao,nikhil.rao1064@example.com,+91-9000001064,NORTH,CORPORATE,2025-06-21 01:00:00,2025-09-06 01:00:00
C01065,Pooja Rao,pooja.rao1065@example.com,+91-9000001065,EAST,CORPORATE,2025-03-04 20:00:00,2025-04-16 20:00:00
C01066,Pooja Sharma,pooja.sharma1066@example.com,+91-9000001066,NORTH,STANDARD,2025-10-26 23:00:00,2026-01-07 23:00:00
C01067,Sneha Reddy,sneha.reddy1067@example.com,+91-9000001067,SOUTH,PREMIUM,2025-05-10 16:00:00,2025-07-13 16:00:00
C01068,Sai Nair,sai.nair1068@example.com,+91-9000001068,WEST,STANDARD,2025-10-15 08:00:00,2025-11-12 08:00:00
C01069,Neha Patel,neha.patel1069@example.com,+91-9000001069,SOUTH,CORPORATE,2026-08-29 23:00:00,2026-12-21 23:00:00
C01070,Diya Joshi,diya.joshi1070@example.com,+91-9000001070,WEST,PREMIUM,2025-06-29 08:00:00,2025-08-14 08:00:00
C01071,Kavya Chowdhury,kavya.chowdhury1071@example.com,+91-9000001071,SOUTH,STANDARD,2025-02-03 10:00:00,2025-07-05 10:00:00
C01072,Sai Chowdhury,sai.chowdhury1072@example.com,+91-9000001072,NORTH,STANDARD,2026-05-23 13:00:00,2026-11-08 13:00:00
C01073,Priya Mehta,priya.mehta1073@example.com,+91-9000001073,NORTH,CORPORATE,2025-06-21 06:00:00,2025-09-17 06:00:00
C01074,Vivaan Das,vivaan.das1074@example.com,+91-9000001074,SOUTH,STANDARD,2025-09-28 03:00:00,2026-01-24 03:00:00
C01075,Ishita Gupta,ishita.gupta1075@example.com,+91-9000001075,WEST,STANDARD,2025-11-05 15:00:00,2026-02-10 15:00:00
C01076,Ishita Gupta,ishita.gupta1076@example.com,+91-9000001076,WEST,PREMIUM,2025-09-26 04:00:00,2025-09-29 04:00:00
C01077,Nikhil Kapoor,nikhil.kapoor1077@example.com,+91-9000001077,NORTH,CORPORATE,2026-04-05 12:00:00,2026-09-26 12:00:00
C01078,Vivaan Reddy,vivaan.reddy1078@example.com,+91-9000001078,NORTH,PREMIUM,2026-06-29 20:00:00,2026-12-02 20:00:00
C01079,Vikram Verma,vikram.verma1079@example.com,+91-9000001079,SOUTH,PREMIUM,2025-10-04 08:00:00,2026-03-20 08:00:00
C01080,Pooja Singh,pooja.singh1080@example.com,+91-9000001080,WEST,CORPORATE,2026-04-18 21:00:00,2026-10-07 21:00:00
C01081,Pooja Joshi,pooja.joshi1081@example.com,+91-9000001081,NORTH,CORPORATE,2025-07-19 16:00:00,2026-01-11 16:00:00
C01082,Rahul Verma,rahul.verma1082@example.com,+91-9000001082,SOUTH,STANDARD,2026-07-15 00:00:00,2026-07-18 00:00:00
C01083,Meera Reddy,meera.reddy1083@example.com,+91-9000001083,EAST,PREMIUM,2026-06-22 03:00:00,2026-08-17 03:00:00
C01084,Nikhil Rao,nikhil.rao1084@example.com,+91-9000001084,SOUTH,CORPORATE,2025-07-17 01:00:00,2025-08-09 01:00:00
C01085,Vivaan Nair,vivaan.nair1085@example.com,+91-9000001085,SOUTH,CORPORATE,2025-08-11 19:00:00,2025-09-10 19:00:00
C01086,Aditya Chowdhury,aditya.chowdhury1086@example.com,+91-9000001086,NORTH,CORPORATE,2026-09-12 04:00:00,2027-02-24 04:00:00
C01087,Pooja Joshi,pooja.joshi1087@example.com,+91-9000001087,SOUTH,PREMIUM,2025-07-09 03:00:00,2025-09-22 03:00:00
C01088,Priya Das,priya.das1088@example.com,+91-9000001088,EAST,PREMIUM,2025-03-19 20:00:00,2025-07-06 20:00:00
C01089,Ananya Rao,ananya.rao1089@example.com,+91-9000001089,WEST,STANDARD,2025-06-15 02:00:00,2025-09-20 02:00:00
C01090,Ishita Verma,ishita.verma1090@example.com,+91-9000001090,WEST,STANDARD,2025-03-03 08:00:00,2025-06-23 08:00:00
C01091,Aditya Gupta,aditya.gupta1091@example.com,+91-9000001091,NORTH,STANDARD,2025-07-25 19:00:00,2026-01-06 19:00:00
C01092,Sneha Reddy,sneha.reddy1092@example.com,+91-9000001092,NORTH,STANDARD,2025-05-28 17:00:00,2025-11-01 17:00:00
C01093,Arjun Kapoor,arjun.kapoor1093@example.com,+91-9000001093,WEST,STANDARD,2026-03-29 22:00:00,2026-04-06 22:00:00
C01094,Aditya Reddy,aditya.reddy1094@example.com,+91-9000001094,WEST,PREMIUM,2026-08-09 23:00:00,2026-08-13 23:00:00
C01095,Sneha Patel,sneha.patel1095@example.com,+91-9000001095,NORTH,PREMIUM,2025-01-01 01:00:00,2025-02-08 01:00:00
C01096,Ananya Kapoor,ananya.kapoor1096@example.com,+91-9000001096,SOUTH,CORPORATE,2026-02-05 18:00:00,2026-06-10 18:00:00
C01097,Sneha Singh,sneha.singh1097@example.com,+91-9000001097,SOUTH,CORPORATE,2026-02-18 23:00:00,2026-04-16 23:00:00
C01098,Aarav Singh,aarav.singh1098@example.com,+91-9000001098,NORTH,CORPORATE,2026-05-09 03:00:00,2026-08-08 03:00:00
C01099,Ananya Das,ananya.das1099@example.com,+91-9000001099,SOUTH,CORPORATE,2025-11-07 12:00:00,2026-04-21 12:00:00
C01100,Aditya Verma,aditya.verma1100@example.com,+91-9000001100,SOUTH,PREMIUM,2026-07-02 10:00:00,2026-09-14 10:00:00
C01101,Rohan Patel,rohan.patel1101@example.com,+91-9000001101,NORTH,CORPORATE,2026-07-22 01:00:00,2026-09-08 01:00:00
C01102,Nikhil Mehta,nikhil.mehta1102@example.com,+91-9000001102,NORTH,PREMIUM,2026-02-04 03:00:00,2026-02-25 03:00:00
C01103,Priya Mehta,priya.mehta1103@example.com,+91-9000001103,SOUTH,STANDARD,2025-07-14 04:00:00,2025-07-20 04:00:00
C01104,Pooja Kumar,pooja.kumar1104@example.com,+91-9000001104,SOUTH,CORPORATE,2026-05-16 12:00:00,2026-10-27 12:00:00
C01105,Nikhil Gupta,nikhil.gupta1105@example.com,+91-9000001105,SOUTH,STANDARD,2026-07-01 14:00:00,2026-09-25 14:00:00
C01106,Vivaan Verma,vivaan.verma1106@example.com,+91-9000001106,SOUTH,STANDARD,2025-02-13 12:00:00,2025-07-30 12:00:00
C01107,Kavya Gupta,kavya.gupta1107@example.com,+91-9000001107,NORTH,STANDARD,2026-07-04 04:00:00,2026-07-22 04:00:00
C01108,Vivaan Mehta,vivaan.mehta1108@example.com,+91-9000001108,SOUTH,PREMIUM,2025-05-25 15:00:00,2025-10-30 15:00:00
C01109,Vivaan Kumar,vivaan.kumar1109@example.com,+91-9000001109,SOUTH,CORPORATE,2025-05-14 00:00:00,2025-05-26 00:00:00
C01110,Nikhil Chowdhury,nikhil.chowdhury1110@example.com,+91-9000001110,NORTH,STANDARD,2025-04-10 14:00:00,2025-09-08 14:00:00
C01111,Aditya Chowdhury,aditya.chowdhury1111@example.com,+91-9000001111,EAST,CORPORATE,2025-04-19 03:00:00,2025-09-23 03:00:00
C01112,Kiran Reddy,kiran.reddy1112@example.com,+91-9000001112,NORTH,CORPORATE,2025-07-27 13:00:00,2026-01-16 13:00:00
C01113,Ishita Verma,ishita.verma1113@example.com,+91-9000001113,NORTH,CORPORATE,2025-05-04 21:00:00,2025-06-08 21:00:00
C01114,Ananya Chowdhury,ananya.chowdhury1114@example.com,+91-9000001114,NORTH,STANDARD,2025-08-07 01:00:00,2025-10-31 01:00:00
C01115,Aditya Reddy,aditya.reddy1115@example.com,+91-9000001115,NORTH,STANDARD,2025-10-08 04:00:00,2026-04-04 04:00:00
C01116,Diya Iyer,diya.iyer1116@example.com,+91-9000001116,WEST,CORPORATE,2025-06-18 14:00:00,2025-06-28 14:00:00
C01117,Sai Reddy,sai.reddy1117@example.com,+91-9000001117,SOUTH,PREMIUM,2026-01-21 05:00:00,2026-02-10 05:00:00
C01118,Aarav Sharma,aarav.sharma1118@example.com,+91-9000001118,NORTH,PREMIUM,2025-07-03 02:00:00,2025-10-17 02:00:00
C01119,Sneha Mehta,sneha.mehta1119@example.com,+91-9000001119,SOUTH,CORPORATE,2025-05-10 06:00:00,2025-07-18 06:00:00
C01120,Kavya Gupta,kavya.gupta1120@example.com,+91-9000001120,SOUTH,CORPORATE,2026-02-26 07:00:00,2026-08-22 07:00:00
C01121,Vivaan Nair,vivaan.nair1121@example.com,+91-9000001121,EAST,CORPORATE,2025-07-04 22:00:00,2025-07-26 22:00:00
C01122,Nikhil Verma,nikhil.verma1122@example.com,+91-9000001122,WEST,STANDARD,2026-03-05 00:00:00,2026-04-23 00:00:00
C01123,Arjun Iyer,arjun.iyer1123@example.com,+91-9000001123,NORTH,CORPORATE,2025-04-08 19:00:00,2025-08-15 19:00:00
C01124,Kiran Gupta,kiran.gupta1124@example.com,+91-9000001124,SOUTH,STANDARD,2025-08-02 08:00:00,2025-08-30 08:00:00
C01125,Sai Das,sai.das1125@example.com,+91-9000001125,SOUTH,STANDARD,2026-05-01 15:00:00,2026-10-19 15:00:00
C01126,Vivaan Sharma,vivaan.sharma1126@example.com,+91-9000001126,WEST,PREMIUM,2026-01-08 09:00:00,2026-03-13 09:00:00
C01127,Ananya Nair,ananya.nair1127@example.com,+91-9000001127,SOUTH,CORPORATE,2026-04-10 01:00:00,2026-04-23 01:00:00
C01128,Aisha Patel,aisha.patel1128@example.com,+91-9000001128,EAST,CORPORATE,2025-06-11 00:00:00,2025-07-10 00:00:00
C01129,Aditya Kapoor,aditya.kapoor1129@example.com,+91-9000001129,EAST,CORPORATE,2025-08-29 23:00:00,2026-01-24 23:00:00
C01130,Ananya Singh,ananya.singh1130@example.com,+91-9000001130,NORTH,STANDARD,2025-07-23 23:00:00,2025-08-20 23:00:00
C01131,Ananya Kumar,ananya.kumar1131@example.com,+91-9000001131,NORTH,STANDARD,2025-04-11 07:00:00,2025-07-16 07:00:00
C01132,Kiran Reddy,kiran.reddy1132@example.com,+91-9000001132,EAST,STANDARD,2026-04-28 18:00:00,2026-08-17 18:00:00
C01133,Sai Kumar,sai.kumar1133@example.com,+91-9000001133,NORTH,PREMIUM,2026-04-11 05:00:00,2026-05-15 05:00:00
C01134,Priya Mehta,priya.mehta1134@example.com,+91-9000001134,NORTH,PREMIUM,2025-07-18 20:00:00,2025-09-07 20:00:00
C01135,Ananya Patel,ananya.patel1135@example.com,+91-9000001135,NORTH,STANDARD,2025-02-02 22:00:00,2025-04-14 22:00:00
C01136,Sai Reddy,sai.reddy1136@example.com,+91-9000001136,NORTH,STANDARD,2026-04-22 14:00:00,2026-07-18 14:00:00
C01137,Kiran Kapoor,kiran.kapoor1137@example.com,+91-9000001137,SOUTH,CORPORATE,2025-10-30 19:00:00,2026-04-04 19:00:00
C01138,Rahul Nair,rahul.nair1138@example.com,+91-9000001138,SOUTH,PREMIUM,2026-07-21 07:00:00,2026-12-01 07:00:00
C01139,Sneha Chowdhury,sneha.chowdhury1139@example.com,+91-9000001139,EAST,PREMIUM,2025-08-10 18:00:00,2025-10-20 18:00:00
C01140,Aarav Mehta,aarav.mehta1140@example.com,+91-9000001140,WEST,STANDARD,2026-03-15 23:00:00,2026-06-06 23:00:00
C01141,Meera Nair,meera.nair1141@example.com,+91-9000001141,SOUTH,CORPORATE,2025-08-16 18:00:00,2025-08-17 18:00:00
C01142,Meera Sharma,meera.sharma1142@example.com,+91-9000001142,WEST,STANDARD,2025-02-11 15:00:00,2025-05-30 15:00:00
C01143,Kavya Singh,kavya.singh1143@example.com,+91-9000001143,SOUTH,PREMIUM,2026-05-06 22:00:00,2026-09-09 22:00:00
C01144,Kiran Reddy,kiran.reddy1144@example.com,+91-9000001144,NORTH,STANDARD,2026-07-26 00:00:00,2026-08-28 00:00:00
C01145,Diya Rao,diya.rao1145@example.com,+91-9000001145,SOUTH,STANDARD,2025-09-02 20:00:00,2026-01-02 20:00:00
C01146,Nikhil Patel,nikhil.patel1146@example.com,+91-9000001146,NORTH,STANDARD,2026-04-16 18:00:00,2026-08-10 18:00:00
C01147,Priya Joshi,priya.joshi1147@example.com,+91-9000001147,NORTH,STANDARD,2025-05-22 22:00:00,2025-08-24 22:00:00
C01148,Priya Mehta,priya.mehta1148@example.com,+91-9000001148,SOUTH,PREMIUM,2025-01-02 20:00:00,2025-06-27 20:00:00
C01149,Ananya Iyer,ananya.iyer1149@example.com,+91-9000001149,NORTH,PREMIUM,2025-02-03 09:00:00,2025-07-31 09:00:00
C01150,Neha Iyer,neha.iyer1150@example.com,+91-9000001150,SOUTH,CORPORATE,2026-08-13 06:00:00,2026-11-06 06:00:00
C01151,Vivaan Iyer,vivaan.iyer1151@example.com,+91-9000001151,SOUTH,PREMIUM,2026-01-08 01:00:00,2026-04-11 01:00:00
C01152,Priya Nair,priya.nair1152@example.com,+91-9000001152,NORTH,STANDARD,2025-02-11 11:00:00,2025-07-26 11:00:00
C01153,Aisha Mehta,aisha.mehta1153@example.com,+91-9000001153,WEST,STANDARD,2025-03-10 17:00:00,2025-06-03 17:00:00
C01154,Kiran Iyer,kiran.iyer1154@example.com,+91-9000001154,EAST,CORPORATE,2025-04-27 20:00:00,2025-09-22 20:00:00
C01155,Rohan Joshi,rohan.joshi1155@example.com,+91-9000001155,NORTH,PREMIUM,2025-08-19 10:00:00,2025-12-25 10:00:00
C01156,Meera Rao,meera.rao1156@example.com,+91-9000001156,NORTH,PREMIUM,2025-02-25 02:00:00,2025-06-20 02:00:00
C01157,Sneha Iyer,sneha.iyer1157@example.com,+91-9000001157,EAST,CORPORATE,2026-06-24 03:00:00,2026-11-07 03:00:00
C01158,Aisha Kapoor,aisha.kapoor1158@example.com,+91-9000001158,NORTH,PREMIUM,2025-10-27 14:00:00,2026-04-17 14:00:00
C01159,Aditya Kumar,aditya.kumar1159@example.com,+91-9000001159,SOUTH,PREMIUM,2026-04-14 02:00:00,2026-05-29 02:00:00
C01160,Nikhil Reddy,nikhil.reddy1160@example.com,+91-9000001160,WEST,STANDARD,2025-04-22 05:00:00,2025-10-17 05:00:00
C01161,Sai Gupta,sai.gupta1161@example.com,+91-9000001161,WEST,CORPORATE,2025-06-04 06:00:00,2025-06-09 06:00:00
C01162,Nikhil Singh,nikhil.singh1162@example.com,+91-9000001162,EAST,PREMIUM,2026-07-09 04:00:00,2026-10-24 04:00:00
C01163,Priya Mehta,priya.mehta1163@example.com,+91-9000001163,WEST,STANDARD,2025-01-22 09:00:00,2025-01-27 09:00:00
C01164,Kiran Chowdhury,kiran.chowdhury1164@example.com,+91-9000001164,NORTH,PREMIUM,2026-06-17 20:00:00,2026-11-12 20:00:00
C01165,Ananya Das,ananya.das1165@example.com,+91-9000001165,NORTH,CORPORATE,2025-12-01 15:00:00,2026-05-28 15:00:00
C01166,Kavya Chowdhury,kavya.chowdhury1166@example.com,+91-9000001166,EAST,PREMIUM,2026-07-16 14:00:00,2026-12-08 14:00:00
C01167,Sai Kapoor,sai.kapoor1167@example.com,+91-9000001167,WEST,STANDARD,2025-11-10 05:00:00,2026-03-13 05:00:00
C01168,Diya Rao,diya.rao1168@example.com,+91-9000001168,NORTH,PREMIUM,2025-02-18 04:00:00,2025-06-14 04:00:00
C01169,Rahul Nair,rahul.nair1169@example.com,+91-9000001169,WEST,PREMIUM,2025-06-14 22:00:00,2025-07-30 22:00:00
C01170,Rahul Chowdhury,rahul.chowdhury1170@example.com,+91-9000001170,WEST,STANDARD,2025-06-07 05:00:00,2025-06-17 05:00:00
C01171,Ananya Nair,ananya.nair1171@example.com,+91-9000001171,WEST,PREMIUM,2025-05-10 14:00:00,2025-06-26 14:00:00
C01172,Rohan Iyer,rohan.iyer1172@example.com,+91-9000001172,NORTH,PREMIUM,2025-02-05 21:00:00,2025-03-14 21:00:00
C01173,Diya Gupta,diya.gupta1173@example.com,+91-9000001173,WEST,PREMIUM,2026-07-07 05:00:00,2026-08-07 05:00:00
C01174,Aarav Singh,aarav.singh1174@example.com,+91-9000001174,EAST,PREMIUM,2026-05-27 04:00:00,2026-07-05 04:00:00
C01175,Aarav Mehta,aarav.mehta1175@example.com,+91-9000001175,NORTH,CORPORATE,2026-07-14 16:00:00,2027-01-10 16:00:00
C01176,Nikhil Gupta,nikhil.gupta1176@example.com,+91-9000001176,SOUTH,CORPORATE,2025-10-24 18:00:00,2026-02-14 18:00:00
C01177,Ananya Mehta,ananya.mehta1177@example.com,+91-9000001177,EAST,STANDARD,2025-04-26 23:00:00,2025-05-31 23:00:00
C01178,Aisha Reddy,aisha.reddy1178@example.com,+91-9000001178,NORTH,CORPORATE,2025-11-12 00:00:00,2026-01-07 00:00:00
C01179,Priya Verma,priya.verma1179@example.com,+91-9000001179,SOUTH,CORPORATE,2025-04-05 10:00:00,2025-09-16 10:00:00
C01180,Rohan Nair,rohan.nair1180@example.com,+91-9000001180,WEST,STANDARD,2026-06-24 07:00:00,2026-06-29 07:00:00
C01181,Aditya Iyer,aditya.iyer1181@example.com,+91-9000001181,SOUTH,CORPORATE,2026-04-02 21:00:00,2026-07-11 21:00:00
C01182,Rohan Gupta,rohan.gupta1182@example.com,+91-9000001182,NORTH,CORPORATE,2025-11-22 19:00:00,2025-12-06 19:00:00
C01183,Diya Singh,diya.singh1183@example.com,+91-9000001183,NORTH,PREMIUM,2025-06-01 22:00:00,2025-09-07 22:00:00
C01184,Diya Sharma,diya.sharma1184@example.com,+91-9000001184,NORTH,PREMIUM,2025-10-19 11:00:00,2026-02-10 11:00:00
C01185,Aisha Reddy,aisha.reddy1185@example.com,+91-9000001185,EAST,CORPORATE,2025-08-09 23:00:00,2025-11-23 23:00:00
C01186,Priya Rao,priya.rao1186@example.com,+91-9000001186,NORTH,CORPORATE,2025-06-17 23:00:00,2025-10-01 23:00:00
C01187,Sai Chowdhury,sai.chowdhury1187@example.com,+91-9000001187,SOUTH,STANDARD,2026-08-25 19:00:00,2026-10-17 19:00:00
C01188,Nikhil Gupta,nikhil.gupta1188@example.com,+91-9000001188,SOUTH,CORPORATE,2026-06-22 10:00:00,2026-09-26 10:00:00
C01189,Aditya Sharma,aditya.sharma1189@example.com,+91-9000001189,WEST,PREMIUM,2026-02-24 20:00:00,2026-04-09 20:00:00
C01190,Aisha Gupta,aisha.gupta1190@example.com,+91-9000001190,WEST,STANDARD,2026-08-05 04:00:00,2026-11-10 04:00:00
C01191,Nikhil Iyer,nikhil.iyer1191@example.com,+91-9000001191,WEST,CORPORATE,2026-05-18 01:00:00,2026-08-03 01:00:00
C01192,Sneha Iyer,sneha.iyer1192@example.com,+91-9000001192,SOUTH,STANDARD,2026-04-20 07:00:00,2026-05-29 07:00:00
C01193,Vikram Rao,vikram.rao1193@example.com,+91-9000001193,WEST,PREMIUM,2026-04-29 03:00:00,2026-06-13 03:00:00
C01194,Sneha Kapoor,sneha.kapoor1194@example.com,+91-9000001194,SOUTH,PREMIUM,2025-09-08 00:00:00,2026-01-12 00:00:00
C01195,Aditya Nair,aditya.nair1195@example.com,+91-9000001195,EAST,CORPORATE,2026-01-06 18:00:00,2026-04-27 18:00:00
C01196,Vikram Das,vikram.das1196@example.com,+91-9000001196,SOUTH,PREMIUM,2026-05-03 22:00:00,2026-09-11 22:00:00
C01197,Pooja Sharma,pooja.sharma1197@example.com,+91-9000001197,NORTH,STANDARD,2025-09-23 05:00:00,2025-10-30 05:00:00
C01198,Ananya Gupta,ananya.gupta1198@example.com,+91-9000001198,SOUTH,STANDARD,2025-05-19 11:00:00,2025-07-27 11:00:00
C01199,Diya Singh,diya.singh1199@example.com,+91-9000001199,WEST,PREMIUM,2025-12-31 01:00:00,2026-05-15 01:00:00
C01200,Aditya Iyer,aditya.iyer1200@example.com,+91-9000001200,SOUTH,STANDARD,2025-07-18 20:00:00,2025-12-18 20:00:00
C01201,Rahul Iyer,rahul.iyer1201@example.com,+91-9000001201,WEST,PREMIUM,2025-11-27 10:00:00,2026-05-21 10:00:00
C01202,Diya Reddy,diya.reddy1202@example.com,+91-9000001202,NORTH,STANDARD,2026-07-02 18:00:00,2026-07-05 18:00:00
C01203,Sai Iyer,sai.iyer1203@example.com,+91-9000001203,EAST,PREMIUM,2025-10-16 11:00:00,2026-01-11 11:00:00
C01204,Rahul Reddy,rahul.reddy1204@example.com,+91-9000001204,WEST,STANDARD,2025-08-12 04:00:00,2025-09-29 04:00:00
C01205,Aisha Nair,aisha.nair1205@example.com,+91-9000001205,WEST,CORPORATE,2026-06-23 17:00:00,2026-07-22 17:00:00
C01206,Meera Gupta,meera.gupta1206@example.com,+91-9000001206,SOUTH,STANDARD,2025-03-20 03:00:00,2025-07-20 03:00:00
C01207,Diya Rao,diya.rao1207@example.com,+91-9000001207,EAST,CORPORATE,2026-01-07 04:00:00,2026-05-20 04:00:00
C01208,Ananya Patel,ananya.patel1208@example.com,+91-9000001208,SOUTH,STANDARD,2025-11-08 00:00:00,2025-12-10 00:00:00
C01209,Sai Mehta,sai.mehta1209@example.com,+91-9000001209,SOUTH,STANDARD,2025-08-21 09:00:00,2025-09-23 09:00:00
C01210,Aditya Singh,aditya.singh1210@example.com,+91-9000001210,SOUTH,PREMIUM,2025-04-25 02:00:00,2025-08-13 02:00:00
C01211,Vivaan Kumar,vivaan.kumar1211@example.com,+91-9000001211,WEST,CORPORATE,2025-04-21 01:00:00,2025-05-06 01:00:00
C01212,Sneha Reddy,sneha.reddy1212@example.com,+91-9000001212,SOUTH,PREMIUM,2025-09-17 01:00:00,2026-03-06 01:00:00
C01213,Aarav Joshi,aarav.joshi1213@example.com,+91-9000001213,NORTH,STANDARD,2025-04-09 03:00:00,2025-09-06 03:00:00
C01214,Rohan Patel,rohan.patel1214@example.com,+91-9000001214,SOUTH,STANDARD,2025-12-26 00:00:00,2026-03-07 00:00:00
C01215,Pooja Verma,pooja.verma1215@example.com,+91-9000001215,WEST,CORPORATE,2025-12-27 05:00:00,2026-06-01 05:00:00
C01216,Kiran Iyer,kiran.iyer1216@example.com,+91-9000001216,SOUTH,CORPORATE,2026-08-07 02:00:00,2026-08-10 02:00:00
C01217,Kavya Kumar,kavya.kumar1217@example.com,+91-9000001217,SOUTH,CORPORATE,2025-07-16 09:00:00,2025-07-17 09:00:00
C01218,Arjun Kapoor,arjun.kapoor1218@example.com,+91-9000001218,EAST,PREMIUM,2025-08-08 16:00:00,2026-02-02 16:00:00
C01219,Pooja Patel,pooja.patel1219@example.com,+91-9000001219,SOUTH,STANDARD,2026-03-27 21:00:00,2026-06-25 21:00:00
C01220,Ishita Singh,ishita.singh1220@example.com,+91-9000001220,WEST,PREMIUM,2025-08-08 16:00:00,2025-09-05 16:00:00
C01221,Ananya Reddy,ananya.reddy1221@example.com,+91-9000001221,WEST,STANDARD,2026-04-23 03:00:00,2026-08-27 03:00:00
C01222,Diya Mehta,diya.mehta1222@example.com,+91-9000001222,SOUTH,STANDARD,2025-10-23 17:00:00,2026-01-14 17:00:00
C01223,Sneha Reddy,sneha.reddy1223@example.com,+91-9000001223,EAST,CORPORATE,2026-01-30 09:00:00,2026-04-19 09:00:00
C01224,Priya Kumar,priya.kumar1224@example.com,+91-9000001224,WEST,PREMIUM,2026-07-22 13:00:00,2026-09-08 13:00:00
C01225,Aditya Kapoor,aditya.kapoor1225@example.com,+91-9000001225,NORTH,STANDARD,2026-05-03 21:00:00,2026-05-06 21:00:00
C01226,Sneha Das,sneha.das1226@example.com,+91-9000001226,EAST,CORPORATE,2025-04-18 12:00:00,2025-10-03 12:00:00
C01227,Aditya Reddy,aditya.reddy1227@example.com,+91-9000001227,NORTH,CORPORATE,2025-05-27 12:00:00,2025-10-25 12:00:00
C01228,Arjun Mehta,arjun.mehta1228@example.com,+91-9000001228,NORTH,STANDARD,2025-06-22 02:00:00,2025-09-16 02:00:00
C01229,Rohan Nair,rohan.nair1229@example.com,+91-9000001229,WEST,PREMIUM,2026-02-18 03:00:00,2026-06-25 03:00:00
C01230,Vikram Joshi,vikram.joshi1230@example.com,+91-9000001230,WEST,CORPORATE,2026-08-19 18:00:00,2026-11-29 18:00:00
C01231,Diya Gupta,diya.gupta1231@example.com,+91-9000001231,EAST,CORPORATE,2026-09-10 12:00:00,2026-11-20 12:00:00
C01232,Sai Joshi,sai.joshi1232@example.com,+91-9000001232,SOUTH,PREMIUM,2026-04-11 03:00:00,2026-08-14 03:00:00
C01233,Sneha Kumar,sneha.kumar1233@example.com,+91-9000001233,SOUTH,CORPORATE,2025-05-18 00:00:00,2025-05-31 00:00:00
C01234,Aditya Gupta,aditya.gupta1234@example.com,+91-9000001234,NORTH,CORPORATE,2025-01-28 05:00:00,2025-07-20 05:00:00
C01235,Ananya Patel,ananya.patel1235@example.com,+91-9000001235,NORTH,STANDARD,2025-11-07 19:00:00,2025-11-26 19:00:00
C01236,Kavya Joshi,kavya.joshi1236@example.com,+91-9000001236,WEST,PREMIUM,2026-05-20 14:00:00,2026-11-05 14:00:00
C01237,Sneha Gupta,sneha.gupta1237@example.com,+91-9000001237,WEST,PREMIUM,2026-06-01 08:00:00,2026-10-17 08:00:00
C01238,Aisha Sharma,aisha.sharma1238@example.com,+91-9000001238,SOUTH,PREMIUM,2025-02-02 13:00:00,2025-05-28 13:00:00
C01239,Ananya Chowdhury,ananya.chowdhury1239@example.com,+91-9000001239,EAST,STANDARD,2026-01-21 14:00:00,2026-01-29 14:00:00
C01240,Rahul Iyer,rahul.iyer1240@example.com,+91-9000001240,SOUTH,PREMIUM,2025-11-07 22:00:00,2026-02-25 22:00:00
C01241,Sai Rao,sai.rao1241@example.com,+91-9000001241,SOUTH,CORPORATE,2026-02-03 15:00:00,2026-07-25 15:00:00
C01242,Sneha Das,sneha.das1242@example.com,+91-9000001242,WEST,CORPORATE,2026-07-22 21:00:00,2026-11-19 21:00:00
C01243,Sneha Iyer,sneha.iyer1243@example.com,+91-9000001243,SOUTH,PREMIUM,2025-06-10 16:00:00,2025-08-16 16:00:00
C01244,Sneha Nair,sneha.nair1244@example.com,+91-9000001244,NORTH,PREMIUM,2026-01-22 19:00:00,2026-04-14 19:00:00
C01245,Vivaan Sharma,vivaan.sharma1245@example.com,+91-9000001245,SOUTH,PREMIUM,2026-08-28 01:00:00,2026-11-25 01:00:00
C01246,Pooja Sharma,pooja.sharma1246@example.com,+91-9000001246,SOUTH,PREMIUM,2025-12-16 12:00:00,2026-03-14 12:00:00
C01247,Diya Singh,diya.singh1247@example.com,+91-9000001247,WEST,STANDARD,2025-12-26 01:00:00,2026-02-24 01:00:00
C01248,Nikhil Nair,nikhil.nair1248@example.com,+91-9000001248,SOUTH,PREMIUM,2025-03-28 22:00:00,2025-04-26 22:00:00
C01249,Ananya Patel,ananya.patel1249@example.com,+91-9000001249,NORTH,STANDARD,2025-01-21 17:00:00,2025-05-18 17:00:00
C01250,Meera Nair,meera.nair1250@example.com,+91-9000001250,WEST,STANDARD,2026-06-12 13:00:00,2026-12-07 13:00:00
C01251,Sneha Nair,sneha.nair1251@example.com,+91-9000001251,NORTH,CORPORATE,2025-01-23 10:00:00,2025-05-02 10:00:00
C01252,Ananya Nair,ananya.nair1252@example.com,+91-9000001252,SOUTH,CORPORATE,2025-04-11 15:00:00,2025-09-30 15:00:00
C01253,Rohan Verma,rohan.verma1253@example.com,+91-9000001253,NORTH,STANDARD,2026-05-24 16:00:00,2026-10-28 16:00:00
C01254,Nikhil Verma,nikhil.verma1254@example.com,+91-9000001254,EAST,CORPORATE,2026-03-23 06:00:00,2026-04-11 06:00:00
C01255,Aisha Kumar,aisha.kumar1255@example.com,+91-9000001255,SOUTH,PREMIUM,2025-10-22 08:00:00,2026-03-17 08:00:00
C01256,Ishita Joshi,ishita.joshi1256@example.com,+91-9000001256,SOUTH,CORPORATE,2025-08-20 19:00:00,2026-01-15 19:00:00
C01257,Arjun Nair,arjun.nair1257@example.com,+91-9000001257,SOUTH,CORPORATE,2025-12-11 08:00:00,2026-04-25 08:00:00
C01258,Sneha Singh,sneha.singh1258@example.com,+91-9000001258,SOUTH,CORPORATE,2025-08-03 11:00:00,2025-10-19 11:00:00
C01259,Kavya Joshi,kavya.joshi1259@example.com,+91-9000001259,WEST,PREMIUM,2025-11-04 13:00:00,2025-12-25 13:00:00
C01260,Meera Singh,meera.singh1260@example.com,+91-9000001260,WEST,PREMIUM,2025-09-15 19:00:00,2026-03-05 19:00:00
C01261,Aisha Patel,aisha.patel1261@example.com,+91-9000001261,WEST,STANDARD,2025-01-20 20:00:00,2025-06-16 20:00:00
C01262,Sneha Kumar,sneha.kumar1262@example.com,+91-9000001262,WEST,CORPORATE,2026-04-24 08:00:00,2026-08-13 08:00:00
C01263,Pooja Mehta,pooja.mehta1263@example.com,+91-9000001263,WEST,PREMIUM,2025-03-03 16:00:00,2025-06-29 16:00:00
C01264,Sai Kumar,sai.kumar1264@example.com,+91-9000001264,WEST,PREMIUM,2025-06-04 23:00:00,2025-09-17 23:00:00
C01265,Ananya Chowdhury,ananya.chowdhury1265@example.com,+91-9000001265,WEST,PREMIUM,2025-03-07 20:00:00,2025-05-14 20:00:00
C01266,Nikhil Das,nikhil.das1266@example.com,+91-9000001266,NORTH,STANDARD,2025-06-14 08:00:00,2025-09-25 08:00:00
C01267,Kiran Reddy,kiran.reddy1267@example.com,+91-9000001267,SOUTH,STANDARD,2025-06-03 06:00:00,2025-08-21 06:00:00
C01268,Priya Gupta,priya.gupta1268@example.com,+91-9000001268,NORTH,CORPORATE,2026-07-28 13:00:00,2026-08-06 13:00:00
C01269,Rohan Patel,rohan.patel1269@example.com,+91-9000001269,SOUTH,PREMIUM,2025-10-07 04:00:00,2025-12-17 04:00:00
C01270,Aisha Patel,aisha.patel1270@example.com,+91-9000001270,EAST,STANDARD,2025-02-13 23:00:00,2025-02-27 23:00:00
C01271,Aditya Verma,aditya.verma1271@example.com,+91-9000001271,SOUTH,PREMIUM,2026-09-09 09:00:00,2026-12-11 09:00:00
C01272,Aditya Singh,aditya.singh1272@example.com,+91-9000001272,SOUTH,CORPORATE,2025-05-24 07:00:00,2025-09-29 07:00:00
C01273,Arjun Iyer,arjun.iyer1273@example.com,+91-9000001273,WEST,PREMIUM,2026-08-18 16:00:00,2026-09-10 16:00:00
C01274,Kiran Nair,kiran.nair1274@example.com,+91-9000001274,NORTH,CORPORATE,2025-05-06 10:00:00,2025-08-13 10:00:00
C01275,Kiran Kapoor,kiran.kapoor1275@example.com,+91-9000001275,SOUTH,STANDARD,2026-03-10 06:00:00,2026-04-23 06:00:00
C01276,Rohan Rao,rohan.rao1276@example.com,+91-9000001276,WEST,CORPORATE,2026-03-27 13:00:00,2026-04-10 13:00:00
C01277,Sneha Iyer,sneha.iyer1277@example.com,+91-9000001277,SOUTH,PREMIUM,2026-01-19 22:00:00,2026-06-07 22:00:00
C01278,Meera Gupta,meera.gupta1278@example.com,+91-9000001278,SOUTH,PREMIUM,2025-09-10 08:00:00,2026-01-09 08:00:00
C01279,Diya Chowdhury,diya.chowdhury1279@example.com,+91-9000001279,NORTH,STANDARD,2025-11-12 00:00:00,2026-04-30 00:00:00
C01280,Vivaan Mehta,vivaan.mehta1280@example.com,+91-9000001280,WEST,PREMIUM,2025-09-03 08:00:00,2025-11-21 08:00:00
C01281,Diya Kapoor,diya.kapoor1281@example.com,+91-9000001281,WEST,PREMIUM,2025-05-05 17:00:00,2025-08-12 17:00:00
C01282,Aarav Kapoor,aarav.kapoor1282@example.com,+91-9000001282,WEST,STANDARD,2026-02-07 08:00:00,2026-04-08 08:00:00
C01283,Nikhil Kumar,nikhil.kumar1283@example.com,+91-9000001283,NORTH,CORPORATE,2025-06-14 14:00:00,2025-09-26 14:00:00
C01284,Vivaan Rao,vivaan.rao1284@example.com,+91-9000001284,EAST,CORPORATE,2025-03-24 15:00:00,2025-07-07 15:00:00
C01285,Ananya Mehta,ananya.mehta1285@example.com,+91-9000001285,SOUTH,CORPORATE,2026-03-09 03:00:00,2026-05-14 03:00:00
C01286,Kavya Reddy,kavya.reddy1286@example.com,+91-9000001286,NORTH,CORPORATE,2025-12-27 13:00:00,2026-05-16 13:00:00
C01287,Ananya Gupta,ananya.gupta1287@example.com,+91-9000001287,SOUTH,CORPORATE,2025-01-29 01:00:00,2025-05-22 01:00:00
C01288,Sai Sharma,sai.sharma1288@example.com,+91-9000001288,WEST,PREMIUM,2026-02-15 06:00:00,2026-07-12 06:00:00
C01289,Aditya Reddy,aditya.reddy1289@example.com,+91-9000001289,WEST,CORPORATE,2025-06-11 07:00:00,2025-11-24 07:00:00
C01290,Sai Chowdhury,sai.chowdhury1290@example.com,+91-9000001290,NORTH,PREMIUM,2026-09-01 21:00:00,2026-12-25 21:00:00
C01291,Sneha Chowdhury,sneha.chowdhury1291@example.com,+91-9000001291,SOUTH,CORPORATE,2025-05-17 08:00:00,2025-10-15 08:00:00
C01292,Ananya Joshi,ananya.joshi1292@example.com,+91-9000001292,SOUTH,PREMIUM,2025-10-16 06:00:00,2026-01-18 06:00:00
C01293,Rahul Singh,rahul.singh1293@example.com,+91-9000001293,WEST,STANDARD,2026-01-22 18:00:00,2026-01-27 18:00:00
C01294,Aisha Das,aisha.das1294@example.com,+91-9000001294,EAST,STANDARD,2025-08-23 02:00:00,2025-10-29 02:00:00
C01295,Rahul Sharma,rahul.sharma1295@example.com,+91-9000001295,NORTH,CORPORATE,2026-02-15 19:00:00,2026-04-22 19:00:00
C01296,Sai Reddy,sai.reddy1296@example.com,+91-9000001296,NORTH,STANDARD,2026-01-12 05:00:00,2026-01-15 05:00:00
C01297,Kavya Singh,kavya.singh1297@example.com,+91-9000001297,EAST,STANDARD,2026-04-10 21:00:00,2026-06-06 21:00:00
C01298,Rohan Kumar,rohan.kumar1298@example.com,+91-9000001298,EAST,PREMIUM,2025-09-30 09:00:00,2025-11-02 09:00:00
C01299,Meera Chowdhury,meera.chowdhury1299@example.com,+91-9000001299,WEST,PREMIUM,2025-07-31 19:00:00,2026-01-20 19:00:00
C01300,Rohan Singh,rohan.singh1300@example.com,+91-9000001300,SOUTH,STANDARD,2025-07-04 13:00:00,2025-09-16 13:00:00
C01301,Vikram Kumar,vikram.kumar1301@example.com,+91-9000001301,NORTH,CORPORATE,2026-04-07 07:00:00,2026-09-29 07:00:00
C01302,Priya Reddy,priya.reddy1302@example.com,+91-9000001302,SOUTH,PREMIUM,2025-01-11 15:00:00,2025-07-07 15:00:00
C01303,Ishita Das,ishita.das1303@example.com,+91-9000001303,NORTH,CORPORATE,2025-08-06 22:00:00,2025-11-22 22:00:00
C01304,Neha Rao,neha.rao1304@example.com,+91-9000001304,WEST,STANDARD,2025-03-16 03:00:00,2025-03-29 03:00:00
C01305,Ananya Kapoor,ananya.kapoor1305@example.com,+91-9000001305,NORTH,CORPORATE,2025-08-29 15:00:00,2026-02-16 15:00:00
C01306,Neha Mehta,neha.mehta1306@example.com,+91-9000001306,WEST,CORPORATE,2025-02-16 00:00:00,2025-07-24 00:00:00
C01307,Ishita Rao,ishita.rao1307@example.com,+91-9000001307,NORTH,STANDARD,2026-02-09 21:00:00,2026-07-02 21:00:00
C01308,Vivaan Nair,vivaan.nair1308@example.com,+91-9000001308,SOUTH,CORPORATE,2025-07-03 08:00:00,2025-11-06 08:00:00
C01309,Ananya Kapoor,ananya.kapoor1309@example.com,+91-9000001309,SOUTH,PREMIUM,2026-04-25 04:00:00,2026-09-07 04:00:00
C01310,Meera Patel,meera.patel1310@example.com,+91-9000001310,NORTH,STANDARD,2025-09-24 03:00:00,2025-10-26 03:00:00
C01311,Sneha Chowdhury,sneha.chowdhury1311@example.com,+91-9000001311,NORTH,PREMIUM,2025-10-15 23:00:00,2025-12-26 23:00:00
C01312,Vikram Nair,vikram.nair1312@example.com,+91-9000001312,NORTH,PREMIUM,2025-09-28 16:00:00,2025-11-09 16:00:00
C01313,Ananya Mehta,ananya.mehta1313@example.com,+91-9000001313,WEST,CORPORATE,2026-05-19 04:00:00,2026-10-28 04:00:00
C01314,Priya Sharma,priya.sharma1314@example.com,+91-9000001314,SOUTH,STANDARD,2025-07-13 04:00:00,2025-08-28 04:00:00
C01315,Vivaan Gupta,vivaan.gupta1315@example.com,+91-9000001315,EAST,PREMIUM,2025-09-24 05:00:00,2025-10-23 05:00:00
C01316,Sneha Sharma,sneha.sharma1316@example.com,+91-9000001316,WEST,PREMIUM,2026-03-29 11:00:00,2026-07-24 11:00:00
C01317,Sneha Reddy,sneha.reddy1317@example.com,+91-9000001317,NORTH,STANDARD,2025-06-01 03:00:00,2025-07-23 03:00:00
C01318,Nikhil Patel,nikhil.patel1318@example.com,+91-9000001318,WEST,PREMIUM,2025-06-22 23:00:00,2025-11-13 23:00:00
C01319,Pooja Kumar,pooja.kumar1319@example.com,+91-9000001319,WEST,CORPORATE,2026-08-21 00:00:00,2026-10-06 00:00:00
C01320,Meera Kapoor,meera.kapoor1320@example.com,+91-9000001320,EAST,CORPORATE,2025-03-20 07:00:00,2025-04-13 07:00:00
C01321,Ananya Sharma,ananya.sharma1321@example.com,+91-9000001321,SOUTH,PREMIUM,2025-10-19 21:00:00,2026-01-22 21:00:00
C01322,Pooja Kapoor,pooja.kapoor1322@example.com,+91-9000001322,SOUTH,STANDARD,2025-04-19 10:00:00,2025-05-09 10:00:00
C01323,Priya Chowdhury,priya.chowdhury1323@example.com,+91-9000001323,WEST,CORPORATE,2026-05-07 14:00:00,2026-10-22 14:00:00
C01324,Aarav Verma,aarav.verma1324@example.com,+91-9000001324,NORTH,PREMIUM,2025-02-14 20:00:00,2025-05-08 20:00:00
C01325,Pooja Patel,pooja.patel1325@example.com,+91-9000001325,WEST,PREMIUM,2025-08-05 01:00:00,2025-08-19 01:00:00
C01326,Aditya Iyer,aditya.iyer1326@example.com,+91-9000001326,SOUTH,PREMIUM,2026-09-09 12:00:00,2026-11-13 12:00:00
C01327,Rahul Kumar,rahul.kumar1327@example.com,+91-9000001327,SOUTH,STANDARD,2026-02-13 02:00:00,2026-03-26 02:00:00
C01328,Ishita Joshi,ishita.joshi1328@example.com,+91-9000001328,SOUTH,STANDARD,2026-02-17 09:00:00,2026-05-04 09:00:00
C01329,Sneha Joshi,sneha.joshi1329@example.com,+91-9000001329,WEST,CORPORATE,2026-03-19 23:00:00,2026-08-20 23:00:00
C01330,Sai Verma,sai.verma1330@example.com,+91-9000001330,WEST,STANDARD,2025-04-09 11:00:00,2025-08-12 11:00:00
C01331,Priya Kapoor,priya.kapoor1331@example.com,+91-9000001331,WEST,CORPORATE,2026-02-02 15:00:00,2026-07-05 15:00:00
C01332,Meera Reddy,meera.reddy1332@example.com,+91-9000001332,NORTH,STANDARD,2026-03-09 11:00:00,2026-06-28 11:00:00
C01333,Meera Reddy,meera.reddy1333@example.com,+91-9000001333,NORTH,PREMIUM,2025-02-11 16:00:00,2025-08-03 16:00:00
C01334,Kiran Das,kiran.das1334@example.com,+91-9000001334,WEST,CORPORATE,2025-06-08 15:00:00,2025-11-20 15:00:00
C01335,Kavya Reddy,kavya.reddy1335@example.com,+91-9000001335,NORTH,STANDARD,2025-10-25 14:00:00,2026-02-24 14:00:00
C01336,Nikhil Patel,nikhil.patel1336@example.com,+91-9000001336,WEST,STANDARD,2025-05-11 21:00:00,2025-09-21 21:00:00
C01337,Meera Rao,meera.rao1337@example.com,+91-9000001337,WEST,STANDARD,2026-08-06 01:00:00,2026-08-17 01:00:00
C01338,Kavya Reddy,kavya.reddy1338@example.com,+91-9000001338,NORTH,STANDARD,2026-06-07 13:00:00,2026-10-03 13:00:00
C01339,Pooja Chowdhury,pooja.chowdhury1339@example.com,+91-9000001339,WEST,CORPORATE,2025-09-17 11:00:00,2025-10-07 11:00:00
C01340,Kavya Sharma,kavya.sharma1340@example.com,+91-9000001340,EAST,STANDARD,2025-04-27 23:00:00,2025-06-12 23:00:00
C01341,Ishita Sharma,ishita.sharma1341@example.com,+91-9000001341,WEST,PREMIUM,2025-03-27 13:00:00,2025-08-24 13:00:00
C01342,Priya Joshi,priya.joshi1342@example.com,+91-9000001342,WEST,PREMIUM,2026-04-06 19:00:00,2026-05-23 19:00:00
C01343,Rohan Patel,rohan.patel1343@example.com,+91-9000001343,NORTH,PREMIUM,2025-03-22 23:00:00,2025-09-10 23:00:00
C01344,Arjun Singh,arjun.singh1344@example.com,+91-9000001344,SOUTH,PREMIUM,2026-07-02 00:00:00,2026-07-31 00:00:00
C01345,Aarav Patel,aarav.patel1345@example.com,+91-9000001345,NORTH,CORPORATE,2026-05-04 14:00:00,2026-10-05 14:00:00
C01346,Sneha Rao,sneha.rao1346@example.com,+91-9000001346,NORTH,PREMIUM,2026-01-05 22:00:00,2026-01-27 22:00:00
C01347,Sai Patel,sai.patel1347@example.com,+91-9000001347,SOUTH,STANDARD,2025-01-15 06:00:00,2025-07-12 06:00:00
C01348,Rohan Chowdhury,rohan.chowdhury1348@example.com,+91-9000001348,EAST,CORPORATE,2025-01-28 06:00:00,2025-03-06 06:00:00
C01349,Kiran Singh,kiran.singh1349@example.com,+91-9000001349,SOUTH,PREMIUM,2026-07-06 06:00:00,2026-11-01 06:00:00
C01350,Sai Gupta,sai.gupta1350@example.com,+91-9000001350,SOUTH,STANDARD,2026-03-09 00:00:00,2026-04-17 00:00:00
C01351,Priya Gupta,priya.gupta1351@example.com,+91-9000001351,EAST,CORPORATE,2026-04-28 00:00:00,2026-06-29 00:00:00
C01352,Rohan Rao,rohan.rao1352@example.com,+91-9000001352,SOUTH,PREMIUM,2026-08-07 12:00:00,2026-08-09 12:00:00
C01353,Arjun Das,arjun.das1353@example.com,+91-9000001353,EAST,CORPORATE,2026-03-19 13:00:00,2026-08-14 13:00:00
C01354,Neha Mehta,neha.mehta1354@example.com,+91-9000001354,SOUTH,PREMIUM,2026-07-22 09:00:00,2026-11-01 09:00:00
C01355,Sneha Iyer,sneha.iyer1355@example.com,+91-9000001355,NORTH,CORPORATE,2026-08-29 23:00:00,2026-12-31 23:00:00
C01356,Kiran Mehta,kiran.mehta1356@example.com,+91-9000001356,SOUTH,PREMIUM,2025-03-04 16:00:00,2025-07-29 16:00:00
C01357,Ananya Iyer,ananya.iyer1357@example.com,+91-9000001357,NORTH,PREMIUM,2025-03-07 08:00:00,2025-04-05 08:00:00
C01358,Sneha Nair,sneha.nair1358@example.com,+91-9000001358,NORTH,STANDARD,2025-12-22 14:00:00,2026-02-01 14:00:00
C01359,Nikhil Mehta,nikhil.mehta1359@example.com,+91-9000001359,NORTH,PREMIUM,2025-07-16 15:00:00,2025-09-13 15:00:00
C01360,Kavya Kumar,kavya.kumar1360@example.com,+91-9000001360,NORTH,CORPORATE,2026-08-25 21:00:00,2027-02-09 21:00:00
C01361,Priya Patel,priya.patel1361@example.com,+91-9000001361,NORTH,PREMIUM,2025-10-28 23:00:00,2026-04-18 23:00:00
C01362,Diya Joshi,diya.joshi1362@example.com,+91-9000001362,NORTH,STANDARD,2026-04-29 05:00:00,2026-07-10 05:00:00
C01363,Aditya Das,aditya.das1363@example.com,+91-9000001363,SOUTH,STANDARD,2026-05-10 04:00:00,2026-06-19 04:00:00
C01364,Neha Gupta,neha.gupta1364@example.com,+91-9000001364,EAST,PREMIUM,2025-04-14 13:00:00,2025-06-13 13:00:00
C01365,Rohan Iyer,rohan.iyer1365@example.com,+91-9000001365,NORTH,PREMIUM,2025-02-18 00:00:00,2025-05-20 00:00:00
C01366,Rahul Patel,rahul.patel1366@example.com,+91-9000001366,SOUTH,PREMIUM,2026-05-31 01:00:00,2026-09-18 01:00:00
C01367,Arjun Nair,arjun.nair1367@example.com,+91-9000001367,WEST,STANDARD,2025-08-21 03:00:00,2025-12-23 03:00:00
C01368,Vikram Verma,vikram.verma1368@example.com,+91-9000001368,WEST,PREMIUM,2025-12-30 01:00:00,2026-02-06 01:00:00
C01369,Kavya Nair,kavya.nair1369@example.com,+91-9000001369,SOUTH,PREMIUM,2025-04-17 22:00:00,2025-08-12 22:00:00
C01370,Arjun Reddy,arjun.reddy1370@example.com,+91-9000001370,SOUTH,CORPORATE,2025-04-15 17:00:00,2025-05-11 17:00:00
C01371,Rahul Das,rahul.das1371@example.com,+91-9000001371,NORTH,STANDARD,2025-05-01 06:00:00,2025-07-14 06:00:00
C01372,Priya Joshi,priya.joshi1372@example.com,+91-9000001372,SOUTH,STANDARD,2026-06-03 15:00:00,2026-11-15 15:00:00
C01373,Diya Verma,diya.verma1373@example.com,+91-9000001373,WEST,PREMIUM,2025-05-22 03:00:00,2025-09-05 03:00:00
C01374,Aarav Kumar,aarav.kumar1374@example.com,+91-9000001374,WEST,CORPORATE,2026-05-01 10:00:00,2026-06-13 10:00:00
C01375,Aditya Rao,aditya.rao1375@example.com,+91-9000001375,NORTH,PREMIUM,2026-01-17 22:00:00,2026-06-27 22:00:00
C01376,Kiran Patel,kiran.patel1376@example.com,+91-9000001376,WEST,STANDARD,2026-06-27 13:00:00,2026-10-14 13:00:00
C01377,Meera Kapoor,meera.kapoor1377@example.com,+91-9000001377,WEST,CORPORATE,2026-02-24 14:00:00,2026-05-27 14:00:00
C01378,Aarav Gupta,aarav.gupta1378@example.com,+91-9000001378,WEST,STANDARD,2025-05-30 00:00:00,2025-06-20 00:00:00
C01379,Ananya Verma,ananya.verma1379@example.com,+91-9000001379,NORTH,STANDARD,2026-02-16 05:00:00,2026-05-27 05:00:00
C01380,Vivaan Das,vivaan.das1380@example.com,+91-9000001380,SOUTH,CORPORATE,2025-06-04 18:00:00,2025-11-20 18:00:00
C01381,Kavya Rao,kavya.rao1381@example.com,+91-9000001381,WEST,PREMIUM,2026-03-06 12:00:00,2026-05-25 12:00:00
C01382,Diya Sharma,diya.sharma1382@example.com,+91-9000001382,NORTH,STANDARD,2025-10-14 16:00:00,2026-04-11 16:00:00
C01383,Ishita Gupta,ishita.gupta1383@example.com,+91-9000001383,NORTH,CORPORATE,2025-07-30 17:00:00,2026-01-12 17:00:00
C01384,Priya Mehta,priya.mehta1384@example.com,+91-9000001384,NORTH,STANDARD,2025-12-20 20:00:00,2026-03-07 20:00:00
C01385,Aditya Sharma,aditya.sharma1385@example.com,+91-9000001385,NORTH,CORPORATE,2026-07-05 10:00:00,2026-08-06 10:00:00
C01386,Kavya Iyer,kavya.iyer1386@example.com,+91-9000001386,SOUTH,CORPORATE,2025-10-18 06:00:00,2026-03-08 06:00:00
C01387,Nikhil Iyer,nikhil.iyer1387@example.com,+91-9000001387,SOUTH,STANDARD,2025-12-15 20:00:00,2025-12-22 20:00:00
C01388,Aisha Nair,aisha.nair1388@example.com,+91-9000001388,WEST,CORPORATE,2025-09-22 07:00:00,2026-01-08 07:00:00
C01389,Kavya Reddy,kavya.reddy1389@example.com,+91-9000001389,WEST,CORPORATE,2025-03-03 11:00:00,2025-07-10 11:00:00
C01390,Diya Reddy,diya.reddy1390@example.com,+91-9000001390,SOUTH,PREMIUM,2025-02-18 20:00:00,2025-05-05 20:00:00
C01391,Pooja Mehta,pooja.mehta1391@example.com,+91-9000001391,NORTH,STANDARD,2025-01-06 14:00:00,2025-06-03 14:00:00
C01392,Pooja Mehta,pooja.mehta1392@example.com,+91-9000001392,WEST,PREMIUM,2026-07-01 19:00:00,2026-09-15 19:00:00
C01393,Nikhil Das,nikhil.das1393@example.com,+91-9000001393,SOUTH,CORPORATE,2026-08-10 21:00:00,2026-11-14 21:00:00
C01394,Kavya Mehta,kavya.mehta1394@example.com,+91-9000001394,NORTH,CORPORATE,2025-09-11 03:00:00,2026-02-07 03:00:00
C01395,Rohan Chowdhury,rohan.chowdhury1395@example.com,+91-9000001395,SOUTH,STANDARD,2026-01-05 14:00:00,2026-04-23 14:00:00
C01396,Meera Reddy,meera.reddy1396@example.com,+91-9000001396,NORTH,STANDARD,2025-04-05 01:00:00,2025-08-04 01:00:00
C01397,Rohan Gupta,rohan.gupta1397@example.com,+91-9000001397,WEST,PREMIUM,2025-03-21 11:00:00,2025-08-18 11:00:00
C01398,Aisha Iyer,aisha.iyer1398@example.com,+91-9000001398,NORTH,PREMIUM,2026-02-09 08:00:00,2026-07-21 08:00:00
C01399,Meera Gupta,meera.gupta1399@example.com,+91-9000001399,NORTH,STANDARD,2026-05-17 23:00:00,2026-06-22 23:00:00
C01400,Kavya Patel,kavya.patel1400@example.com,+91-9000001400,EAST,STANDARD,2026-05-12 22:00:00,2026-11-08 22:00:00
C01401,Kavya Chowdhury,kavya.chowdhury1401@example.com,+91-9000001401,WEST,PREMIUM,2026-06-26 03:00:00,2026-10-25 03:00:00
C01402,Vivaan Mehta,vivaan.mehta1402@example.com,+91-9000001402,NORTH,STANDARD,2025-06-10 17:00:00,2025-11-11 17:00:00
C01403,Meera Reddy,meera.reddy1403@example.com,+91-9000001403,NORTH,PREMIUM,2025-05-04 11:00:00,2025-05-14 11:00:00
C01404,Kavya Patel,kavya.patel1404@example.com,+91-9000001404,WEST,PREMIUM,2025-05-01 11:00:00,2025-07-17 11:00:00
C01405,Nikhil Gupta,nikhil.gupta1405@example.com,+91-9000001405,SOUTH,CORPORATE,2025-01-29 04:00:00,2025-05-16 04:00:00
C01406,Vivaan Kapoor,vivaan.kapoor1406@example.com,+91-9000001406,WEST,STANDARD,2025-11-09 09:00:00,2026-03-14 09:00:00
C01407,Aarav Reddy,aarav.reddy1407@example.com,+91-9000001407,SOUTH,STANDARD,2026-07-15 11:00:00,2026-10-29 11:00:00
C01408,Sneha Nair,sneha.nair1408@example.com,+91-9000001408,EAST,PREMIUM,2025-11-14 18:00:00,2026-02-18 18:00:00
C01409,Sneha Chowdhury,sneha.chowdhury1409@example.com,+91-9000001409,SOUTH,CORPORATE,2026-09-13 04:00:00,2027-02-22 04:00:00
C01410,Priya Joshi,priya.joshi1410@example.com,+91-9000001410,EAST,STANDARD,2026-04-06 21:00:00,2026-06-28 21:00:00
C01411,Aditya Joshi,aditya.joshi1411@example.com,+91-9000001411,WEST,PREMIUM,2026-02-24 12:00:00,2026-05-21 12:00:00
C01412,Aisha Sharma,aisha.sharma1412@example.com,+91-9000001412,WEST,CORPORATE,2026-03-30 23:00:00,2026-04-21 23:00:00
C01413,Rahul Mehta,rahul.mehta1413@example.com,+91-9000001413,WEST,CORPORATE,2025-01-26 18:00:00,2025-07-10 18:00:00
C01414,Arjun Das,arjun.das1414@example.com,+91-9000001414,WEST,CORPORATE,2026-07-27 02:00:00,2026-12-12 02:00:00
C01415,Pooja Joshi,pooja.joshi1415@example.com,+91-9000001415,WEST,STANDARD,2025-02-24 18:00:00,2025-06-25 18:00:00
C01416,Kavya Kapoor,kavya.kapoor1416@example.com,+91-9000001416,WEST,STANDARD,2025-01-20 03:00:00,2025-01-24 03:00:00
C01417,Vikram Joshi,vikram.joshi1417@example.com,+91-9000001417,NORTH,PREMIUM,2025-07-30 07:00:00,2025-08-20 07:00:00
C01418,Aisha Nair,aisha.nair1418@example.com,+91-9000001418,NORTH,STANDARD,2025-11-25 12:00:00,2026-03-30 12:00:00
C01419,Aarav Verma,aarav.verma1419@example.com,+91-9000001419,NORTH,STANDARD,2026-03-24 05:00:00,2026-08-06 05:00:00
C01420,Ananya Singh,ananya.singh1420@example.com,+91-9000001420,SOUTH,STANDARD,2025-09-21 02:00:00,2026-02-06 02:00:00
C01421,Rahul Rao,rahul.rao1421@example.com,+91-9000001421,WEST,STANDARD,2025-05-28 05:00:00,2025-07-06 05:00:00
C01422,Nikhil Singh,nikhil.singh1422@example.com,+91-9000001422,NORTH,PREMIUM,2025-06-23 01:00:00,2025-08-08 01:00:00
C01423,Aarav Mehta,aarav.mehta1423@example.com,+91-9000001423,NORTH,STANDARD,2025-03-01 09:00:00,2025-05-21 09:00:00
C01424,Sai Singh,sai.singh1424@example.com,+91-9000001424,NORTH,STANDARD,2025-11-28 08:00:00,2025-12-11 08:00:00
C01425,Rohan Kumar,rohan.kumar1425@example.com,+91-9000001425,WEST,PREMIUM,2026-09-04 18:00:00,2027-01-12 18:00:00
C01426,Kavya Singh,kavya.singh1426@example.com,+91-9000001426,SOUTH,PREMIUM,2025-04-28 08:00:00,2025-08-24 08:00:00
C01427,Aisha Singh,aisha.singh1427@example.com,+91-9000001427,SOUTH,PREMIUM,2025-03-09 15:00:00,2025-08-18 15:00:00
C01428,Kiran Kapoor,kiran.kapoor1428@example.com,+91-9000001428,WEST,CORPORATE,2025-01-20 08:00:00,2025-07-11 08:00:00
C01429,Arjun Kumar,arjun.kumar1429@example.com,+91-9000001429,SOUTH,PREMIUM,2026-07-23 20:00:00,2026-12-15 20:00:00
C01430,Meera Gupta,meera.gupta1430@example.com,+91-9000001430,WEST,STANDARD,2025-03-27 20:00:00,2025-05-02 20:00:00
C01431,Diya Iyer,diya.iyer1431@example.com,+91-9000001431,WEST,PREMIUM,2025-06-22 07:00:00,2025-11-11 07:00:00
C01432,Priya Sharma,priya.sharma1432@example.com,+91-9000001432,NORTH,PREMIUM,2025-01-02 14:00:00,2025-06-18 14:00:00
C01433,Rahul Sharma,rahul.sharma1433@example.com,+91-9000001433,WEST,CORPORATE,2025-03-03 15:00:00,2025-05-06 15:00:00
C01434,Ishita Verma,ishita.verma1434@example.com,+91-9000001434,WEST,PREMIUM,2025-08-06 18:00:00,2025-08-17 18:00:00
C01435,Rahul Mehta,rahul.mehta1435@example.com,+91-9000001435,SOUTH,PREMIUM,2026-07-01 18:00:00,2026-07-23 18:00:00
C01436,Ishita Mehta,ishita.mehta1436@example.com,+91-9000001436,WEST,PREMIUM,2025-05-06 04:00:00,2025-08-24 04:00:00
C01437,Rohan Nair,rohan.nair1437@example.com,+91-9000001437,NORTH,CORPORATE,2026-06-01 10:00:00,2026-08-06 10:00:00
C01438,Priya Rao,priya.rao1438@example.com,+91-9000001438,NORTH,PREMIUM,2025-09-09 21:00:00,2025-11-01 21:00:00
C01439,Priya Nair,priya.nair1439@example.com,+91-9000001439,SOUTH,CORPORATE,2025-12-03 00:00:00,2025-12-03 00:00:00
C01440,Neha Gupta,neha.gupta1440@example.com,+91-9000001440,SOUTH,PREMIUM,2025-01-05 00:00:00,2025-05-27 00:00:00
C01441,Sneha Joshi,sneha.joshi1441@example.com,+91-9000001441,SOUTH,CORPORATE,2026-02-07 17:00:00,2026-07-23 17:00:00
C01442,Aditya Iyer,aditya.iyer1442@example.com,+91-9000001442,EAST,CORPORATE,2025-02-01 21:00:00,2025-03-04 21:00:00
C01443,Diya Chowdhury,diya.chowdhury1443@example.com,+91-9000001443,NORTH,PREMIUM,2026-01-21 19:00:00,2026-03-07 19:00:00
C01444,Aarav Reddy,aarav.reddy1444@example.com,+91-9000001444,WEST,PREMIUM,2026-04-19 11:00:00,2026-04-21 11:00:00
C01445,Kiran Mehta,kiran.mehta1445@example.com,+91-9000001445,NORTH,STANDARD,2025-01-21 08:00:00,2025-02-13 08:00:00
C01446,Neha Das,neha.das1446@example.com,+91-9000001446,WEST,STANDARD,2025-11-07 22:00:00,2026-03-13 22:00:00
C01447,Diya Sharma,diya.sharma1447@example.com,+91-9000001447,NORTH,STANDARD,2025-10-15 15:00:00,2025-10-16 15:00:00
C01448,Rohan Chowdhury,rohan.chowdhury1448@example.com,+91-9000001448,WEST,CORPORATE,2026-02-10 03:00:00,2026-06-18 03:00:00
C01449,Sneha Patel,sneha.patel1449@example.com,+91-9000001449,NORTH,CORPORATE,2026-07-20 06:00:00,2027-01-10 06:00:00
C01450,Neha Nair,neha.nair1450@example.com,+91-9000001450,NORTH,STANDARD,2025-06-29 02:00:00,2025-07-15 02:00:00
C01451,Sai Rao,sai.rao1451@example.com,+91-9000001451,WEST,CORPORATE,2026-08-07 07:00:00,2026-10-16 07:00:00
C01452,Rohan Chowdhury,rohan.chowdhury1452@example.com,+91-9000001452,WEST,CORPORATE,2025-01-24 22:00:00,2025-03-29 22:00:00
C01453,Aisha Kapoor,aisha.kapoor1453@example.com,+91-9000001453,NORTH,CORPORATE,2026-04-10 00:00:00,2026-09-29 00:00:00
C01454,Vivaan Chowdhury,vivaan.chowdhury1454@example.com,+91-9000001454,NORTH,PREMIUM,2025-11-27 13:00:00,2025-12-28 13:00:00
C01455,Kavya Gupta,kavya.gupta1455@example.com,+91-9000001455,WEST,STANDARD,2026-05-23 11:00:00,2026-07-19 11:00:00
C01456,Vivaan Rao,vivaan.rao1456@example.com,+91-9000001456,EAST,PREMIUM,2026-03-07 17:00:00,2026-03-08 17:00:00
C01457,Ishita Kumar,ishita.kumar1457@example.com,+91-9000001457,NORTH,STANDARD,2025-12-09 02:00:00,2026-02-04 02:00:00
C01458,Meera Reddy,meera.reddy1458@example.com,+91-9000001458,SOUTH,PREMIUM,2025-09-13 06:00:00,2025-12-01 06:00:00
C01459,Aditya Das,aditya.das1459@example.com,+91-9000001459,EAST,PREMIUM,2025-04-10 00:00:00,2025-04-16 00:00:00
C01460,Pooja Joshi,pooja.joshi1460@example.com,+91-9000001460,WEST,STANDARD,2025-12-09 08:00:00,2026-04-09 08:00:00
C01461,Kiran Verma,kiran.verma1461@example.com,+91-9000001461,WEST,STANDARD,2025-02-25 10:00:00,2025-03-15 10:00:00
C01462,Neha Nair,neha.nair1462@example.com,+91-9000001462,EAST,CORPORATE,2026-03-26 03:00:00,2026-04-26 03:00:00
C01463,Aditya Sharma,aditya.sharma1463@example.com,+91-9000001463,NORTH,CORPORATE,2025-02-04 12:00:00,2025-02-20 12:00:00
C01464,Sai Sharma,sai.sharma1464@example.com,+91-9000001464,WEST,CORPORATE,2026-03-29 01:00:00,2026-09-05 01:00:00
C01465,Meera Reddy,meera.reddy1465@example.com,+91-9000001465,SOUTH,CORPORATE,2025-04-15 21:00:00,2025-04-28 21:00:00
C01466,Nikhil Chowdhury,nikhil.chowdhury1466@example.com,+91-9000001466,SOUTH,CORPORATE,2026-01-26 12:00:00,2026-05-11 12:00:00
C01467,Kiran Chowdhury,kiran.chowdhury1467@example.com,+91-9000001467,NORTH,STANDARD,2026-09-06 21:00:00,2026-12-31 21:00:00
C01468,Ishita Gupta,ishita.gupta1468@example.com,+91-9000001468,NORTH,STANDARD,2026-03-15 19:00:00,2026-06-09 19:00:00
C01469,Aarav Gupta,aarav.gupta1469@example.com,+91-9000001469,NORTH,STANDARD,2026-06-14 10:00:00,2026-07-11 10:00:00
C01470,Arjun Sharma,arjun.sharma1470@example.com,+91-9000001470,SOUTH,CORPORATE,2026-09-02 22:00:00,2026-10-21 22:00:00
C01471,Pooja Patel,pooja.patel1471@example.com,+91-9000001471,NORTH,PREMIUM,2026-06-06 08:00:00,2026-10-07 08:00:00
C01472,Neha Gupta,neha.gupta1472@example.com,+91-9000001472,SOUTH,STANDARD,2025-07-10 07:00:00,2025-07-25 07:00:00
C01473,Sai Rao,sai.rao1473@example.com,+91-9000001473,WEST,CORPORATE,2026-08-22 13:00:00,2026-11-21 13:00:00
C01474,Nikhil Nair,nikhil.nair1474@example.com,+91-9000001474,SOUTH,PREMIUM,2026-07-09 04:00:00,2026-09-26 04:00:00
C01475,Neha Verma,neha.verma1475@example.com,+91-9000001475,SOUTH,CORPORATE,2025-10-26 11:00:00,2026-03-25 11:00:00
C01476,Sai Sharma,sai.sharma1476@example.com,+91-9000001476,WEST,STANDARD,2025-09-01 16:00:00,2025-12-18 16:00:00
C01477,Diya Kumar,diya.kumar1477@example.com,+91-9000001477,WEST,STANDARD,2025-07-25 20:00:00,2025-10-20 20:00:00
C01478,Rohan Das,rohan.das1478@example.com,+91-9000001478,EAST,CORPORATE,2026-05-03 22:00:00,2026-10-27 22:00:00
C01479,Ananya Chowdhury,ananya.chowdhury1479@example.com,+91-9000001479,NORTH,CORPORATE,2026-08-16 18:00:00,2026-10-31 18:00:00
C01480,Meera Verma,meera.verma1480@example.com,+91-9000001480,EAST,STANDARD,2025-06-16 03:00:00,2025-10-20 03:00:00
C01481,Kiran Kapoor,kiran.kapoor1481@example.com,+91-9000001481,WEST,CORPORATE,2025-01-04 20:00:00,2025-03-03 20:00:00
C01482,Priya Nair,priya.nair1482@example.com,+91-9000001482,EAST,CORPORATE,2025-08-07 07:00:00,2025-10-30 07:00:00
C01483,Ishita Kumar,ishita.kumar1483@example.com,+91-9000001483,SOUTH,PREMIUM,2026-02-14 05:00:00,2026-02-16 05:00:00
C01484,Aditya Verma,aditya.verma1484@example.com,+91-9000001484,SOUTH,STANDARD,2025-01-31 17:00:00,2025-04-15 17:00:00
C01485,Priya Kumar,priya.kumar1485@example.com,+91-9000001485,SOUTH,STANDARD,2026-08-23 11:00:00,2026-10-12 11:00:00
C01486,Rohan Rao,rohan.rao1486@example.com,+91-9000001486,WEST,CORPORATE,2025-06-28 07:00:00,2025-08-11 07:00:00
C01487,Ananya Chowdhury,ananya.chowdhury1487@example.com,+91-9000001487,SOUTH,STANDARD,2026-07-22 07:00:00,2026-07-27 07:00:00
C01488,Rahul Chowdhury,rahul.chowdhury1488@example.com,+91-9000001488,SOUTH,CORPORATE,2025-09-26 03:00:00,2025-10-31 03:00:00
C01489,Ishita Das,ishita.das1489@example.com,+91-9000001489,WEST,PREMIUM,2025-04-24 10:00:00,2025-08-18 10:00:00
C01490,Kiran Verma,kiran.verma1490@example.com,+91-9000001490,SOUTH,CORPORATE,2026-01-17 21:00:00,2026-06-25 21:00:00
C01491,Meera Kapoor,meera.kapoor1491@example.com,+91-9000001491,SOUTH,STANDARD,2025-03-08 03:00:00,2025-04-25 03:00:00
C01492,Rohan Iyer,rohan.iyer1492@example.com,+91-9000001492,NORTH,PREMIUM,2026-01-23 22:00:00,2026-06-25 22:00:00
C01493,Meera Das,meera.das1493@example.com,+91-9000001493,NORTH,CORPORATE,2025-09-08 01:00:00,2025-10-26 01:00:00
C01494,Aisha Rao,aisha.rao1494@example.com,+91-9000001494,WEST,STANDARD,2025-06-02 10:00:00,2025-11-10 10:00:00
C01495,Vikram Chowdhury,vikram.chowdhury1495@example.com,+91-9000001495,NORTH,PREMIUM,2025-05-10 16:00:00,2025-07-02 16:00:00
C01496,Aditya Joshi,aditya.joshi1496@example.com,+91-9000001496,NORTH,STANDARD,2026-04-27 21:00:00,2026-06-08 21:00:00
C01497,Kavya Singh,kavya.singh1497@example.com,+91-9000001497,EAST,CORPORATE,2026-06-06 11:00:00,2026-10-02 11:00:00
C01498,Rahul Verma,rahul.verma1498@example.com,+91-9000001498,EAST,CORPORATE,2026-01-18 16:00:00,2026-05-24 16:00:00
C01499,Sneha Rao,sneha.rao1499@example.com,+91-9000001499,NORTH,CORPORATE,2026-08-19 12:00:00,2026-08-28 12:00:00
C01500,Rohan Kumar,rohan.kumar1500@example.com,+91-9000001500,WEST,PREMIUM,2025-07-27 14:00:00,2025-09-20 14:00:00
C01501,Nikhil Singh,nikhil.singh1501@example.com,+91-9000001501,SOUTH,PREMIUM,2026-01-22 18:00:00,2026-03-28 18:00:00
C01502,Aisha Reddy,aisha.reddy1502@example.com,+91-9000001502,WEST,PREMIUM,2025-05-18 02:00:00,2025-09-27 02:00:00
C01503,Diya Kumar,diya.kumar1503@example.com,+91-9000001503,EAST,CORPORATE,2026-08-21 01:00:00,2027-01-27 01:00:00
C01504,Ananya Singh,ananya.singh1504@example.com,+91-9000001504,NORTH,PREMIUM,2026-04-07 14:00:00,2026-07-10 14:00:00
C01505,Sneha Verma,sneha.verma1505@example.com,+91-9000001505,SOUTH,STANDARD,2025-10-07 12:00:00,2026-01-28 12:00:00
C01506,Kiran Rao,kiran.rao1506@example.com,+91-9000001506,SOUTH,PREMIUM,2025-03-19 11:00:00,2025-07-25 11:00:00
C01507,Kavya Iyer,kavya.iyer1507@example.com,+91-9000001507,WEST,STANDARD,2025-03-22 08:00:00,2025-04-21 08:00:00
C01508,Aditya Verma,aditya.verma1508@example.com,+91-9000001508,WEST,PREMIUM,2025-02-09 17:00:00,2025-03-31 17:00:00
C01509,Ananya Rao,ananya.rao1509@example.com,+91-9000001509,WEST,STANDARD,2025-11-06 23:00:00,2026-05-05 23:00:00
C01510,Neha Patel,neha.patel1510@example.com,+91-9000001510,SOUTH,PREMIUM,2026-07-11 08:00:00,2026-09-21 08:00:00
C01511,Diya Joshi,diya.joshi1511@example.com,+91-9000001511,NORTH,CORPORATE,2026-02-18 12:00:00,2026-02-21 12:00:00
C01512,Sneha Das,sneha.das1512@example.com,+91-9000001512,NORTH,STANDARD,2026-06-09 04:00:00,2026-08-06 04:00:00
C01513,Rohan Gupta,rohan.gupta1513@example.com,+91-9000001513,NORTH,CORPORATE,2025-08-28 16:00:00,2025-12-25 16:00:00
C01514,Priya Verma,priya.verma1514@example.com,+91-9000001514,WEST,PREMIUM,2025-03-29 10:00:00,2025-09-23 10:00:00
C01515,Meera Kumar,meera.kumar1515@example.com,+91-9000001515,WEST,STANDARD,2026-03-26 14:00:00,2026-06-29 14:00:00
C01516,Sai Nair,sai.nair1516@example.com,+91-9000001516,SOUTH,PREMIUM,2025-05-12 09:00:00,2025-10-27 09:00:00
C01517,Diya Verma,diya.verma1517@example.com,+91-9000001517,NORTH,CORPORATE,2025-08-19 13:00:00,2025-11-30 13:00:00
C01518,Aisha Rao,aisha.rao1518@example.com,+91-9000001518,SOUTH,CORPORATE,2025-11-30 18:00:00,2025-12-08 18:00:00
C01519,Sai Patel,sai.patel1519@example.com,+91-9000001519,NORTH,CORPORATE,2025-12-05 18:00:00,2026-04-30 18:00:00
C01520,Ishita Singh,ishita.singh1520@example.com,+91-9000001520,SOUTH,CORPORATE,2025-07-29 12:00:00,2025-11-04 12:00:00
C01521,Rohan Gupta,rohan.gupta1521@example.com,+91-9000001521,NORTH,PREMIUM,2025-04-22 10:00:00,2025-10-02 10:00:00
C01522,Nikhil Reddy,nikhil.reddy1522@example.com,+91-9000001522,WEST,STANDARD,2025-06-25 03:00:00,2025-07-03 03:00:00
C01523,Neha Gupta,neha.gupta1523@example.com,+91-9000001523,WEST,STANDARD,2025-01-28 05:00:00,2025-05-06 05:00:00
C01524,Nikhil Kumar,nikhil.kumar1524@example.com,+91-9000001524,WEST,STANDARD,2025-08-27 09:00:00,2025-12-21 09:00:00
C01525,Vivaan Verma,vivaan.verma1525@example.com,+91-9000001525,SOUTH,PREMIUM,2026-06-15 00:00:00,2026-09-28 00:00:00
C01526,Ishita Patel,ishita.patel1526@example.com,+91-9000001526,WEST,PREMIUM,2025-04-24 04:00:00,2025-08-24 04:00:00
C01527,Aditya Singh,aditya.singh1527@example.com,+91-9000001527,WEST,PREMIUM,2025-07-31 04:00:00,2025-11-18 04:00:00
C01528,Sneha Patel,sneha.patel1528@example.com,+91-9000001528,WEST,CORPORATE,2026-09-11 18:00:00,2026-11-01 18:00:00
C01529,Kavya Mehta,kavya.mehta1529@example.com,+91-9000001529,WEST,STANDARD,2026-04-15 08:00:00,2026-05-21 08:00:00
C01530,Priya Reddy,priya.reddy1530@example.com,+91-9000001530,WEST,CORPORATE,2026-02-13 19:00:00,2026-05-08 19:00:00
C01531,Pooja Kapoor,pooja.kapoor1531@example.com,+91-9000001531,EAST,CORPORATE,2026-05-18 14:00:00,2026-05-28 14:00:00
C01532,Aditya Rao,aditya.rao1532@example.com,+91-9000001532,WEST,PREMIUM,2026-04-13 11:00:00,2026-09-16 11:00:00
C01533,Rahul Singh,rahul.singh1533@example.com,+91-9000001533,NORTH,CORPORATE,2025-09-13 05:00:00,2026-01-01 05:00:00
C01534,Priya Singh,priya.singh1534@example.com,+91-9000001534,NORTH,STANDARD,2025-07-07 22:00:00,2025-10-15 22:00:00
C01535,Vivaan Kumar,vivaan.kumar1535@example.com,+91-9000001535,WEST,PREMIUM,2025-06-11 08:00:00,2025-11-28 08:00:00
C01536,Aditya Mehta,aditya.mehta1536@example.com,+91-9000001536,NORTH,CORPORATE,2025-08-11 15:00:00,2025-09-11 15:00:00
C01537,Diya Reddy,diya.reddy1537@example.com,+91-9000001537,NORTH,PREMIUM,2025-04-18 16:00:00,2025-08-11 16:00:00
C01538,Rahul Rao,rahul.rao1538@example.com,+91-9000001538,SOUTH,PREMIUM,2025-08-01 16:00:00,2025-08-07 16:00:00
C01539,Aditya Das,aditya.das1539@example.com,+91-9000001539,NORTH,CORPORATE,2026-04-18 12:00:00,2026-07-29 12:00:00
C01540,Rohan Singh,rohan.singh1540@example.com,+91-9000001540,WEST,STANDARD,2025-02-08 00:00:00,2025-03-14 00:00:00
C01541,Ananya Das,ananya.das1541@example.com,+91-9000001541,EAST,STANDARD,2026-04-21 15:00:00,2026-05-12 15:00:00
C01542,Aisha Das,aisha.das1542@example.com,+91-9000001542,EAST,STANDARD,2025-09-06 22:00:00,2026-01-04 22:00:00
C01543,Vikram Chowdhury,vikram.chowdhury1543@example.com,+91-9000001543,SOUTH,CORPORATE,2025-06-15 05:00:00,2025-07-10 05:00:00
C01544,Rahul Rao,rahul.rao1544@example.com,+91-9000001544,NORTH,STANDARD,2025-05-08 17:00:00,2025-05-27 17:00:00
C01545,Aarav Das,aarav.das1545@example.com,+91-9000001545,EAST,PREMIUM,2025-10-07 04:00:00,2025-11-21 04:00:00
C01546,Rohan Mehta,rohan.mehta1546@example.com,+91-9000001546,WEST,STANDARD,2025-02-05 21:00:00,2025-05-29 21:00:00
C01547,Vivaan Chowdhury,vivaan.chowdhury1547@example.com,+91-9000001547,SOUTH,PREMIUM,2026-06-20 20:00:00,2026-12-13 20:00:00
C01548,Nikhil Gupta,nikhil.gupta1548@example.com,+91-9000001548,SOUTH,STANDARD,2025-02-23 19:00:00,2025-05-30 19:00:00
C01549,Rohan Kapoor,rohan.kapoor1549@example.com,+91-9000001549,WEST,STANDARD,2025-09-13 11:00:00,2025-10-06 11:00:00
C01550,Aarav Singh,aarav.singh1550@example.com,+91-9000001550,NORTH,STANDARD,2025-01-29 00:00:00,2025-07-22 00:00:00
C01551,Aditya Kumar,aditya.kumar1551@example.com,+91-9000001551,SOUTH,CORPORATE,2025-04-09 21:00:00,2025-05-21 21:00:00
C01552,Vivaan Singh,vivaan.singh1552@example.com,+91-9000001552,NORTH,PREMIUM,2026-06-09 03:00:00,2026-10-30 03:00:00
C01553,Rohan Nair,rohan.nair1553@example.com,+91-9000001553,NORTH,PREMIUM,2025-08-01 17:00:00,2025-08-31 17:00:00
C01554,Kiran Kumar,kiran.kumar1554@example.com,+91-9000001554,NORTH,STANDARD,2025-04-19 11:00:00,2025-04-22 11:00:00
C01555,Ishita Das,ishita.das1555@example.com,+91-9000001555,NORTH,STANDARD,2025-11-20 00:00:00,2026-03-17 00:00:00
C01556,Kiran Reddy,kiran.reddy1556@example.com,+91-9000001556,NORTH,PREMIUM,2025-10-13 20:00:00,2025-10-24 20:00:00
C01557,Aditya Kapoor,aditya.kapoor1557@example.com,+91-9000001557,WEST,CORPORATE,2025-08-12 13:00:00,2025-12-17 13:00:00
C01558,Arjun Mehta,arjun.mehta1558@example.com,+91-9000001558,SOUTH,PREMIUM,2026-07-04 18:00:00,2026-07-28 18:00:00
C01559,Neha Verma,neha.verma1559@example.com,+91-9000001559,SOUTH,PREMIUM,2026-02-02 21:00:00,2026-03-18 21:00:00
C01560,Ananya Chowdhury,ananya.chowdhury1560@example.com,+91-9000001560,NORTH,STANDARD,2026-05-09 02:00:00,2026-10-11 02:00:00
C01561,Pooja Gupta,pooja.gupta1561@example.com,+91-9000001561,WEST,CORPORATE,2026-01-27 16:00:00,2026-06-26 16:00:00
C01562,Aarav Kumar,aarav.kumar1562@example.com,+91-9000001562,SOUTH,PREMIUM,2025-01-22 19:00:00,2025-03-23 19:00:00
C01563,Meera Joshi,meera.joshi1563@example.com,+91-9000001563,SOUTH,STANDARD,2025-09-07 19:00:00,2025-10-12 19:00:00
C01564,Diya Gupta,diya.gupta1564@example.com,+91-9000001564,SOUTH,PREMIUM,2025-10-31 06:00:00,2025-12-22 06:00:00
C01565,Vivaan Kumar,vivaan.kumar1565@example.com,+91-9000001565,NORTH,STANDARD,2026-09-05 14:00:00,2026-11-15 14:00:00
C01566,Ananya Das,ananya.das1566@example.com,+91-9000001566,NORTH,CORPORATE,2025-02-10 16:00:00,2025-04-24 16:00:00
C01567,Aarav Kumar,aarav.kumar1567@example.com,+91-9000001567,WEST,STANDARD,2025-12-06 10:00:00,2026-04-23 10:00:00
C01568,Vivaan Kapoor,vivaan.kapoor1568@example.com,+91-9000001568,WEST,CORPORATE,2025-09-12 21:00:00,2025-12-18 21:00:00
C01569,Kavya Verma,kavya.verma1569@example.com,+91-9000001569,SOUTH,STANDARD,2025-07-07 14:00:00,2025-11-09 14:00:00
C01570,Aditya Kumar,aditya.kumar1570@example.com,+91-9000001570,SOUTH,STANDARD,2025-02-23 20:00:00,2025-03-27 20:00:00
C01571,Aditya Patel,aditya.patel1571@example.com,+91-9000001571,WEST,STANDARD,2026-08-30 17:00:00,2027-01-06 17:00:00
C01572,Aditya Singh,aditya.singh1572@example.com,+91-9000001572,SOUTH,CORPORATE,2026-04-24 09:00:00,2026-06-13 09:00:00
C01573,Kiran Singh,kiran.singh1573@example.com,+91-9000001573,WEST,PREMIUM,2025-06-30 19:00:00,2025-09-11 19:00:00
C01574,Pooja Gupta,pooja.gupta1574@example.com,+91-9000001574,EAST,STANDARD,2025-07-26 08:00:00,2025-10-26 08:00:00
C01575,Ishita Singh,ishita.singh1575@example.com,+91-9000001575,EAST,PREMIUM,2025-06-21 15:00:00,2025-10-28 15:00:00
C01576,Neha Mehta,neha.mehta1576@example.com,+91-9000001576,EAST,STANDARD,2026-03-20 04:00:00,2026-06-25 04:00:00
C01577,Meera Chowdhury,meera.chowdhury1577@example.com,+91-9000001577,NORTH,CORPORATE,2025-03-27 09:00:00,2025-05-05 09:00:00
C01578,Aisha Mehta,aisha.mehta1578@example.com,+91-9000001578,NORTH,PREMIUM,2025-06-29 08:00:00,2025-09-15 08:00:00
C01579,Priya Rao,priya.rao1579@example.com,+91-9000001579,NORTH,PREMIUM,2026-01-20 17:00:00,2026-02-07 17:00:00
C01580,Ananya Patel,ananya.patel1580@example.com,+91-9000001580,SOUTH,STANDARD,2026-04-26 06:00:00,2026-04-27 06:00:00
C01581,Aarav Chowdhury,aarav.chowdhury1581@example.com,+91-9000001581,NORTH,PREMIUM,2026-05-28 23:00:00,2026-09-08 23:00:00
C01582,Meera Singh,meera.singh1582@example.com,+91-9000001582,EAST,PREMIUM,2026-01-18 12:00:00,2026-07-01 12:00:00
C01583,Pooja Reddy,pooja.reddy1583@example.com,+91-9000001583,SOUTH,PREMIUM,2026-02-23 01:00:00,2026-07-17 01:00:00
C01584,Rahul Kumar,rahul.kumar1584@example.com,+91-9000001584,NORTH,CORPORATE,2026-03-23 08:00:00,2026-07-26 08:00:00
C01585,Diya Mehta,diya.mehta1585@example.com,+91-9000001585,NORTH,PREMIUM,2025-03-01 20:00:00,2025-05-03 20:00:00
C01586,Kiran Gupta,kiran.gupta1586@example.com,+91-9000001586,SOUTH,CORPORATE,2025-02-05 11:00:00,2025-07-25 11:00:00
C01587,Sai Rao,sai.rao1587@example.com,+91-9000001587,SOUTH,PREMIUM,2026-09-12 14:00:00,2026-11-14 14:00:00
C01588,Neha Nair,neha.nair1588@example.com,+91-9000001588,SOUTH,STANDARD,2025-06-15 00:00:00,2025-11-26 00:00:00
C01589,Ishita Singh,ishita.singh1589@example.com,+91-9000001589,WEST,STANDARD,2026-08-24 02:00:00,2026-12-10 02:00:00
C01590,Rahul Chowdhury,rahul.chowdhury1590@example.com,+91-9000001590,WEST,CORPORATE,2026-03-14 08:00:00,2026-07-28 08:00:00
C01591,Ishita Nair,ishita.nair1591@example.com,+91-9000001591,NORTH,CORPORATE,2025-11-12 23:00:00,2025-12-04 23:00:00
C01592,Arjun Das,arjun.das1592@example.com,+91-9000001592,SOUTH,PREMIUM,2026-08-10 11:00:00,2026-10-02 11:00:00
C01593,Ishita Mehta,ishita.mehta1593@example.com,+91-9000001593,SOUTH,PREMIUM,2025-11-12 00:00:00,2025-11-12 00:00:00
C01594,Arjun Reddy,arjun.reddy1594@example.com,+91-9000001594,NORTH,CORPORATE,2026-03-04 16:00:00,2026-05-16 16:00:00
C01595,Meera Patel,meera.patel1595@example.com,+91-9000001595,SOUTH,CORPORATE,2025-06-30 11:00:00,2025-08-03 11:00:00
C01596,Rohan Gupta,rohan.gupta1596@example.com,+91-9000001596,SOUTH,PREMIUM,2025-07-06 16:00:00,2025-11-28 16:00:00
C01597,Rohan Patel,rohan.patel1597@example.com,+91-9000001597,SOUTH,STANDARD,2025-07-25 01:00:00,2025-09-29 01:00:00
C01598,Meera Gupta,meera.gupta1598@example.com,+91-9000001598,SOUTH,STANDARD,2025-04-22 20:00:00,2025-07-06 20:00:00
C01599,Aditya Singh,aditya.singh1599@example.com,+91-9000001599,SOUTH,PREMIUM,2025-05-08 08:00:00,2025-05-15 08:00:00
C01600,Pooja Kumar,pooja.kumar1600@example.com,+91-9000001600,SOUTH,STANDARD,2026-05-05 15:00:00,2026-05-20 15:00:00
C01601,Vikram Joshi,vikram.joshi1601@example.com,+91-9000001601,NORTH,STANDARD,2025-01-08 21:00:00,2025-02-01 21:00:00
C01602,Rohan Iyer,rohan.iyer1602@example.com,+91-9000001602,NORTH,CORPORATE,2025-01-08 12:00:00,2025-03-17 12:00:00
C01603,Sneha Gupta,sneha.gupta1603@example.com,+91-9000001603,NORTH,PREMIUM,2025-12-12 19:00:00,2026-03-16 19:00:00
C01604,Ananya Verma,ananya.verma1604@example.com,+91-9000001604,NORTH,PREMIUM,2025-09-03 11:00:00,2026-02-06 11:00:00
C01605,Vivaan Verma,vivaan.verma1605@example.com,+91-9000001605,SOUTH,PREMIUM,2025-12-05 03:00:00,2026-06-01 03:00:00
C01606,Ishita Mehta,ishita.mehta1606@example.com,+91-9000001606,NORTH,STANDARD,2025-05-23 00:00:00,2025-10-05 00:00:00
C01607,Vikram Mehta,vikram.mehta1607@example.com,+91-9000001607,EAST,CORPORATE,2025-09-12 11:00:00,2026-03-06 11:00:00
C01608,Sneha Iyer,sneha.iyer1608@example.com,+91-9000001608,WEST,STANDARD,2026-02-28 21:00:00,2026-08-10 21:00:00
C01609,Ananya Sharma,ananya.sharma1609@example.com,+91-9000001609,NORTH,CORPORATE,2026-01-04 01:00:00,2026-04-27 01:00:00
C01610,Kiran Nair,kiran.nair1610@example.com,+91-9000001610,NORTH,STANDARD,2026-05-12 12:00:00,2026-08-09 12:00:00
C01611,Meera Kapoor,meera.kapoor1611@example.com,+91-9000001611,SOUTH,CORPORATE,2026-05-03 21:00:00,2026-08-09 21:00:00
C01612,Nikhil Nair,nikhil.nair1612@example.com,+91-9000001612,SOUTH,CORPORATE,2025-07-19 22:00:00,2025-12-12 22:00:00
C01613,Kavya Sharma,kavya.sharma1613@example.com,+91-9000001613,SOUTH,PREMIUM,2025-05-11 15:00:00,2025-10-30 15:00:00
C01614,Aisha Chowdhury,aisha.chowdhury1614@example.com,+91-9000001614,EAST,STANDARD,2026-04-24 05:00:00,2026-08-25 05:00:00
C01615,Aisha Kumar,aisha.kumar1615@example.com,+91-9000001615,SOUTH,CORPORATE,2025-09-07 06:00:00,2026-03-05 06:00:00
C01616,Aditya Reddy,aditya.reddy1616@example.com,+91-9000001616,SOUTH,STANDARD,2026-03-22 22:00:00,2026-06-13 22:00:00
C01617,Ishita Joshi,ishita.joshi1617@example.com,+91-9000001617,WEST,CORPORATE,2025-10-15 07:00:00,2026-02-13 07:00:00
C01618,Arjun Das,arjun.das1618@example.com,+91-9000001618,EAST,STANDARD,2025-05-20 17:00:00,2025-11-13 17:00:00
C01619,Ananya Chowdhury,ananya.chowdhury1619@example.com,+91-9000001619,NORTH,STANDARD,2025-08-18 18:00:00,2026-01-29 18:00:00
C01620,Ananya Singh,ananya.singh1620@example.com,+91-9000001620,WEST,PREMIUM,2026-01-26 20:00:00,2026-03-26 20:00:00
C01621,Kiran Rao,kiran.rao1621@example.com,+91-9000001621,SOUTH,STANDARD,2025-04-29 09:00:00,2025-05-21 09:00:00
C01622,Ananya Mehta,ananya.mehta1622@example.com,+91-9000001622,SOUTH,CORPORATE,2026-08-30 06:00:00,2026-12-02 06:00:00
C01623,Sai Chowdhury,sai.chowdhury1623@example.com,+91-9000001623,NORTH,CORPORATE,2025-11-17 12:00:00,2025-11-17 12:00:00
C01624,Nikhil Sharma,nikhil.sharma1624@example.com,+91-9000001624,WEST,PREMIUM,2026-08-28 17:00:00,2026-12-14 17:00:00
C01625,Ananya Joshi,ananya.joshi1625@example.com,+91-9000001625,SOUTH,CORPORATE,2026-01-09 21:00:00,2026-06-27 21:00:00
C01626,Neha Nair,neha.nair1626@example.com,+91-9000001626,NORTH,STANDARD,2025-08-16 03:00:00,2025-12-31 03:00:00
C01627,Priya Verma,priya.verma1627@example.com,+91-9000001627,WEST,PREMIUM,2025-05-29 09:00:00,2025-11-19 09:00:00
C01628,Priya Patel,priya.patel1628@example.com,+91-9000001628,SOUTH,CORPORATE,2026-09-08 09:00:00,2027-02-25 09:00:00
C01629,Vivaan Nair,vivaan.nair1629@example.com,+91-9000001629,WEST,CORPORATE,2025-11-24 09:00:00,2025-12-25 09:00:00
C01630,Vikram Chowdhury,vikram.chowdhury1630@example.com,+91-9000001630,WEST,PREMIUM,2026-08-11 15:00:00,2026-10-24 15:00:00
C01631,Ishita Sharma,ishita.sharma1631@example.com,+91-9000001631,WEST,CORPORATE,2025-12-08 04:00:00,2026-02-03 04:00:00
C01632,Vivaan Kapoor,vivaan.kapoor1632@example.com,+91-9000001632,NORTH,PREMIUM,2025-07-03 15:00:00,2025-12-18 15:00:00
C01633,Rahul Sharma,rahul.sharma1633@example.com,+91-9000001633,NORTH,PREMIUM,2026-07-16 12:00:00,2027-01-05 12:00:00
C01634,Sneha Verma,sneha.verma1634@example.com,+91-9000001634,SOUTH,CORPORATE,2026-02-05 12:00:00,2026-04-18 12:00:00
C01635,Nikhil Mehta,nikhil.mehta1635@example.com,+91-9000001635,WEST,PREMIUM,2025-07-19 22:00:00,2025-08-12 22:00:00
C01636,Sai Verma,sai.verma1636@example.com,+91-9000001636,WEST,PREMIUM,2026-08-18 01:00:00,2027-02-01 01:00:00
C01637,Rahul Nair,rahul.nair1637@example.com,+91-9000001637,EAST,PREMIUM,2025-05-21 14:00:00,2025-06-27 14:00:00
C01638,Rohan Kumar,rohan.kumar1638@example.com,+91-9000001638,SOUTH,PREMIUM,2025-07-20 23:00:00,2025-12-14 23:00:00
C01639,Arjun Das,arjun.das1639@example.com,+91-9000001639,NORTH,CORPORATE,2025-06-01 12:00:00,2025-07-14 12:00:00
C01640,Vivaan Reddy,vivaan.reddy1640@example.com,+91-9000001640,SOUTH,STANDARD,2025-12-31 15:00:00,2026-01-30 15:00:00
C01641,Kavya Das,kavya.das1641@example.com,+91-9000001641,NORTH,STANDARD,2025-12-13 18:00:00,2026-05-22 18:00:00
C01642,Ishita Kumar,ishita.kumar1642@example.com,+91-9000001642,WEST,PREMIUM,2025-02-04 03:00:00,2025-06-09 03:00:00
C01643,Nikhil Mehta,nikhil.mehta1643@example.com,+91-9000001643,NORTH,CORPORATE,2026-09-03 05:00:00,2027-02-21 05:00:00
C01644,Aditya Joshi,aditya.joshi1644@example.com,+91-9000001644,NORTH,PREMIUM,2026-04-20 20:00:00,2026-09-28 20:00:00
C01645,Priya Verma,priya.verma1645@example.com,+91-9000001645,SOUTH,STANDARD,2025-01-12 03:00:00,2025-02-12 03:00:00
C01646,Sneha Das,sneha.das1646@example.com,+91-9000001646,SOUTH,CORPORATE,2026-06-06 07:00:00,2026-10-30 07:00:00
C01647,Pooja Gupta,pooja.gupta1647@example.com,+91-9000001647,SOUTH,CORPORATE,2025-10-08 22:00:00,2025-11-23 22:00:00
C01648,Ishita Gupta,ishita.gupta1648@example.com,+91-9000001648,NORTH,STANDARD,2026-03-21 09:00:00,2026-04-15 09:00:00
C01649,Ananya Reddy,ananya.reddy1649@example.com,+91-9000001649,NORTH,CORPORATE,2026-07-05 05:00:00,2026-07-10 05:00:00
C01650,Ishita Iyer,ishita.iyer1650@example.com,+91-9000001650,EAST,STANDARD,2026-07-04 16:00:00,2026-11-13 16:00:00
C01651,Pooja Iyer,pooja.iyer1651@example.com,+91-9000001651,SOUTH,STANDARD,2025-05-08 06:00:00,2025-10-08 06:00:00
C01652,Rahul Sharma,rahul.sharma1652@example.com,+91-9000001652,NORTH,STANDARD,2026-07-23 14:00:00,2026-08-02 14:00:00
C01653,Sai Nair,sai.nair1653@example.com,+91-9000001653,SOUTH,STANDARD,2025-07-31 20:00:00,2025-12-21 20:00:00
C01654,Vikram Chowdhury,vikram.chowdhury1654@example.com,+91-9000001654,SOUTH,CORPORATE,2025-02-05 02:00:00,2025-04-22 02:00:00
C01655,Diya Iyer,diya.iyer1655@example.com,+91-9000001655,SOUTH,STANDARD,2025-06-25 13:00:00,2025-09-09 13:00:00
C01656,Vivaan Iyer,vivaan.iyer1656@example.com,+91-9000001656,WEST,PREMIUM,2025-10-28 21:00:00,2025-12-02 21:00:00
C01657,Pooja Gupta,pooja.gupta1657@example.com,+91-9000001657,NORTH,CORPORATE,2025-11-17 16:00:00,2026-04-03 16:00:00
C01658,Kavya Kumar,kavya.kumar1658@example.com,+91-9000001658,SOUTH,STANDARD,2025-04-12 21:00:00,2025-04-21 21:00:00
C01659,Rohan Patel,rohan.patel1659@example.com,+91-9000001659,SOUTH,CORPORATE,2025-11-03 06:00:00,2026-03-24 06:00:00
C01660,Rohan Nair,rohan.nair1660@example.com,+91-9000001660,SOUTH,CORPORATE,2026-01-03 08:00:00,2026-06-11 08:00:00
C01661,Meera Reddy,meera.reddy1661@example.com,+91-9000001661,WEST,PREMIUM,2026-07-18 08:00:00,2026-12-31 08:00:00
C01662,Rahul Singh,rahul.singh1662@example.com,+91-9000001662,WEST,CORPORATE,2026-04-13 02:00:00,2026-07-30 02:00:00
C01663,Sai Iyer,sai.iyer1663@example.com,+91-9000001663,WEST,CORPORATE,2025-07-28 02:00:00,2026-01-22 02:00:00
C01664,Rohan Mehta,rohan.mehta1664@example.com,+91-9000001664,WEST,CORPORATE,2026-01-17 18:00:00,2026-02-27 18:00:00
C01665,Meera Chowdhury,meera.chowdhury1665@example.com,+91-9000001665,NORTH,PREMIUM,2025-06-07 10:00:00,2025-06-13 10:00:00
C01666,Neha Kumar,neha.kumar1666@example.com,+91-9000001666,SOUTH,CORPORATE,2025-03-21 08:00:00,2025-04-18 08:00:00
C01667,Aisha Singh,aisha.singh1667@example.com,+91-9000001667,SOUTH,PREMIUM,2025-03-09 10:00:00,2025-06-02 10:00:00
C01668,Vikram Patel,vikram.patel1668@example.com,+91-9000001668,SOUTH,STANDARD,2025-08-20 08:00:00,2025-11-24 08:00:00
C01669,Kiran Singh,kiran.singh1669@example.com,+91-9000001669,SOUTH,CORPORATE,2025-04-18 03:00:00,2025-07-05 03:00:00
C01670,Pooja Chowdhury,pooja.chowdhury1670@example.com,+91-9000001670,WEST,PREMIUM,2026-05-17 03:00:00,2026-11-12 03:00:00
C01671,Pooja Chowdhury,pooja.chowdhury1671@example.com,+91-9000001671,WEST,CORPORATE,2025-10-16 17:00:00,2025-11-10 17:00:00
C01672,Vivaan Patel,vivaan.patel1672@example.com,+91-9000001672,SOUTH,PREMIUM,2025-11-22 12:00:00,2026-05-14 12:00:00
C01673,Aisha Iyer,aisha.iyer1673@example.com,+91-9000001673,EAST,CORPORATE,2026-09-01 12:00:00,2026-10-03 12:00:00
C01674,Vikram Sharma,vikram.sharma1674@example.com,+91-9000001674,SOUTH,CORPORATE,2026-06-10 22:00:00,2026-07-12 22:00:00
C01675,Sai Singh,sai.singh1675@example.com,+91-9000001675,WEST,STANDARD,2026-08-05 23:00:00,2027-01-15 23:00:00
C01676,Diya Mehta,diya.mehta1676@example.com,+91-9000001676,NORTH,PREMIUM,2025-09-13 21:00:00,2026-03-12 21:00:00
C01677,Priya Patel,priya.patel1677@example.com,+91-9000001677,EAST,CORPORATE,2026-03-26 11:00:00,2026-06-07 11:00:00
C01678,Vikram Singh,vikram.singh1678@example.com,+91-9000001678,WEST,PREMIUM,2026-06-18 22:00:00,2026-11-27 22:00:00
C01679,Aditya Rao,aditya.rao1679@example.com,+91-9000001679,SOUTH,CORPORATE,2026-02-21 10:00:00,2026-03-13 10:00:00
C01680,Aditya Mehta,aditya.mehta1680@example.com,+91-9000001680,SOUTH,CORPORATE,2025-09-03 02:00:00,2025-09-17 02:00:00
C01681,Aditya Mehta,aditya.mehta1681@example.com,+91-9000001681,EAST,STANDARD,2025-10-20 17:00:00,2026-02-05 17:00:00
C01682,Kavya Kapoor,kavya.kapoor1682@example.com,+91-9000001682,EAST,CORPORATE,2025-05-20 15:00:00,2025-11-11 15:00:00
C01683,Aisha Mehta,aisha.mehta1683@example.com,+91-9000001683,SOUTH,CORPORATE,2025-05-08 12:00:00,2025-06-25 12:00:00
C01684,Aarav Mehta,aarav.mehta1684@example.com,+91-9000001684,WEST,CORPORATE,2026-03-12 22:00:00,2026-06-08 22:00:00
C01685,Kiran Mehta,kiran.mehta1685@example.com,+91-9000001685,NORTH,STANDARD,2026-06-25 21:00:00,2026-11-27 21:00:00
C01686,Priya Patel,priya.patel1686@example.com,+91-9000001686,SOUTH,STANDARD,2026-06-21 07:00:00,2026-09-22 07:00:00
C01687,Sai Iyer,sai.iyer1687@example.com,+91-9000001687,NORTH,PREMIUM,2025-12-28 01:00:00,2026-04-04 01:00:00
C01688,Rahul Verma,rahul.verma1688@example.com,+91-9000001688,WEST,CORPORATE,2025-04-26 10:00:00,2025-05-26 10:00:00
C01689,Nikhil Rao,nikhil.rao1689@example.com,+91-9000001689,WEST,STANDARD,2026-05-10 09:00:00,2026-05-10 09:00:00
C01690,Pooja Singh,pooja.singh1690@example.com,+91-9000001690,WEST,STANDARD,2025-08-11 09:00:00,2025-12-07 09:00:00
C01691,Neha Chowdhury,neha.chowdhury1691@example.com,+91-9000001691,NORTH,STANDARD,2026-05-15 01:00:00,2026-10-19 01:00:00
C01692,Priya Verma,priya.verma1692@example.com,+91-9000001692,SOUTH,STANDARD,2025-11-02 11:00:00,2026-01-30 11:00:00
C01693,Rahul Singh,rahul.singh1693@example.com,+91-9000001693,SOUTH,PREMIUM,2025-12-30 00:00:00,2026-05-04 00:00:00
C01694,Rohan Reddy,rohan.reddy1694@example.com,+91-9000001694,SOUTH,PREMIUM,2026-06-26 16:00:00,2026-07-27 16:00:00
C01695,Sneha Sharma,sneha.sharma1695@example.com,+91-9000001695,WEST,STANDARD,2025-06-09 21:00:00,2025-10-07 21:00:00
C01696,Ishita Verma,ishita.verma1696@example.com,+91-9000001696,NORTH,STANDARD,2025-11-03 11:00:00,2026-03-20 11:00:00
C01697,Vikram Reddy,vikram.reddy1697@example.com,+91-9000001697,EAST,STANDARD,2026-03-26 21:00:00,2026-04-30 21:00:00
C01698,Diya Mehta,diya.mehta1698@example.com,+91-9000001698,NORTH,CORPORATE,2026-03-21 00:00:00,2026-05-10 00:00:00
C01699,Arjun Kumar,arjun.kumar1699@example.com,+91-9000001699,SOUTH,PREMIUM,2025-10-19 01:00:00,2026-02-03 01:00:00
C01700,Ananya Kapoor,ananya.kapoor1700@example.com,+91-9000001700,WEST,PREMIUM,2025-02-02 05:00:00,2025-07-22 05:00:00
C01701,Vikram Reddy,vikram.reddy1701@example.com,+91-9000001701,WEST,PREMIUM,2026-03-08 15:00:00,2026-08-29 15:00:00
C01702,Sai Verma,sai.verma1702@example.com,+91-9000001702,NORTH,STANDARD,2026-02-14 16:00:00,2026-03-14 16:00:00
C01703,Arjun Joshi,arjun.joshi1703@example.com,+91-9000001703,SOUTH,PREMIUM,2025-01-22 04:00:00,2025-05-30 04:00:00
C01704,Aarav Joshi,aarav.joshi1704@example.com,+91-9000001704,NORTH,PREMIUM,2025-08-31 01:00:00,2026-01-30 01:00:00
C01705,Aarav Singh,aarav.singh1705@example.com,+91-9000001705,WEST,PREMIUM,2026-05-07 09:00:00,2026-05-28 09:00:00
C01706,Meera Kumar,meera.kumar1706@example.com,+91-9000001706,WEST,STANDARD,2025-06-06 23:00:00,2025-08-08 23:00:00
C01707,Vikram Joshi,vikram.joshi1707@example.com,+91-9000001707,WEST,CORPORATE,2025-04-28 08:00:00,2025-08-15 08:00:00
C01708,Rohan Gupta,rohan.gupta1708@example.com,+91-9000001708,WEST,CORPORATE,2025-04-16 22:00:00,2025-06-01 22:00:00
C01709,Rohan Chowdhury,rohan.chowdhury1709@example.com,+91-9000001709,SOUTH,STANDARD,2026-08-29 20:00:00,2026-09-28 20:00:00
C01710,Sai Singh,sai.singh1710@example.com,+91-9000001710,WEST,STANDARD,2025-02-09 08:00:00,2025-05-29 08:00:00
C01711,Aarav Nair,aarav.nair1711@example.com,+91-9000001711,SOUTH,PREMIUM,2025-07-24 02:00:00,2025-11-05 02:00:00
C01712,Kavya Rao,kavya.rao1712@example.com,+91-9000001712,NORTH,PREMIUM,2025-08-25 07:00:00,2025-12-25 07:00:00
C01713,Vivaan Iyer,vivaan.iyer1713@example.com,+91-9000001713,SOUTH,PREMIUM,2026-03-14 20:00:00,2026-04-11 20:00:00
C01714,Vikram Verma,vikram.verma1714@example.com,+91-9000001714,NORTH,STANDARD,2025-10-15 11:00:00,2026-01-04 11:00:00
C01715,Vivaan Patel,vivaan.patel1715@example.com,+91-9000001715,SOUTH,CORPORATE,2025-02-11 00:00:00,2025-05-04 00:00:00
C01716,Rohan Rao,rohan.rao1716@example.com,+91-9000001716,NORTH,STANDARD,2026-04-29 08:00:00,2026-08-17 08:00:00
C01717,Rahul Rao,rahul.rao1717@example.com,+91-9000001717,NORTH,PREMIUM,2026-05-19 11:00:00,2026-06-16 11:00:00
C01718,Arjun Das,arjun.das1718@example.com,+91-9000001718,WEST,STANDARD,2025-01-14 21:00:00,2025-04-08 21:00:00
C01719,Diya Mehta,diya.mehta1719@example.com,+91-9000001719,NORTH,CORPORATE,2026-01-06 23:00:00,2026-06-09 23:00:00
C01720,Diya Kumar,diya.kumar1720@example.com,+91-9000001720,NORTH,PREMIUM,2025-10-10 06:00:00,2025-11-01 06:00:00
C01721,Arjun Patel,arjun.patel1721@example.com,+91-9000001721,SOUTH,CORPORATE,2026-09-09 03:00:00,2027-02-23 03:00:00
C01722,Rohan Kumar,rohan.kumar1722@example.com,+91-9000001722,SOUTH,CORPORATE,2026-04-02 03:00:00,2026-09-07 03:00:00
C01723,Ananya Rao,ananya.rao1723@example.com,+91-9000001723,WEST,CORPORATE,2026-05-01 06:00:00,2026-06-09 06:00:00
C01724,Vivaan Patel,vivaan.patel1724@example.com,+91-9000001724,WEST,CORPORATE,2025-07-16 13:00:00,2025-09-18 13:00:00
C01725,Aisha Verma,aisha.verma1725@example.com,+91-9000001725,SOUTH,PREMIUM,2026-01-10 14:00:00,2026-01-27 14:00:00
C01726,Sneha Singh,sneha.singh1726@example.com,+91-9000001726,SOUTH,STANDARD,2026-06-21 16:00:00,2026-11-21 16:00:00
C01727,Vikram Mehta,vikram.mehta1727@example.com,+91-9000001727,SOUTH,CORPORATE,2025-05-13 09:00:00,2025-05-28 09:00:00
C01728,Rohan Mehta,rohan.mehta1728@example.com,+91-9000001728,WEST,CORPORATE,2026-02-12 15:00:00,2026-03-03 15:00:00
C01729,Rahul Gupta,rahul.gupta1729@example.com,+91-9000001729,WEST,PREMIUM,2026-06-06 12:00:00,2026-09-16 12:00:00
C01730,Neha Rao,neha.rao1730@example.com,+91-9000001730,SOUTH,STANDARD,2025-07-31 05:00:00,2025-12-24 05:00:00
C01731,Rohan Nair,rohan.nair1731@example.com,+91-9000001731,EAST,CORPORATE,2025-01-10 16:00:00,2025-05-24 16:00:00
C01732,Vikram Rao,vikram.rao1732@example.com,+91-9000001732,WEST,CORPORATE,2025-08-14 09:00:00,2025-09-13 09:00:00
C01733,Rahul Kumar,rahul.kumar1733@example.com,+91-9000001733,WEST,PREMIUM,2025-02-16 17:00:00,2025-02-26 17:00:00
C01734,Sai Kapoor,sai.kapoor1734@example.com,+91-9000001734,WEST,STANDARD,2025-10-12 04:00:00,2026-03-25 04:00:00
C01735,Kiran Chowdhury,kiran.chowdhury1735@example.com,+91-9000001735,SOUTH,STANDARD,2025-08-04 17:00:00,2026-01-17 17:00:00
C01736,Diya Das,diya.das1736@example.com,+91-9000001736,NORTH,STANDARD,2026-09-12 11:00:00,2027-03-11 11:00:00
C01737,Aisha Rao,aisha.rao1737@example.com,+91-9000001737,NORTH,PREMIUM,2025-05-17 13:00:00,2025-08-08 13:00:00
C01738,Vivaan Das,vivaan.das1738@example.com,+91-9000001738,WEST,CORPORATE,2025-01-11 11:00:00,2025-03-23 11:00:00
C01739,Rahul Rao,rahul.rao1739@example.com,+91-9000001739,NORTH,STANDARD,2025-01-17 17:00:00,2025-07-12 17:00:00
C01740,Ishita Das,ishita.das1740@example.com,+91-9000001740,NORTH,CORPORATE,2025-09-21 20:00:00,2025-11-12 20:00:00
C01741,Priya Kumar,priya.kumar1741@example.com,+91-9000001741,WEST,CORPORATE,2025-11-29 08:00:00,2026-05-09 08:00:00
C01742,Ishita Patel,ishita.patel1742@example.com,+91-9000001742,NORTH,PREMIUM,2026-04-02 07:00:00,2026-05-09 07:00:00
C01743,Sneha Reddy,sneha.reddy1743@example.com,+91-9000001743,EAST,STANDARD,2026-05-23 05:00:00,2026-07-07 05:00:00
C01744,Rohan Nair,rohan.nair1744@example.com,+91-9000001744,SOUTH,CORPORATE,2026-05-18 23:00:00,2026-07-29 23:00:00
C01745,Aarav Rao,aarav.rao1745@example.com,+91-9000001745,NORTH,CORPORATE,2025-06-16 05:00:00,2025-11-18 05:00:00
C01746,Rohan Reddy,rohan.reddy1746@example.com,+91-9000001746,NORTH,STANDARD,2025-05-27 02:00:00,2025-09-20 02:00:00
C01747,Ishita Reddy,ishita.reddy1747@example.com,+91-9000001747,SOUTH,CORPORATE,2026-06-24 04:00:00,2026-07-19 04:00:00
C01748,Ishita Singh,ishita.singh1748@example.com,+91-9000001748,SOUTH,CORPORATE,2025-01-22 03:00:00,2025-02-02 03:00:00
C01749,Sai Kumar,sai.kumar1749@example.com,+91-9000001749,SOUTH,CORPORATE,2025-03-27 08:00:00,2025-08-27 08:00:00
C01750,Aarav Joshi,aarav.joshi1750@example.com,+91-9000001750,WEST,CORPORATE,2025-01-10 03:00:00,2025-04-06 03:00:00
C01751,Aditya Kumar,aditya.kumar1751@example.com,+91-9000001751,NORTH,PREMIUM,2025-05-23 15:00:00,2025-07-03 15:00:00
C01752,Nikhil Verma,nikhil.verma1752@example.com,+91-9000001752,WEST,STANDARD,2026-05-06 04:00:00,2026-09-22 04:00:00
C01753,Vikram Das,vikram.das1753@example.com,+91-9000001753,SOUTH,STANDARD,2026-07-11 03:00:00,2026-08-06 03:00:00
C01754,Aisha Rao,aisha.rao1754@example.com,+91-9000001754,NORTH,STANDARD,2025-04-16 16:00:00,2025-04-16 16:00:00
C01755,Kiran Sharma,kiran.sharma1755@example.com,+91-9000001755,NORTH,STANDARD,2025-08-21 13:00:00,2025-11-19 13:00:00
C01756,Nikhil Kumar,nikhil.kumar1756@example.com,+91-9000001756,SOUTH,PREMIUM,2026-01-29 21:00:00,2026-03-13 21:00:00
C01757,Arjun Kumar,arjun.kumar1757@example.com,+91-9000001757,NORTH,STANDARD,2025-04-15 09:00:00,2025-09-19 09:00:00
C01758,Ananya Reddy,ananya.reddy1758@example.com,+91-9000001758,SOUTH,CORPORATE,2026-01-05 02:00:00,2026-02-12 02:00:00
C01759,Rahul Singh,rahul.singh1759@example.com,+91-9000001759,NORTH,STANDARD,2026-06-28 10:00:00,2026-12-18 10:00:00
C01760,Meera Patel,meera.patel1760@example.com,+91-9000001760,WEST,PREMIUM,2025-11-05 19:00:00,2025-12-01 19:00:00
C01761,Vikram Kapoor,vikram.kapoor1761@example.com,+91-9000001761,NORTH,PREMIUM,2026-05-27 21:00:00,2026-06-15 21:00:00
C01762,Aarav Chowdhury,aarav.chowdhury1762@example.com,+91-9000001762,SOUTH,PREMIUM,2025-06-02 20:00:00,2025-07-09 20:00:00
C01763,Ishita Gupta,ishita.gupta1763@example.com,+91-9000001763,SOUTH,CORPORATE,2026-05-05 02:00:00,2026-08-22 02:00:00
C01764,Vikram Patel,vikram.patel1764@example.com,+91-9000001764,SOUTH,STANDARD,2025-04-03 10:00:00,2025-07-10 10:00:00
C01765,Diya Verma,diya.verma1765@example.com,+91-9000001765,EAST,CORPORATE,2026-05-22 13:00:00,2026-09-04 13:00:00
C01766,Neha Joshi,neha.joshi1766@example.com,+91-9000001766,WEST,PREMIUM,2025-12-08 04:00:00,2026-03-25 04:00:00
C01767,Aisha Gupta,aisha.gupta1767@example.com,+91-9000001767,EAST,CORPORATE,2026-07-06 17:00:00,2026-11-20 17:00:00
C01768,Kiran Singh,kiran.singh1768@example.com,+91-9000001768,NORTH,CORPORATE,2025-03-27 18:00:00,2025-08-21 18:00:00
C01769,Kiran Mehta,kiran.mehta1769@example.com,+91-9000001769,NORTH,STANDARD,2025-03-31 07:00:00,2025-05-22 07:00:00
C01770,Aarav Verma,aarav.verma1770@example.com,+91-9000001770,SOUTH,STANDARD,2026-07-26 15:00:00,2026-08-10 15:00:00
C01771,Diya Verma,diya.verma1771@example.com,+91-9000001771,EAST,STANDARD,2025-05-23 09:00:00,2025-10-11 09:00:00
C01772,Meera Kumar,meera.kumar1772@example.com,+91-9000001772,SOUTH,CORPORATE,2025-08-04 07:00:00,2025-09-08 07:00:00
C01773,Arjun Mehta,arjun.mehta1773@example.com,+91-9000001773,SOUTH,CORPORATE,2025-05-27 12:00:00,2025-09-12 12:00:00
C01774,Diya Sharma,diya.sharma1774@example.com,+91-9000001774,NORTH,STANDARD,2025-04-19 21:00:00,2025-08-19 21:00:00
C01775,Neha Chowdhury,neha.chowdhury1775@example.com,+91-9000001775,SOUTH,PREMIUM,2025-06-11 00:00:00,2025-07-17 00:00:00
C01776,Aditya Kumar,aditya.kumar1776@example.com,+91-9000001776,NORTH,PREMIUM,2025-03-20 00:00:00,2025-04-27 00:00:00
C01777,Rahul Gupta,rahul.gupta1777@example.com,+91-9000001777,WEST,CORPORATE,2025-05-24 23:00:00,2025-08-08 23:00:00
C01778,Sneha Singh,sneha.singh1778@example.com,+91-9000001778,SOUTH,PREMIUM,2025-12-12 14:00:00,2026-01-09 14:00:00
C01779,Sai Sharma,sai.sharma1779@example.com,+91-9000001779,SOUTH,CORPORATE,2025-02-02 19:00:00,2025-03-15 19:00:00
C01780,Aarav Singh,aarav.singh1780@example.com,+91-9000001780,EAST,CORPORATE,2026-03-10 21:00:00,2026-05-15 21:00:00
C01781,Pooja Iyer,pooja.iyer1781@example.com,+91-9000001781,WEST,PREMIUM,2025-11-10 22:00:00,2025-12-20 22:00:00
C01782,Vikram Reddy,vikram.reddy1782@example.com,+91-9000001782,SOUTH,CORPORATE,2026-06-19 12:00:00,2026-08-12 12:00:00
C01783,Ishita Nair,ishita.nair1783@example.com,+91-9000001783,NORTH,STANDARD,2025-02-27 07:00:00,2025-07-20 07:00:00
C01784,Neha Chowdhury,neha.chowdhury1784@example.com,+91-9000001784,EAST,PREMIUM,2025-03-21 22:00:00,2025-06-09 22:00:00
C01785,Ishita Chowdhury,ishita.chowdhury1785@example.com,+91-9000001785,SOUTH,PREMIUM,2026-01-25 05:00:00,2026-07-09 05:00:00
C01786,Meera Kumar,meera.kumar1786@example.com,+91-9000001786,SOUTH,STANDARD,2025-10-04 03:00:00,2026-01-04 03:00:00
C01787,Neha Joshi,neha.joshi1787@example.com,+91-9000001787,WEST,PREMIUM,2025-12-10 00:00:00,2026-01-20 00:00:00
C01788,Aisha Reddy,aisha.reddy1788@example.com,+91-9000001788,NORTH,STANDARD,2025-03-08 06:00:00,2025-05-26 06:00:00
C01789,Rohan Iyer,rohan.iyer1789@example.com,+91-9000001789,SOUTH,STANDARD,2025-07-26 20:00:00,2025-10-02 20:00:00
C01790,Aditya Nair,aditya.nair1790@example.com,+91-9000001790,NORTH,PREMIUM,2026-08-02 01:00:00,2026-08-13 01:00:00
C01791,Vivaan Verma,vivaan.verma1791@example.com,+91-9000001791,SOUTH,PREMIUM,2025-04-06 09:00:00,2025-06-17 09:00:00
C01792,Ishita Iyer,ishita.iyer1792@example.com,+91-9000001792,NORTH,CORPORATE,2025-07-19 10:00:00,2025-10-18 10:00:00
C01793,Sai Mehta,sai.mehta1793@example.com,+91-9000001793,NORTH,CORPORATE,2025-04-10 10:00:00,2025-08-16 10:00:00
C01794,Arjun Iyer,arjun.iyer1794@example.com,+91-9000001794,NORTH,PREMIUM,2025-06-03 00:00:00,2025-10-03 00:00:00
C01795,Pooja Chowdhury,pooja.chowdhury1795@example.com,+91-9000001795,SOUTH,STANDARD,2025-02-08 09:00:00,2025-08-01 09:00:00
C01796,Priya Reddy,priya.reddy1796@example.com,+91-9000001796,WEST,STANDARD,2025-04-06 22:00:00,2025-09-27 22:00:00
C01797,Sai Joshi,sai.joshi1797@example.com,+91-9000001797,WEST,CORPORATE,2025-06-14 16:00:00,2025-11-16 16:00:00
C01798,Kavya Kapoor,kavya.kapoor1798@example.com,+91-9000001798,SOUTH,PREMIUM,2025-12-16 14:00:00,2026-02-28 14:00:00
C01799,Diya Nair,diya.nair1799@example.com,+91-9000001799,NORTH,STANDARD,2026-03-18 01:00:00,2026-05-10 01:00:00
C01800,Neha Nair,neha.nair1800@example.com,+91-9000001800,NORTH,CORPORATE,2025-03-18 04:00:00,2025-07-23 04:00:00
C01801,Arjun Joshi,arjun.joshi1801@example.com,+91-9000001801,WEST,CORPORATE,2025-01-16 04:00:00,2025-02-07 04:00:00
C01802,Sneha Reddy,sneha.reddy1802@example.com,+91-9000001802,SOUTH,PREMIUM,2026-04-11 10:00:00,2026-05-22 10:00:00
C01803,Aditya Rao,aditya.rao1803@example.com,+91-9000001803,NORTH,STANDARD,2026-08-14 11:00:00,2026-09-01 11:00:00
C01804,Rahul Mehta,rahul.mehta1804@example.com,+91-9000001804,EAST,PREMIUM,2026-04-17 08:00:00,2026-08-08 08:00:00
C01805,Sai Reddy,sai.reddy1805@example.com,+91-9000001805,SOUTH,PREMIUM,2026-08-06 15:00:00,2026-10-18 15:00:00
C01806,Ishita Singh,ishita.singh1806@example.com,+91-9000001806,NORTH,CORPORATE,2025-05-13 14:00:00,2025-10-19 14:00:00
C01807,Ananya Verma,ananya.verma1807@example.com,+91-9000001807,NORTH,CORPORATE,2025-03-27 21:00:00,2025-07-20 21:00:00
C01808,Vikram Kapoor,vikram.kapoor1808@example.com,+91-9000001808,SOUTH,CORPORATE,2025-02-13 19:00:00,2025-04-16 19:00:00
C01809,Aisha Sharma,aisha.sharma1809@example.com,+91-9000001809,WEST,PREMIUM,2025-06-08 03:00:00,2025-07-18 03:00:00
C01810,Pooja Singh,pooja.singh1810@example.com,+91-9000001810,NORTH,PREMIUM,2025-03-16 07:00:00,2025-09-03 07:00:00
C01811,Aditya Verma,aditya.verma1811@example.com,+91-9000001811,WEST,PREMIUM,2026-04-23 14:00:00,2026-05-20 14:00:00
C01812,Aditya Patel,aditya.patel1812@example.com,+91-9000001812,NORTH,STANDARD,2025-04-21 12:00:00,2025-08-01 12:00:00
C01813,Ananya Reddy,ananya.reddy1813@example.com,+91-9000001813,NORTH,PREMIUM,2025-11-21 10:00:00,2026-01-14 10:00:00
C01814,Sneha Reddy,sneha.reddy1814@example.com,+91-9000001814,SOUTH,CORPORATE,2025-10-13 14:00:00,2025-11-21 14:00:00
C01815,Sneha Patel,sneha.patel1815@example.com,+91-9000001815,NORTH,STANDARD,2025-08-07 10:00:00,2026-01-07 10:00:00
C01816,Ishita Sharma,ishita.sharma1816@example.com,+91-9000001816,EAST,STANDARD,2026-01-06 13:00:00,2026-01-19 13:00:00
C01817,Rohan Chowdhury,rohan.chowdhury1817@example.com,+91-9000001817,NORTH,PREMIUM,2025-01-24 21:00:00,2025-03-29 21:00:00
C01818,Rahul Reddy,rahul.reddy1818@example.com,+91-9000001818,WEST,PREMIUM,2025-05-26 02:00:00,2025-06-15 02:00:00
C01819,Nikhil Chowdhury,nikhil.chowdhury1819@example.com,+91-9000001819,WEST,STANDARD,2026-04-08 13:00:00,2026-09-26 13:00:00
C01820,Vikram Patel,vikram.patel1820@example.com,+91-9000001820,NORTH,PREMIUM,2025-02-25 02:00:00,2025-05-12 02:00:00
C01821,Rahul Kumar,rahul.kumar1821@example.com,+91-9000001821,EAST,PREMIUM,2025-12-24 13:00:00,2026-05-10 13:00:00
C01822,Rahul Mehta,rahul.mehta1822@example.com,+91-9000001822,NORTH,PREMIUM,2026-03-24 11:00:00,2026-03-26 11:00:00
C01823,Aisha Joshi,aisha.joshi1823@example.com,+91-9000001823,SOUTH,CORPORATE,2026-09-04 06:00:00,2027-02-21 06:00:00
C01824,Pooja Nair,pooja.nair1824@example.com,+91-9000001824,NORTH,STANDARD,2025-05-29 10:00:00,2025-07-06 10:00:00
C01825,Priya Kapoor,priya.kapoor1825@example.com,+91-9000001825,NORTH,STANDARD,2025-06-01 15:00:00,2025-11-20 15:00:00
C01826,Meera Rao,meera.rao1826@example.com,+91-9000001826,SOUTH,PREMIUM,2026-06-18 23:00:00,2026-07-20 23:00:00
C01827,Priya Das,priya.das1827@example.com,+91-9000001827,SOUTH,STANDARD,2026-08-16 03:00:00,2026-10-03 03:00:00
C01828,Meera Mehta,meera.mehta1828@example.com,+91-9000001828,NORTH,PREMIUM,2026-07-14 05:00:00,2026-09-07 05:00:00
C01829,Diya Kumar,diya.kumar1829@example.com,+91-9000001829,NORTH,STANDARD,2025-07-15 21:00:00,2025-10-17 21:00:00
C01830,Diya Sharma,diya.sharma1830@example.com,+91-9000001830,WEST,STANDARD,2025-11-06 09:00:00,2026-05-04 09:00:00
C01831,Sneha Das,sneha.das1831@example.com,+91-9000001831,NORTH,PREMIUM,2026-04-12 13:00:00,2026-07-11 13:00:00
C01832,Aisha Singh,aisha.singh1832@example.com,+91-9000001832,SOUTH,STANDARD,2026-06-20 10:00:00,2026-10-15 10:00:00
C01833,Meera Verma,meera.verma1833@example.com,+91-9000001833,NORTH,STANDARD,2025-07-01 17:00:00,2025-11-16 17:00:00
C01834,Meera Singh,meera.singh1834@example.com,+91-9000001834,NORTH,CORPORATE,2025-10-19 21:00:00,2025-12-30 21:00:00
C01835,Neha Kapoor,neha.kapoor1835@example.com,+91-9000001835,SOUTH,STANDARD,2025-04-12 02:00:00,2025-09-25 02:00:00
C01836,Aarav Nair,aarav.nair1836@example.com,+91-9000001836,EAST,CORPORATE,2026-02-26 03:00:00,2026-08-04 03:00:00
C01837,Aisha Reddy,aisha.reddy1837@example.com,+91-9000001837,NORTH,STANDARD,2026-03-31 16:00:00,2026-09-17 16:00:00
C01838,Nikhil Chowdhury,nikhil.chowdhury1838@example.com,+91-9000001838,WEST,PREMIUM,2026-03-07 06:00:00,2026-07-26 06:00:00
C01839,Ishita Reddy,ishita.reddy1839@example.com,+91-9000001839,SOUTH,PREMIUM,2025-07-20 15:00:00,2025-11-15 15:00:00
C01840,Meera Kapoor,meera.kapoor1840@example.com,+91-9000001840,NORTH,STANDARD,2026-02-10 00:00:00,2026-06-19 00:00:00
C01841,Nikhil Rao,nikhil.rao1841@example.com,+91-9000001841,NORTH,CORPORATE,2025-09-28 09:00:00,2025-11-28 09:00:00
C01842,Aarav Kapoor,aarav.kapoor1842@example.com,+91-9000001842,SOUTH,STANDARD,2026-03-01 01:00:00,2026-04-09 01:00:00
C01843,Diya Chowdhury,diya.chowdhury1843@example.com,+91-9000001843,NORTH,PREMIUM,2026-06-16 23:00:00,2026-09-09 23:00:00
C01844,Rahul Nair,rahul.nair1844@example.com,+91-9000001844,WEST,PREMIUM,2026-03-17 07:00:00,2026-05-05 07:00:00
C01845,Neha Das,neha.das1845@example.com,+91-9000001845,NORTH,PREMIUM,2026-02-07 01:00:00,2026-03-11 01:00:00
C01846,Ishita Mehta,ishita.mehta1846@example.com,+91-9000001846,NORTH,CORPORATE,2025-06-27 12:00:00,2025-08-06 12:00:00
C01847,Meera Kumar,meera.kumar1847@example.com,+91-9000001847,SOUTH,CORPORATE,2025-04-12 22:00:00,2025-05-12 22:00:00
C01848,Pooja Joshi,pooja.joshi1848@example.com,+91-9000001848,WEST,CORPORATE,2026-02-06 20:00:00,2026-03-18 20:00:00
C01849,Ananya Kumar,ananya.kumar1849@example.com,+91-9000001849,SOUTH,PREMIUM,2025-04-06 02:00:00,2025-04-08 02:00:00
C01850,Pooja Patel,pooja.patel1850@example.com,+91-9000001850,WEST,STANDARD,2025-01-29 19:00:00,2025-06-24 19:00:00
C01851,Ishita Sharma,ishita.sharma1851@example.com,+91-9000001851,NORTH,STANDARD,2025-05-14 14:00:00,2025-07-14 14:00:00
C01852,Kiran Rao,kiran.rao1852@example.com,+91-9000001852,WEST,CORPORATE,2025-07-18 17:00:00,2025-10-22 17:00:00
C01853,Vikram Das,vikram.das1853@example.com,+91-9000001853,SOUTH,STANDARD,2025-02-22 08:00:00,2025-08-01 08:00:00
C01854,Aarav Das,aarav.das1854@example.com,+91-9000001854,SOUTH,PREMIUM,2026-08-17 03:00:00,2027-01-16 03:00:00
C01855,Arjun Reddy,arjun.reddy1855@example.com,+91-9000001855,WEST,STANDARD,2025-05-26 09:00:00,2025-06-18 09:00:00
C01856,Aditya Gupta,aditya.gupta1856@example.com,+91-9000001856,NORTH,STANDARD,2026-01-06 06:00:00,2026-05-11 06:00:00
C01857,Aarav Singh,aarav.singh1857@example.com,+91-9000001857,SOUTH,STANDARD,2025-03-17 15:00:00,2025-09-08 15:00:00
C01858,Meera Singh,meera.singh1858@example.com,+91-9000001858,EAST,STANDARD,2025-11-18 20:00:00,2026-01-03 20:00:00
C01859,Nikhil Sharma,nikhil.sharma1859@example.com,+91-9000001859,NORTH,CORPORATE,2025-07-02 21:00:00,2025-12-04 21:00:00
C01860,Vivaan Reddy,vivaan.reddy1860@example.com,+91-9000001860,EAST,CORPORATE,2025-12-18 11:00:00,2026-05-20 11:00:00
C01861,Aisha Sharma,aisha.sharma1861@example.com,+91-9000001861,WEST,STANDARD,2025-06-12 16:00:00,2025-07-31 16:00:00
C01862,Neha Sharma,neha.sharma1862@example.com,+91-9000001862,WEST,CORPORATE,2026-07-03 00:00:00,2026-08-11 00:00:00
C01863,Rohan Chowdhury,rohan.chowdhury1863@example.com,+91-9000001863,WEST,STANDARD,2026-01-09 03:00:00,2026-04-02 03:00:00
C01864,Sai Kumar,sai.kumar1864@example.com,+91-9000001864,SOUTH,PREMIUM,2025-03-27 23:00:00,2025-06-05 23:00:00
C01865,Sneha Kumar,sneha.kumar1865@example.com,+91-9000001865,WEST,CORPORATE,2025-04-05 11:00:00,2025-06-19 11:00:00
C01866,Priya Mehta,priya.mehta1866@example.com,+91-9000001866,WEST,PREMIUM,2026-05-23 13:00:00,2026-07-11 13:00:00
C01867,Vikram Patel,vikram.patel1867@example.com,+91-9000001867,WEST,PREMIUM,2025-07-22 21:00:00,2025-08-17 21:00:00
C01868,Pooja Joshi,pooja.joshi1868@example.com,+91-9000001868,SOUTH,STANDARD,2026-08-25 09:00:00,2026-12-27 09:00:00
C01869,Meera Kapoor,meera.kapoor1869@example.com,+91-9000001869,NORTH,CORPORATE,2026-04-02 13:00:00,2026-06-10 13:00:00
C01870,Ananya Nair,ananya.nair1870@example.com,+91-9000001870,NORTH,PREMIUM,2025-04-21 19:00:00,2025-06-11 19:00:00
C01871,Pooja Verma,pooja.verma1871@example.com,+91-9000001871,SOUTH,PREMIUM,2026-01-18 20:00:00,2026-03-01 20:00:00
C01872,Vivaan Iyer,vivaan.iyer1872@example.com,+91-9000001872,NORTH,PREMIUM,2025-09-17 18:00:00,2026-02-18 18:00:00
C01873,Kavya Verma,kavya.verma1873@example.com,+91-9000001873,SOUTH,STANDARD,2026-02-12 00:00:00,2026-05-05 00:00:00
C01874,Meera Joshi,meera.joshi1874@example.com,+91-9000001874,WEST,STANDARD,2025-07-10 11:00:00,2025-09-03 11:00:00
C01875,Diya Verma,diya.verma1875@example.com,+91-9000001875,SOUTH,STANDARD,2025-05-29 10:00:00,2025-08-18 10:00:00
C01876,Aarav Mehta,aarav.mehta1876@example.com,+91-9000001876,EAST,CORPORATE,2025-12-03 06:00:00,2026-02-23 06:00:00
C01877,Kiran Iyer,kiran.iyer1877@example.com,+91-9000001877,WEST,CORPORATE,2025-03-09 12:00:00,2025-05-02 12:00:00
C01878,Kavya Kumar,kavya.kumar1878@example.com,+91-9000001878,WEST,CORPORATE,2025-04-16 17:00:00,2025-09-18 17:00:00
C01879,Aditya Nair,aditya.nair1879@example.com,+91-9000001879,NORTH,PREMIUM,2026-03-08 21:00:00,2026-05-28 21:00:00
C01880,Rohan Kumar,rohan.kumar1880@example.com,+91-9000001880,EAST,STANDARD,2025-02-20 15:00:00,2025-05-01 15:00:00
C01881,Meera Reddy,meera.reddy1881@example.com,+91-9000001881,SOUTH,CORPORATE,2025-05-08 14:00:00,2025-07-30 14:00:00
C01882,Pooja Singh,pooja.singh1882@example.com,+91-9000001882,SOUTH,PREMIUM,2025-08-31 18:00:00,2025-09-04 18:00:00
C01883,Pooja Sharma,pooja.sharma1883@example.com,+91-9000001883,SOUTH,PREMIUM,2026-04-18 09:00:00,2026-04-27 09:00:00
C01884,Aisha Kapoor,aisha.kapoor1884@example.com,+91-9000001884,NORTH,CORPORATE,2026-06-25 01:00:00,2026-06-29 01:00:00
C01885,Aditya Gupta,aditya.gupta1885@example.com,+91-9000001885,WEST,PREMIUM,2025-04-08 13:00:00,2025-06-28 13:00:00
C01886,Diya Singh,diya.singh1886@example.com,+91-9000001886,NORTH,PREMIUM,2025-03-23 17:00:00,2025-08-26 17:00:00
C01887,Vivaan Singh,vivaan.singh1887@example.com,+91-9000001887,EAST,PREMIUM,2025-11-02 22:00:00,2026-04-15 22:00:00
C01888,Arjun Chowdhury,arjun.chowdhury1888@example.com,+91-9000001888,SOUTH,STANDARD,2026-01-18 19:00:00,2026-03-16 19:00:00
C01889,Vivaan Chowdhury,vivaan.chowdhury1889@example.com,+91-9000001889,SOUTH,PREMIUM,2025-01-11 04:00:00,2025-07-06 04:00:00
C01890,Meera Kumar,meera.kumar1890@example.com,+91-9000001890,WEST,CORPORATE,2025-06-24 02:00:00,2025-09-26 02:00:00
C01891,Aisha Sharma,aisha.sharma1891@example.com,+91-9000001891,SOUTH,STANDARD,2025-02-23 08:00:00,2025-03-07 08:00:00
C01892,Nikhil Reddy,nikhil.reddy1892@example.com,+91-9000001892,NORTH,PREMIUM,2025-09-28 10:00:00,2025-12-06 10:00:00
C01893,Rahul Kapoor,rahul.kapoor1893@example.com,+91-9000001893,EAST,STANDARD,2025-05-22 18:00:00,2025-06-23 18:00:00
C01894,Ananya Chowdhury,ananya.chowdhury1894@example.com,+91-9000001894,NORTH,CORPORATE,2025-06-01 18:00:00,2025-09-23 18:00:00
C01895,Arjun Iyer,arjun.iyer1895@example.com,+91-9000001895,NORTH,PREMIUM,2026-06-25 07:00:00,2026-12-11 07:00:00
C01896,Sneha Rao,sneha.rao1896@example.com,+91-9000001896,EAST,STANDARD,2025-11-26 23:00:00,2025-12-19 23:00:00
C01897,Vikram Joshi,vikram.joshi1897@example.com,+91-9000001897,SOUTH,PREMIUM,2025-10-31 22:00:00,2026-03-22 22:00:00
C01898,Kiran Das,kiran.das1898@example.com,+91-9000001898,SOUTH,STANDARD,2025-07-30 22:00:00,2025-12-03 22:00:00
C01899,Vivaan Kumar,vivaan.kumar1899@example.com,+91-9000001899,WEST,PREMIUM,2025-01-14 21:00:00,2025-04-22 21:00:00
C01900,Rohan Gupta,rohan.gupta1900@example.com,+91-9000001900,WEST,CORPORATE,2025-04-18 10:00:00,2025-08-31 10:00:00
C01901,Kavya Chowdhury,kavya.chowdhury1901@example.com,+91-9000001901,EAST,CORPORATE,2025-11-17 09:00:00,2025-12-26 09:00:00
C01902,Kavya Reddy,kavya.reddy1902@example.com,+91-9000001902,NORTH,PREMIUM,2025-05-14 07:00:00,2025-09-06 07:00:00
C01903,Neha Iyer,neha.iyer1903@example.com,+91-9000001903,WEST,STANDARD,2025-07-27 12:00:00,2025-10-06 12:00:00
C01904,Meera Patel,meera.patel1904@example.com,+91-9000001904,SOUTH,STANDARD,2025-11-11 18:00:00,2026-03-09 18:00:00
C01905,Arjun Mehta,arjun.mehta1905@example.com,+91-9000001905,SOUTH,PREMIUM,2025-04-23 07:00:00,2025-06-09 07:00:00
C01906,Vikram Sharma,vikram.sharma1906@example.com,+91-9000001906,WEST,PREMIUM,2026-05-03 21:00:00,2026-08-01 21:00:00
C01907,Vikram Reddy,vikram.reddy1907@example.com,+91-9000001907,NORTH,PREMIUM,2026-07-18 02:00:00,2026-09-10 02:00:00
C01908,Sai Singh,sai.singh1908@example.com,+91-9000001908,WEST,PREMIUM,2026-05-30 13:00:00,2026-06-12 13:00:00
C01909,Priya Rao,priya.rao1909@example.com,+91-9000001909,SOUTH,CORPORATE,2026-01-14 03:00:00,2026-04-21 03:00:00
C01910,Meera Kumar,meera.kumar1910@example.com,+91-9000001910,NORTH,STANDARD,2025-10-29 06:00:00,2026-03-30 06:00:00
C01911,Vikram Iyer,vikram.iyer1911@example.com,+91-9000001911,NORTH,STANDARD,2026-05-21 16:00:00,2026-11-11 16:00:00
C01912,Vivaan Das,vivaan.das1912@example.com,+91-9000001912,WEST,STANDARD,2025-09-12 03:00:00,2025-09-25 03:00:00
C01913,Vivaan Nair,vivaan.nair1913@example.com,+91-9000001913,SOUTH,CORPORATE,2025-09-30 07:00:00,2025-10-25 07:00:00
C01914,Vikram Kumar,vikram.kumar1914@example.com,+91-9000001914,NORTH,STANDARD,2026-02-19 12:00:00,2026-04-16 12:00:00
C01915,Vikram Gupta,vikram.gupta1915@example.com,+91-9000001915,WEST,PREMIUM,2025-07-30 05:00:00,2026-01-09 05:00:00
C01916,Nikhil Mehta,nikhil.mehta1916@example.com,+91-9000001916,SOUTH,STANDARD,2026-09-03 09:00:00,2026-10-20 09:00:00
C01917,Kavya Kapoor,kavya.kapoor1917@example.com,+91-9000001917,WEST,CORPORATE,2026-05-04 23:00:00,2026-07-04 23:00:00
C01918,Rahul Verma,rahul.verma1918@example.com,+91-9000001918,SOUTH,PREMIUM,2025-03-13 05:00:00,2025-07-07 05:00:00
C01919,Sai Sharma,sai.sharma1919@example.com,+91-9000001919,NORTH,STANDARD,2026-05-01 13:00:00,2026-06-15 13:00:00
C01920,Vikram Kapoor,vikram.kapoor1920@example.com,+91-9000001920,SOUTH,CORPORATE,2025-03-20 05:00:00,2025-06-18 05:00:00
C01921,Sneha Nair,sneha.nair1921@example.com,+91-9000001921,WEST,PREMIUM,2025-01-02 15:00:00,2025-01-30 15:00:00
C01922,Vivaan Chowdhury,vivaan.chowdhury1922@example.com,+91-9000001922,WEST,STANDARD,2025-01-18 18:00:00,2025-06-01 18:00:00
C01923,Kavya Patel,kavya.patel1923@example.com,+91-9000001923,SOUTH,PREMIUM,2025-05-31 03:00:00,2025-08-24 03:00:00
C01924,Priya Gupta,priya.gupta1924@example.com,+91-9000001924,WEST,CORPORATE,2025-12-26 17:00:00,2026-04-29 17:00:00
C01925,Vikram Verma,vikram.verma1925@example.com,+91-9000001925,NORTH,PREMIUM,2026-04-15 00:00:00,2026-07-09 00:00:00
C01926,Kavya Joshi,kavya.joshi1926@example.com,+91-9000001926,SOUTH,PREMIUM,2026-09-03 15:00:00,2027-02-25 15:00:00
C01927,Kavya Mehta,kavya.mehta1927@example.com,+91-9000001927,NORTH,STANDARD,2025-01-22 04:00:00,2025-07-09 04:00:00
C01928,Sai Verma,sai.verma1928@example.com,+91-9000001928,WEST,CORPORATE,2026-05-25 00:00:00,2026-11-19 00:00:00
C01929,Meera Verma,meera.verma1929@example.com,+91-9000001929,SOUTH,STANDARD,2025-07-31 23:00:00,2025-11-04 23:00:00
C01930,Arjun Rao,arjun.rao1930@example.com,+91-9000001930,WEST,STANDARD,2026-07-12 14:00:00,2026-09-17 14:00:00
C01931,Diya Kapoor,diya.kapoor1931@example.com,+91-9000001931,NORTH,PREMIUM,2025-12-06 12:00:00,2026-02-14 12:00:00
C01932,Nikhil Kumar,nikhil.kumar1932@example.com,+91-9000001932,WEST,CORPORATE,2025-02-12 18:00:00,2025-05-10 18:00:00
C01933,Neha Reddy,neha.reddy1933@example.com,+91-9000001933,NORTH,PREMIUM,2026-03-20 14:00:00,2026-06-01 14:00:00
C01934,Arjun Sharma,arjun.sharma1934@example.com,+91-9000001934,SOUTH,PREMIUM,2026-05-26 21:00:00,2026-11-16 21:00:00
C01935,Sai Iyer,sai.iyer1935@example.com,+91-9000001935,WEST,CORPORATE,2025-10-24 19:00:00,2025-12-04 19:00:00
C01936,Nikhil Gupta,nikhil.gupta1936@example.com,+91-9000001936,WEST,STANDARD,2025-10-23 02:00:00,2026-02-16 02:00:00
C01937,Vivaan Kumar,vivaan.kumar1937@example.com,+91-9000001937,SOUTH,STANDARD,2025-10-17 18:00:00,2026-02-19 18:00:00
C01938,Nikhil Sharma,nikhil.sharma1938@example.com,+91-9000001938,SOUTH,STANDARD,2026-03-17 11:00:00,2026-05-20 11:00:00
C01939,Sai Verma,sai.verma1939@example.com,+91-9000001939,WEST,STANDARD,2025-10-18 16:00:00,2025-11-09 16:00:00
C01940,Vikram Patel,vikram.patel1940@example.com,+91-9000001940,NORTH,STANDARD,2025-07-21 13:00:00,2025-10-03 13:00:00
C01941,Kiran Sharma,kiran.sharma1941@example.com,+91-9000001941,WEST,CORPORATE,2026-04-30 11:00:00,2026-10-10 11:00:00
C01942,Ishita Singh,ishita.singh1942@example.com,+91-9000001942,WEST,PREMIUM,2026-02-13 03:00:00,2026-07-15 03:00:00
C01943,Nikhil Patel,nikhil.patel1943@example.com,+91-9000001943,NORTH,CORPORATE,2026-08-01 13:00:00,2026-09-05 13:00:00
C01944,Rohan Rao,rohan.rao1944@example.com,+91-9000001944,WEST,STANDARD,2025-05-19 13:00:00,2025-08-04 13:00:00
C01945,Nikhil Reddy,nikhil.reddy1945@example.com,+91-9000001945,EAST,CORPORATE,2025-11-01 18:00:00,2025-12-17 18:00:00
C01946,Ishita Joshi,ishita.joshi1946@example.com,+91-9000001946,SOUTH,CORPORATE,2026-03-24 03:00:00,2026-07-15 03:00:00
C01947,Ananya Iyer,ananya.iyer1947@example.com,+91-9000001947,NORTH,PREMIUM,2026-01-02 14:00:00,2026-05-01 14:00:00
C01948,Meera Singh,meera.singh1948@example.com,+91-9000001948,WEST,STANDARD,2026-04-18 00:00:00,2026-08-03 00:00:00
C01949,Aditya Joshi,aditya.joshi1949@example.com,+91-9000001949,WEST,STANDARD,2025-05-24 19:00:00,2025-10-19 19:00:00
C01950,Kavya Verma,kavya.verma1950@example.com,+91-9000001950,WEST,CORPORATE,2025-05-11 19:00:00,2025-07-25 19:00:00
C01951,Vivaan Joshi,vivaan.joshi1951@example.com,+91-9000001951,NORTH,CORPORATE,2026-02-07 04:00:00,2026-02-08 04:00:00
C01952,Priya Joshi,priya.joshi1952@example.com,+91-9000001952,SOUTH,STANDARD,2026-06-15 14:00:00,2026-06-29 14:00:00
C01953,Vikram Chowdhury,vikram.chowdhury1953@example.com,+91-9000001953,NORTH,STANDARD,2025-04-20 10:00:00,2025-07-03 10:00:00
C01954,Pooja Gupta,pooja.gupta1954@example.com,+91-9000001954,SOUTH,CORPORATE,2025-12-06 01:00:00,2026-05-04 01:00:00
C01955,Kavya Mehta,kavya.mehta1955@example.com,+91-9000001955,WEST,CORPORATE,2025-02-24 22:00:00,2025-04-01 22:00:00
C01956,Aisha Mehta,aisha.mehta1956@example.com,+91-9000001956,WEST,CORPORATE,2026-05-23 04:00:00,2026-11-02 04:00:00
C01957,Sai Rao,sai.rao1957@example.com,+91-9000001957,SOUTH,PREMIUM,2025-11-15 23:00:00,2026-04-23 23:00:00
C01958,Rohan Reddy,rohan.reddy1958@example.com,+91-9000001958,SOUTH,CORPORATE,2025-03-10 00:00:00,2025-04-09 00:00:00
C01959,Kavya Reddy,kavya.reddy1959@example.com,+91-9000001959,SOUTH,PREMIUM,2025-09-11 06:00:00,2025-09-17 06:00:00
C01960,Kavya Gupta,kavya.gupta1960@example.com,+91-9000001960,SOUTH,PREMIUM,2026-02-05 01:00:00,2026-05-19 01:00:00
C01961,Sneha Patel,sneha.patel1961@example.com,+91-9000001961,WEST,CORPORATE,2025-08-29 17:00:00,2026-02-19 17:00:00
C01962,Priya Chowdhury,priya.chowdhury1962@example.com,+91-9000001962,SOUTH,CORPORATE,2025-05-07 13:00:00,2025-05-12 13:00:00
C01963,Rahul Patel,rahul.patel1963@example.com,+91-9000001963,WEST,CORPORATE,2025-09-04 05:00:00,2026-03-02 05:00:00
C01964,Aisha Kumar,aisha.kumar1964@example.com,+91-9000001964,WEST,PREMIUM,2026-05-03 15:00:00,2026-10-20 15:00:00
C01965,Arjun Nair,arjun.nair1965@example.com,+91-9000001965,WEST,PREMIUM,2026-05-20 11:00:00,2026-08-26 11:00:00
C01966,Arjun Gupta,arjun.gupta1966@example.com,+91-9000001966,SOUTH,STANDARD,2026-03-03 13:00:00,2026-05-14 13:00:00
C01967,Priya Reddy,priya.reddy1967@example.com,+91-9000001967,SOUTH,CORPORATE,2026-08-01 12:00:00,2026-10-17 12:00:00
C01968,Vivaan Das,vivaan.das1968@example.com,+91-9000001968,NORTH,STANDARD,2026-04-01 01:00:00,2026-07-29 01:00:00
C01969,Priya Rao,priya.rao1969@example.com,+91-9000001969,NORTH,CORPORATE,2025-01-10 05:00:00,2025-05-18 05:00:00
C01970,Rohan Verma,rohan.verma1970@example.com,+91-9000001970,WEST,STANDARD,2026-06-22 12:00:00,2026-08-05 12:00:00
C01971,Sai Verma,sai.verma1971@example.com,+91-9000001971,EAST,CORPORATE,2026-07-31 10:00:00,2026-09-04 10:00:00
C01972,Vikram Joshi,vikram.joshi1972@example.com,+91-9000001972,SOUTH,CORPORATE,2025-11-07 12:00:00,2026-03-10 12:00:00
C01973,Ishita Gupta,ishita.gupta1973@example.com,+91-9000001973,SOUTH,CORPORATE,2026-09-13 21:00:00,2027-01-20 21:00:00
C01974,Kavya Rao,kavya.rao1974@example.com,+91-9000001974,NORTH,CORPORATE,2025-05-13 22:00:00,2025-10-08 22:00:00
C01975,Diya Nair,diya.nair1975@example.com,+91-9000001975,SOUTH,STANDARD,2026-02-18 02:00:00,2026-03-30 02:00:00
C01976,Kiran Reddy,kiran.reddy1976@example.com,+91-9000001976,EAST,PREMIUM,2025-04-19 15:00:00,2025-06-17 15:00:00
C01977,Kiran Reddy,kiran.reddy1977@example.com,+91-9000001977,NORTH,PREMIUM,2025-06-28 23:00:00,2025-07-14 23:00:00
C01978,Vivaan Nair,vivaan.nair1978@example.com,+91-9000001978,SOUTH,CORPORATE,2025-09-14 03:00:00,2025-10-02 03:00:00
C01979,Priya Joshi,priya.joshi1979@example.com,+91-9000001979,SOUTH,STANDARD,2026-01-19 19:00:00,2026-04-11 19:00:00
C01980,Arjun Mehta,arjun.mehta1980@example.com,+91-9000001980,SOUTH,CORPORATE,2026-04-06 12:00:00,2026-08-30 12:00:00
C01981,Aisha Kumar,aisha.kumar1981@example.com,+91-9000001981,EAST,PREMIUM,2025-07-20 08:00:00,2026-01-09 08:00:00
C01982,Nikhil Kumar,nikhil.kumar1982@example.com,+91-9000001982,SOUTH,PREMIUM,2025-07-26 23:00:00,2025-12-08 23:00:00
C01983,Rohan Reddy,rohan.reddy1983@example.com,+91-9000001983,SOUTH,STANDARD,2026-08-20 00:00:00,2026-08-28 00:00:00
C01984,Sai Kapoor,sai.kapoor1984@example.com,+91-9000001984,NORTH,CORPORATE,2025-01-06 11:00:00,2025-05-25 11:00:00
C01985,Aditya Verma,aditya.verma1985@example.com,+91-9000001985,WEST,PREMIUM,2025-07-09 21:00:00,2025-08-26 21:00:00
C01986,Rohan Nair,rohan.nair1986@example.com,+91-9000001986,NORTH,PREMIUM,2026-05-01 16:00:00,2026-10-06 16:00:00
C01987,Aisha Chowdhury,aisha.chowdhury1987@example.com,+91-9000001987,EAST,PREMIUM,2025-05-22 02:00:00,2025-10-29 02:00:00
C01988,Ishita Chowdhury,ishita.chowdhury1988@example.com,+91-9000001988,SOUTH,STANDARD,2025-03-14 18:00:00,2025-07-24 18:00:00
C01989,Nikhil Reddy,nikhil.reddy1989@example.com,+91-9000001989,WEST,STANDARD,2025-05-01 15:00:00,2025-10-01 15:00:00
C01990,Aisha Verma,aisha.verma1990@example.com,+91-9000001990,WEST,PREMIUM,2025-01-24 07:00:00,2025-05-03 07:00:00
C01991,Diya Reddy,diya.reddy1991@example.com,+91-9000001991,SOUTH,CORPORATE,2025-06-11 09:00:00,2025-11-05 09:00:00
C01992,Kiran Chowdhury,kiran.chowdhury1992@example.com,+91-9000001992,WEST,PREMIUM,2026-06-15 19:00:00,2026-09-25 19:00:00
C01993,Neha Sharma,neha.sharma1993@example.com,+91-9000001993,SOUTH,CORPORATE,2026-07-14 22:00:00,2026-11-11 22:00:00
C01994,Vikram Das,vikram.das1994@example.com,+91-9000001994,NORTH,PREMIUM,2025-01-31 01:00:00,2025-04-07 01:00:00
C01995,Rohan Verma,rohan.verma1995@example.com,+91-9000001995,WEST,CORPORATE,2025-03-02 04:00:00,2025-05-25 04:00:00
C01996,Vivaan Kumar,vivaan.kumar1996@example.com,+91-9000001996,NORTH,CORPORATE,2026-05-21 02:00:00,2026-11-16 02:00:00
C01997,Vivaan Verma,vivaan.verma1997@example.com,+91-9000001997,NORTH,CORPORATE,2025-03-14 13:00:00,2025-08-17 13:00:00
C01998,Aditya Kapoor,aditya.kapoor1998@example.com,+91-9000001998,SOUTH,PREMIUM,2026-07-19 15:00:00,2026-07-29 15:00:00
C01999,Arjun Sharma,arjun.sharma1999@example.com,+91-9000001999,WEST,CORPORATE,2026-05-24 16:00:00,2026-08-21 16:00:00
C02000,Meera Gupta,meera.gupta2000@example.com,+91-9000002000,SOUTH,STANDARD,2025-11-07 07:00:00,2025-11-13 07:00:00
C02001,Rohan Iyer,rohan.iyer2001@example.com,+91-9000002001,SOUTH,CORPORATE,2026-01-24 21:00:00,2026-05-27 21:00:00
C02002,Vivaan Singh,vivaan.singh2002@example.com,+91-9000002002,SOUTH,PREMIUM,2026-01-22 22:00:00,2026-07-20 22:00:00
C02003,Meera Iyer,meera.iyer2003@example.com,+91-9000002003,EAST,STANDARD,2025-05-22 03:00:00,2025-10-26 03:00:00
C02004,Diya Verma,diya.verma2004@example.com,+91-9000002004,NORTH,STANDARD,2025-07-18 10:00:00,2025-09-16 10:00:00
C02005,Kiran Reddy,kiran.reddy2005@example.com,+91-9000002005,WEST,PREMIUM,2026-08-26 00:00:00,2027-01-10 00:00:00
C02006,Pooja Sharma,pooja.sharma2006@example.com,+91-9000002006,WEST,STANDARD,2025-01-16 23:00:00,2025-02-04 23:00:00
C02007,Vivaan Patel,vivaan.patel2007@example.com,+91-9000002007,WEST,STANDARD,2026-03-26 05:00:00,2026-06-14 05:00:00
C02008,Diya Nair,diya.nair2008@example.com,+91-9000002008,SOUTH,CORPORATE,2025-09-08 09:00:00,2025-12-18 09:00:00
C02009,Sneha Das,sneha.das2009@example.com,+91-9000002009,SOUTH,STANDARD,2025-05-06 21:00:00,2025-07-09 21:00:00
C02010,Aisha Kumar,aisha.kumar2010@example.com,+91-9000002010,NORTH,STANDARD,2026-05-22 22:00:00,2026-09-12 22:00:00
C02011,Nikhil Verma,nikhil.verma2011@example.com,+91-9000002011,WEST,CORPORATE,2026-07-19 09:00:00,2026-09-25 09:00:00
C02012,Ananya Mehta,ananya.mehta2012@example.com,+91-9000002012,SOUTH,STANDARD,2026-07-09 16:00:00,2026-10-05 16:00:00
C02013,Meera Mehta,meera.mehta2013@example.com,+91-9000002013,SOUTH,STANDARD,2026-05-13 08:00:00,2026-06-17 08:00:00
C02014,Kavya Kumar,kavya.kumar2014@example.com,+91-9000002014,WEST,STANDARD,2025-11-09 23:00:00,2025-12-10 23:00:00
C02015,Diya Mehta,diya.mehta2015@example.com,+91-9000002015,WEST,CORPORATE,2025-05-26 01:00:00,2025-09-15 01:00:00
C02016,Priya Reddy,priya.reddy2016@example.com,+91-9000002016,SOUTH,PREMIUM,2025-01-22 15:00:00,2025-04-03 15:00:00
C02017,Pooja Singh,pooja.singh2017@example.com,+91-9000002017,SOUTH,PREMIUM,2025-11-04 02:00:00,2026-04-09 02:00:00
C02018,Ishita Gupta,ishita.gupta2018@example.com,+91-9000002018,NORTH,PREMIUM,2025-01-20 12:00:00,2025-01-31 12:00:00
C02019,Kiran Kumar,kiran.kumar2019@example.com,+91-9000002019,NORTH,CORPORATE,2026-01-24 05:00:00,2026-02-06 05:00:00
C02020,Nikhil Sharma,nikhil.sharma2020@example.com,+91-9000002020,SOUTH,CORPORATE,2026-07-09 11:00:00,2026-10-03 11:00:00
C02021,Vikram Joshi,vikram.joshi2021@example.com,+91-9000002021,SOUTH,PREMIUM,2026-08-29 06:00:00,2027-02-04 06:00:00
C02022,Meera Chowdhury,meera.chowdhury2022@example.com,+91-9000002022,SOUTH,STANDARD,2026-03-14 23:00:00,2026-08-02 23:00:00
C02023,Ishita Mehta,ishita.mehta2023@example.com,+91-9000002023,EAST,PREMIUM,2025-10-22 17:00:00,2026-03-17 17:00:00
C02024,Pooja Joshi,pooja.joshi2024@example.com,+91-9000002024,SOUTH,PREMIUM,2026-06-16 08:00:00,2026-10-13 08:00:00
C02025,Kiran Patel,kiran.patel2025@example.com,+91-9000002025,WEST,STANDARD,2025-01-16 08:00:00,2025-03-20 08:00:00
C02026,Aisha Rao,aisha.rao2026@example.com,+91-9000002026,NORTH,STANDARD,2025-12-12 18:00:00,2026-05-18 18:00:00
C02027,Vikram Verma,vikram.verma2027@example.com,+91-9000002027,WEST,CORPORATE,2025-10-03 21:00:00,2026-03-07 21:00:00
C02028,Aarav Reddy,aarav.reddy2028@example.com,+91-9000002028,NORTH,PREMIUM,2025-11-11 18:00:00,2025-12-26 18:00:00
C02029,Priya Gupta,priya.gupta2029@example.com,+91-9000002029,SOUTH,PREMIUM,2025-01-18 14:00:00,2025-01-27 14:00:00
C02030,Diya Gupta,diya.gupta2030@example.com,+91-9000002030,NORTH,STANDARD,2026-07-24 06:00:00,2026-12-19 06:00:00
C02031,Aditya Rao,aditya.rao2031@example.com,+91-9000002031,SOUTH,PREMIUM,2026-07-19 10:00:00,2026-09-03 10:00:00
C02032,Vikram Joshi,vikram.joshi2032@example.com,+91-9000002032,EAST,STANDARD,2025-10-10 08:00:00,2025-12-07 08:00:00
C02033,Rahul Patel,rahul.patel2033@example.com,+91-9000002033,SOUTH,CORPORATE,2025-02-20 07:00:00,2025-03-01 07:00:00
C02034,Rahul Das,rahul.das2034@example.com,+91-9000002034,NORTH,PREMIUM,2026-06-03 14:00:00,2026-06-13 14:00:00
C02035,Aisha Mehta,aisha.mehta2035@example.com,+91-9000002035,WEST,PREMIUM,2025-08-22 01:00:00,2025-08-26 01:00:00
C02036,Diya Iyer,diya.iyer2036@example.com,+91-9000002036,WEST,PREMIUM,2025-02-15 19:00:00,2025-03-14 19:00:00
C02037,Aditya Iyer,aditya.iyer2037@example.com,+91-9000002037,WEST,STANDARD,2026-03-31 03:00:00,2026-05-30 03:00:00
C02038,Rohan Verma,rohan.verma2038@example.com,+91-9000002038,NORTH,STANDARD,2026-08-08 11:00:00,2027-01-19 11:00:00
C02039,Meera Kapoor,meera.kapoor2039@example.com,+91-9000002039,SOUTH,PREMIUM,2025-10-17 04:00:00,2026-03-21 04:00:00
C02040,Diya Verma,diya.verma2040@example.com,+91-9000002040,NORTH,PREMIUM,2026-02-22 20:00:00,2026-05-08 20:00:00
C02041,Neha Sharma,neha.sharma2041@example.com,+91-9000002041,SOUTH,PREMIUM,2025-06-14 11:00:00,2025-07-22 11:00:00
C02042,Pooja Sharma,pooja.sharma2042@example.com,+91-9000002042,WEST,PREMIUM,2025-04-19 19:00:00,2025-08-27 19:00:00
C02043,Kavya Joshi,kavya.joshi2043@example.com,+91-9000002043,NORTH,STANDARD,2026-08-19 22:00:00,2026-11-23 22:00:00
C02044,Pooja Sharma,pooja.sharma2044@example.com,+91-9000002044,SOUTH,STANDARD,2025-06-03 12:00:00,2025-07-30 12:00:00
C02045,Pooja Iyer,pooja.iyer2045@example.com,+91-9000002045,WEST,CORPORATE,2026-08-12 20:00:00,2026-11-27 20:00:00
C02046,Aisha Mehta,aisha.mehta2046@example.com,+91-9000002046,SOUTH,CORPORATE,2025-05-05 16:00:00,2025-09-02 16:00:00
C02047,Kavya Iyer,kavya.iyer2047@example.com,+91-9000002047,WEST,STANDARD,2026-03-28 10:00:00,2026-08-22 10:00:00
C02048,Nikhil Kapoor,nikhil.kapoor2048@example.com,+91-9000002048,WEST,PREMIUM,2025-09-07 10:00:00,2025-11-05 10:00:00
C02049,Priya Verma,priya.verma2049@example.com,+91-9000002049,WEST,PREMIUM,2025-04-29 22:00:00,2025-08-11 22:00:00
C02050,Diya Reddy,diya.reddy2050@example.com,+91-9000002050,WEST,STANDARD,2025-12-27 17:00:00,2026-03-29 17:00:00
C02051,Sneha Nair,sneha.nair2051@example.com,+91-9000002051,NORTH,STANDARD,2025-08-24 14:00:00,2026-01-16 14:00:00
C02052,Sai Kapoor,sai.kapoor2052@example.com,+91-9000002052,NORTH,CORPORATE,2026-07-05 07:00:00,2026-12-01 07:00:00
C02053,Sai Nair,sai.nair2053@example.com,+91-9000002053,NORTH,PREMIUM,2025-09-24 09:00:00,2025-10-24 09:00:00
C02054,Aditya Singh,aditya.singh2054@example.com,+91-9000002054,SOUTH,CORPORATE,2026-03-08 16:00:00,2026-07-12 16:00:00
C02055,Rohan Kapoor,rohan.kapoor2055@example.com,+91-9000002055,SOUTH,STANDARD,2025-07-04 14:00:00,2025-08-03 14:00:00
C02056,Meera Rao,meera.rao2056@example.com,+91-9000002056,EAST,CORPORATE,2026-07-22 22:00:00,2026-08-16 22:00:00
C02057,Sai Chowdhury,sai.chowdhury2057@example.com,+91-9000002057,SOUTH,CORPORATE,2025-02-04 13:00:00,2025-03-18 13:00:00
C02058,Aditya Patel,aditya.patel2058@example.com,+91-9000002058,NORTH,PREMIUM,2026-06-12 16:00:00,2026-09-10 16:00:00
C02059,Sai Singh,sai.singh2059@example.com,+91-9000002059,WEST,STANDARD,2026-07-25 07:00:00,2026-10-19 07:00:00
C02060,Ananya Nair,ananya.nair2060@example.com,+91-9000002060,SOUTH,STANDARD,2025-04-21 23:00:00,2025-07-20 23:00:00
C02061,Priya Kapoor,priya.kapoor2061@example.com,+91-9000002061,EAST,CORPORATE,2026-02-23 20:00:00,2026-06-14 20:00:00
C02062,Nikhil Joshi,nikhil.joshi2062@example.com,+91-9000002062,SOUTH,CORPORATE,2026-05-04 22:00:00,2026-06-19 22:00:00
C02063,Pooja Kapoor,pooja.kapoor2063@example.com,+91-9000002063,SOUTH,STANDARD,2026-06-06 02:00:00,2026-11-04 02:00:00
C02064,Pooja Verma,pooja.verma2064@example.com,+91-9000002064,NORTH,PREMIUM,2026-04-10 12:00:00,2026-05-25 12:00:00
C02065,Kavya Mehta,kavya.mehta2065@example.com,+91-9000002065,SOUTH,STANDARD,2026-08-26 08:00:00,2026-11-10 08:00:00
C02066,Sneha Verma,sneha.verma2066@example.com,+91-9000002066,WEST,CORPORATE,2025-02-19 18:00:00,2025-07-17 18:00:00
C02067,Kavya Chowdhury,kavya.chowdhury2067@example.com,+91-9000002067,NORTH,PREMIUM,2026-03-13 09:00:00,2026-06-02 09:00:00
C02068,Rahul Patel,rahul.patel2068@example.com,+91-9000002068,WEST,PREMIUM,2025-02-12 23:00:00,2025-06-24 23:00:00
C02069,Vikram Nair,vikram.nair2069@example.com,+91-9000002069,NORTH,PREMIUM,2025-11-18 03:00:00,2025-12-30 03:00:00
C02070,Arjun Rao,arjun.rao2070@example.com,+91-9000002070,EAST,STANDARD,2025-10-08 15:00:00,2025-11-20 15:00:00
C02071,Nikhil Kapoor,nikhil.kapoor2071@example.com,+91-9000002071,SOUTH,STANDARD,2025-09-23 19:00:00,2026-03-12 19:00:00
C02072,Vikram Patel,vikram.patel2072@example.com,+91-9000002072,WEST,CORPORATE,2025-04-09 06:00:00,2025-05-22 06:00:00
C02073,Aarav Nair,aarav.nair2073@example.com,+91-9000002073,WEST,STANDARD,2025-02-10 17:00:00,2025-02-11 17:00:00
C02074,Sneha Chowdhury,sneha.chowdhury2074@example.com,+91-9000002074,WEST,PREMIUM,2025-01-27 11:00:00,2025-06-22 11:00:00
C02075,Meera Mehta,meera.mehta2075@example.com,+91-9000002075,SOUTH,PREMIUM,2026-04-01 16:00:00,2026-06-15 16:00:00
C02076,Arjun Mehta,arjun.mehta2076@example.com,+91-9000002076,NORTH,PREMIUM,2025-05-03 14:00:00,2025-07-09 14:00:00
C02077,Aditya Chowdhury,aditya.chowdhury2077@example.com,+91-9000002077,SOUTH,PREMIUM,2025-05-21 08:00:00,2025-06-10 08:00:00
C02078,Kiran Mehta,kiran.mehta2078@example.com,+91-9000002078,SOUTH,CORPORATE,2025-03-18 10:00:00,2025-06-11 10:00:00
C02079,Vikram Gupta,vikram.gupta2079@example.com,+91-9000002079,SOUTH,CORPORATE,2026-06-10 21:00:00,2026-12-03 21:00:00
C02080,Ananya Kapoor,ananya.kapoor2080@example.com,+91-9000002080,SOUTH,CORPORATE,2025-02-09 13:00:00,2025-06-22 13:00:00
C02081,Ananya Kumar,ananya.kumar2081@example.com,+91-9000002081,SOUTH,CORPORATE,2026-07-26 21:00:00,2027-01-02 21:00:00
C02082,Aarav Kumar,aarav.kumar2082@example.com,+91-9000002082,NORTH,STANDARD,2025-05-21 18:00:00,2025-11-09 18:00:00
C02083,Rohan Rao,rohan.rao2083@example.com,+91-9000002083,EAST,STANDARD,2026-04-27 04:00:00,2026-09-01 04:00:00
C02084,Nikhil Patel,nikhil.patel2084@example.com,+91-9000002084,SOUTH,CORPORATE,2025-07-23 20:00:00,2025-09-15 20:00:00
C02085,Aarav Singh,aarav.singh2085@example.com,+91-9000002085,WEST,CORPORATE,2025-03-10 15:00:00,2025-05-02 15:00:00
C02086,Rahul Sharma,rahul.sharma2086@example.com,+91-9000002086,WEST,CORPORATE,2026-03-05 22:00:00,2026-06-10 22:00:00
C02087,Pooja Kumar,pooja.kumar2087@example.com,+91-9000002087,WEST,CORPORATE,2025-12-24 15:00:00,2026-02-08 15:00:00
C02088,Nikhil Chowdhury,nikhil.chowdhury2088@example.com,+91-9000002088,EAST,PREMIUM,2025-08-26 09:00:00,2026-02-03 09:00:00
C02089,Ishita Nair,ishita.nair2089@example.com,+91-9000002089,EAST,PREMIUM,2026-01-01 17:00:00,2026-01-25 17:00:00
C02090,Kiran Reddy,kiran.reddy2090@example.com,+91-9000002090,EAST,PREMIUM,2025-10-22 13:00:00,2025-12-24 13:00:00
C02091,Meera Reddy,meera.reddy2091@example.com,+91-9000002091,NORTH,CORPORATE,2025-06-30 14:00:00,2025-07-29 14:00:00
C02092,Diya Mehta,diya.mehta2092@example.com,+91-9000002092,SOUTH,PREMIUM,2026-02-12 22:00:00,2026-06-17 22:00:00
C02093,Neha Singh,neha.singh2093@example.com,+91-9000002093,WEST,PREMIUM,2025-08-29 00:00:00,2026-01-05 00:00:00
C02094,Rohan Kapoor,rohan.kapoor2094@example.com,+91-9000002094,WEST,PREMIUM,2026-02-23 01:00:00,2026-04-30 01:00:00
C02095,Ananya Singh,ananya.singh2095@example.com,+91-9000002095,NORTH,PREMIUM,2026-02-05 14:00:00,2026-04-12 14:00:00
C02096,Vivaan Rao,vivaan.rao2096@example.com,+91-9000002096,WEST,PREMIUM,2026-05-13 23:00:00,2026-10-22 23:00:00
C02097,Vivaan Rao,vivaan.rao2097@example.com,+91-9000002097,WEST,CORPORATE,2026-04-04 13:00:00,2026-05-16 13:00:00
C02098,Aisha Kumar,aisha.kumar2098@example.com,+91-9000002098,NORTH,PREMIUM,2025-04-23 19:00:00,2025-05-26 19:00:00
C02099,Neha Iyer,neha.iyer2099@example.com,+91-9000002099,SOUTH,PREMIUM,2025-01-21 23:00:00,2025-02-13 23:00:00
C02100,Ananya Kapoor,ananya.kapoor2100@example.com,+91-9000002100,SOUTH,CORPORATE,2025-12-28 17:00:00,2026-01-09 17:00:00
C02101,Kavya Kumar,kavya.kumar2101@example.com,+91-9000002101,WEST,STANDARD,2026-01-06 17:00:00,2026-05-23 17:00:00
C02102,Ishita Chowdhury,ishita.chowdhury2102@example.com,+91-9000002102,SOUTH,PREMIUM,2025-08-23 09:00:00,2025-11-15 09:00:00
C02103,Meera Kumar,meera.kumar2103@example.com,+91-9000002103,WEST,STANDARD,2026-07-21 23:00:00,2026-07-30 23:00:00
C02104,Aarav Joshi,aarav.joshi2104@example.com,+91-9000002104,WEST,PREMIUM,2026-06-24 03:00:00,2026-10-26 03:00:00
C02105,Vivaan Patel,vivaan.patel2105@example.com,+91-9000002105,SOUTH,STANDARD,2025-10-17 09:00:00,2026-03-27 09:00:00
C02106,Kiran Sharma,kiran.sharma2106@example.com,+91-9000002106,SOUTH,PREMIUM,2025-10-06 23:00:00,2026-03-22 23:00:00
C02107,Ishita Patel,ishita.patel2107@example.com,+91-9000002107,SOUTH,STANDARD,2025-10-04 02:00:00,2026-02-10 02:00:00
C02108,Meera Sharma,meera.sharma2108@example.com,+91-9000002108,WEST,CORPORATE,2025-01-16 23:00:00,2025-02-23 23:00:00
C02109,Arjun Mehta,arjun.mehta2109@example.com,+91-9000002109,WEST,CORPORATE,2026-08-26 12:00:00,2026-11-13 12:00:00
C02110,Ananya Singh,ananya.singh2110@example.com,+91-9000002110,SOUTH,PREMIUM,2026-06-09 23:00:00,2026-08-18 23:00:00
C02111,Priya Kumar,priya.kumar2111@example.com,+91-9000002111,NORTH,PREMIUM,2025-04-13 08:00:00,2025-07-18 08:00:00
C02112,Nikhil Singh,nikhil.singh2112@example.com,+91-9000002112,NORTH,CORPORATE,2025-04-06 07:00:00,2025-06-16 07:00:00
C02113,Sneha Rao,sneha.rao2113@example.com,+91-9000002113,WEST,PREMIUM,2026-07-01 16:00:00,2026-07-05 16:00:00
C02114,Sneha Mehta,sneha.mehta2114@example.com,+91-9000002114,WEST,CORPORATE,2026-02-08 11:00:00,2026-03-07 11:00:00
C02115,Priya Kumar,priya.kumar2115@example.com,+91-9000002115,NORTH,STANDARD,2026-08-15 00:00:00,2026-12-07 00:00:00
C02116,Diya Gupta,diya.gupta2116@example.com,+91-9000002116,WEST,PREMIUM,2026-07-31 03:00:00,2026-09-05 03:00:00
C02117,Aditya Reddy,aditya.reddy2117@example.com,+91-9000002117,WEST,PREMIUM,2026-07-29 05:00:00,2026-12-27 05:00:00
C02118,Kiran Reddy,kiran.reddy2118@example.com,+91-9000002118,NORTH,PREMIUM,2025-05-25 12:00:00,2025-10-05 12:00:00
C02119,Pooja Joshi,pooja.joshi2119@example.com,+91-9000002119,EAST,PREMIUM,2025-08-27 01:00:00,2025-12-10 01:00:00
C02120,Nikhil Mehta,nikhil.mehta2120@example.com,+91-9000002120,SOUTH,PREMIUM,2025-12-12 04:00:00,2026-06-06 04:00:00
C02121,Pooja Nair,pooja.nair2121@example.com,+91-9000002121,WEST,CORPORATE,2026-02-21 00:00:00,2026-04-15 00:00:00
C02122,Aisha Joshi,aisha.joshi2122@example.com,+91-9000002122,EAST,PREMIUM,2026-05-16 17:00:00,2026-10-29 17:00:00
C02123,Kiran Verma,kiran.verma2123@example.com,+91-9000002123,EAST,CORPORATE,2026-04-18 22:00:00,2026-09-07 22:00:00
C02124,Aditya Kapoor,aditya.kapoor2124@example.com,+91-9000002124,SOUTH,PREMIUM,2025-04-18 13:00:00,2025-05-20 13:00:00
C02125,Aarav Patel,aarav.patel2125@example.com,+91-9000002125,SOUTH,STANDARD,2026-06-17 23:00:00,2026-08-06 23:00:00
C02126,Priya Chowdhury,priya.chowdhury2126@example.com,+91-9000002126,NORTH,PREMIUM,2025-04-27 01:00:00,2025-06-09 01:00:00
C02127,Kavya Gupta,kavya.gupta2127@example.com,+91-9000002127,WEST,PREMIUM,2025-05-24 23:00:00,2025-09-03 23:00:00
C02128,Aarav Rao,aarav.rao2128@example.com,+91-9000002128,WEST,CORPORATE,2025-05-01 13:00:00,2025-10-21 13:00:00
C02129,Vikram Iyer,vikram.iyer2129@example.com,+91-9000002129,NORTH,CORPORATE,2025-11-27 19:00:00,2026-05-12 19:00:00
C02130,Rahul Patel,rahul.patel2130@example.com,+91-9000002130,WEST,CORPORATE,2025-10-25 16:00:00,2026-01-28 16:00:00
C02131,Kavya Nair,kavya.nair2131@example.com,+91-9000002131,EAST,STANDARD,2025-09-15 15:00:00,2025-12-08 15:00:00
C02132,Sai Patel,sai.patel2132@example.com,+91-9000002132,EAST,STANDARD,2026-06-21 22:00:00,2026-09-10 22:00:00
C02133,Meera Patel,meera.patel2133@example.com,+91-9000002133,SOUTH,STANDARD,2025-06-03 15:00:00,2025-08-21 15:00:00
C02134,Rohan Kumar,rohan.kumar2134@example.com,+91-9000002134,EAST,PREMIUM,2025-04-07 17:00:00,2025-05-01 17:00:00
C02135,Vivaan Nair,vivaan.nair2135@example.com,+91-9000002135,SOUTH,STANDARD,2026-04-25 19:00:00,2026-07-23 19:00:00
C02136,Aisha Kapoor,aisha.kapoor2136@example.com,+91-9000002136,SOUTH,STANDARD,2025-08-20 11:00:00,2025-10-29 11:00:00
C02137,Nikhil Chowdhury,nikhil.chowdhury2137@example.com,+91-9000002137,WEST,PREMIUM,2026-03-13 18:00:00,2026-08-19 18:00:00
C02138,Ishita Kapoor,ishita.kapoor2138@example.com,+91-9000002138,WEST,CORPORATE,2025-09-18 17:00:00,2026-03-05 17:00:00
C02139,Rohan Reddy,rohan.reddy2139@example.com,+91-9000002139,SOUTH,CORPORATE,2026-08-30 04:00:00,2026-10-24 04:00:00
C02140,Vikram Patel,vikram.patel2140@example.com,+91-9000002140,SOUTH,STANDARD,2025-09-27 18:00:00,2026-02-07 18:00:00
C02141,Pooja Das,pooja.das2141@example.com,+91-9000002141,NORTH,CORPORATE,2026-01-28 10:00:00,2026-07-01 10:00:00
C02142,Vikram Joshi,vikram.joshi2142@example.com,+91-9000002142,SOUTH,STANDARD,2026-04-30 06:00:00,2026-06-28 06:00:00
C02143,Rohan Reddy,rohan.reddy2143@example.com,+91-9000002143,SOUTH,PREMIUM,2025-05-31 04:00:00,2025-05-31 04:00:00
C02144,Ananya Reddy,ananya.reddy2144@example.com,+91-9000002144,WEST,PREMIUM,2025-02-23 04:00:00,2025-06-11 04:00:00
C02145,Sneha Verma,sneha.verma2145@example.com,+91-9000002145,SOUTH,STANDARD,2025-11-06 16:00:00,2026-03-29 16:00:00
C02146,Ishita Singh,ishita.singh2146@example.com,+91-9000002146,EAST,PREMIUM,2026-01-30 22:00:00,2026-04-19 22:00:00
C02147,Kavya Verma,kavya.verma2147@example.com,+91-9000002147,NORTH,STANDARD,2026-06-28 02:00:00,2026-08-09 02:00:00
C02148,Vikram Mehta,vikram.mehta2148@example.com,+91-9000002148,WEST,PREMIUM,2025-05-27 13:00:00,2025-09-29 13:00:00
C02149,Vikram Das,vikram.das2149@example.com,+91-9000002149,NORTH,CORPORATE,2025-05-04 17:00:00,2025-08-01 17:00:00
C02150,Rahul Sharma,rahul.sharma2150@example.com,+91-9000002150,NORTH,CORPORATE,2026-01-10 14:00:00,2026-04-28 14:00:00
C02151,Rohan Nair,rohan.nair2151@example.com,+91-9000002151,NORTH,PREMIUM,2026-07-28 06:00:00,2026-09-11 06:00:00
C02152,Aarav Kumar,aarav.kumar2152@example.com,+91-9000002152,WEST,STANDARD,2026-03-29 11:00:00,2026-03-30 11:00:00
C02153,Pooja Rao,pooja.rao2153@example.com,+91-9000002153,NORTH,PREMIUM,2025-12-03 03:00:00,2026-04-10 03:00:00
C02154,Aarav Nair,aarav.nair2154@example.com,+91-9000002154,WEST,CORPORATE,2025-10-07 01:00:00,2026-02-06 01:00:00
C02155,Ishita Sharma,ishita.sharma2155@example.com,+91-9000002155,SOUTH,CORPORATE,2025-09-17 08:00:00,2025-09-24 08:00:00
C02156,Sneha Nair,sneha.nair2156@example.com,+91-9000002156,SOUTH,PREMIUM,2026-04-11 15:00:00,2026-09-23 15:00:00
C02157,Aisha Joshi,aisha.joshi2157@example.com,+91-9000002157,NORTH,STANDARD,2025-04-17 01:00:00,2025-09-20 01:00:00
C02158,Sai Mehta,sai.mehta2158@example.com,+91-9000002158,SOUTH,PREMIUM,2025-07-01 04:00:00,2025-07-31 04:00:00
C02159,Vivaan Gupta,vivaan.gupta2159@example.com,+91-9000002159,SOUTH,CORPORATE,2025-03-05 10:00:00,2025-05-15 10:00:00
C02160,Rohan Das,rohan.das2160@example.com,+91-9000002160,NORTH,CORPORATE,2025-01-18 10:00:00,2025-03-02 10:00:00
C02161,Pooja Mehta,pooja.mehta2161@example.com,+91-9000002161,SOUTH,CORPORATE,2026-01-11 16:00:00,2026-04-24 16:00:00
C02162,Meera Chowdhury,meera.chowdhury2162@example.com,+91-9000002162,WEST,CORPORATE,2025-03-04 02:00:00,2025-04-10 02:00:00
C02163,Vikram Reddy,vikram.reddy2163@example.com,+91-9000002163,SOUTH,PREMIUM,2025-06-26 14:00:00,2025-11-28 14:00:00
C02164,Rohan Mehta,rohan.mehta2164@example.com,+91-9000002164,SOUTH,CORPORATE,2026-06-02 13:00:00,2026-06-02 13:00:00
C02165,Nikhil Rao,nikhil.rao2165@example.com,+91-9000002165,SOUTH,PREMIUM,2026-07-29 11:00:00,2026-11-25 11:00:00
C02166,Pooja Chowdhury,pooja.chowdhury2166@example.com,+91-9000002166,EAST,STANDARD,2025-03-30 18:00:00,2025-04-28 18:00:00
C02167,Aditya Patel,aditya.patel2167@example.com,+91-9000002167,NORTH,CORPORATE,2025-03-30 05:00:00,2025-09-06 05:00:00
C02168,Aarav Joshi,aarav.joshi2168@example.com,+91-9000002168,WEST,CORPORATE,2025-06-23 00:00:00,2025-09-26 00:00:00
C02169,Priya Reddy,priya.reddy2169@example.com,+91-9000002169,WEST,CORPORATE,2025-09-10 09:00:00,2025-10-13 09:00:00
C02170,Nikhil Sharma,nikhil.sharma2170@example.com,+91-9000002170,WEST,STANDARD,2026-01-24 22:00:00,2026-04-05 22:00:00
C02171,Sai Nair,sai.nair2171@example.com,+91-9000002171,WEST,STANDARD,2025-11-20 13:00:00,2026-01-28 13:00:00
C02172,Rohan Patel,rohan.patel2172@example.com,+91-9000002172,EAST,PREMIUM,2025-10-30 08:00:00,2025-11-22 08:00:00
C02173,Sneha Verma,sneha.verma2173@example.com,+91-9000002173,NORTH,CORPORATE,2026-08-16 11:00:00,2026-12-27 11:00:00
C02174,Priya Chowdhury,priya.chowdhury2174@example.com,+91-9000002174,NORTH,PREMIUM,2025-06-24 01:00:00,2025-08-02 01:00:00
C02175,Aisha Nair,aisha.nair2175@example.com,+91-9000002175,NORTH,PREMIUM,2025-08-04 22:00:00,2026-01-16 22:00:00
C02176,Nikhil Kumar,nikhil.kumar2176@example.com,+91-9000002176,WEST,CORPORATE,2025-12-17 22:00:00,2026-02-23 22:00:00
C02177,Aditya Iyer,aditya.iyer2177@example.com,+91-9000002177,WEST,PREMIUM,2025-08-04 08:00:00,2025-10-09 08:00:00
C02178,Vivaan Kapoor,vivaan.kapoor2178@example.com,+91-9000002178,SOUTH,PREMIUM,2025-04-29 16:00:00,2025-06-03 16:00:00
C02179,Priya Nair,priya.nair2179@example.com,+91-9000002179,NORTH,PREMIUM,2025-11-27 11:00:00,2026-05-14 11:00:00
C02180,Pooja Kapoor,pooja.kapoor2180@example.com,+91-9000002180,SOUTH,CORPORATE,2025-02-04 10:00:00,2025-05-06 10:00:00
C02181,Aarav Patel,aarav.patel2181@example.com,+91-9000002181,NORTH,PREMIUM,2026-03-08 15:00:00,2026-08-20 15:00:00
C02182,Arjun Patel,arjun.patel2182@example.com,+91-9000002182,SOUTH,PREMIUM,2026-01-02 09:00:00,2026-05-21 09:00:00
C02183,Rahul Joshi,rahul.joshi2183@example.com,+91-9000002183,NORTH,PREMIUM,2025-01-23 14:00:00,2025-06-23 14:00:00
C02184,Pooja Mehta,pooja.mehta2184@example.com,+91-9000002184,NORTH,PREMIUM,2026-03-22 23:00:00,2026-05-23 23:00:00
C02185,Vikram Mehta,vikram.mehta2185@example.com,+91-9000002185,NORTH,PREMIUM,2026-01-18 19:00:00,2026-07-10 19:00:00
C02186,Ishita Rao,ishita.rao2186@example.com,+91-9000002186,WEST,STANDARD,2025-02-11 07:00:00,2025-05-29 07:00:00
C02187,Meera Joshi,meera.joshi2187@example.com,+91-9000002187,NORTH,CORPORATE,2025-10-03 18:00:00,2025-10-10 18:00:00
C02188,Rahul Iyer,rahul.iyer2188@example.com,+91-9000002188,NORTH,CORPORATE,2025-06-20 09:00:00,2025-11-01 09:00:00
C02189,Rohan Nair,rohan.nair2189@example.com,+91-9000002189,NORTH,STANDARD,2025-05-23 04:00:00,2025-06-15 04:00:00
C02190,Nikhil Joshi,nikhil.joshi2190@example.com,+91-9000002190,EAST,PREMIUM,2025-05-25 11:00:00,2025-07-06 11:00:00
C02191,Priya Sharma,priya.sharma2191@example.com,+91-9000002191,SOUTH,PREMIUM,2025-06-01 06:00:00,2025-08-18 06:00:00
C02192,Aditya Patel,aditya.patel2192@example.com,+91-9000002192,NORTH,STANDARD,2025-08-30 06:00:00,2025-10-31 06:00:00
C02193,Sai Das,sai.das2193@example.com,+91-9000002193,SOUTH,PREMIUM,2026-07-23 11:00:00,2026-09-01 11:00:00
C02194,Diya Reddy,diya.reddy2194@example.com,+91-9000002194,NORTH,CORPORATE,2026-04-28 17:00:00,2026-06-21 17:00:00
C02195,Sneha Das,sneha.das2195@example.com,+91-9000002195,WEST,STANDARD,2026-01-21 14:00:00,2026-04-30 14:00:00
C02196,Sai Verma,sai.verma2196@example.com,+91-9000002196,NORTH,PREMIUM,2025-05-17 12:00:00,2025-11-05 12:00:00
C02197,Meera Nair,meera.nair2197@example.com,+91-9000002197,SOUTH,PREMIUM,2026-02-08 17:00:00,2026-06-13 17:00:00
C02198,Pooja Sharma,pooja.sharma2198@example.com,+91-9000002198,SOUTH,STANDARD,2025-08-16 19:00:00,2025-11-18 19:00:00
C02199,Diya Verma,diya.verma2199@example.com,+91-9000002199,NORTH,CORPORATE,2026-05-29 00:00:00,2026-09-07 00:00:00
C02200,Aditya Das,aditya.das2200@example.com,+91-9000002200,EAST,STANDARD,2025-08-24 04:00:00,2025-09-04 04:00:00
C02201,Rohan Rao,rohan.rao2201@example.com,+91-9000002201,NORTH,PREMIUM,2026-03-22 02:00:00,2026-09-05 02:00:00
C02202,Rahul Singh,rahul.singh2202@example.com,+91-9000002202,WEST,PREMIUM,2025-06-04 09:00:00,2025-11-23 09:00:00
C02203,Sneha Sharma,sneha.sharma2203@example.com,+91-9000002203,SOUTH,STANDARD,2025-09-25 13:00:00,2026-01-04 13:00:00
C02204,Kavya Chowdhury,kavya.chowdhury2204@example.com,+91-9000002204,SOUTH,PREMIUM,2025-04-19 14:00:00,2025-10-11 14:00:00
C02205,Arjun Das,arjun.das2205@example.com,+91-9000002205,SOUTH,PREMIUM,2026-02-19 00:00:00,2026-03-23 00:00:00
C02206,Pooja Iyer,pooja.iyer2206@example.com,+91-9000002206,EAST,STANDARD,2026-01-29 21:00:00,2026-06-02 21:00:00
C02207,Ishita Singh,ishita.singh2207@example.com,+91-9000002207,NORTH,PREMIUM,2025-02-25 09:00:00,2025-08-06 09:00:00
C02208,Arjun Nair,arjun.nair2208@example.com,+91-9000002208,NORTH,PREMIUM,2026-04-07 16:00:00,2026-07-01 16:00:00
C02209,Aisha Verma,aisha.verma2209@example.com,+91-9000002209,NORTH,CORPORATE,2025-04-25 05:00:00,2025-08-01 05:00:00
C02210,Aditya Patel,aditya.patel2210@example.com,+91-9000002210,NORTH,PREMIUM,2025-01-08 10:00:00,2025-02-27 10:00:00
C02211,Kavya Chowdhury,kavya.chowdhury2211@example.com,+91-9000002211,SOUTH,PREMIUM,2026-04-11 13:00:00,2026-06-22 13:00:00
C02212,Vivaan Reddy,vivaan.reddy2212@example.com,+91-9000002212,NORTH,STANDARD,2026-05-17 14:00:00,2026-10-17 14:00:00
C02213,Diya Rao,diya.rao2213@example.com,+91-9000002213,WEST,STANDARD,2026-03-12 10:00:00,2026-07-28 10:00:00
C02214,Vikram Patel,vikram.patel2214@example.com,+91-9000002214,NORTH,STANDARD,2025-10-28 11:00:00,2026-02-19 11:00:00
C02215,Ananya Rao,ananya.rao2215@example.com,+91-9000002215,SOUTH,PREMIUM,2025-02-06 19:00:00,2025-02-15 19:00:00
C02216,Aisha Mehta,aisha.mehta2216@example.com,+91-9000002216,SOUTH,STANDARD,2026-02-10 07:00:00,2026-06-26 07:00:00
C02217,Arjun Patel,arjun.patel2217@example.com,+91-9000002217,EAST,PREMIUM,2025-05-29 20:00:00,2025-08-07 20:00:00
C02218,Diya Gupta,diya.gupta2218@example.com,+91-9000002218,WEST,CORPORATE,2025-09-07 23:00:00,2026-01-02 23:00:00
C02219,Vivaan Reddy,vivaan.reddy2219@example.com,+91-9000002219,SOUTH,STANDARD,2025-12-01 11:00:00,2026-05-05 11:00:00
C02220,Arjun Singh,arjun.singh2220@example.com,+91-9000002220,SOUTH,PREMIUM,2026-06-09 23:00:00,2026-11-19 23:00:00
C02221,Nikhil Singh,nikhil.singh2221@example.com,+91-9000002221,SOUTH,CORPORATE,2026-02-15 00:00:00,2026-04-21 00:00:00
C02222,Aditya Chowdhury,aditya.chowdhury2222@example.com,+91-9000002222,WEST,CORPORATE,2026-03-20 03:00:00,2026-05-25 03:00:00
C02223,Nikhil Nair,nikhil.nair2223@example.com,+91-9000002223,WEST,CORPORATE,2026-06-11 17:00:00,2026-06-23 17:00:00
C02224,Diya Nair,diya.nair2224@example.com,+91-9000002224,NORTH,PREMIUM,2026-04-30 06:00:00,2026-10-23 06:00:00
C02225,Rahul Rao,rahul.rao2225@example.com,+91-9000002225,SOUTH,CORPORATE,2026-05-29 21:00:00,2026-09-08 21:00:00
C02226,Rahul Das,rahul.das2226@example.com,+91-9000002226,SOUTH,PREMIUM,2025-10-19 08:00:00,2025-12-11 08:00:00
C02227,Aarav Joshi,aarav.joshi2227@example.com,+91-9000002227,SOUTH,PREMIUM,2026-03-01 21:00:00,2026-05-08 21:00:00
C02228,Priya Nair,priya.nair2228@example.com,+91-9000002228,WEST,STANDARD,2025-11-22 03:00:00,2025-11-26 03:00:00
C02229,Ananya Kumar,ananya.kumar2229@example.com,+91-9000002229,WEST,CORPORATE,2025-03-07 19:00:00,2025-08-09 19:00:00
C02230,Priya Nair,priya.nair2230@example.com,+91-9000002230,NORTH,PREMIUM,2026-03-07 20:00:00,2026-07-23 20:00:00
C02231,Ishita Gupta,ishita.gupta2231@example.com,+91-9000002231,NORTH,PREMIUM,2026-07-26 00:00:00,2026-10-15 00:00:00
C02232,Diya Chowdhury,diya.chowdhury2232@example.com,+91-9000002232,EAST,CORPORATE,2026-04-01 04:00:00,2026-08-06 04:00:00
C02233,Rohan Iyer,rohan.iyer2233@example.com,+91-9000002233,NORTH,PREMIUM,2025-06-24 21:00:00,2025-10-05 21:00:00
C02234,Vivaan Das,vivaan.das2234@example.com,+91-9000002234,EAST,CORPORATE,2026-08-09 02:00:00,2026-11-05 02:00:00
C02235,Aditya Kumar,aditya.kumar2235@example.com,+91-9000002235,WEST,PREMIUM,2026-06-27 11:00:00,2026-09-15 11:00:00
C02236,Priya Das,priya.das2236@example.com,+91-9000002236,SOUTH,CORPORATE,2026-04-24 00:00:00,2026-09-20 00:00:00
C02237,Rahul Nair,rahul.nair2237@example.com,+91-9000002237,NORTH,PREMIUM,2025-12-27 18:00:00,2026-01-01 18:00:00
C02238,Nikhil Iyer,nikhil.iyer2238@example.com,+91-9000002238,NORTH,CORPORATE,2026-05-18 07:00:00,2026-06-20 07:00:00
C02239,Ishita Nair,ishita.nair2239@example.com,+91-9000002239,NORTH,STANDARD,2025-05-07 03:00:00,2025-06-30 03:00:00
C02240,Arjun Nair,arjun.nair2240@example.com,+91-9000002240,SOUTH,CORPORATE,2025-10-24 05:00:00,2026-02-03 05:00:00
C02241,Aisha Singh,aisha.singh2241@example.com,+91-9000002241,NORTH,CORPORATE,2025-12-27 06:00:00,2026-03-08 06:00:00
C02242,Ananya Joshi,ananya.joshi2242@example.com,+91-9000002242,SOUTH,CORPORATE,2026-01-07 20:00:00,2026-07-01 20:00:00
C02243,Ananya Iyer,ananya.iyer2243@example.com,+91-9000002243,NORTH,STANDARD,2026-07-03 17:00:00,2026-10-14 17:00:00
C02244,Sneha Joshi,sneha.joshi2244@example.com,+91-9000002244,EAST,STANDARD,2026-04-21 09:00:00,2026-06-05 09:00:00
C02245,Ishita Rao,ishita.rao2245@example.com,+91-9000002245,NORTH,PREMIUM,2025-01-04 17:00:00,2025-06-20 17:00:00
C02246,Rahul Das,rahul.das2246@example.com,+91-9000002246,NORTH,CORPORATE,2025-04-11 12:00:00,2025-07-27 12:00:00
C02247,Meera Singh,meera.singh2247@example.com,+91-9000002247,SOUTH,CORPORATE,2025-07-13 20:00:00,2025-09-08 20:00:00
C02248,Sai Nair,sai.nair2248@example.com,+91-9000002248,NORTH,CORPORATE,2026-05-31 02:00:00,2026-09-12 02:00:00
C02249,Aarav Verma,aarav.verma2249@example.com,+91-9000002249,NORTH,CORPORATE,2025-09-13 05:00:00,2026-01-11 05:00:00
C02250,Aditya Verma,aditya.verma2250@example.com,+91-9000002250,NORTH,CORPORATE,2025-01-24 23:00:00,2025-05-03 23:00:00
C02251,Aisha Iyer,aisha.iyer2251@example.com,+91-9000002251,EAST,PREMIUM,2025-07-17 05:00:00,2025-09-16 05:00:00
C02252,Rahul Gupta,rahul.gupta2252@example.com,+91-9000002252,SOUTH,PREMIUM,2025-07-24 10:00:00,2025-08-09 10:00:00
C02253,Aarav Kumar,aarav.kumar2253@example.com,+91-9000002253,EAST,STANDARD,2026-08-15 14:00:00,2027-02-06 14:00:00
C02254,Neha Gupta,neha.gupta2254@example.com,+91-9000002254,EAST,CORPORATE,2025-09-05 05:00:00,2026-02-16 05:00:00
C02255,Arjun Joshi,arjun.joshi2255@example.com,+91-9000002255,SOUTH,STANDARD,2026-09-11 10:00:00,2027-01-07 10:00:00
C02256,Aditya Sharma,aditya.sharma2256@example.com,+91-9000002256,NORTH,CORPORATE,2025-02-03 21:00:00,2025-06-03 21:00:00
C02257,Ishita Reddy,ishita.reddy2257@example.com,+91-9000002257,WEST,STANDARD,2026-03-04 08:00:00,2026-08-06 08:00:00
C02258,Aisha Mehta,aisha.mehta2258@example.com,+91-9000002258,EAST,CORPORATE,2025-01-25 14:00:00,2025-02-09 14:00:00
C02259,Nikhil Joshi,nikhil.joshi2259@example.com,+91-9000002259,SOUTH,PREMIUM,2026-02-12 23:00:00,2026-05-25 23:00:00
C02260,Kavya Das,kavya.das2260@example.com,+91-9000002260,SOUTH,STANDARD,2026-03-27 13:00:00,2026-05-03 13:00:00
C02261,Vikram Joshi,vikram.joshi2261@example.com,+91-9000002261,SOUTH,PREMIUM,2026-08-17 03:00:00,2026-11-30 03:00:00
C02262,Ananya Patel,ananya.patel2262@example.com,+91-9000002262,WEST,PREMIUM,2025-09-06 15:00:00,2025-09-30 15:00:00
C02263,Ananya Das,ananya.das2263@example.com,+91-9000002263,EAST,STANDARD,2025-03-17 14:00:00,2025-05-22 14:00:00
C02264,Ananya Rao,ananya.rao2264@example.com,+91-9000002264,EAST,CORPORATE,2026-04-01 10:00:00,2026-06-06 10:00:00
C02265,Pooja Rao,pooja.rao2265@example.com,+91-9000002265,SOUTH,STANDARD,2026-09-01 01:00:00,2027-01-12 01:00:00
C02266,Nikhil Sharma,nikhil.sharma2266@example.com,+91-9000002266,NORTH,PREMIUM,2025-08-15 11:00:00,2025-10-28 11:00:00
C02267,Nikhil Mehta,nikhil.mehta2267@example.com,+91-9000002267,WEST,PREMIUM,2025-06-12 18:00:00,2025-10-02 18:00:00
C02268,Nikhil Patel,nikhil.patel2268@example.com,+91-9000002268,NORTH,PREMIUM,2025-05-12 04:00:00,2025-08-18 04:00:00
C02269,Vikram Das,vikram.das2269@example.com,+91-9000002269,WEST,CORPORATE,2025-08-22 00:00:00,2025-11-07 00:00:00
C02270,Sai Nair,sai.nair2270@example.com,+91-9000002270,NORTH,CORPORATE,2025-01-13 08:00:00,2025-05-23 08:00:00
C02271,Kavya Singh,kavya.singh2271@example.com,+91-9000002271,SOUTH,PREMIUM,2026-05-04 19:00:00,2026-10-15 19:00:00
C02272,Sai Nair,sai.nair2272@example.com,+91-9000002272,WEST,PREMIUM,2026-05-29 10:00:00,2026-09-02 10:00:00
C02273,Sneha Das,sneha.das2273@example.com,+91-9000002273,EAST,STANDARD,2025-06-23 16:00:00,2025-10-24 16:00:00
C02274,Ishita Sharma,ishita.sharma2274@example.com,+91-9000002274,WEST,PREMIUM,2025-03-08 10:00:00,2025-04-29 10:00:00
C02275,Kiran Patel,kiran.patel2275@example.com,+91-9000002275,SOUTH,CORPORATE,2025-10-12 19:00:00,2025-12-01 19:00:00
C02276,Diya Gupta,diya.gupta2276@example.com,+91-9000002276,SOUTH,CORPORATE,2026-04-16 18:00:00,2026-08-28 18:00:00
C02277,Kiran Mehta,kiran.mehta2277@example.com,+91-9000002277,SOUTH,PREMIUM,2025-07-27 11:00:00,2026-01-03 11:00:00
C02278,Arjun Verma,arjun.verma2278@example.com,+91-9000002278,WEST,CORPORATE,2026-06-04 02:00:00,2026-10-18 02:00:00
C02279,Aisha Chowdhury,aisha.chowdhury2279@example.com,+91-9000002279,EAST,CORPORATE,2025-03-23 01:00:00,2025-08-03 01:00:00
C02280,Kiran Kumar,kiran.kumar2280@example.com,+91-9000002280,SOUTH,CORPORATE,2025-09-20 23:00:00,2026-03-05 23:00:00
C02281,Kiran Kumar,kiran.kumar2281@example.com,+91-9000002281,SOUTH,CORPORATE,2026-04-13 05:00:00,2026-06-20 05:00:00
C02282,Aisha Rao,aisha.rao2282@example.com,+91-9000002282,WEST,CORPORATE,2025-04-04 23:00:00,2025-04-20 23:00:00
C02283,Sai Iyer,sai.iyer2283@example.com,+91-9000002283,WEST,STANDARD,2025-11-07 01:00:00,2026-01-08 01:00:00
C02284,Pooja Joshi,pooja.joshi2284@example.com,+91-9000002284,EAST,STANDARD,2026-08-19 15:00:00,2027-01-03 15:00:00
C02285,Vivaan Verma,vivaan.verma2285@example.com,+91-9000002285,EAST,STANDARD,2025-03-16 06:00:00,2025-07-07 06:00:00
C02286,Aditya Gupta,aditya.gupta2286@example.com,+91-9000002286,WEST,CORPORATE,2025-07-22 03:00:00,2025-09-15 03:00:00
C02287,Neha Gupta,neha.gupta2287@example.com,+91-9000002287,SOUTH,CORPORATE,2025-11-04 18:00:00,2026-02-22 18:00:00
C02288,Arjun Mehta,arjun.mehta2288@example.com,+91-9000002288,WEST,CORPORATE,2026-03-30 20:00:00,2026-09-08 20:00:00
C02289,Neha Joshi,neha.joshi2289@example.com,+91-9000002289,WEST,PREMIUM,2026-04-13 00:00:00,2026-09-13 00:00:00
C02290,Vikram Gupta,vikram.gupta2290@example.com,+91-9000002290,WEST,PREMIUM,2025-06-30 10:00:00,2025-11-08 10:00:00
C02291,Nikhil Das,nikhil.das2291@example.com,+91-9000002291,WEST,STANDARD,2025-11-03 08:00:00,2026-01-29 08:00:00
C02292,Vikram Das,vikram.das2292@example.com,+91-9000002292,WEST,CORPORATE,2026-07-29 16:00:00,2026-11-18 16:00:00
C02293,Arjun Joshi,arjun.joshi2293@example.com,+91-9000002293,SOUTH,PREMIUM,2025-07-06 15:00:00,2025-11-13 15:00:00
C02294,Sneha Gupta,sneha.gupta2294@example.com,+91-9000002294,SOUTH,PREMIUM,2025-06-17 05:00:00,2025-12-06 05:00:00
C02295,Nikhil Reddy,nikhil.reddy2295@example.com,+91-9000002295,WEST,STANDARD,2026-03-30 10:00:00,2026-05-18 10:00:00
C02296,Arjun Joshi,arjun.joshi2296@example.com,+91-9000002296,WEST,CORPORATE,2025-08-26 06:00:00,2025-11-12 06:00:00
C02297,Ananya Joshi,ananya.joshi2297@example.com,+91-9000002297,SOUTH,CORPORATE,2026-06-28 15:00:00,2026-09-12 15:00:00
C02298,Neha Kumar,neha.kumar2298@example.com,+91-9000002298,SOUTH,PREMIUM,2026-08-08 21:00:00,2026-09-17 21:00:00
C02299,Rohan Joshi,rohan.joshi2299@example.com,+91-9000002299,SOUTH,CORPORATE,2026-02-10 05:00:00,2026-07-29 05:00:00
C02300,Rahul Verma,rahul.verma2300@example.com,+91-9000002300,NORTH,PREMIUM,2026-06-13 15:00:00,2026-08-20 15:00:00
C02301,Kiran Kapoor,kiran.kapoor2301@example.com,+91-9000002301,WEST,PREMIUM,2025-09-27 15:00:00,2025-11-03 15:00:00
C02302,Nikhil Verma,nikhil.verma2302@example.com,+91-9000002302,NORTH,PREMIUM,2025-12-29 23:00:00,2026-03-17 23:00:00
C02303,Meera Nair,meera.nair2303@example.com,+91-9000002303,SOUTH,PREMIUM,2026-02-07 13:00:00,2026-02-21 13:00:00
C02304,Meera Verma,meera.verma2304@example.com,+91-9000002304,WEST,STANDARD,2025-05-24 14:00:00,2025-11-20 14:00:00
C02305,Rohan Kumar,rohan.kumar2305@example.com,+91-9000002305,NORTH,STANDARD,2025-09-20 09:00:00,2025-12-11 09:00:00
C02306,Meera Joshi,meera.joshi2306@example.com,+91-9000002306,WEST,CORPORATE,2026-01-27 10:00:00,2026-03-19 10:00:00
C02307,Rohan Nair,rohan.nair2307@example.com,+91-9000002307,WEST,STANDARD,2026-05-31 14:00:00,2026-06-19 14:00:00
C02308,Kiran Patel,kiran.patel2308@example.com,+91-9000002308,EAST,CORPORATE,2025-11-30 23:00:00,2026-04-30 23:00:00
C02309,Sneha Sharma,sneha.sharma2309@example.com,+91-9000002309,EAST,STANDARD,2026-02-04 22:00:00,2026-04-16 22:00:00
C02310,Neha Nair,neha.nair2310@example.com,+91-9000002310,SOUTH,STANDARD,2026-01-20 01:00:00,2026-07-02 01:00:00
C02311,Ananya Rao,ananya.rao2311@example.com,+91-9000002311,EAST,PREMIUM,2026-07-05 11:00:00,2026-08-02 11:00:00
C02312,Sneha Patel,sneha.patel2312@example.com,+91-9000002312,NORTH,STANDARD,2025-03-17 10:00:00,2025-04-24 10:00:00
C02313,Pooja Rao,pooja.rao2313@example.com,+91-9000002313,WEST,STANDARD,2026-08-11 06:00:00,2026-12-01 06:00:00
C02314,Kiran Verma,kiran.verma2314@example.com,+91-9000002314,WEST,CORPORATE,2026-08-10 17:00:00,2026-12-23 17:00:00
C02315,Nikhil Mehta,nikhil.mehta2315@example.com,+91-9000002315,SOUTH,CORPORATE,2025-01-23 04:00:00,2025-04-13 04:00:00
C02316,Diya Kapoor,diya.kapoor2316@example.com,+91-9000002316,WEST,STANDARD,2026-04-02 23:00:00,2026-06-23 23:00:00
C02317,Priya Kumar,priya.kumar2317@example.com,+91-9000002317,NORTH,STANDARD,2026-04-17 11:00:00,2026-10-07 11:00:00
C02318,Vikram Rao,vikram.rao2318@example.com,+91-9000002318,SOUTH,STANDARD,2026-09-11 23:00:00,2026-10-11 23:00:00
C02319,Meera Singh,meera.singh2319@example.com,+91-9000002319,SOUTH,CORPORATE,2026-02-10 15:00:00,2026-02-25 15:00:00
C02320,Kavya Verma,kavya.verma2320@example.com,+91-9000002320,NORTH,STANDARD,2025-01-17 18:00:00,2025-05-26 18:00:00
C02321,Ananya Joshi,ananya.joshi2321@example.com,+91-9000002321,WEST,CORPORATE,2026-07-06 15:00:00,2026-09-29 15:00:00
C02322,Aditya Mehta,aditya.mehta2322@example.com,+91-9000002322,SOUTH,CORPORATE,2025-03-19 18:00:00,2025-04-16 18:00:00
C02323,Aisha Patel,aisha.patel2323@example.com,+91-9000002323,NORTH,PREMIUM,2026-06-10 02:00:00,2026-11-13 02:00:00
C02324,Rohan Joshi,rohan.joshi2324@example.com,+91-9000002324,NORTH,PREMIUM,2025-03-16 21:00:00,2025-07-13 21:00:00
C02325,Priya Kapoor,priya.kapoor2325@example.com,+91-9000002325,NORTH,STANDARD,2025-06-05 20:00:00,2025-07-21 20:00:00
C02326,Pooja Verma,pooja.verma2326@example.com,+91-9000002326,NORTH,STANDARD,2026-04-10 16:00:00,2026-07-21 16:00:00
C02327,Pooja Rao,pooja.rao2327@example.com,+91-9000002327,NORTH,STANDARD,2025-01-07 19:00:00,2025-01-09 19:00:00
C02328,Kiran Verma,kiran.verma2328@example.com,+91-9000002328,WEST,STANDARD,2026-03-14 04:00:00,2026-08-10 04:00:00
C02329,Ananya Iyer,ananya.iyer2329@example.com,+91-9000002329,WEST,CORPORATE,2026-04-14 20:00:00,2026-07-13 20:00:00
C02330,Pooja Patel,pooja.patel2330@example.com,+91-9000002330,WEST,PREMIUM,2025-07-13 04:00:00,2025-08-28 04:00:00
C02331,Arjun Sharma,arjun.sharma2331@example.com,+91-9000002331,SOUTH,STANDARD,2026-07-01 19:00:00,2026-11-16 19:00:00
C02332,Diya Reddy,diya.reddy2332@example.com,+91-9000002332,WEST,CORPORATE,2025-12-02 10:00:00,2026-01-24 10:00:00
C02333,Rohan Rao,rohan.rao2333@example.com,+91-9000002333,WEST,STANDARD,2025-06-17 13:00:00,2025-08-11 13:00:00
C02334,Diya Sharma,diya.sharma2334@example.com,+91-9000002334,SOUTH,PREMIUM,2025-05-21 14:00:00,2025-05-27 14:00:00
C02335,Priya Chowdhury,priya.chowdhury2335@example.com,+91-9000002335,SOUTH,PREMIUM,2025-08-02 12:00:00,2025-11-22 12:00:00
C02336,Ishita Kumar,ishita.kumar2336@example.com,+91-9000002336,NORTH,STANDARD,2025-07-30 12:00:00,2025-08-22 12:00:00
C02337,Rahul Iyer,rahul.iyer2337@example.com,+91-9000002337,WEST,STANDARD,2026-08-16 23:00:00,2026-09-26 23:00:00
C02338,Rohan Reddy,rohan.reddy2338@example.com,+91-9000002338,NORTH,PREMIUM,2026-05-16 23:00:00,2026-08-05 23:00:00
C02339,Meera Kumar,meera.kumar2339@example.com,+91-9000002339,WEST,PREMIUM,2025-08-04 02:00:00,2025-12-04 02:00:00
C02340,Vikram Iyer,vikram.iyer2340@example.com,+91-9000002340,SOUTH,STANDARD,2025-04-25 14:00:00,2025-07-31 14:00:00
C02341,Meera Singh,meera.singh2341@example.com,+91-9000002341,NORTH,PREMIUM,2025-04-13 11:00:00,2025-04-29 11:00:00
C02342,Meera Chowdhury,meera.chowdhury2342@example.com,+91-9000002342,SOUTH,CORPORATE,2025-11-04 07:00:00,2026-04-17 07:00:00
C02343,Ishita Kapoor,ishita.kapoor2343@example.com,+91-9000002343,WEST,CORPORATE,2026-04-28 00:00:00,2026-10-10 00:00:00
C02344,Ananya Sharma,ananya.sharma2344@example.com,+91-9000002344,SOUTH,CORPORATE,2025-05-25 07:00:00,2025-05-27 07:00:00
C02345,Sai Iyer,sai.iyer2345@example.com,+91-9000002345,EAST,STANDARD,2025-06-09 04:00:00,2025-06-24 04:00:00
C02346,Neha Joshi,neha.joshi2346@example.com,+91-9000002346,WEST,PREMIUM,2025-08-03 23:00:00,2026-01-08 23:00:00
C02347,Meera Chowdhury,meera.chowdhury2347@example.com,+91-9000002347,SOUTH,STANDARD,2025-06-11 13:00:00,2025-10-21 13:00:00
C02348,Sai Mehta,sai.mehta2348@example.com,+91-9000002348,SOUTH,STANDARD,2025-07-05 11:00:00,2025-07-12 11:00:00
C02349,Sneha Kumar,sneha.kumar2349@example.com,+91-9000002349,NORTH,PREMIUM,2025-11-10 12:00:00,2026-04-18 12:00:00
C02350,Ananya Sharma,ananya.sharma2350@example.com,+91-9000002350,SOUTH,PREMIUM,2025-01-27 10:00:00,2025-02-04 10:00:00
C02351,Sai Kapoor,sai.kapoor2351@example.com,+91-9000002351,WEST,PREMIUM,2026-02-22 01:00:00,2026-07-25 01:00:00
C02352,Kavya Patel,kavya.patel2352@example.com,+91-9000002352,SOUTH,PREMIUM,2025-06-11 03:00:00,2025-08-07 03:00:00
C02353,Aditya Singh,aditya.singh2353@example.com,+91-9000002353,EAST,PREMIUM,2025-03-09 03:00:00,2025-06-23 03:00:00
C02354,Aisha Gupta,aisha.gupta2354@example.com,+91-9000002354,SOUTH,PREMIUM,2025-05-18 19:00:00,2025-09-16 19:00:00
C02355,Sneha Kapoor,sneha.kapoor2355@example.com,+91-9000002355,NORTH,CORPORATE,2025-09-21 04:00:00,2026-02-06 04:00:00
C02356,Diya Nair,diya.nair2356@example.com,+91-9000002356,EAST,CORPORATE,2025-04-09 15:00:00,2025-09-02 15:00:00
C02357,Rohan Patel,rohan.patel2357@example.com,+91-9000002357,SOUTH,STANDARD,2025-08-13 16:00:00,2025-10-09 16:00:00
C02358,Aditya Mehta,aditya.mehta2358@example.com,+91-9000002358,NORTH,PREMIUM,2025-04-08 22:00:00,2025-09-12 22:00:00
C02359,Arjun Kumar,arjun.kumar2359@example.com,+91-9000002359,SOUTH,CORPORATE,2025-08-20 08:00:00,2026-02-04 08:00:00
C02360,Nikhil Verma,nikhil.verma2360@example.com,+91-9000002360,NORTH,CORPORATE,2026-04-19 21:00:00,2026-08-29 21:00:00
C02361,Pooja Kapoor,pooja.kapoor2361@example.com,+91-9000002361,NORTH,PREMIUM,2025-10-01 04:00:00,2026-01-04 04:00:00
C02362,Sai Nair,sai.nair2362@example.com,+91-9000002362,NORTH,CORPORATE,2025-02-05 23:00:00,2025-02-17 23:00:00
C02363,Rohan Patel,rohan.patel2363@example.com,+91-9000002363,SOUTH,STANDARD,2025-01-15 04:00:00,2025-02-25 04:00:00
C02364,Ishita Verma,ishita.verma2364@example.com,+91-9000002364,EAST,PREMIUM,2025-01-12 18:00:00,2025-04-10 18:00:00
C02365,Rohan Das,rohan.das2365@example.com,+91-9000002365,EAST,STANDARD,2026-08-15 12:00:00,2026-12-09 12:00:00
C02366,Neha Rao,neha.rao2366@example.com,+91-9000002366,SOUTH,CORPORATE,2026-07-13 14:00:00,2026-09-22 14:00:00
C02367,Kavya Kapoor,kavya.kapoor2367@example.com,+91-9000002367,SOUTH,PREMIUM,2025-12-12 10:00:00,2026-03-09 10:00:00
C02368,Sneha Joshi,sneha.joshi2368@example.com,+91-9000002368,SOUTH,CORPORATE,2026-07-17 14:00:00,2026-10-12 14:00:00
C02369,Kavya Rao,kavya.rao2369@example.com,+91-9000002369,NORTH,CORPORATE,2025-03-06 11:00:00,2025-03-12 11:00:00
C02370,Aisha Patel,aisha.patel2370@example.com,+91-9000002370,EAST,STANDARD,2025-04-07 07:00:00,2025-05-07 07:00:00
C02371,Aisha Mehta,aisha.mehta2371@example.com,+91-9000002371,NORTH,PREMIUM,2025-10-30 04:00:00,2026-02-22 04:00:00
C02372,Meera Iyer,meera.iyer2372@example.com,+91-9000002372,SOUTH,PREMIUM,2025-03-26 16:00:00,2025-08-03 16:00:00
C02373,Rohan Patel,rohan.patel2373@example.com,+91-9000002373,WEST,CORPORATE,2025-08-16 00:00:00,2025-11-14 00:00:00
C02374,Kavya Nair,kavya.nair2374@example.com,+91-9000002374,WEST,CORPORATE,2025-06-05 18:00:00,2025-06-17 18:00:00
C02375,Aisha Verma,aisha.verma2375@example.com,+91-9000002375,WEST,STANDARD,2026-07-07 07:00:00,2026-10-10 07:00:00
C02376,Rahul Reddy,rahul.reddy2376@example.com,+91-9000002376,NORTH,STANDARD,2025-06-19 20:00:00,2025-07-27 20:00:00
C02377,Aisha Nair,aisha.nair2377@example.com,+91-9000002377,WEST,STANDARD,2026-03-11 06:00:00,2026-06-21 06:00:00
C02378,Nikhil Singh,nikhil.singh2378@example.com,+91-9000002378,EAST,PREMIUM,2026-06-19 13:00:00,2026-09-09 13:00:00
C02379,Sai Mehta,sai.mehta2379@example.com,+91-9000002379,SOUTH,PREMIUM,2025-11-04 00:00:00,2026-03-26 00:00:00
C02380,Nikhil Kumar,nikhil.kumar2380@example.com,+91-9000002380,SOUTH,PREMIUM,2026-09-01 02:00:00,2026-10-06 02:00:00
C02381,Sai Gupta,sai.gupta2381@example.com,+91-9000002381,NORTH,STANDARD,2025-06-14 07:00:00,2025-11-26 07:00:00
C02382,Meera Singh,meera.singh2382@example.com,+91-9000002382,WEST,PREMIUM,2026-08-29 06:00:00,2026-09-16 06:00:00
C02383,Kiran Rao,kiran.rao2383@example.com,+91-9000002383,SOUTH,CORPORATE,2025-05-24 12:00:00,2025-10-20 12:00:00
C02384,Sai Kumar,sai.kumar2384@example.com,+91-9000002384,WEST,PREMIUM,2026-03-31 04:00:00,2026-04-02 04:00:00
C02385,Arjun Iyer,arjun.iyer2385@example.com,+91-9000002385,SOUTH,CORPORATE,2025-11-15 16:00:00,2026-04-17 16:00:00
C02386,Sneha Kumar,sneha.kumar2386@example.com,+91-9000002386,SOUTH,CORPORATE,2026-03-25 09:00:00,2026-08-28 09:00:00
C02387,Priya Patel,priya.patel2387@example.com,+91-9000002387,NORTH,PREMIUM,2025-03-14 23:00:00,2025-03-24 23:00:00
C02388,Ishita Chowdhury,ishita.chowdhury2388@example.com,+91-9000002388,EAST,PREMIUM,2025-09-19 03:00:00,2026-02-15 03:00:00
C02389,Rahul Kapoor,rahul.kapoor2389@example.com,+91-9000002389,WEST,CORPORATE,2026-05-14 09:00:00,2026-06-09 09:00:00
C02390,Aditya Mehta,aditya.mehta2390@example.com,+91-9000002390,NORTH,STANDARD,2026-09-10 19:00:00,2027-02-27 19:00:00
C02391,Sneha Chowdhury,sneha.chowdhury2391@example.com,+91-9000002391,SOUTH,CORPORATE,2026-03-19 13:00:00,2026-04-14 13:00:00
C02392,Vikram Chowdhury,vikram.chowdhury2392@example.com,+91-9000002392,WEST,PREMIUM,2025-10-10 08:00:00,2026-01-25 08:00:00
C02393,Vikram Verma,vikram.verma2393@example.com,+91-9000002393,SOUTH,CORPORATE,2025-03-27 00:00:00,2025-07-29 00:00:00
C02394,Kiran Nair,kiran.nair2394@example.com,+91-9000002394,NORTH,PREMIUM,2026-05-22 07:00:00,2026-11-08 07:00:00
C02395,Vikram Reddy,vikram.reddy2395@example.com,+91-9000002395,NORTH,CORPORATE,2026-05-15 17:00:00,2026-08-19 17:00:00
C02396,Neha Iyer,neha.iyer2396@example.com,+91-9000002396,NORTH,STANDARD,2026-01-27 01:00:00,2026-06-27 01:00:00
C02397,Arjun Nair,arjun.nair2397@example.com,+91-9000002397,WEST,PREMIUM,2025-04-08 03:00:00,2025-09-03 03:00:00
C02398,Neha Singh,neha.singh2398@example.com,+91-9000002398,SOUTH,PREMIUM,2026-02-08 22:00:00,2026-07-23 22:00:00
C02399,Priya Chowdhury,priya.chowdhury2399@example.com,+91-9000002399,WEST,STANDARD,2026-04-17 18:00:00,2026-07-28 18:00:00
C02400,Meera Das,meera.das2400@example.com,+91-9000002400,NORTH,STANDARD,2025-01-27 06:00:00,2025-02-02 06:00:00
C02401,Ananya Reddy,ananya.reddy2401@example.com,+91-9000002401,SOUTH,CORPORATE,2025-10-27 13:00:00,2026-02-20 13:00:00
C02402,Vikram Verma,vikram.verma2402@example.com,+91-9000002402,WEST,PREMIUM,2025-12-19 11:00:00,2026-04-12 11:00:00
C02403,Vivaan Verma,vivaan.verma2403@example.com,+91-9000002403,WEST,STANDARD,2026-04-15 22:00:00,2026-06-07 22:00:00
C02404,Aisha Joshi,aisha.joshi2404@example.com,+91-9000002404,NORTH,CORPORATE,2026-07-15 20:00:00,2026-10-25 20:00:00
C02405,Diya Joshi,diya.joshi2405@example.com,+91-9000002405,SOUTH,PREMIUM,2025-06-26 15:00:00,2025-09-24 15:00:00
C02406,Neha Iyer,neha.iyer2406@example.com,+91-9000002406,WEST,STANDARD,2025-08-22 10:00:00,2025-09-14 10:00:00
C02407,Ishita Verma,ishita.verma2407@example.com,+91-9000002407,SOUTH,PREMIUM,2026-05-25 20:00:00,2026-07-15 20:00:00
C02408,Vikram Chowdhury,vikram.chowdhury2408@example.com,+91-9000002408,NORTH,PREMIUM,2026-05-13 11:00:00,2026-08-13 11:00:00
C02409,Rahul Patel,rahul.patel2409@example.com,+91-9000002409,SOUTH,STANDARD,2025-11-27 00:00:00,2026-04-24 00:00:00
C02410,Nikhil Kapoor,nikhil.kapoor2410@example.com,+91-9000002410,WEST,PREMIUM,2026-06-03 22:00:00,2026-10-24 22:00:00
C02411,Aisha Patel,aisha.patel2411@example.com,+91-9000002411,SOUTH,STANDARD,2026-02-12 19:00:00,2026-03-07 19:00:00
C02412,Aditya Mehta,aditya.mehta2412@example.com,+91-9000002412,NORTH,PREMIUM,2026-09-05 21:00:00,2026-10-12 21:00:00
C02413,Ananya Iyer,ananya.iyer2413@example.com,+91-9000002413,SOUTH,PREMIUM,2025-12-29 12:00:00,2026-01-24 12:00:00
C02414,Nikhil Nair,nikhil.nair2414@example.com,+91-9000002414,NORTH,STANDARD,2026-08-07 02:00:00,2026-11-28 02:00:00
C02415,Vivaan Kumar,vivaan.kumar2415@example.com,+91-9000002415,WEST,STANDARD,2026-07-16 04:00:00,2026-11-19 04:00:00
C02416,Kiran Chowdhury,kiran.chowdhury2416@example.com,+91-9000002416,WEST,PREMIUM,2025-08-13 07:00:00,2026-01-25 07:00:00
C02417,Rohan Patel,rohan.patel2417@example.com,+91-9000002417,WEST,STANDARD,2025-01-13 09:00:00,2025-06-18 09:00:00
C02418,Sneha Chowdhury,sneha.chowdhury2418@example.com,+91-9000002418,WEST,CORPORATE,2026-03-26 13:00:00,2026-08-18 13:00:00
C02419,Rohan Singh,rohan.singh2419@example.com,+91-9000002419,NORTH,PREMIUM,2025-07-10 16:00:00,2025-12-17 16:00:00
C02420,Pooja Kapoor,pooja.kapoor2420@example.com,+91-9000002420,WEST,CORPORATE,2026-02-01 23:00:00,2026-05-05 23:00:00
C02421,Vikram Singh,vikram.singh2421@example.com,+91-9000002421,WEST,PREMIUM,2026-01-15 11:00:00,2026-06-02 11:00:00
C02422,Diya Reddy,diya.reddy2422@example.com,+91-9000002422,WEST,CORPORATE,2025-05-18 10:00:00,2025-10-13 10:00:00
C02423,Sai Reddy,sai.reddy2423@example.com,+91-9000002423,EAST,CORPORATE,2026-06-04 22:00:00,2026-08-23 22:00:00
C02424,Arjun Joshi,arjun.joshi2424@example.com,+91-9000002424,NORTH,CORPORATE,2026-09-11 07:00:00,2027-03-09 07:00:00
C02425,Aisha Chowdhury,aisha.chowdhury2425@example.com,+91-9000002425,WEST,CORPORATE,2025-08-18 14:00:00,2025-08-31 14:00:00
C02426,Priya Nair,priya.nair2426@example.com,+91-9000002426,NORTH,PREMIUM,2026-03-25 15:00:00,2026-04-10 15:00:00
C02427,Rahul Sharma,rahul.sharma2427@example.com,+91-9000002427,WEST,CORPORATE,2026-07-28 14:00:00,2026-08-11 14:00:00
C02428,Diya Gupta,diya.gupta2428@example.com,+91-9000002428,NORTH,STANDARD,2025-06-01 02:00:00,2025-08-10 02:00:00
C02429,Pooja Rao,pooja.rao2429@example.com,+91-9000002429,NORTH,PREMIUM,2025-01-29 22:00:00,2025-05-19 22:00:00
C02430,Sai Singh,sai.singh2430@example.com,+91-9000002430,EAST,PREMIUM,2025-08-09 21:00:00,2025-12-24 21:00:00
C02431,Nikhil Verma,nikhil.verma2431@example.com,+91-9000002431,WEST,PREMIUM,2025-08-27 18:00:00,2025-10-02 18:00:00
C02432,Aisha Das,aisha.das2432@example.com,+91-9000002432,SOUTH,CORPORATE,2026-08-24 10:00:00,2026-09-06 10:00:00
C02433,Diya Nair,diya.nair2433@example.com,+91-9000002433,NORTH,STANDARD,2025-05-03 02:00:00,2025-09-15 02:00:00
C02434,Meera Mehta,meera.mehta2434@example.com,+91-9000002434,WEST,STANDARD,2025-06-15 23:00:00,2025-11-15 23:00:00
C02435,Rahul Chowdhury,rahul.chowdhury2435@example.com,+91-9000002435,EAST,CORPORATE,2025-07-05 00:00:00,2025-08-04 00:00:00
C02436,Ananya Reddy,ananya.reddy2436@example.com,+91-9000002436,NORTH,CORPORATE,2025-04-07 12:00:00,2025-09-29 12:00:00
C02437,Ishita Joshi,ishita.joshi2437@example.com,+91-9000002437,EAST,STANDARD,2026-02-22 12:00:00,2026-05-20 12:00:00
C02438,Rahul Reddy,rahul.reddy2438@example.com,+91-9000002438,SOUTH,CORPORATE,2025-11-15 11:00:00,2026-03-05 11:00:00
C02439,Vikram Gupta,vikram.gupta2439@example.com,+91-9000002439,WEST,PREMIUM,2025-04-03 05:00:00,2025-05-24 05:00:00
C02440,Kiran Verma,kiran.verma2440@example.com,+91-9000002440,EAST,STANDARD,2025-03-25 10:00:00,2025-08-06 10:00:00
C02441,Vikram Sharma,vikram.sharma2441@example.com,+91-9000002441,WEST,STANDARD,2026-09-13 01:00:00,2027-03-06 01:00:00
C02442,Diya Reddy,diya.reddy2442@example.com,+91-9000002442,WEST,STANDARD,2025-06-22 00:00:00,2025-06-23 00:00:00
C02443,Ananya Singh,ananya.singh2443@example.com,+91-9000002443,NORTH,CORPORATE,2025-11-10 00:00:00,2026-02-13 00:00:00
C02444,Aditya Patel,aditya.patel2444@example.com,+91-9000002444,NORTH,PREMIUM,2025-07-13 20:00:00,2025-08-28 20:00:00
C02445,Aisha Kumar,aisha.kumar2445@example.com,+91-9000002445,SOUTH,CORPORATE,2025-12-20 03:00:00,2026-03-25 03:00:00
C02446,Pooja Patel,pooja.patel2446@example.com,+91-9000002446,SOUTH,CORPORATE,2026-03-28 22:00:00,2026-05-05 22:00:00
C02447,Priya Sharma,priya.sharma2447@example.com,+91-9000002447,SOUTH,PREMIUM,2025-02-09 17:00:00,2025-04-24 17:00:00
C02448,Arjun Verma,arjun.verma2448@example.com,+91-9000002448,WEST,STANDARD,2025-07-04 18:00:00,2025-07-29 18:00:00
C02449,Sneha Kumar,sneha.kumar2449@example.com,+91-9000002449,NORTH,PREMIUM,2026-09-10 04:00:00,2027-01-04 04:00:00
C02450,Aisha Chowdhury,aisha.chowdhury2450@example.com,+91-9000002450,SOUTH,CORPORATE,2026-02-03 14:00:00,2026-06-24 14:00:00
C02451,Aditya Verma,aditya.verma2451@example.com,+91-9000002451,SOUTH,STANDARD,2025-09-10 11:00:00,2026-01-13 11:00:00
C02452,Rohan Joshi,rohan.joshi2452@example.com,+91-9000002452,NORTH,STANDARD,2026-02-18 01:00:00,2026-06-20 01:00:00
C02453,Pooja Reddy,pooja.reddy2453@example.com,+91-9000002453,NORTH,CORPORATE,2026-06-17 02:00:00,2026-11-08 02:00:00
C02454,Pooja Mehta,pooja.mehta2454@example.com,+91-9000002454,NORTH,CORPORATE,2026-06-29 16:00:00,2026-12-10 16:00:00
C02455,Rohan Rao,rohan.rao2455@example.com,+91-9000002455,EAST,STANDARD,2025-11-25 04:00:00,2026-02-07 04:00:00
C02456,Meera Singh,meera.singh2456@example.com,+91-9000002456,SOUTH,PREMIUM,2026-03-22 12:00:00,2026-03-28 12:00:00
C02457,Sneha Reddy,sneha.reddy2457@example.com,+91-9000002457,EAST,CORPORATE,2025-11-26 17:00:00,2026-03-05 17:00:00
C02458,Nikhil Gupta,nikhil.gupta2458@example.com,+91-9000002458,SOUTH,CORPORATE,2025-10-22 21:00:00,2025-11-01 21:00:00
C02459,Rohan Reddy,rohan.reddy2459@example.com,+91-9000002459,NORTH,CORPORATE,2025-11-11 18:00:00,2025-12-25 18:00:00
C02460,Ananya Mehta,ananya.mehta2460@example.com,+91-9000002460,SOUTH,STANDARD,2025-02-19 17:00:00,2025-05-07 17:00:00
C02461,Ishita Kumar,ishita.kumar2461@example.com,+91-9000002461,SOUTH,CORPORATE,2025-12-27 17:00:00,2026-04-17 17:00:00
C02462,Kavya Iyer,kavya.iyer2462@example.com,+91-9000002462,NORTH,CORPORATE,2025-07-02 16:00:00,2025-12-27 16:00:00
C02463,Vivaan Kapoor,vivaan.kapoor2463@example.com,+91-9000002463,EAST,STANDARD,2025-08-08 03:00:00,2025-10-03 03:00:00
C02464,Ananya Reddy,ananya.reddy2464@example.com,+91-9000002464,WEST,CORPORATE,2025-07-28 15:00:00,2026-01-07 15:00:00
C02465,Neha Sharma,neha.sharma2465@example.com,+91-9000002465,WEST,CORPORATE,2025-02-16 12:00:00,2025-03-17 12:00:00
C02466,Nikhil Sharma,nikhil.sharma2466@example.com,+91-9000002466,NORTH,STANDARD,2025-09-04 21:00:00,2025-12-12 21:00:00
C02467,Kiran Verma,kiran.verma2467@example.com,+91-9000002467,SOUTH,STANDARD,2026-02-16 01:00:00,2026-07-19 01:00:00
C02468,Kiran Nair,kiran.nair2468@example.com,+91-9000002468,NORTH,CORPORATE,2025-09-22 13:00:00,2026-03-01 13:00:00
C02469,Nikhil Kumar,nikhil.kumar2469@example.com,+91-9000002469,SOUTH,PREMIUM,2025-10-07 13:00:00,2026-01-20 13:00:00
C02470,Ishita Rao,ishita.rao2470@example.com,+91-9000002470,WEST,CORPORATE,2025-07-14 15:00:00,2025-07-16 15:00:00
C02471,Ishita Sharma,ishita.sharma2471@example.com,+91-9000002471,WEST,STANDARD,2026-04-05 04:00:00,2026-09-15 04:00:00
C02472,Arjun Reddy,arjun.reddy2472@example.com,+91-9000002472,SOUTH,STANDARD,2025-06-12 15:00:00,2025-10-27 15:00:00
C02473,Ananya Patel,ananya.patel2473@example.com,+91-9000002473,NORTH,PREMIUM,2025-09-20 21:00:00,2026-02-04 21:00:00
C02474,Nikhil Rao,nikhil.rao2474@example.com,+91-9000002474,SOUTH,STANDARD,2026-08-07 08:00:00,2026-11-16 08:00:00
C02475,Rohan Reddy,rohan.reddy2475@example.com,+91-9000002475,WEST,STANDARD,2026-07-23 15:00:00,2026-12-02 15:00:00
C02476,Vivaan Gupta,vivaan.gupta2476@example.com,+91-9000002476,SOUTH,STANDARD,2026-05-06 03:00:00,2026-05-15 03:00:00
C02477,Ishita Patel,ishita.patel2477@example.com,+91-9000002477,SOUTH,STANDARD,2025-03-27 22:00:00,2025-07-16 22:00:00
C02478,Neha Verma,neha.verma2478@example.com,+91-9000002478,SOUTH,PREMIUM,2026-03-25 23:00:00,2026-08-24 23:00:00
C02479,Vivaan Das,vivaan.das2479@example.com,+91-9000002479,WEST,CORPORATE,2026-05-31 06:00:00,2026-08-20 06:00:00
C02480,Vivaan Nair,vivaan.nair2480@example.com,+91-9000002480,NORTH,PREMIUM,2025-01-15 04:00:00,2025-02-28 04:00:00
C02481,Diya Gupta,diya.gupta2481@example.com,+91-9000002481,SOUTH,PREMIUM,2025-07-25 20:00:00,2025-10-30 20:00:00
C02482,Sai Rao,sai.rao2482@example.com,+91-9000002482,WEST,STANDARD,2026-06-02 02:00:00,2026-11-09 02:00:00
C02483,Rohan Verma,rohan.verma2483@example.com,+91-9000002483,EAST,STANDARD,2026-03-26 00:00:00,2026-05-27 00:00:00
C02484,Neha Iyer,neha.iyer2484@example.com,+91-9000002484,SOUTH,STANDARD,2025-10-22 17:00:00,2026-03-11 17:00:00
C02485,Ananya Sharma,ananya.sharma2485@example.com,+91-9000002485,SOUTH,PREMIUM,2025-04-25 21:00:00,2025-09-04 21:00:00
C02486,Aisha Sharma,aisha.sharma2486@example.com,+91-9000002486,NORTH,PREMIUM,2025-06-23 23:00:00,2025-07-02 23:00:00
C02487,Sai Kapoor,sai.kapoor2487@example.com,+91-9000002487,WEST,STANDARD,2025-04-17 21:00:00,2025-07-23 21:00:00
C02488,Aarav Nair,aarav.nair2488@example.com,+91-9000002488,NORTH,STANDARD,2025-03-01 12:00:00,2025-04-27 12:00:00
C02489,Vivaan Nair,vivaan.nair2489@example.com,+91-9000002489,SOUTH,CORPORATE,2026-07-13 02:00:00,2026-11-11 02:00:00
C02490,Pooja Das,pooja.das2490@example.com,+91-9000002490,NORTH,PREMIUM,2026-01-31 09:00:00,2026-05-26 09:00:00
C02491,Kiran Das,kiran.das2491@example.com,+91-9000002491,WEST,PREMIUM,2026-05-18 19:00:00,2026-10-27 19:00:00
C02492,Priya Gupta,priya.gupta2492@example.com,+91-9000002492,WEST,PREMIUM,2025-06-06 14:00:00,2025-08-02 14:00:00
C02493,Sai Rao,sai.rao2493@example.com,+91-9000002493,WEST,STANDARD,2025-06-28 12:00:00,2025-09-30 12:00:00
C02494,Aarav Singh,aarav.singh2494@example.com,+91-9000002494,SOUTH,PREMIUM,2025-11-04 04:00:00,2026-02-17 04:00:00
C02495,Aisha Chowdhury,aisha.chowdhury2495@example.com,+91-9000002495,SOUTH,CORPORATE,2025-08-21 12:00:00,2025-11-19 12:00:00
C02496,Rohan Singh,rohan.singh2496@example.com,+91-9000002496,EAST,CORPORATE,2026-03-08 13:00:00,2026-07-01 13:00:00
C02497,Priya Singh,priya.singh2497@example.com,+91-9000002497,NORTH,PREMIUM,2026-04-20 11:00:00,2026-10-07 11:00:00
C02498,Ishita Patel,ishita.patel2498@example.com,+91-9000002498,WEST,STANDARD,2026-06-27 06:00:00,2026-08-14 06:00:00
C02499,Pooja Kumar,pooja.kumar2499@example.com,+91-9000002499,WEST,PREMIUM,2026-01-08 14:00:00,2026-04-13 14:00:00
C02500,Nikhil Kumar,nikhil.kumar2500@example.com,+91-9000002500,EAST,STANDARD,2026-02-07 04:00:00,2026-06-25 04:00:00
C02501,Priya Rao,priya.rao2501@example.com,+91-9000002501,WEST,STANDARD,2026-02-27 01:00:00,2026-05-24 01:00:00
C02502,Aisha Kapoor,aisha.kapoor2502@example.com,+91-9000002502,NORTH,CORPORATE,2025-06-10 21:00:00,2025-09-28 21:00:00
C02503,Rahul Gupta,rahul.gupta2503@example.com,+91-9000002503,WEST,PREMIUM,2025-01-25 22:00:00,2025-06-19 22:00:00
C02504,Rahul Rao,rahul.rao2504@example.com,+91-9000002504,NORTH,CORPORATE,2026-07-31 04:00:00,2026-09-19 04:00:00
C02505,Sai Singh,sai.singh2505@example.com,+91-9000002505,WEST,CORPORATE,2025-11-21 14:00:00,2025-12-24 14:00:00
C02506,Sneha Verma,sneha.verma2506@example.com,+91-9000002506,SOUTH,CORPORATE,2026-06-28 23:00:00,2026-07-22 23:00:00
C02507,Aditya Reddy,aditya.reddy2507@example.com,+91-9000002507,SOUTH,PREMIUM,2025-01-22 00:00:00,2025-02-14 00:00:00
C02508,Ananya Kapoor,ananya.kapoor2508@example.com,+91-9000002508,SOUTH,STANDARD,2026-01-01 06:00:00,2026-03-20 06:00:00
C02509,Aditya Verma,aditya.verma2509@example.com,+91-9000002509,EAST,PREMIUM,2025-11-20 18:00:00,2026-02-14 18:00:00
C02510,Rahul Rao,rahul.rao2510@example.com,+91-9000002510,WEST,STANDARD,2025-11-07 03:00:00,2025-12-15 03:00:00
C02511,Rahul Singh,rahul.singh2511@example.com,+91-9000002511,NORTH,PREMIUM,2025-05-02 17:00:00,2025-06-11 17:00:00
C02512,Aisha Iyer,aisha.iyer2512@example.com,+91-9000002512,WEST,CORPORATE,2026-04-26 22:00:00,2026-06-28 22:00:00
C02513,Arjun Das,arjun.das2513@example.com,+91-9000002513,SOUTH,STANDARD,2025-05-31 14:00:00,2025-07-04 14:00:00
C02514,Ishita Gupta,ishita.gupta2514@example.com,+91-9000002514,SOUTH,STANDARD,2026-01-24 15:00:00,2026-06-23 15:00:00
C02515,Diya Kapoor,diya.kapoor2515@example.com,+91-9000002515,NORTH,STANDARD,2026-03-28 18:00:00,2026-07-20 18:00:00
C02516,Aarav Gupta,aarav.gupta2516@example.com,+91-9000002516,NORTH,STANDARD,2026-08-04 11:00:00,2026-11-06 11:00:00
C02517,Aditya Patel,aditya.patel2517@example.com,+91-9000002517,WEST,CORPORATE,2025-05-19 19:00:00,2025-08-27 19:00:00
C02518,Sai Reddy,sai.reddy2518@example.com,+91-9000002518,NORTH,PREMIUM,2025-07-21 20:00:00,2025-08-11 20:00:00
C02519,Diya Nair,diya.nair2519@example.com,+91-9000002519,NORTH,CORPORATE,2026-05-22 00:00:00,2026-09-05 00:00:00
C02520,Rahul Verma,rahul.verma2520@example.com,+91-9000002520,WEST,PREMIUM,2025-09-16 06:00:00,2026-01-27 06:00:00
C02521,Aarav Gupta,aarav.gupta2521@example.com,+91-9000002521,SOUTH,CORPORATE,2025-11-23 05:00:00,2026-01-23 05:00:00
C02522,Nikhil Rao,nikhil.rao2522@example.com,+91-9000002522,NORTH,STANDARD,2026-04-05 13:00:00,2026-06-13 13:00:00
C02523,Priya Das,priya.das2523@example.com,+91-9000002523,WEST,STANDARD,2025-03-24 10:00:00,2025-04-26 10:00:00
C02524,Neha Sharma,neha.sharma2524@example.com,+91-9000002524,WEST,PREMIUM,2026-08-11 00:00:00,2026-10-01 00:00:00
C02525,Sneha Singh,sneha.singh2525@example.com,+91-9000002525,WEST,CORPORATE,2026-02-02 01:00:00,2026-05-09 01:00:00
C02526,Ananya Verma,ananya.verma2526@example.com,+91-9000002526,NORTH,CORPORATE,2026-06-09 13:00:00,2026-09-04 13:00:00
C02527,Sai Verma,sai.verma2527@example.com,+91-9000002527,WEST,PREMIUM,2025-09-25 17:00:00,2025-12-06 17:00:00
C02528,Vikram Reddy,vikram.reddy2528@example.com,+91-9000002528,SOUTH,CORPORATE,2026-04-06 21:00:00,2026-06-26 21:00:00
C02529,Kavya Kapoor,kavya.kapoor2529@example.com,+91-9000002529,SOUTH,STANDARD,2025-04-27 00:00:00,2025-06-28 00:00:00
C02530,Aditya Patel,aditya.patel2530@example.com,+91-9000002530,SOUTH,CORPORATE,2026-01-18 02:00:00,2026-03-19 02:00:00
C02531,Aditya Chowdhury,aditya.chowdhury2531@example.com,+91-9000002531,SOUTH,CORPORATE,2025-03-19 00:00:00,2025-06-14 00:00:00
C02532,Neha Reddy,neha.reddy2532@example.com,+91-9000002532,EAST,CORPORATE,2025-06-09 18:00:00,2025-09-01 18:00:00
C02533,Arjun Nair,arjun.nair2533@example.com,+91-9000002533,SOUTH,STANDARD,2025-05-05 01:00:00,2025-05-25 01:00:00
C02534,Rahul Reddy,rahul.reddy2534@example.com,+91-9000002534,NORTH,CORPORATE,2025-04-04 00:00:00,2025-06-02 00:00:00
C02535,Rohan Sharma,rohan.sharma2535@example.com,+91-9000002535,NORTH,CORPORATE,2025-03-23 12:00:00,2025-08-05 12:00:00
C02536,Rohan Gupta,rohan.gupta2536@example.com,+91-9000002536,EAST,CORPORATE,2025-07-22 22:00:00,2026-01-18 22:00:00
C02537,Rahul Gupta,rahul.gupta2537@example.com,+91-9000002537,NORTH,STANDARD,2025-10-22 23:00:00,2026-02-12 23:00:00
C02538,Rahul Iyer,rahul.iyer2538@example.com,+91-9000002538,SOUTH,STANDARD,2025-01-07 02:00:00,2025-03-15 02:00:00
C02539,Sai Kapoor,sai.kapoor2539@example.com,+91-9000002539,WEST,CORPORATE,2026-07-10 18:00:00,2026-08-10 18:00:00
C02540,Aditya Kumar,aditya.kumar2540@example.com,+91-9000002540,WEST,STANDARD,2025-07-11 10:00:00,2025-10-20 10:00:00
C02541,Pooja Rao,pooja.rao2541@example.com,+91-9000002541,WEST,CORPORATE,2026-09-08 13:00:00,2026-11-20 13:00:00
C02542,Rohan Singh,rohan.singh2542@example.com,+91-9000002542,WEST,CORPORATE,2025-09-14 11:00:00,2025-09-15 11:00:00
C02543,Vikram Rao,vikram.rao2543@example.com,+91-9000002543,SOUTH,STANDARD,2025-06-15 02:00:00,2025-10-19 02:00:00
C02544,Diya Kapoor,diya.kapoor2544@example.com,+91-9000002544,NORTH,STANDARD,2025-03-03 19:00:00,2025-08-22 19:00:00
C02545,Priya Sharma,priya.sharma2545@example.com,+91-9000002545,NORTH,PREMIUM,2025-04-01 10:00:00,2025-09-26 10:00:00
C02546,Neha Das,neha.das2546@example.com,+91-9000002546,WEST,CORPORATE,2025-03-09 18:00:00,2025-05-29 18:00:00
C02547,Priya Verma,priya.verma2547@example.com,+91-9000002547,EAST,PREMIUM,2026-05-07 11:00:00,2026-09-09 11:00:00
C02548,Ananya Iyer,ananya.iyer2548@example.com,+91-9000002548,NORTH,STANDARD,2025-07-14 07:00:00,2025-07-24 07:00:00
C02549,Diya Singh,diya.singh2549@example.com,+91-9000002549,NORTH,PREMIUM,2026-04-22 14:00:00,2026-08-18 14:00:00
C02550,Priya Gupta,priya.gupta2550@example.com,+91-9000002550,NORTH,PREMIUM,2025-06-06 04:00:00,2025-06-12 04:00:00
C02551,Sai Joshi,sai.joshi2551@example.com,+91-9000002551,SOUTH,PREMIUM,2025-11-21 12:00:00,2026-02-22 12:00:00
C02552,Aarav Singh,aarav.singh2552@example.com,+91-9000002552,NORTH,STANDARD,2025-06-26 04:00:00,2025-08-20 04:00:00
C02553,Arjun Sharma,arjun.sharma2553@example.com,+91-9000002553,SOUTH,PREMIUM,2026-02-05 15:00:00,2026-05-02 15:00:00
C02554,Rohan Sharma,rohan.sharma2554@example.com,+91-9000002554,SOUTH,PREMIUM,2026-05-25 12:00:00,2026-10-12 12:00:00
C02555,Vikram Kumar,vikram.kumar2555@example.com,+91-9000002555,NORTH,CORPORATE,2025-07-14 15:00:00,2025-11-18 15:00:00
C02556,Meera Singh,meera.singh2556@example.com,+91-9000002556,SOUTH,PREMIUM,2025-06-13 15:00:00,2025-07-10 15:00:00
C02557,Aditya Verma,aditya.verma2557@example.com,+91-9000002557,WEST,STANDARD,2026-05-04 19:00:00,2026-07-03 19:00:00
C02558,Kavya Gupta,kavya.gupta2558@example.com,+91-9000002558,EAST,STANDARD,2025-08-10 13:00:00,2025-10-27 13:00:00
C02559,Rahul Verma,rahul.verma2559@example.com,+91-9000002559,NORTH,PREMIUM,2025-11-15 21:00:00,2026-04-20 21:00:00
C02560,Arjun Nair,arjun.nair2560@example.com,+91-9000002560,WEST,PREMIUM,2025-05-13 16:00:00,2025-08-16 16:00:00
C02561,Sai Verma,sai.verma2561@example.com,+91-9000002561,SOUTH,STANDARD,2026-08-02 15:00:00,2026-11-24 15:00:00
C02562,Diya Singh,diya.singh2562@example.com,+91-9000002562,NORTH,CORPORATE,2025-09-10 06:00:00,2025-11-08 06:00:00
C02563,Ananya Das,ananya.das2563@example.com,+91-9000002563,WEST,PREMIUM,2026-05-03 08:00:00,2026-09-27 08:00:00
C02564,Ananya Mehta,ananya.mehta2564@example.com,+91-9000002564,NORTH,CORPORATE,2025-07-19 04:00:00,2025-12-12 04:00:00
C02565,Kiran Mehta,kiran.mehta2565@example.com,+91-9000002565,WEST,STANDARD,2026-08-31 19:00:00,2027-01-03 19:00:00
C02566,Pooja Gupta,pooja.gupta2566@example.com,+91-9000002566,WEST,STANDARD,2025-01-20 10:00:00,2025-04-28 10:00:00
C02567,Sai Nair,sai.nair2567@example.com,+91-9000002567,WEST,PREMIUM,2025-11-26 02:00:00,2026-03-24 02:00:00
C02568,Neha Kapoor,neha.kapoor2568@example.com,+91-9000002568,EAST,PREMIUM,2025-09-30 02:00:00,2025-11-18 02:00:00
C02569,Vikram Mehta,vikram.mehta2569@example.com,+91-9000002569,SOUTH,PREMIUM,2025-05-27 11:00:00,2025-07-29 11:00:00
C02570,Kiran Das,kiran.das2570@example.com,+91-9000002570,NORTH,CORPORATE,2025-01-04 10:00:00,2025-05-07 10:00:00
C02571,Aisha Patel,aisha.patel2571@example.com,+91-9000002571,EAST,PREMIUM,2025-10-07 10:00:00,2026-03-10 10:00:00
C02572,Aisha Kumar,aisha.kumar2572@example.com,+91-9000002572,NORTH,STANDARD,2025-07-12 19:00:00,2025-09-25 19:00:00
C02573,Vivaan Mehta,vivaan.mehta2573@example.com,+91-9000002573,WEST,PREMIUM,2025-07-19 16:00:00,2025-09-20 16:00:00
C02574,Ishita Singh,ishita.singh2574@example.com,+91-9000002574,WEST,STANDARD,2025-01-12 09:00:00,2025-02-17 09:00:00
C02575,Nikhil Sharma,nikhil.sharma2575@example.com,+91-9000002575,NORTH,STANDARD,2025-01-30 20:00:00,2025-05-04 20:00:00
C02576,Priya Joshi,priya.joshi2576@example.com,+91-9000002576,NORTH,CORPORATE,2025-06-01 14:00:00,2025-07-11 14:00:00
C02577,Neha Gupta,neha.gupta2577@example.com,+91-9000002577,WEST,PREMIUM,2025-11-18 03:00:00,2026-01-27 03:00:00
C02578,Rohan Mehta,rohan.mehta2578@example.com,+91-9000002578,SOUTH,CORPORATE,2026-04-10 09:00:00,2026-05-12 09:00:00
C02579,Ananya Sharma,ananya.sharma2579@example.com,+91-9000002579,NORTH,CORPORATE,2025-05-07 01:00:00,2025-09-06 01:00:00
C02580,Diya Patel,diya.patel2580@example.com,+91-9000002580,NORTH,CORPORATE,2025-11-19 23:00:00,2025-11-25 23:00:00
C02581,Meera Das,meera.das2581@example.com,+91-9000002581,SOUTH,PREMIUM,2025-11-28 12:00:00,2026-05-03 12:00:00
C02582,Vivaan Das,vivaan.das2582@example.com,+91-9000002582,NORTH,CORPORATE,2025-10-17 10:00:00,2025-10-27 10:00:00
C02583,Kavya Sharma,kavya.sharma2583@example.com,+91-9000002583,SOUTH,STANDARD,2025-05-16 15:00:00,2025-06-20 15:00:00
C02584,Sai Reddy,sai.reddy2584@example.com,+91-9000002584,WEST,STANDARD,2026-06-20 05:00:00,2026-09-20 05:00:00
C02585,Diya Verma,diya.verma2585@example.com,+91-9000002585,NORTH,STANDARD,2025-03-25 13:00:00,2025-07-29 13:00:00
C02586,Ishita Iyer,ishita.iyer2586@example.com,+91-9000002586,NORTH,CORPORATE,2025-03-05 16:00:00,2025-06-14 16:00:00
C02587,Sai Iyer,sai.iyer2587@example.com,+91-9000002587,EAST,STANDARD,2025-04-02 06:00:00,2025-05-01 06:00:00
C02588,Vikram Kumar,vikram.kumar2588@example.com,+91-9000002588,WEST,STANDARD,2025-09-03 01:00:00,2025-09-16 01:00:00
C02589,Kiran Gupta,kiran.gupta2589@example.com,+91-9000002589,WEST,STANDARD,2025-02-13 01:00:00,2025-03-24 01:00:00
C02590,Sai Iyer,sai.iyer2590@example.com,+91-9000002590,NORTH,CORPORATE,2025-11-24 10:00:00,2026-05-14 10:00:00
C02591,Ishita Sharma,ishita.sharma2591@example.com,+91-9000002591,EAST,STANDARD,2026-06-07 09:00:00,2026-11-25 09:00:00
C02592,Meera Iyer,meera.iyer2592@example.com,+91-9000002592,WEST,CORPORATE,2025-03-11 01:00:00,2025-03-20 01:00:00
C02593,Rohan Kumar,rohan.kumar2593@example.com,+91-9000002593,SOUTH,PREMIUM,2026-08-20 15:00:00,2027-02-15 15:00:00
C02594,Aditya Nair,aditya.nair2594@example.com,+91-9000002594,SOUTH,PREMIUM,2026-01-12 16:00:00,2026-03-07 16:00:00
C02595,Sai Iyer,sai.iyer2595@example.com,+91-9000002595,NORTH,PREMIUM,2025-01-08 20:00:00,2025-03-17 20:00:00
C02596,Aisha Verma,aisha.verma2596@example.com,+91-9000002596,SOUTH,STANDARD,2026-06-08 12:00:00,2026-11-10 12:00:00
C02597,Vikram Verma,vikram.verma2597@example.com,+91-9000002597,WEST,PREMIUM,2025-07-20 10:00:00,2025-08-19 10:00:00
C02598,Nikhil Gupta,nikhil.gupta2598@example.com,+91-9000002598,NORTH,CORPORATE,2025-01-30 14:00:00,2025-07-20 14:00:00
C02599,Kavya Joshi,kavya.joshi2599@example.com,+91-9000002599,SOUTH,STANDARD,2026-02-20 06:00:00,2026-03-02 06:00:00
C02600,Ishita Joshi,ishita.joshi2600@example.com,+91-9000002600,WEST,STANDARD,2025-04-20 23:00:00,2025-09-12 23:00:00
C02601,Nikhil Chowdhury,nikhil.chowdhury2601@example.com,+91-9000002601,WEST,PREMIUM,2025-08-08 18:00:00,2025-12-04 18:00:00
C02602,Vivaan Das,vivaan.das2602@example.com,+91-9000002602,WEST,STANDARD,2025-08-24 18:00:00,2026-01-01 18:00:00
C02603,Aarav Rao,aarav.rao2603@example.com,+91-9000002603,SOUTH,PREMIUM,2025-01-13 06:00:00,2025-03-06 06:00:00
C02604,Sneha Mehta,sneha.mehta2604@example.com,+91-9000002604,NORTH,PREMIUM,2026-02-02 23:00:00,2026-05-13 23:00:00
C02605,Neha Joshi,neha.joshi2605@example.com,+91-9000002605,EAST,CORPORATE,2025-06-19 15:00:00,2025-11-18 15:00:00
C02606,Nikhil Joshi,nikhil.joshi2606@example.com,+91-9000002606,NORTH,STANDARD,2025-09-12 02:00:00,2025-09-12 02:00:00
C02607,Aarav Nair,aarav.nair2607@example.com,+91-9000002607,WEST,STANDARD,2025-02-21 00:00:00,2025-05-09 00:00:00
C02608,Priya Singh,priya.singh2608@example.com,+91-9000002608,SOUTH,STANDARD,2026-08-05 05:00:00,2026-11-07 05:00:00
C02609,Rohan Das,rohan.das2609@example.com,+91-9000002609,NORTH,STANDARD,2025-07-15 13:00:00,2025-09-24 13:00:00
C02610,Meera Das,meera.das2610@example.com,+91-9000002610,SOUTH,STANDARD,2025-01-23 09:00:00,2025-04-10 09:00:00
C02611,Sai Rao,sai.rao2611@example.com,+91-9000002611,SOUTH,CORPORATE,2026-04-13 06:00:00,2026-10-04 06:00:00
C02612,Aarav Kapoor,aarav.kapoor2612@example.com,+91-9000002612,SOUTH,STANDARD,2026-05-03 05:00:00,2026-05-25 05:00:00
C02613,Kiran Gupta,kiran.gupta2613@example.com,+91-9000002613,WEST,PREMIUM,2026-08-17 22:00:00,2026-10-25 22:00:00
C02614,Aarav Mehta,aarav.mehta2614@example.com,+91-9000002614,SOUTH,CORPORATE,2026-07-31 15:00:00,2027-01-24 15:00:00
C02615,Sai Kumar,sai.kumar2615@example.com,+91-9000002615,NORTH,STANDARD,2025-03-08 12:00:00,2025-03-17 12:00:00
C02616,Sneha Singh,sneha.singh2616@example.com,+91-9000002616,SOUTH,STANDARD,2026-04-22 13:00:00,2026-09-16 13:00:00
C02617,Vivaan Das,vivaan.das2617@example.com,+91-9000002617,WEST,CORPORATE,2025-03-06 08:00:00,2025-07-06 08:00:00
C02618,Rohan Joshi,rohan.joshi2618@example.com,+91-9000002618,WEST,STANDARD,2025-10-01 00:00:00,2025-11-30 00:00:00
C02619,Priya Joshi,priya.joshi2619@example.com,+91-9000002619,SOUTH,CORPORATE,2025-01-02 20:00:00,2025-04-23 20:00:00
C02620,Aisha Mehta,aisha.mehta2620@example.com,+91-9000002620,SOUTH,PREMIUM,2026-05-16 07:00:00,2026-08-17 07:00:00
C02621,Aditya Nair,aditya.nair2621@example.com,+91-9000002621,EAST,CORPORATE,2026-01-12 14:00:00,2026-02-22 14:00:00
C02622,Diya Das,diya.das2622@example.com,+91-9000002622,WEST,CORPORATE,2026-01-16 23:00:00,2026-02-22 23:00:00
C02623,Ananya Mehta,ananya.mehta2623@example.com,+91-9000002623,SOUTH,CORPORATE,2025-12-22 13:00:00,2026-04-03 13:00:00
C02624,Diya Gupta,diya.gupta2624@example.com,+91-9000002624,SOUTH,CORPORATE,2025-12-22 09:00:00,2026-04-27 09:00:00
C02625,Aisha Singh,aisha.singh2625@example.com,+91-9000002625,SOUTH,CORPORATE,2026-01-04 13:00:00,2026-03-09 13:00:00
C02626,Sai Verma,sai.verma2626@example.com,+91-9000002626,EAST,PREMIUM,2026-01-03 20:00:00,2026-05-21 20:00:00
C02627,Rahul Kapoor,rahul.kapoor2627@example.com,+91-9000002627,WEST,CORPORATE,2025-02-13 10:00:00,2025-03-22 10:00:00
C02628,Neha Verma,neha.verma2628@example.com,+91-9000002628,SOUTH,CORPORATE,2026-07-08 20:00:00,2026-08-12 20:00:00
C02629,Rohan Chowdhury,rohan.chowdhury2629@example.com,+91-9000002629,NORTH,STANDARD,2026-02-10 02:00:00,2026-06-18 02:00:00
C02630,Aisha Sharma,aisha.sharma2630@example.com,+91-9000002630,NORTH,STANDARD,2026-06-17 03:00:00,2026-08-21 03:00:00
C02631,Aisha Das,aisha.das2631@example.com,+91-9000002631,WEST,CORPORATE,2025-06-18 23:00:00,2025-09-11 23:00:00
C02632,Sneha Reddy,sneha.reddy2632@example.com,+91-9000002632,NORTH,CORPORATE,2025-11-30 23:00:00,2026-03-11 23:00:00
C02633,Kavya Das,kavya.das2633@example.com,+91-9000002633,NORTH,PREMIUM,2026-02-07 07:00:00,2026-05-22 07:00:00
C02634,Arjun Kumar,arjun.kumar2634@example.com,+91-9000002634,WEST,CORPORATE,2026-04-10 04:00:00,2026-04-10 04:00:00
C02635,Kavya Joshi,kavya.joshi2635@example.com,+91-9000002635,SOUTH,STANDARD,2025-04-21 15:00:00,2025-10-15 15:00:00
C02636,Nikhil Kumar,nikhil.kumar2636@example.com,+91-9000002636,WEST,CORPORATE,2026-02-20 09:00:00,2026-08-02 09:00:00
C02637,Arjun Chowdhury,arjun.chowdhury2637@example.com,+91-9000002637,SOUTH,STANDARD,2025-07-15 00:00:00,2025-09-28 00:00:00
C02638,Arjun Kumar,arjun.kumar2638@example.com,+91-9000002638,SOUTH,STANDARD,2025-07-10 21:00:00,2025-09-12 21:00:00
C02639,Priya Reddy,priya.reddy2639@example.com,+91-9000002639,NORTH,STANDARD,2026-03-09 11:00:00,2026-09-03 11:00:00
C02640,Neha Rao,neha.rao2640@example.com,+91-9000002640,NORTH,STANDARD,2025-12-18 12:00:00,2026-03-05 12:00:00
C02641,Meera Nair,meera.nair2641@example.com,+91-9000002641,NORTH,CORPORATE,2026-08-27 15:00:00,2026-09-06 15:00:00
C02642,Sneha Sharma,sneha.sharma2642@example.com,+91-9000002642,NORTH,STANDARD,2026-05-27 10:00:00,2026-07-31 10:00:00
C02643,Sneha Chowdhury,sneha.chowdhury2643@example.com,+91-9000002643,SOUTH,PREMIUM,2026-01-28 17:00:00,2026-07-23 17:00:00
C02644,Pooja Nair,pooja.nair2644@example.com,+91-9000002644,EAST,STANDARD,2025-12-26 21:00:00,2026-04-02 21:00:00
C02645,Vivaan Gupta,vivaan.gupta2645@example.com,+91-9000002645,WEST,CORPORATE,2025-03-30 15:00:00,2025-04-22 15:00:00
C02646,Aditya Kumar,aditya.kumar2646@example.com,+91-9000002646,NORTH,CORPORATE,2025-04-07 14:00:00,2025-07-02 14:00:00
C02647,Kiran Nair,kiran.nair2647@example.com,+91-9000002647,NORTH,PREMIUM,2026-04-26 01:00:00,2026-09-14 01:00:00
C02648,Priya Kumar,priya.kumar2648@example.com,+91-9000002648,SOUTH,CORPORATE,2026-02-25 03:00:00,2026-03-29 03:00:00
C02649,Pooja Chowdhury,pooja.chowdhury2649@example.com,+91-9000002649,EAST,STANDARD,2025-01-29 16:00:00,2025-06-06 16:00:00
C02650,Rahul Gupta,rahul.gupta2650@example.com,+91-9000002650,NORTH,PREMIUM,2025-10-09 22:00:00,2026-02-23 22:00:00
C02651,Vivaan Rao,vivaan.rao2651@example.com,+91-9000002651,WEST,PREMIUM,2026-08-23 03:00:00,2026-10-06 03:00:00
C02652,Priya Rao,priya.rao2652@example.com,+91-9000002652,WEST,CORPORATE,2025-06-16 01:00:00,2025-09-08 01:00:00
C02653,Meera Reddy,meera.reddy2653@example.com,+91-9000002653,WEST,PREMIUM,2025-06-08 02:00:00,2025-10-10 02:00:00
C02654,Kiran Sharma,kiran.sharma2654@example.com,+91-9000002654,SOUTH,PREMIUM,2026-02-01 23:00:00,2026-02-12 23:00:00
C02655,Nikhil Patel,nikhil.patel2655@example.com,+91-9000002655,NORTH,PREMIUM,2025-08-17 10:00:00,2025-10-14 10:00:00
C02656,Priya Joshi,priya.joshi2656@example.com,+91-9000002656,SOUTH,STANDARD,2025-04-29 03:00:00,2025-06-01 03:00:00
C02657,Neha Nair,neha.nair2657@example.com,+91-9000002657,EAST,PREMIUM,2025-01-25 14:00:00,2025-07-22 14:00:00
C02658,Meera Sharma,meera.sharma2658@example.com,+91-9000002658,NORTH,CORPORATE,2026-06-22 22:00:00,2026-11-08 22:00:00
C02659,Arjun Singh,arjun.singh2659@example.com,+91-9000002659,WEST,PREMIUM,2026-05-01 01:00:00,2026-09-20 01:00:00
C02660,Meera Reddy,meera.reddy2660@example.com,+91-9000002660,WEST,CORPORATE,2025-03-08 02:00:00,2025-06-07 02:00:00
C02661,Sneha Singh,sneha.singh2661@example.com,+91-9000002661,SOUTH,STANDARD,2026-06-04 07:00:00,2026-06-10 07:00:00
C02662,Rahul Reddy,rahul.reddy2662@example.com,+91-9000002662,WEST,PREMIUM,2026-08-08 05:00:00,2027-01-23 05:00:00
C02663,Aisha Verma,aisha.verma2663@example.com,+91-9000002663,EAST,STANDARD,2026-07-25 08:00:00,2027-01-09 08:00:00
C02664,Rahul Nair,rahul.nair2664@example.com,+91-9000002664,WEST,STANDARD,2026-02-28 03:00:00,2026-04-28 03:00:00
C02665,Rohan Patel,rohan.patel2665@example.com,+91-9000002665,NORTH,STANDARD,2025-11-04 04:00:00,2026-02-07 04:00:00
C02666,Vivaan Iyer,vivaan.iyer2666@example.com,+91-9000002666,WEST,CORPORATE,2025-01-13 03:00:00,2025-03-22 03:00:00
C02667,Pooja Iyer,pooja.iyer2667@example.com,+91-9000002667,SOUTH,PREMIUM,2025-01-10 09:00:00,2025-03-13 09:00:00
C02668,Sneha Joshi,sneha.joshi2668@example.com,+91-9000002668,EAST,PREMIUM,2025-08-07 06:00:00,2025-12-07 06:00:00
C02669,Rohan Reddy,rohan.reddy2669@example.com,+91-9000002669,WEST,CORPORATE,2025-06-26 12:00:00,2025-12-03 12:00:00
C02670,Aisha Chowdhury,aisha.chowdhury2670@example.com,+91-9000002670,SOUTH,CORPORATE,2025-03-14 04:00:00,2025-04-20 04:00:00
C02671,Aditya Gupta,aditya.gupta2671@example.com,+91-9000002671,NORTH,STANDARD,2026-06-10 02:00:00,2026-08-12 02:00:00
C02672,Meera Chowdhury,meera.chowdhury2672@example.com,+91-9000002672,WEST,PREMIUM,2026-01-06 07:00:00,2026-01-21 07:00:00
C02673,Meera Sharma,meera.sharma2673@example.com,+91-9000002673,SOUTH,STANDARD,2025-11-25 12:00:00,2026-05-15 12:00:00
C02674,Diya Singh,diya.singh2674@example.com,+91-9000002674,WEST,CORPORATE,2026-04-06 19:00:00,2026-05-08 19:00:00
C02675,Sneha Nair,sneha.nair2675@example.com,+91-9000002675,SOUTH,STANDARD,2026-06-06 13:00:00,2026-11-06 13:00:00
C02676,Kavya Rao,kavya.rao2676@example.com,+91-9000002676,NORTH,CORPORATE,2026-05-25 02:00:00,2026-06-01 02:00:00
C02677,Meera Reddy,meera.reddy2677@example.com,+91-9000002677,SOUTH,CORPORATE,2026-07-30 02:00:00,2026-08-09 02:00:00
C02678,Diya Rao,diya.rao2678@example.com,+91-9000002678,EAST,CORPORATE,2026-02-07 08:00:00,2026-05-05 08:00:00
C02679,Nikhil Chowdhury,nikhil.chowdhury2679@example.com,+91-9000002679,NORTH,PREMIUM,2026-07-03 19:00:00,2026-10-31 19:00:00
C02680,Kavya Gupta,kavya.gupta2680@example.com,+91-9000002680,NORTH,CORPORATE,2026-01-31 22:00:00,2026-06-23 22:00:00
C02681,Neha Nair,neha.nair2681@example.com,+91-9000002681,EAST,PREMIUM,2026-08-11 04:00:00,2026-09-03 04:00:00
C02682,Sneha Verma,sneha.verma2682@example.com,+91-9000002682,NORTH,CORPORATE,2026-06-30 16:00:00,2026-07-16 16:00:00
C02683,Vikram Das,vikram.das2683@example.com,+91-9000002683,WEST,CORPORATE,2025-10-02 08:00:00,2026-02-10 08:00:00
C02684,Kiran Verma,kiran.verma2684@example.com,+91-9000002684,NORTH,STANDARD,2025-11-28 07:00:00,2026-02-25 07:00:00
C02685,Nikhil Kumar,nikhil.kumar2685@example.com,+91-9000002685,NORTH,PREMIUM,2025-12-10 16:00:00,2026-02-15 16:00:00
C02686,Neha Singh,neha.singh2686@example.com,+91-9000002686,SOUTH,CORPORATE,2025-07-12 19:00:00,2025-09-25 19:00:00
C02687,Rohan Das,rohan.das2687@example.com,+91-9000002687,WEST,CORPORATE,2026-01-06 22:00:00,2026-03-29 22:00:00
C02688,Rohan Joshi,rohan.joshi2688@example.com,+91-9000002688,WEST,STANDARD,2026-04-19 18:00:00,2026-05-19 18:00:00
C02689,Nikhil Das,nikhil.das2689@example.com,+91-9000002689,NORTH,CORPORATE,2025-09-10 06:00:00,2025-12-05 06:00:00
C02690,Rahul Kapoor,rahul.kapoor2690@example.com,+91-9000002690,WEST,PREMIUM,2026-05-24 11:00:00,2026-09-24 11:00:00
C02691,Vikram Kapoor,vikram.kapoor2691@example.com,+91-9000002691,WEST,PREMIUM,2026-08-05 14:00:00,2026-09-11 14:00:00
C02692,Vikram Nair,vikram.nair2692@example.com,+91-9000002692,SOUTH,PREMIUM,2025-03-15 08:00:00,2025-08-02 08:00:00
C02693,Ishita Sharma,ishita.sharma2693@example.com,+91-9000002693,WEST,PREMIUM,2025-03-10 06:00:00,2025-07-04 06:00:00
C02694,Aisha Nair,aisha.nair2694@example.com,+91-9000002694,NORTH,PREMIUM,2025-10-11 16:00:00,2025-11-30 16:00:00
C02695,Vikram Sharma,vikram.sharma2695@example.com,+91-9000002695,EAST,CORPORATE,2026-03-14 20:00:00,2026-04-10 20:00:00
C02696,Sneha Singh,sneha.singh2696@example.com,+91-9000002696,SOUTH,STANDARD,2026-02-01 10:00:00,2026-03-19 10:00:00
C02697,Arjun Verma,arjun.verma2697@example.com,+91-9000002697,SOUTH,PREMIUM,2025-02-25 01:00:00,2025-03-24 01:00:00
C02698,Aisha Iyer,aisha.iyer2698@example.com,+91-9000002698,SOUTH,CORPORATE,2025-10-02 04:00:00,2026-03-26 04:00:00
C02699,Meera Kumar,meera.kumar2699@example.com,+91-9000002699,NORTH,STANDARD,2025-02-10 21:00:00,2025-02-12 21:00:00
C02700,Arjun Verma,arjun.verma2700@example.com,+91-9000002700,NORTH,STANDARD,2025-10-11 09:00:00,2025-12-09 09:00:00
C02701,Kiran Nair,kiran.nair2701@example.com,+91-9000002701,WEST,CORPORATE,2026-09-11 18:00:00,2026-12-10 18:00:00
C02702,Kiran Patel,kiran.patel2702@example.com,+91-9000002702,NORTH,PREMIUM,2025-01-24 17:00:00,2025-03-21 17:00:00
C02703,Rahul Joshi,rahul.joshi2703@example.com,+91-9000002703,WEST,CORPORATE,2026-01-28 06:00:00,2026-02-01 06:00:00
C02704,Rahul Reddy,rahul.reddy2704@example.com,+91-9000002704,NORTH,PREMIUM,2026-08-08 23:00:00,2026-12-10 23:00:00
C02705,Arjun Reddy,arjun.reddy2705@example.com,+91-9000002705,WEST,STANDARD,2025-09-10 13:00:00,2026-01-05 13:00:00
C02706,Neha Patel,neha.patel2706@example.com,+91-9000002706,WEST,STANDARD,2025-06-27 07:00:00,2025-06-27 07:00:00
C02707,Kiran Das,kiran.das2707@example.com,+91-9000002707,NORTH,CORPORATE,2025-11-12 13:00:00,2026-02-18 13:00:00
C02708,Priya Kumar,priya.kumar2708@example.com,+91-9000002708,SOUTH,PREMIUM,2025-08-26 03:00:00,2025-12-17 03:00:00
C02709,Priya Patel,priya.patel2709@example.com,+91-9000002709,NORTH,STANDARD,2026-01-29 19:00:00,2026-06-16 19:00:00
C02710,Vikram Kumar,vikram.kumar2710@example.com,+91-9000002710,WEST,PREMIUM,2026-05-19 13:00:00,2026-08-09 13:00:00
C02711,Aarav Gupta,aarav.gupta2711@example.com,+91-9000002711,NORTH,PREMIUM,2026-06-04 19:00:00,2026-11-06 19:00:00
C02712,Rohan Verma,rohan.verma2712@example.com,+91-9000002712,SOUTH,CORPORATE,2025-05-28 22:00:00,2025-11-22 22:00:00
C02713,Ishita Patel,ishita.patel2713@example.com,+91-9000002713,WEST,PREMIUM,2026-02-18 06:00:00,2026-05-19 06:00:00
C02714,Ishita Rao,ishita.rao2714@example.com,+91-9000002714,WEST,STANDARD,2025-09-12 22:00:00,2025-12-18 22:00:00
C02715,Neha Kapoor,neha.kapoor2715@example.com,+91-9000002715,NORTH,STANDARD,2026-04-26 00:00:00,2026-10-08 00:00:00
C02716,Aditya Gupta,aditya.gupta2716@example.com,+91-9000002716,NORTH,PREMIUM,2025-01-23 12:00:00,2025-04-25 12:00:00
C02717,Ishita Sharma,ishita.sharma2717@example.com,+91-9000002717,EAST,PREMIUM,2026-05-18 13:00:00,2026-06-09 13:00:00
C02718,Meera Rao,meera.rao2718@example.com,+91-9000002718,WEST,PREMIUM,2025-12-23 07:00:00,2026-02-27 07:00:00
C02719,Sneha Patel,sneha.patel2719@example.com,+91-9000002719,NORTH,CORPORATE,2025-06-22 07:00:00,2025-11-01 07:00:00
C02720,Neha Iyer,neha.iyer2720@example.com,+91-9000002720,NORTH,PREMIUM,2025-07-20 01:00:00,2025-08-01 01:00:00
C02721,Kiran Reddy,kiran.reddy2721@example.com,+91-9000002721,NORTH,CORPORATE,2025-06-12 02:00:00,2025-10-31 02:00:00
C02722,Vivaan Rao,vivaan.rao2722@example.com,+91-9000002722,WEST,PREMIUM,2025-03-23 16:00:00,2025-04-30 16:00:00
C02723,Nikhil Patel,nikhil.patel2723@example.com,+91-9000002723,SOUTH,STANDARD,2026-03-23 08:00:00,2026-07-05 08:00:00
C02724,Nikhil Patel,nikhil.patel2724@example.com,+91-9000002724,WEST,STANDARD,2026-06-18 02:00:00,2026-11-23 02:00:00
C02725,Vivaan Nair,vivaan.nair2725@example.com,+91-9000002725,WEST,PREMIUM,2025-06-30 09:00:00,2025-10-16 09:00:00
C02726,Rahul Kumar,rahul.kumar2726@example.com,+91-9000002726,NORTH,CORPORATE,2025-01-18 06:00:00,2025-02-06 06:00:00
C02727,Aditya Joshi,aditya.joshi2727@example.com,+91-9000002727,SOUTH,CORPORATE,2025-04-14 08:00:00,2025-05-15 08:00:00
C02728,Priya Iyer,priya.iyer2728@example.com,+91-9000002728,SOUTH,STANDARD,2026-01-13 23:00:00,2026-05-29 23:00:00
C02729,Rahul Kumar,rahul.kumar2729@example.com,+91-9000002729,SOUTH,PREMIUM,2025-01-09 10:00:00,2025-05-20 10:00:00
C02730,Aarav Iyer,aarav.iyer2730@example.com,+91-9000002730,NORTH,STANDARD,2026-06-01 01:00:00,2026-07-13 01:00:00
C02731,Vivaan Gupta,vivaan.gupta2731@example.com,+91-9000002731,WEST,CORPORATE,2025-06-09 04:00:00,2025-09-11 04:00:00
C02732,Pooja Joshi,pooja.joshi2732@example.com,+91-9000002732,WEST,PREMIUM,2025-10-13 14:00:00,2025-11-26 14:00:00
C02733,Arjun Mehta,arjun.mehta2733@example.com,+91-9000002733,NORTH,STANDARD,2025-09-12 05:00:00,2025-09-29 05:00:00
C02734,Ishita Patel,ishita.patel2734@example.com,+91-9000002734,EAST,CORPORATE,2025-01-01 09:00:00,2025-05-06 09:00:00
C02735,Ishita Iyer,ishita.iyer2735@example.com,+91-9000002735,NORTH,CORPORATE,2026-07-09 23:00:00,2026-11-05 23:00:00
C02736,Kavya Verma,kavya.verma2736@example.com,+91-9000002736,NORTH,PREMIUM,2026-09-13 18:00:00,2027-01-25 18:00:00
C02737,Meera Patel,meera.patel2737@example.com,+91-9000002737,SOUTH,STANDARD,2026-05-31 15:00:00,2026-07-22 15:00:00
C02738,Aditya Nair,aditya.nair2738@example.com,+91-9000002738,SOUTH,CORPORATE,2026-01-12 09:00:00,2026-04-27 09:00:00
C02739,Ishita Singh,ishita.singh2739@example.com,+91-9000002739,SOUTH,PREMIUM,2025-11-03 11:00:00,2026-03-07 11:00:00
C02740,Rohan Joshi,rohan.joshi2740@example.com,+91-9000002740,NORTH,CORPORATE,2025-01-17 06:00:00,2025-02-23 06:00:00
C02741,Priya Chowdhury,priya.chowdhury2741@example.com,+91-9000002741,SOUTH,CORPORATE,2026-08-28 23:00:00,2026-11-13 23:00:00
C02742,Ishita Kumar,ishita.kumar2742@example.com,+91-9000002742,WEST,PREMIUM,2025-05-26 00:00:00,2025-07-29 00:00:00
C02743,Sneha Singh,sneha.singh2743@example.com,+91-9000002743,EAST,PREMIUM,2026-04-23 22:00:00,2026-06-14 22:00:00
C02744,Priya Patel,priya.patel2744@example.com,+91-9000002744,WEST,STANDARD,2026-03-02 01:00:00,2026-08-12 01:00:00
C02745,Arjun Rao,arjun.rao2745@example.com,+91-9000002745,NORTH,PREMIUM,2026-01-19 01:00:00,2026-04-27 01:00:00
C02746,Meera Reddy,meera.reddy2746@example.com,+91-9000002746,NORTH,CORPORATE,2026-09-05 09:00:00,2027-01-24 09:00:00
C02747,Sneha Sharma,sneha.sharma2747@example.com,+91-9000002747,NORTH,PREMIUM,2026-05-06 02:00:00,2026-06-24 02:00:00
C02748,Nikhil Kapoor,nikhil.kapoor2748@example.com,+91-9000002748,SOUTH,STANDARD,2026-06-03 05:00:00,2026-07-10 05:00:00
C02749,Aisha Rao,aisha.rao2749@example.com,+91-9000002749,WEST,STANDARD,2025-03-03 00:00:00,2025-08-11 00:00:00
C02750,Kavya Verma,kavya.verma2750@example.com,+91-9000002750,NORTH,PREMIUM,2025-01-25 14:00:00,2025-06-30 14:00:00
C02751,Priya Verma,priya.verma2751@example.com,+91-9000002751,NORTH,STANDARD,2025-12-01 09:00:00,2026-04-12 09:00:00
C02752,Pooja Reddy,pooja.reddy2752@example.com,+91-9000002752,NORTH,CORPORATE,2026-03-25 15:00:00,2026-04-03 15:00:00
C02753,Aisha Mehta,aisha.mehta2753@example.com,+91-9000002753,SOUTH,STANDARD,2026-08-03 16:00:00,2026-11-07 16:00:00
C02754,Ananya Das,ananya.das2754@example.com,+91-9000002754,WEST,STANDARD,2026-03-27 23:00:00,2026-05-02 23:00:00
C02755,Rohan Reddy,rohan.reddy2755@example.com,+91-9000002755,NORTH,STANDARD,2026-01-29 08:00:00,2026-02-08 08:00:00
C02756,Vivaan Rao,vivaan.rao2756@example.com,+91-9000002756,WEST,PREMIUM,2025-01-13 04:00:00,2025-06-07 04:00:00
C02757,Rohan Singh,rohan.singh2757@example.com,+91-9000002757,WEST,CORPORATE,2025-06-05 13:00:00,2025-08-09 13:00:00
C02758,Rohan Sharma,rohan.sharma2758@example.com,+91-9000002758,SOUTH,PREMIUM,2025-03-09 05:00:00,2025-07-10 05:00:00
C02759,Aditya Kumar,aditya.kumar2759@example.com,+91-9000002759,EAST,STANDARD,2026-04-25 05:00:00,2026-05-15 05:00:00
C02760,Priya Joshi,priya.joshi2760@example.com,+91-9000002760,NORTH,PREMIUM,2025-12-17 19:00:00,2026-02-21 19:00:00
C02761,Pooja Iyer,pooja.iyer2761@example.com,+91-9000002761,NORTH,CORPORATE,2026-07-16 23:00:00,2027-01-02 23:00:00
C02762,Ananya Iyer,ananya.iyer2762@example.com,+91-9000002762,NORTH,CORPORATE,2025-06-09 21:00:00,2025-11-30 21:00:00
C02763,Vikram Joshi,vikram.joshi2763@example.com,+91-9000002763,WEST,STANDARD,2026-09-01 07:00:00,2026-12-21 07:00:00
C02764,Sneha Rao,sneha.rao2764@example.com,+91-9000002764,WEST,PREMIUM,2025-12-03 16:00:00,2026-03-16 16:00:00
C02765,Vivaan Nair,vivaan.nair2765@example.com,+91-9000002765,SOUTH,STANDARD,2025-11-04 08:00:00,2026-03-26 08:00:00
C02766,Kiran Chowdhury,kiran.chowdhury2766@example.com,+91-9000002766,EAST,STANDARD,2025-08-13 07:00:00,2025-09-07 07:00:00
C02767,Aisha Iyer,aisha.iyer2767@example.com,+91-9000002767,NORTH,PREMIUM,2026-01-07 13:00:00,2026-06-01 13:00:00
C02768,Ananya Rao,ananya.rao2768@example.com,+91-9000002768,SOUTH,CORPORATE,2025-03-25 07:00:00,2025-07-26 07:00:00
C02769,Aditya Joshi,aditya.joshi2769@example.com,+91-9000002769,NORTH,PREMIUM,2025-11-18 01:00:00,2026-03-08 01:00:00
C02770,Sai Singh,sai.singh2770@example.com,+91-9000002770,NORTH,PREMIUM,2026-04-30 00:00:00,2026-05-30 00:00:00
C02771,Nikhil Kumar,nikhil.kumar2771@example.com,+91-9000002771,NORTH,CORPORATE,2026-05-14 15:00:00,2026-07-07 15:00:00
C02772,Ishita Singh,ishita.singh2772@example.com,+91-9000002772,WEST,CORPORATE,2025-08-29 09:00:00,2025-10-10 09:00:00
C02773,Ananya Patel,ananya.patel2773@example.com,+91-9000002773,NORTH,PREMIUM,2026-09-05 10:00:00,2026-09-26 10:00:00
C02774,Arjun Reddy,arjun.reddy2774@example.com,+91-9000002774,SOUTH,STANDARD,2025-03-26 23:00:00,2025-08-11 23:00:00
C02775,Meera Gupta,meera.gupta2775@example.com,+91-9000002775,SOUTH,STANDARD,2025-04-05 22:00:00,2025-04-05 22:00:00
C02776,Sneha Patel,sneha.patel2776@example.com,+91-9000002776,WEST,PREMIUM,2025-02-03 04:00:00,2025-07-26 04:00:00
C02777,Diya Das,diya.das2777@example.com,+91-9000002777,SOUTH,STANDARD,2026-08-09 02:00:00,2026-10-27 02:00:00
C02778,Ananya Reddy,ananya.reddy2778@example.com,+91-9000002778,SOUTH,STANDARD,2025-02-09 18:00:00,2025-07-16 18:00:00
C02779,Aarav Chowdhury,aarav.chowdhury2779@example.com,+91-9000002779,NORTH,PREMIUM,2025-07-16 05:00:00,2025-08-12 05:00:00
C02780,Vikram Nair,vikram.nair2780@example.com,+91-9000002780,WEST,STANDARD,2025-10-26 19:00:00,2026-03-31 19:00:00
C02781,Nikhil Patel,nikhil.patel2781@example.com,+91-9000002781,NORTH,PREMIUM,2025-03-08 14:00:00,2025-04-17 14:00:00
C02782,Kavya Reddy,kavya.reddy2782@example.com,+91-9000002782,WEST,CORPORATE,2026-05-24 19:00:00,2026-08-04 19:00:00
C02783,Vivaan Singh,vivaan.singh2783@example.com,+91-9000002783,SOUTH,CORPORATE,2025-12-13 21:00:00,2026-04-13 21:00:00
C02784,Priya Verma,priya.verma2784@example.com,+91-9000002784,WEST,CORPORATE,2026-06-06 09:00:00,2026-12-03 09:00:00
C02785,Ishita Singh,ishita.singh2785@example.com,+91-9000002785,NORTH,STANDARD,2025-08-29 09:00:00,2025-10-29 09:00:00
C02786,Priya Patel,priya.patel2786@example.com,+91-9000002786,SOUTH,STANDARD,2025-06-08 01:00:00,2025-11-05 01:00:00
C02787,Arjun Patel,arjun.patel2787@example.com,+91-9000002787,SOUTH,STANDARD,2025-04-21 14:00:00,2025-05-09 14:00:00
C02788,Nikhil Joshi,nikhil.joshi2788@example.com,+91-9000002788,NORTH,CORPORATE,2025-12-07 22:00:00,2026-02-06 22:00:00
C02789,Sneha Singh,sneha.singh2789@example.com,+91-9000002789,WEST,CORPORATE,2026-02-24 03:00:00,2026-07-24 03:00:00
C02790,Nikhil Kapoor,nikhil.kapoor2790@example.com,+91-9000002790,SOUTH,PREMIUM,2025-08-03 15:00:00,2025-09-12 15:00:00
C02791,Ishita Kumar,ishita.kumar2791@example.com,+91-9000002791,SOUTH,STANDARD,2025-12-20 02:00:00,2026-02-22 02:00:00
C02792,Ishita Patel,ishita.patel2792@example.com,+91-9000002792,NORTH,CORPORATE,2026-05-25 14:00:00,2026-08-15 14:00:00
C02793,Priya Patel,priya.patel2793@example.com,+91-9000002793,NORTH,CORPORATE,2025-12-01 23:00:00,2026-02-19 23:00:00
C02794,Pooja Chowdhury,pooja.chowdhury2794@example.com,+91-9000002794,SOUTH,PREMIUM,2025-07-08 00:00:00,2025-10-22 00:00:00
C02795,Aditya Gupta,aditya.gupta2795@example.com,+91-9000002795,SOUTH,STANDARD,2025-12-09 04:00:00,2026-02-08 04:00:00
C02796,Kavya Nair,kavya.nair2796@example.com,+91-9000002796,WEST,CORPORATE,2026-05-23 08:00:00,2026-07-08 08:00:00
C02797,Meera Sharma,meera.sharma2797@example.com,+91-9000002797,NORTH,CORPORATE,2025-01-10 20:00:00,2025-04-07 20:00:00
C02798,Neha Verma,neha.verma2798@example.com,+91-9000002798,SOUTH,PREMIUM,2025-12-12 00:00:00,2026-04-19 00:00:00
C02799,Rohan Kumar,rohan.kumar2799@example.com,+91-9000002799,WEST,PREMIUM,2025-06-01 10:00:00,2025-10-14 10:00:00
C02800,Ishita Kapoor,ishita.kapoor2800@example.com,+91-9000002800,NORTH,CORPORATE,2026-06-26 18:00:00,2026-08-15 18:00:00
C02801,Meera Joshi,meera.joshi2801@example.com,+91-9000002801,NORTH,CORPORATE,2025-02-10 14:00:00,2025-04-25 14:00:00
C02802,Aisha Joshi,aisha.joshi2802@example.com,+91-9000002802,WEST,PREMIUM,2026-04-13 01:00:00,2026-04-17 01:00:00
C02803,Meera Nair,meera.nair2803@example.com,+91-9000002803,NORTH,PREMIUM,2025-03-06 15:00:00,2025-08-08 15:00:00
C02804,Pooja Kumar,pooja.kumar2804@example.com,+91-9000002804,WEST,PREMIUM,2025-11-19 18:00:00,2026-01-25 18:00:00
C02805,Nikhil Kapoor,nikhil.kapoor2805@example.com,+91-9000002805,NORTH,PREMIUM,2025-02-09 07:00:00,2025-05-21 07:00:00
C02806,Vikram Sharma,vikram.sharma2806@example.com,+91-9000002806,SOUTH,STANDARD,2026-06-28 07:00:00,2026-10-21 07:00:00
C02807,Kiran Singh,kiran.singh2807@example.com,+91-9000002807,SOUTH,STANDARD,2025-01-03 13:00:00,2025-03-14 13:00:00
C02808,Aisha Chowdhury,aisha.chowdhury2808@example.com,+91-9000002808,SOUTH,CORPORATE,2026-07-14 13:00:00,2026-12-24 13:00:00
C02809,Nikhil Joshi,nikhil.joshi2809@example.com,+91-9000002809,SOUTH,PREMIUM,2026-09-07 21:00:00,2027-02-02 21:00:00
C02810,Rohan Iyer,rohan.iyer2810@example.com,+91-9000002810,SOUTH,STANDARD,2026-07-20 09:00:00,2026-10-27 09:00:00
C02811,Aisha Mehta,aisha.mehta2811@example.com,+91-9000002811,WEST,CORPORATE,2025-12-03 05:00:00,2026-01-23 05:00:00
C02812,Aarav Das,aarav.das2812@example.com,+91-9000002812,NORTH,CORPORATE,2026-03-16 02:00:00,2026-05-17 02:00:00
C02813,Sneha Sharma,sneha.sharma2813@example.com,+91-9000002813,WEST,STANDARD,2025-04-12 04:00:00,2025-09-27 04:00:00
C02814,Nikhil Das,nikhil.das2814@example.com,+91-9000002814,SOUTH,PREMIUM,2025-09-21 13:00:00,2025-11-12 13:00:00
C02815,Rahul Verma,rahul.verma2815@example.com,+91-9000002815,WEST,CORPORATE,2025-04-10 09:00:00,2025-10-04 09:00:00
C02816,Aisha Das,aisha.das2816@example.com,+91-9000002816,SOUTH,STANDARD,2025-03-12 02:00:00,2025-03-12 02:00:00
C02817,Kiran Reddy,kiran.reddy2817@example.com,+91-9000002817,SOUTH,PREMIUM,2025-10-04 05:00:00,2025-12-29 05:00:00
C02818,Arjun Iyer,arjun.iyer2818@example.com,+91-9000002818,WEST,STANDARD,2026-07-02 14:00:00,2026-11-02 14:00:00
C02819,Neha Rao,neha.rao2819@example.com,+91-9000002819,SOUTH,PREMIUM,2025-03-27 11:00:00,2025-05-11 11:00:00
C02820,Ishita Joshi,ishita.joshi2820@example.com,+91-9000002820,WEST,CORPORATE,2025-07-13 17:00:00,2025-07-17 17:00:00
C02821,Neha Joshi,neha.joshi2821@example.com,+91-9000002821,SOUTH,STANDARD,2025-03-30 02:00:00,2025-06-25 02:00:00
C02822,Rahul Iyer,rahul.iyer2822@example.com,+91-9000002822,EAST,CORPORATE,2026-07-02 06:00:00,2026-09-29 06:00:00
C02823,Aarav Verma,aarav.verma2823@example.com,+91-9000002823,SOUTH,CORPORATE,2026-02-03 13:00:00,2026-05-17 13:00:00
C02824,Rohan Patel,rohan.patel2824@example.com,+91-9000002824,EAST,CORPORATE,2025-07-14 19:00:00,2026-01-08 19:00:00
C02825,Aditya Mehta,aditya.mehta2825@example.com,+91-9000002825,EAST,CORPORATE,2025-08-21 21:00:00,2025-12-16 21:00:00
C02826,Ishita Verma,ishita.verma2826@example.com,+91-9000002826,SOUTH,STANDARD,2026-01-13 06:00:00,2026-05-08 06:00:00
C02827,Rohan Sharma,rohan.sharma2827@example.com,+91-9000002827,SOUTH,CORPORATE,2026-08-08 11:00:00,2026-11-11 11:00:00
C02828,Ananya Singh,ananya.singh2828@example.com,+91-9000002828,EAST,STANDARD,2025-01-08 10:00:00,2025-02-11 10:00:00
C02829,Arjun Nair,arjun.nair2829@example.com,+91-9000002829,SOUTH,CORPORATE,2026-06-18 17:00:00,2026-07-22 17:00:00
C02830,Sneha Gupta,sneha.gupta2830@example.com,+91-9000002830,NORTH,STANDARD,2026-07-21 17:00:00,2026-12-27 17:00:00
C02831,Vivaan Joshi,vivaan.joshi2831@example.com,+91-9000002831,WEST,CORPORATE,2025-11-21 07:00:00,2026-03-09 07:00:00
C02832,Nikhil Sharma,nikhil.sharma2832@example.com,+91-9000002832,WEST,CORPORATE,2025-04-20 01:00:00,2025-05-25 01:00:00
C02833,Vikram Chowdhury,vikram.chowdhury2833@example.com,+91-9000002833,WEST,PREMIUM,2026-01-24 04:00:00,2026-05-09 04:00:00
C02834,Aditya Iyer,aditya.iyer2834@example.com,+91-9000002834,EAST,PREMIUM,2026-01-08 02:00:00,2026-03-25 02:00:00
C02835,Meera Sharma,meera.sharma2835@example.com,+91-9000002835,NORTH,STANDARD,2025-01-27 09:00:00,2025-02-19 09:00:00
C02836,Sai Kapoor,sai.kapoor2836@example.com,+91-9000002836,NORTH,STANDARD,2026-06-22 19:00:00,2026-09-22 19:00:00
C02837,Arjun Reddy,arjun.reddy2837@example.com,+91-9000002837,NORTH,STANDARD,2025-09-28 10:00:00,2025-11-13 10:00:00
C02838,Pooja Kumar,pooja.kumar2838@example.com,+91-9000002838,WEST,STANDARD,2026-08-20 02:00:00,2026-10-29 02:00:00
C02839,Nikhil Chowdhury,nikhil.chowdhury2839@example.com,+91-9000002839,SOUTH,CORPORATE,2026-07-18 17:00:00,2026-12-05 17:00:00
C02840,Pooja Chowdhury,pooja.chowdhury2840@example.com,+91-9000002840,WEST,CORPORATE,2026-07-14 09:00:00,2026-09-28 09:00:00
C02841,Arjun Kapoor,arjun.kapoor2841@example.com,+91-9000002841,WEST,PREMIUM,2026-02-18 01:00:00,2026-03-13 01:00:00
C02842,Ananya Rao,ananya.rao2842@example.com,+91-9000002842,SOUTH,STANDARD,2025-02-23 04:00:00,2025-07-23 04:00:00
C02843,Aarav Reddy,aarav.reddy2843@example.com,+91-9000002843,EAST,PREMIUM,2026-05-04 01:00:00,2026-08-15 01:00:00
C02844,Aisha Reddy,aisha.reddy2844@example.com,+91-9000002844,NORTH,CORPORATE,2025-09-28 05:00:00,2025-11-30 05:00:00
C02845,Aditya Verma,aditya.verma2845@example.com,+91-9000002845,NORTH,CORPORATE,2025-06-22 05:00:00,2025-07-18 05:00:00
C02846,Aarav Gupta,aarav.gupta2846@example.com,+91-9000002846,SOUTH,STANDARD,2025-08-12 23:00:00,2026-02-02 23:00:00
C02847,Kavya Kumar,kavya.kumar2847@example.com,+91-9000002847,WEST,PREMIUM,2026-02-22 00:00:00,2026-07-19 00:00:00
C02848,Rohan Gupta,rohan.gupta2848@example.com,+91-9000002848,SOUTH,PREMIUM,2026-07-15 07:00:00,2026-09-07 07:00:00
C02849,Neha Das,neha.das2849@example.com,+91-9000002849,WEST,PREMIUM,2026-02-02 06:00:00,2026-05-01 06:00:00
C02850,Sai Singh,sai.singh2850@example.com,+91-9000002850,NORTH,PREMIUM,2026-08-28 13:00:00,2026-11-04 13:00:00
C02851,Kiran Nair,kiran.nair2851@example.com,+91-9000002851,NORTH,PREMIUM,2025-05-08 22:00:00,2025-10-20 22:00:00
C02852,Neha Gupta,neha.gupta2852@example.com,+91-9000002852,NORTH,CORPORATE,2025-01-02 03:00:00,2025-02-19 03:00:00
C02853,Vikram Mehta,vikram.mehta2853@example.com,+91-9000002853,SOUTH,CORPORATE,2025-05-12 18:00:00,2025-10-07 18:00:00
C02854,Arjun Das,arjun.das2854@example.com,+91-9000002854,SOUTH,STANDARD,2025-09-12 04:00:00,2025-11-14 04:00:00
C02855,Vivaan Mehta,vivaan.mehta2855@example.com,+91-9000002855,NORTH,STANDARD,2025-03-15 21:00:00,2025-05-09 21:00:00
C02856,Vikram Reddy,vikram.reddy2856@example.com,+91-9000002856,WEST,CORPORATE,2026-08-12 00:00:00,2026-09-09 00:00:00
C02857,Aarav Singh,aarav.singh2857@example.com,+91-9000002857,WEST,PREMIUM,2025-04-20 10:00:00,2025-05-26 10:00:00
C02858,Sai Mehta,sai.mehta2858@example.com,+91-9000002858,NORTH,PREMIUM,2025-05-07 11:00:00,2025-08-11 11:00:00
C02859,Kavya Das,kavya.das2859@example.com,+91-9000002859,WEST,CORPORATE,2025-10-09 14:00:00,2025-11-15 14:00:00
C02860,Rohan Singh,rohan.singh2860@example.com,+91-9000002860,WEST,PREMIUM,2025-12-28 06:00:00,2026-05-02 06:00:00
C02861,Vikram Singh,vikram.singh2861@example.com,+91-9000002861,SOUTH,PREMIUM,2025-02-20 08:00:00,2025-06-18 08:00:00
C02862,Rahul Sharma,rahul.sharma2862@example.com,+91-9000002862,EAST,CORPORATE,2025-03-03 23:00:00,2025-05-16 23:00:00
C02863,Rohan Singh,rohan.singh2863@example.com,+91-9000002863,SOUTH,PREMIUM,2025-04-24 09:00:00,2025-07-04 09:00:00
C02864,Rahul Singh,rahul.singh2864@example.com,+91-9000002864,WEST,STANDARD,2025-01-15 15:00:00,2025-06-14 15:00:00
C02865,Priya Verma,priya.verma2865@example.com,+91-9000002865,WEST,PREMIUM,2025-11-07 20:00:00,2025-12-28 20:00:00
C02866,Vikram Chowdhury,vikram.chowdhury2866@example.com,+91-9000002866,WEST,STANDARD,2026-05-04 12:00:00,2026-09-03 12:00:00
C02867,Kiran Gupta,kiran.gupta2867@example.com,+91-9000002867,WEST,CORPORATE,2025-05-17 00:00:00,2025-09-18 00:00:00
C02868,Ishita Kumar,ishita.kumar2868@example.com,+91-9000002868,SOUTH,STANDARD,2026-07-19 16:00:00,2026-09-25 16:00:00
C02869,Diya Iyer,diya.iyer2869@example.com,+91-9000002869,SOUTH,PREMIUM,2025-09-18 22:00:00,2026-03-05 22:00:00
C02870,Kavya Joshi,kavya.joshi2870@example.com,+91-9000002870,NORTH,STANDARD,2025-11-14 23:00:00,2025-11-30 23:00:00
C02871,Pooja Kapoor,pooja.kapoor2871@example.com,+91-9000002871,WEST,PREMIUM,2025-04-20 07:00:00,2025-06-21 07:00:00
C02872,Aisha Chowdhury,aisha.chowdhury2872@example.com,+91-9000002872,SOUTH,CORPORATE,2026-08-12 16:00:00,2026-12-17 16:00:00
C02873,Kavya Sharma,kavya.sharma2873@example.com,+91-9000002873,NORTH,CORPORATE,2025-06-02 00:00:00,2025-10-21 00:00:00
C02874,Meera Nair,meera.nair2874@example.com,+91-9000002874,EAST,STANDARD,2025-12-16 00:00:00,2026-02-01 00:00:00
C02875,Arjun Mehta,arjun.mehta2875@example.com,+91-9000002875,NORTH,PREMIUM,2025-11-10 23:00:00,2026-05-07 23:00:00
C02876,Vikram Nair,vikram.nair2876@example.com,+91-9000002876,NORTH,CORPORATE,2025-07-24 20:00:00,2025-12-25 20:00:00
C02877,Pooja Nair,pooja.nair2877@example.com,+91-9000002877,NORTH,PREMIUM,2026-01-01 03:00:00,2026-06-09 03:00:00
C02878,Rohan Kapoor,rohan.kapoor2878@example.com,+91-9000002878,SOUTH,PREMIUM,2025-09-08 10:00:00,2025-12-08 10:00:00
C02879,Sneha Joshi,sneha.joshi2879@example.com,+91-9000002879,NORTH,PREMIUM,2025-09-04 17:00:00,2025-11-01 17:00:00
C02880,Meera Iyer,meera.iyer2880@example.com,+91-9000002880,SOUTH,STANDARD,2025-01-17 22:00:00,2025-06-10 22:00:00
C02881,Sai Kumar,sai.kumar2881@example.com,+91-9000002881,WEST,PREMIUM,2026-02-25 01:00:00,2026-06-10 01:00:00
C02882,Aisha Mehta,aisha.mehta2882@example.com,+91-9000002882,WEST,PREMIUM,2025-03-16 03:00:00,2025-04-19 03:00:00
C02883,Kiran Mehta,kiran.mehta2883@example.com,+91-9000002883,NORTH,STANDARD,2025-08-08 06:00:00,2025-08-17 06:00:00
C02884,Vikram Sharma,vikram.sharma2884@example.com,+91-9000002884,SOUTH,PREMIUM,2026-08-25 13:00:00,2027-02-05 13:00:00
C02885,Pooja Kapoor,pooja.kapoor2885@example.com,+91-9000002885,SOUTH,PREMIUM,2026-04-06 06:00:00,2026-06-05 06:00:00
C02886,Neha Reddy,neha.reddy2886@example.com,+91-9000002886,NORTH,CORPORATE,2025-04-06 08:00:00,2025-09-14 08:00:00
C02887,Kiran Sharma,kiran.sharma2887@example.com,+91-9000002887,WEST,CORPORATE,2026-05-03 22:00:00,2026-06-14 22:00:00
C02888,Aarav Kapoor,aarav.kapoor2888@example.com,+91-9000002888,NORTH,PREMIUM,2026-05-17 06:00:00,2026-06-11 06:00:00
C02889,Aditya Iyer,aditya.iyer2889@example.com,+91-9000002889,NORTH,PREMIUM,2026-08-20 07:00:00,2026-08-20 07:00:00
C02890,Meera Mehta,meera.mehta2890@example.com,+91-9000002890,EAST,CORPORATE,2025-12-24 11:00:00,2026-06-20 11:00:00
C02891,Rahul Sharma,rahul.sharma2891@example.com,+91-9000002891,NORTH,STANDARD,2025-04-10 20:00:00,2025-09-27 20:00:00
C02892,Vikram Kumar,vikram.kumar2892@example.com,+91-9000002892,WEST,CORPORATE,2025-06-26 05:00:00,2025-07-07 05:00:00
C02893,Rahul Kumar,rahul.kumar2893@example.com,+91-9000002893,SOUTH,PREMIUM,2025-08-03 06:00:00,2025-11-28 06:00:00
C02894,Vivaan Das,vivaan.das2894@example.com,+91-9000002894,NORTH,STANDARD,2026-04-06 07:00:00,2026-04-14 07:00:00
C02895,Arjun Mehta,arjun.mehta2895@example.com,+91-9000002895,WEST,CORPORATE,2025-07-29 11:00:00,2025-11-16 11:00:00
C02896,Sai Mehta,sai.mehta2896@example.com,+91-9000002896,EAST,PREMIUM,2025-03-06 05:00:00,2025-03-07 05:00:00
C02897,Rahul Verma,rahul.verma2897@example.com,+91-9000002897,SOUTH,CORPORATE,2025-02-05 17:00:00,2025-05-23 17:00:00
C02898,Arjun Reddy,arjun.reddy2898@example.com,+91-9000002898,SOUTH,STANDARD,2025-06-11 06:00:00,2025-09-25 06:00:00
C02899,Arjun Singh,arjun.singh2899@example.com,+91-9000002899,SOUTH,PREMIUM,2025-08-23 22:00:00,2026-01-03 22:00:00
C02900,Aisha Kapoor,aisha.kapoor2900@example.com,+91-9000002900,NORTH,PREMIUM,2026-06-28 18:00:00,2026-10-21 18:00:00
C02901,Rahul Chowdhury,rahul.chowdhury2901@example.com,+91-9000002901,NORTH,STANDARD,2026-09-01 17:00:00,2026-12-24 17:00:00
C02902,Meera Patel,meera.patel2902@example.com,+91-9000002902,NORTH,PREMIUM,2026-04-01 08:00:00,2026-09-03 08:00:00
C02903,Rohan Kapoor,rohan.kapoor2903@example.com,+91-9000002903,NORTH,PREMIUM,2025-01-21 06:00:00,2025-04-27 06:00:00
C02904,Aisha Gupta,aisha.gupta2904@example.com,+91-9000002904,SOUTH,CORPORATE,2025-04-04 18:00:00,2025-05-06 18:00:00
C02905,Vivaan Kumar,vivaan.kumar2905@example.com,+91-9000002905,WEST,PREMIUM,2026-07-01 03:00:00,2026-10-10 03:00:00
C02906,Pooja Mehta,pooja.mehta2906@example.com,+91-9000002906,WEST,STANDARD,2025-05-19 01:00:00,2025-10-03 01:00:00
C02907,Kiran Joshi,kiran.joshi2907@example.com,+91-9000002907,SOUTH,CORPORATE,2025-05-10 07:00:00,2025-10-12 07:00:00
C02908,Aisha Kapoor,aisha.kapoor2908@example.com,+91-9000002908,WEST,CORPORATE,2025-03-17 07:00:00,2025-04-07 07:00:00
C02909,Ananya Iyer,ananya.iyer2909@example.com,+91-9000002909,WEST,PREMIUM,2026-07-05 02:00:00,2026-09-28 02:00:00
C02910,Aisha Patel,aisha.patel2910@example.com,+91-9000002910,NORTH,PREMIUM,2025-07-02 01:00:00,2025-08-23 01:00:00
C02911,Sai Joshi,sai.joshi2911@example.com,+91-9000002911,SOUTH,CORPORATE,2025-08-14 22:00:00,2025-09-20 22:00:00
C02912,Neha Gupta,neha.gupta2912@example.com,+91-9000002912,WEST,STANDARD,2025-03-15 13:00:00,2025-06-05 13:00:00
C02913,Priya Patel,priya.patel2913@example.com,+91-9000002913,SOUTH,STANDARD,2025-10-10 10:00:00,2025-10-12 10:00:00
C02914,Aarav Joshi,aarav.joshi2914@example.com,+91-9000002914,SOUTH,STANDARD,2025-01-25 23:00:00,2025-04-17 23:00:00
C02915,Rahul Joshi,rahul.joshi2915@example.com,+91-9000002915,SOUTH,CORPORATE,2026-08-23 02:00:00,2026-10-10 02:00:00
C02916,Sneha Joshi,sneha.joshi2916@example.com,+91-9000002916,WEST,CORPORATE,2025-04-11 14:00:00,2025-07-15 14:00:00
C02917,Vivaan Joshi,vivaan.joshi2917@example.com,+91-9000002917,SOUTH,PREMIUM,2026-09-12 00:00:00,2026-12-01 00:00:00
C02918,Ishita Das,ishita.das2918@example.com,+91-9000002918,WEST,PREMIUM,2025-04-28 16:00:00,2025-07-03 16:00:00
C02919,Rahul Reddy,rahul.reddy2919@example.com,+91-9000002919,NORTH,CORPORATE,2026-07-13 04:00:00,2026-12-07 04:00:00
C02920,Aisha Gupta,aisha.gupta2920@example.com,+91-9000002920,WEST,STANDARD,2025-10-22 15:00:00,2025-11-29 15:00:00
C02921,Rahul Chowdhury,rahul.chowdhury2921@example.com,+91-9000002921,NORTH,STANDARD,2025-10-23 16:00:00,2026-01-11 16:00:00
C02922,Ishita Gupta,ishita.gupta2922@example.com,+91-9000002922,NORTH,PREMIUM,2025-02-11 16:00:00,2025-02-17 16:00:00
C02923,Vivaan Nair,vivaan.nair2923@example.com,+91-9000002923,WEST,STANDARD,2025-02-20 00:00:00,2025-05-27 00:00:00
C02924,Diya Das,diya.das2924@example.com,+91-9000002924,NORTH,CORPORATE,2025-12-16 02:00:00,2026-04-27 02:00:00
C02925,Vikram Iyer,vikram.iyer2925@example.com,+91-9000002925,NORTH,CORPORATE,2025-06-03 12:00:00,2025-07-04 12:00:00
C02926,Kiran Singh,kiran.singh2926@example.com,+91-9000002926,WEST,STANDARD,2025-06-02 08:00:00,2025-08-23 08:00:00
C02927,Diya Das,diya.das2927@example.com,+91-9000002927,WEST,STANDARD,2025-02-20 11:00:00,2025-07-17 11:00:00
C02928,Ishita Mehta,ishita.mehta2928@example.com,+91-9000002928,SOUTH,CORPORATE,2025-02-12 17:00:00,2025-06-12 17:00:00
C02929,Vivaan Singh,vivaan.singh2929@example.com,+91-9000002929,NORTH,CORPORATE,2025-08-01 07:00:00,2026-01-05 07:00:00
C02930,Aisha Gupta,aisha.gupta2930@example.com,+91-9000002930,NORTH,CORPORATE,2025-12-30 00:00:00,2026-05-13 00:00:00
C02931,Rahul Patel,rahul.patel2931@example.com,+91-9000002931,WEST,STANDARD,2025-03-08 01:00:00,2025-04-08 01:00:00
C02932,Ishita Rao,ishita.rao2932@example.com,+91-9000002932,WEST,CORPORATE,2026-06-26 03:00:00,2026-06-27 03:00:00
C02933,Vikram Das,vikram.das2933@example.com,+91-9000002933,SOUTH,CORPORATE,2025-09-22 20:00:00,2026-01-21 20:00:00
C02934,Sneha Kapoor,sneha.kapoor2934@example.com,+91-9000002934,WEST,PREMIUM,2025-09-12 16:00:00,2025-10-30 16:00:00
C02935,Kavya Das,kavya.das2935@example.com,+91-9000002935,WEST,STANDARD,2025-03-07 12:00:00,2025-04-15 12:00:00
C02936,Aditya Patel,aditya.patel2936@example.com,+91-9000002936,WEST,CORPORATE,2026-02-14 19:00:00,2026-03-29 19:00:00
C02937,Kavya Nair,kavya.nair2937@example.com,+91-9000002937,WEST,STANDARD,2025-11-11 13:00:00,2025-11-16 13:00:00
C02938,Kiran Kapoor,kiran.kapoor2938@example.com,+91-9000002938,SOUTH,PREMIUM,2026-03-06 22:00:00,2026-07-19 22:00:00
C02939,Meera Kumar,meera.kumar2939@example.com,+91-9000002939,WEST,STANDARD,2025-04-17 09:00:00,2025-08-13 09:00:00
C02940,Vivaan Chowdhury,vivaan.chowdhury2940@example.com,+91-9000002940,NORTH,STANDARD,2026-02-04 09:00:00,2026-05-05 09:00:00
C02941,Diya Joshi,diya.joshi2941@example.com,+91-9000002941,SOUTH,PREMIUM,2025-10-25 01:00:00,2025-12-22 01:00:00
C02942,Diya Verma,diya.verma2942@example.com,+91-9000002942,SOUTH,PREMIUM,2026-07-11 21:00:00,2026-08-29 21:00:00
C02943,Aarav Das,aarav.das2943@example.com,+91-9000002943,NORTH,PREMIUM,2025-03-28 15:00:00,2025-07-11 15:00:00
C02944,Vikram Chowdhury,vikram.chowdhury2944@example.com,+91-9000002944,NORTH,CORPORATE,2025-10-25 16:00:00,2026-03-03 16:00:00
C02945,Aarav Joshi,aarav.joshi2945@example.com,+91-9000002945,SOUTH,PREMIUM,2025-08-20 23:00:00,2025-10-20 23:00:00
C02946,Aisha Mehta,aisha.mehta2946@example.com,+91-9000002946,SOUTH,PREMIUM,2026-05-28 16:00:00,2026-08-20 16:00:00
C02947,Sai Gupta,sai.gupta2947@example.com,+91-9000002947,NORTH,STANDARD,2025-03-05 21:00:00,2025-05-18 21:00:00
C02948,Vivaan Chowdhury,vivaan.chowdhury2948@example.com,+91-9000002948,WEST,STANDARD,2025-10-26 07:00:00,2025-12-18 07:00:00
C02949,Diya Kumar,diya.kumar2949@example.com,+91-9000002949,NORTH,PREMIUM,2026-06-23 08:00:00,2026-07-24 08:00:00
C02950,Ishita Mehta,ishita.mehta2950@example.com,+91-9000002950,SOUTH,STANDARD,2025-08-16 04:00:00,2025-09-09 04:00:00
C02951,Neha Gupta,neha.gupta2951@example.com,+91-9000002951,SOUTH,CORPORATE,2026-06-23 14:00:00,2026-07-05 14:00:00
C02952,Neha Kumar,neha.kumar2952@example.com,+91-9000002952,SOUTH,CORPORATE,2025-09-04 18:00:00,2026-02-24 18:00:00
C02953,Rohan Gupta,rohan.gupta2953@example.com,+91-9000002953,NORTH,CORPORATE,2025-08-10 04:00:00,2025-10-31 04:00:00
C02954,Kiran Sharma,kiran.sharma2954@example.com,+91-9000002954,SOUTH,STANDARD,2026-02-21 01:00:00,2026-07-27 01:00:00
C02955,Kavya Gupta,kavya.gupta2955@example.com,+91-9000002955,SOUTH,PREMIUM,2025-12-02 12:00:00,2026-04-09 12:00:00
C02956,Meera Joshi,meera.joshi2956@example.com,+91-9000002956,WEST,STANDARD,2026-07-20 23:00:00,2026-07-22 23:00:00
C02957,Rahul Kumar,rahul.kumar2957@example.com,+91-9000002957,NORTH,STANDARD,2025-01-28 00:00:00,2025-04-23 00:00:00
C02958,Meera Reddy,meera.reddy2958@example.com,+91-9000002958,NORTH,CORPORATE,2026-07-17 04:00:00,2026-07-20 04:00:00
C02959,Kiran Mehta,kiran.mehta2959@example.com,+91-9000002959,EAST,CORPORATE,2026-01-22 10:00:00,2026-07-20 10:00:00
C02960,Sneha Rao,sneha.rao2960@example.com,+91-9000002960,SOUTH,CORPORATE,2025-10-18 19:00:00,2026-02-01 19:00:00
C02961,Aarav Kapoor,aarav.kapoor2961@example.com,+91-9000002961,NORTH,CORPORATE,2025-08-07 12:00:00,2025-11-03 12:00:00
C02962,Sai Kapoor,sai.kapoor2962@example.com,+91-9000002962,WEST,CORPORATE,2025-03-01 02:00:00,2025-03-19 02:00:00
C02963,Arjun Chowdhury,arjun.chowdhury2963@example.com,+91-9000002963,NORTH,PREMIUM,2026-06-23 20:00:00,2026-07-20 20:00:00
C02964,Aisha Rao,aisha.rao2964@example.com,+91-9000002964,NORTH,CORPORATE,2025-08-20 07:00:00,2025-12-20 07:00:00
C02965,Ananya Chowdhury,ananya.chowdhury2965@example.com,+91-9000002965,SOUTH,PREMIUM,2025-01-28 18:00:00,2025-03-18 18:00:00
C02966,Rahul Chowdhury,rahul.chowdhury2966@example.com,+91-9000002966,NORTH,CORPORATE,2025-06-11 06:00:00,2025-10-18 06:00:00
C02967,Sai Reddy,sai.reddy2967@example.com,+91-9000002967,WEST,PREMIUM,2025-09-03 14:00:00,2025-11-28 14:00:00
C02968,Meera Reddy,meera.reddy2968@example.com,+91-9000002968,SOUTH,CORPORATE,2025-04-05 08:00:00,2025-06-19 08:00:00
C02969,Sai Iyer,sai.iyer2969@example.com,+91-9000002969,SOUTH,PREMIUM,2026-07-03 13:00:00,2026-12-11 13:00:00
C02970,Aarav Joshi,aarav.joshi2970@example.com,+91-9000002970,EAST,PREMIUM,2025-12-12 07:00:00,2026-03-31 07:00:00
C02971,Meera Joshi,meera.joshi2971@example.com,+91-9000002971,SOUTH,STANDARD,2025-02-17 16:00:00,2025-03-21 16:00:00
C02972,Meera Joshi,meera.joshi2972@example.com,+91-9000002972,WEST,STANDARD,2025-01-19 01:00:00,2025-06-01 01:00:00
C02973,Rohan Verma,rohan.verma2973@example.com,+91-9000002973,NORTH,STANDARD,2026-02-04 12:00:00,2026-02-10 12:00:00
C02974,Ishita Patel,ishita.patel2974@example.com,+91-9000002974,NORTH,CORPORATE,2026-04-12 02:00:00,2026-06-05 02:00:00
C02975,Arjun Patel,arjun.patel2975@example.com,+91-9000002975,NORTH,PREMIUM,2025-08-12 08:00:00,2025-08-25 08:00:00
C02976,Meera Iyer,meera.iyer2976@example.com,+91-9000002976,NORTH,CORPORATE,2026-07-18 05:00:00,2026-08-14 05:00:00
C02977,Sneha Das,sneha.das2977@example.com,+91-9000002977,WEST,CORPORATE,2026-05-12 13:00:00,2026-06-17 13:00:00
C02978,Neha Kumar,neha.kumar2978@example.com,+91-9000002978,WEST,CORPORATE,2026-06-22 08:00:00,2026-07-02 08:00:00
C02979,Arjun Kumar,arjun.kumar2979@example.com,+91-9000002979,SOUTH,CORPORATE,2025-11-08 17:00:00,2026-03-02 17:00:00
C02980,Rohan Verma,rohan.verma2980@example.com,+91-9000002980,EAST,CORPORATE,2025-11-02 07:00:00,2026-03-22 07:00:00
C02981,Kavya Patel,kavya.patel2981@example.com,+91-9000002981,WEST,STANDARD,2026-02-22 01:00:00,2026-08-06 01:00:00
C02982,Diya Nair,diya.nair2982@example.com,+91-9000002982,SOUTH,CORPORATE,2025-05-08 01:00:00,2025-08-10 01:00:00
C02983,Priya Mehta,priya.mehta2983@example.com,+91-9000002983,SOUTH,CORPORATE,2025-01-19 19:00:00,2025-04-23 19:00:00
C02984,Pooja Nair,pooja.nair2984@example.com,+91-9000002984,WEST,CORPORATE,2025-03-08 09:00:00,2025-04-23 09:00:00
C02985,Aarav Mehta,aarav.mehta2985@example.com,+91-9000002985,NORTH,STANDARD,2026-04-09 08:00:00,2026-07-21 08:00:00
C02986,Neha Mehta,neha.mehta2986@example.com,+91-9000002986,NORTH,CORPORATE,2026-08-10 19:00:00,2027-01-03 19:00:00
C02987,Ishita Chowdhury,ishita.chowdhury2987@example.com,+91-9000002987,NORTH,CORPORATE,2025-10-31 17:00:00,2026-04-22 17:00:00
C02988,Priya Reddy,priya.reddy2988@example.com,+91-9000002988,SOUTH,CORPORATE,2026-06-19 09:00:00,2026-09-20 09:00:00
C02989,Pooja Singh,pooja.singh2989@example.com,+91-9000002989,SOUTH,PREMIUM,2026-08-06 07:00:00,2026-12-28 07:00:00
C02990,Arjun Rao,arjun.rao2990@example.com,+91-9000002990,WEST,CORPORATE,2025-01-22 16:00:00,2025-06-29 16:00:00
C02991,Rohan Patel,rohan.patel2991@example.com,+91-9000002991,SOUTH,STANDARD,2025-07-14 03:00:00,2025-09-27 03:00:00
C02992,Sai Joshi,sai.joshi2992@example.com,+91-9000002992,NORTH,CORPORATE,2026-03-17 12:00:00,2026-03-31 12:00:00
C02993,Meera Nair,meera.nair2993@example.com,+91-9000002993,EAST,STANDARD,2025-01-24 17:00:00,2025-05-05 17:00:00
C02994,Arjun Gupta,arjun.gupta2994@example.com,+91-9000002994,EAST,STANDARD,2026-03-04 00:00:00,2026-04-28 00:00:00
C02995,Nikhil Iyer,nikhil.iyer2995@example.com,+91-9000002995,NORTH,STANDARD,2025-08-22 16:00:00,2025-11-13 16:00:00
C02996,Neha Kapoor,neha.kapoor2996@example.com,+91-9000002996,WEST,CORPORATE,2026-01-06 20:00:00,2026-02-10 20:00:00
C02997,Aisha Joshi,aisha.joshi2997@example.com,+91-9000002997,SOUTH,PREMIUM,2025-01-18 09:00:00,2025-05-02 09:00:00
C02998,Arjun Patel,arjun.patel2998@example.com,+91-9000002998,NORTH,PREMIUM,2026-08-03 19:00:00,2026-08-10 19:00:00
C02999,Aisha Joshi,aisha.joshi2999@example.com,+91-9000002999,NORTH,PREMIUM,2025-05-31 12:00:00,2025-10-17 12:00:00
C03000,Sai Singh,sai.singh3000@example.com,+91-9000003000,WEST,PREMIUM,2025-09-30 02:00:00,2026-02-23 02:00:00
C03001,Ishita Verma,ishita.verma3001@example.com,+91-9000003001,SOUTH,STANDARD,2026-02-21 20:00:00,2026-02-24 20:00:00
C03002,Aisha Gupta,aisha.gupta3002@example.com,+91-9000003002,SOUTH,STANDARD,2026-03-13 03:00:00,2026-07-26 03:00:00
C03003,Ananya Nair,ananya.nair3003@example.com,+91-9000003003,WEST,STANDARD,2025-12-11 03:00:00,2026-02-17 03:00:00
C03004,Ishita Iyer,ishita.iyer3004@example.com,+91-9000003004,NORTH,PREMIUM,2025-06-02 07:00:00,2025-10-10 07:00:00
C03005,Vikram Das,vikram.das3005@example.com,+91-9000003005,SOUTH,PREMIUM,2025-02-11 00:00:00,2025-04-09 00:00:00
C03006,Aarav Sharma,aarav.sharma3006@example.com,+91-9000003006,NORTH,PREMIUM,2026-06-11 13:00:00,2026-09-18 13:00:00
C03007,Aditya Sharma,aditya.sharma3007@example.com,+91-9000003007,WEST,STANDARD,2025-04-30 12:00:00,2025-05-19 12:00:00
C03008,Aditya Das,aditya.das3008@example.com,+91-9000003008,NORTH,STANDARD,2025-07-17 19:00:00,2025-07-29 19:00:00
C03009,Aditya Singh,aditya.singh3009@example.com,+91-9000003009,NORTH,CORPORATE,2026-06-25 01:00:00,2026-09-04 01:00:00
C03010,Aditya Rao,aditya.rao3010@example.com,+91-9000003010,NORTH,STANDARD,2025-03-16 23:00:00,2025-07-10 23:00:00
C03011,Meera Joshi,meera.joshi3011@example.com,+91-9000003011,WEST,STANDARD,2025-07-01 20:00:00,2025-11-27 20:00:00
C03012,Priya Das,priya.das3012@example.com,+91-9000003012,SOUTH,STANDARD,2026-02-26 20:00:00,2026-05-31 20:00:00
C03013,Kiran Das,kiran.das3013@example.com,+91-9000003013,SOUTH,PREMIUM,2025-10-14 08:00:00,2026-02-03 08:00:00
C03014,Priya Nair,priya.nair3014@example.com,+91-9000003014,SOUTH,STANDARD,2025-10-16 12:00:00,2026-02-07 12:00:00
C03015,Sai Mehta,sai.mehta3015@example.com,+91-9000003015,SOUTH,CORPORATE,2026-02-17 13:00:00,2026-03-24 13:00:00
C03016,Diya Sharma,diya.sharma3016@example.com,+91-9000003016,EAST,CORPORATE,2026-07-23 02:00:00,2026-12-30 02:00:00
C03017,Sneha Kapoor,sneha.kapoor3017@example.com,+91-9000003017,SOUTH,CORPORATE,2026-01-29 01:00:00,2026-07-27 01:00:00
C03018,Neha Reddy,neha.reddy3018@example.com,+91-9000003018,NORTH,CORPORATE,2025-09-27 00:00:00,2026-03-18 00:00:00
C03019,Aisha Rao,aisha.rao3019@example.com,+91-9000003019,WEST,STANDARD,2025-03-10 06:00:00,2025-07-04 06:00:00
C03020,Kiran Reddy,kiran.reddy3020@example.com,+91-9000003020,NORTH,CORPORATE,2025-05-16 10:00:00,2025-06-28 10:00:00
C03021,Rohan Verma,rohan.verma3021@example.com,+91-9000003021,EAST,CORPORATE,2026-02-15 03:00:00,2026-03-07 03:00:00
C03022,Priya Sharma,priya.sharma3022@example.com,+91-9000003022,SOUTH,STANDARD,2025-07-29 05:00:00,2025-12-30 05:00:00
C03023,Rahul Sharma,rahul.sharma3023@example.com,+91-9000003023,WEST,PREMIUM,2026-01-24 03:00:00,2026-03-25 03:00:00
C03024,Kavya Das,kavya.das3024@example.com,+91-9000003024,EAST,PREMIUM,2025-11-22 04:00:00,2026-04-10 04:00:00
C03025,Pooja Verma,pooja.verma3025@example.com,+91-9000003025,WEST,STANDARD,2026-01-21 03:00:00,2026-05-15 03:00:00
C03026,Aditya Kapoor,aditya.kapoor3026@example.com,+91-9000003026,WEST,PREMIUM,2026-07-13 09:00:00,2026-12-11 09:00:00
C03027,Vivaan Mehta,vivaan.mehta3027@example.com,+91-9000003027,NORTH,STANDARD,2025-06-22 18:00:00,2025-07-28 18:00:00
C03028,Ishita Rao,ishita.rao3028@example.com,+91-9000003028,SOUTH,PREMIUM,2026-06-07 01:00:00,2026-08-16 01:00:00
C03029,Nikhil Sharma,nikhil.sharma3029@example.com,+91-9000003029,WEST,CORPORATE,2025-08-31 14:00:00,2025-11-03 14:00:00
C03030,Arjun Singh,arjun.singh3030@example.com,+91-9000003030,SOUTH,STANDARD,2026-04-27 17:00:00,2026-08-23 17:00:00
C03031,Sneha Das,sneha.das3031@example.com,+91-9000003031,SOUTH,STANDARD,2026-06-10 05:00:00,2026-06-13 05:00:00
C03032,Rahul Das,rahul.das3032@example.com,+91-9000003032,NORTH,CORPORATE,2025-04-05 15:00:00,2025-05-21 15:00:00
C03033,Arjun Das,arjun.das3033@example.com,+91-9000003033,WEST,PREMIUM,2025-07-18 08:00:00,2025-08-30 08:00:00
C03034,Pooja Iyer,pooja.iyer3034@example.com,+91-9000003034,EAST,CORPORATE,2025-12-15 23:00:00,2026-06-08 23:00:00
C03035,Neha Gupta,neha.gupta3035@example.com,+91-9000003035,WEST,CORPORATE,2025-08-28 13:00:00,2025-10-29 13:00:00
C03036,Arjun Chowdhury,arjun.chowdhury3036@example.com,+91-9000003036,WEST,CORPORATE,2026-06-12 05:00:00,2026-09-01 05:00:00
C03037,Meera Sharma,meera.sharma3037@example.com,+91-9000003037,NORTH,PREMIUM,2025-12-13 07:00:00,2025-12-18 07:00:00
C03038,Sneha Joshi,sneha.joshi3038@example.com,+91-9000003038,NORTH,PREMIUM,2026-08-26 17:00:00,2027-02-16 17:00:00
C03039,Arjun Gupta,arjun.gupta3039@example.com,+91-9000003039,SOUTH,PREMIUM,2026-05-05 22:00:00,2026-09-09 22:00:00
C03040,Kiran Kapoor,kiran.kapoor3040@example.com,+91-9000003040,SOUTH,STANDARD,2026-02-19 16:00:00,2026-05-23 16:00:00
C03041,Aarav Singh,aarav.singh3041@example.com,+91-9000003041,SOUTH,CORPORATE,2026-07-08 04:00:00,2026-08-20 04:00:00
C03042,Rahul Kumar,rahul.kumar3042@example.com,+91-9000003042,SOUTH,STANDARD,2025-12-24 10:00:00,2026-04-03 10:00:00
C03043,Diya Sharma,diya.sharma3043@example.com,+91-9000003043,EAST,STANDARD,2025-12-10 17:00:00,2026-06-03 17:00:00
C03044,Vikram Singh,vikram.singh3044@example.com,+91-9000003044,SOUTH,CORPORATE,2026-08-07 04:00:00,2027-01-20 04:00:00
C03045,Rahul Reddy,rahul.reddy3045@example.com,+91-9000003045,NORTH,CORPORATE,2026-08-08 04:00:00,2026-11-17 04:00:00
C03046,Priya Joshi,priya.joshi3046@example.com,+91-9000003046,WEST,CORPORATE,2026-09-01 01:00:00,2027-01-15 01:00:00
C03047,Vikram Kumar,vikram.kumar3047@example.com,+91-9000003047,NORTH,CORPORATE,2026-03-17 19:00:00,2026-05-29 19:00:00
C03048,Aisha Chowdhury,aisha.chowdhury3048@example.com,+91-9000003048,SOUTH,STANDARD,2025-01-17 05:00:00,2025-04-11 05:00:00
C03049,Vivaan Nair,vivaan.nair3049@example.com,+91-9000003049,WEST,PREMIUM,2025-08-24 21:00:00,2026-01-24 21:00:00
C03050,Vikram Iyer,vikram.iyer3050@example.com,+91-9000003050,SOUTH,PREMIUM,2025-10-26 20:00:00,2026-03-30 20:00:00
C03051,Ananya Chowdhury,ananya.chowdhury3051@example.com,+91-9000003051,SOUTH,CORPORATE,2026-06-09 17:00:00,2026-06-30 17:00:00
C03052,Nikhil Verma,nikhil.verma3052@example.com,+91-9000003052,WEST,CORPORATE,2026-04-08 20:00:00,2026-08-03 20:00:00
C03053,Vivaan Mehta,vivaan.mehta3053@example.com,+91-9000003053,NORTH,STANDARD,2026-03-28 02:00:00,2026-05-27 02:00:00
C03054,Aisha Singh,aisha.singh3054@example.com,+91-9000003054,EAST,STANDARD,2026-04-04 12:00:00,2026-08-20 12:00:00
C03055,Rahul Sharma,rahul.sharma3055@example.com,+91-9000003055,NORTH,STANDARD,2026-04-08 08:00:00,2026-09-12 08:00:00
C03056,Aditya Mehta,aditya.mehta3056@example.com,+91-9000003056,NORTH,CORPORATE,2026-04-18 15:00:00,2026-08-22 15:00:00
C03057,Ishita Iyer,ishita.iyer3057@example.com,+91-9000003057,NORTH,PREMIUM,2025-06-03 19:00:00,2025-10-10 19:00:00
C03058,Sneha Mehta,sneha.mehta3058@example.com,+91-9000003058,NORTH,CORPORATE,2025-06-07 04:00:00,2025-11-01 04:00:00
C03059,Rohan Gupta,rohan.gupta3059@example.com,+91-9000003059,WEST,PREMIUM,2025-02-09 20:00:00,2025-08-02 20:00:00
C03060,Kavya Sharma,kavya.sharma3060@example.com,+91-9000003060,SOUTH,CORPORATE,2026-02-13 20:00:00,2026-07-23 20:00:00
C03061,Kiran Verma,kiran.verma3061@example.com,+91-9000003061,WEST,STANDARD,2025-02-23 22:00:00,2025-08-11 22:00:00
C03062,Diya Joshi,diya.joshi3062@example.com,+91-9000003062,NORTH,PREMIUM,2026-02-04 12:00:00,2026-07-29 12:00:00
C03063,Priya Nair,priya.nair3063@example.com,+91-9000003063,SOUTH,STANDARD,2025-02-09 00:00:00,2025-04-21 00:00:00
C03064,Aisha Patel,aisha.patel3064@example.com,+91-9000003064,WEST,PREMIUM,2025-12-17 11:00:00,2026-02-01 11:00:00
C03065,Kavya Singh,kavya.singh3065@example.com,+91-9000003065,NORTH,STANDARD,2026-04-17 18:00:00,2026-05-22 18:00:00
C03066,Diya Chowdhury,diya.chowdhury3066@example.com,+91-9000003066,WEST,CORPORATE,2025-10-29 05:00:00,2025-12-02 05:00:00
C03067,Aisha Mehta,aisha.mehta3067@example.com,+91-9000003067,NORTH,STANDARD,2026-08-13 08:00:00,2026-10-01 08:00:00
C03068,Aisha Kapoor,aisha.kapoor3068@example.com,+91-9000003068,NORTH,PREMIUM,2026-08-10 03:00:00,2026-09-21 03:00:00
C03069,Vikram Reddy,vikram.reddy3069@example.com,+91-9000003069,WEST,PREMIUM,2025-12-02 05:00:00,2026-04-04 05:00:00
C03070,Rahul Kapoor,rahul.kapoor3070@example.com,+91-9000003070,SOUTH,CORPORATE,2025-12-18 12:00:00,2026-01-30 12:00:00
C03071,Ishita Nair,ishita.nair3071@example.com,+91-9000003071,WEST,PREMIUM,2025-08-15 22:00:00,2025-12-28 22:00:00
C03072,Neha Joshi,neha.joshi3072@example.com,+91-9000003072,WEST,CORPORATE,2026-01-14 03:00:00,2026-02-10 03:00:00
C03073,Aisha Mehta,aisha.mehta3073@example.com,+91-9000003073,NORTH,STANDARD,2026-02-05 11:00:00,2026-07-20 11:00:00
C03074,Sneha Iyer,sneha.iyer3074@example.com,+91-9000003074,WEST,PREMIUM,2025-09-27 12:00:00,2025-10-01 12:00:00
C03075,Neha Verma,neha.verma3075@example.com,+91-9000003075,WEST,PREMIUM,2026-05-15 21:00:00,2026-07-11 21:00:00
C03076,Aarav Kumar,aarav.kumar3076@example.com,+91-9000003076,NORTH,STANDARD,2025-11-10 20:00:00,2026-05-01 20:00:00
C03077,Kavya Chowdhury,kavya.chowdhury3077@example.com,+91-9000003077,SOUTH,PREMIUM,2026-08-14 02:00:00,2027-01-14 02:00:00
C03078,Sneha Patel,sneha.patel3078@example.com,+91-9000003078,WEST,CORPORATE,2025-02-18 06:00:00,2025-05-14 06:00:00
C03079,Pooja Kumar,pooja.kumar3079@example.com,+91-9000003079,SOUTH,PREMIUM,2025-10-03 01:00:00,2025-11-25 01:00:00
C03080,Ishita Rao,ishita.rao3080@example.com,+91-9000003080,WEST,PREMIUM,2025-04-01 10:00:00,2025-04-28 10:00:00
C03081,Ananya Chowdhury,ananya.chowdhury3081@example.com,+91-9000003081,SOUTH,STANDARD,2025-12-02 06:00:00,2026-01-15 06:00:00
C03082,Diya Nair,diya.nair3082@example.com,+91-9000003082,EAST,CORPORATE,2025-08-08 13:00:00,2025-12-20 13:00:00
C03083,Arjun Kumar,arjun.kumar3083@example.com,+91-9000003083,NORTH,STANDARD,2026-03-13 14:00:00,2026-03-17 14:00:00
C03084,Neha Rao,neha.rao3084@example.com,+91-9000003084,SOUTH,PREMIUM,2025-06-03 22:00:00,2025-06-25 22:00:00
C03085,Vivaan Joshi,vivaan.joshi3085@example.com,+91-9000003085,EAST,PREMIUM,2025-12-29 05:00:00,2026-06-04 05:00:00
C03086,Kavya Reddy,kavya.reddy3086@example.com,+91-9000003086,EAST,CORPORATE,2026-08-29 16:00:00,2026-09-13 16:00:00
C03087,Neha Mehta,neha.mehta3087@example.com,+91-9000003087,SOUTH,PREMIUM,2025-05-15 15:00:00,2025-08-15 15:00:00
C03088,Sai Kumar,sai.kumar3088@example.com,+91-9000003088,WEST,PREMIUM,2026-06-11 16:00:00,2026-09-21 16:00:00
C03089,Rahul Kapoor,rahul.kapoor3089@example.com,+91-9000003089,WEST,PREMIUM,2025-05-21 10:00:00,2025-09-04 10:00:00
C03090,Vivaan Verma,vivaan.verma3090@example.com,+91-9000003090,NORTH,PREMIUM,2026-08-21 16:00:00,2027-01-05 16:00:00
C03091,Priya Rao,priya.rao3091@example.com,+91-9000003091,SOUTH,PREMIUM,2025-11-02 05:00:00,2026-05-01 05:00:00
C03092,Ananya Iyer,ananya.iyer3092@example.com,+91-9000003092,WEST,CORPORATE,2025-12-12 23:00:00,2026-05-22 23:00:00
C03093,Ananya Mehta,ananya.mehta3093@example.com,+91-9000003093,NORTH,PREMIUM,2026-08-26 13:00:00,2027-01-30 13:00:00
C03094,Nikhil Patel,nikhil.patel3094@example.com,+91-9000003094,WEST,CORPORATE,2026-05-30 04:00:00,2026-06-29 04:00:00
C03095,Aditya Joshi,aditya.joshi3095@example.com,+91-9000003095,SOUTH,STANDARD,2026-03-15 10:00:00,2026-03-16 10:00:00
C03096,Vivaan Sharma,vivaan.sharma3096@example.com,+91-9000003096,NORTH,CORPORATE,2025-06-09 09:00:00,2025-08-06 09:00:00
C03097,Pooja Das,pooja.das3097@example.com,+91-9000003097,WEST,STANDARD,2025-08-26 02:00:00,2026-02-06 02:00:00
C03098,Arjun Joshi,arjun.joshi3098@example.com,+91-9000003098,SOUTH,STANDARD,2025-11-30 10:00:00,2025-12-01 10:00:00
C03099,Ananya Verma,ananya.verma3099@example.com,+91-9000003099,WEST,STANDARD,2026-05-08 01:00:00,2026-10-17 01:00:00
C03100,Meera Iyer,meera.iyer3100@example.com,+91-9000003100,SOUTH,PREMIUM,2025-07-06 21:00:00,2025-09-21 21:00:00
C03101,Nikhil Chowdhury,nikhil.chowdhury3101@example.com,+91-9000003101,NORTH,PREMIUM,2026-06-17 16:00:00,2026-09-23 16:00:00
C03102,Pooja Nair,pooja.nair3102@example.com,+91-9000003102,EAST,CORPORATE,2026-05-18 04:00:00,2026-07-13 04:00:00
C03103,Meera Gupta,meera.gupta3103@example.com,+91-9000003103,WEST,CORPORATE,2026-03-28 23:00:00,2026-07-11 23:00:00
C03104,Sai Mehta,sai.mehta3104@example.com,+91-9000003104,NORTH,CORPORATE,2025-01-07 04:00:00,2025-07-06 04:00:00
C03105,Rahul Kapoor,rahul.kapoor3105@example.com,+91-9000003105,WEST,STANDARD,2026-01-13 09:00:00,2026-05-27 09:00:00
C03106,Rohan Joshi,rohan.joshi3106@example.com,+91-9000003106,WEST,STANDARD,2025-06-27 22:00:00,2025-07-31 22:00:00
C03107,Rohan Chowdhury,rohan.chowdhury3107@example.com,+91-9000003107,WEST,CORPORATE,2025-03-06 04:00:00,2025-04-11 04:00:00
C03108,Aarav Das,aarav.das3108@example.com,+91-9000003108,SOUTH,STANDARD,2025-11-09 19:00:00,2026-02-13 19:00:00
C03109,Aarav Kapoor,aarav.kapoor3109@example.com,+91-9000003109,WEST,PREMIUM,2025-04-03 16:00:00,2025-06-09 16:00:00
C03110,Sneha Patel,sneha.patel3110@example.com,+91-9000003110,WEST,PREMIUM,2025-07-28 22:00:00,2025-10-24 22:00:00
C03111,Aarav Iyer,aarav.iyer3111@example.com,+91-9000003111,NORTH,CORPORATE,2025-06-19 15:00:00,2025-12-16 15:00:00
C03112,Aditya Das,aditya.das3112@example.com,+91-9000003112,SOUTH,PREMIUM,2026-04-12 05:00:00,2026-08-12 05:00:00
C03113,Priya Verma,priya.verma3113@example.com,+91-9000003113,NORTH,CORPORATE,2025-09-24 23:00:00,2026-03-03 23:00:00
C03114,Vikram Gupta,vikram.gupta3114@example.com,+91-9000003114,SOUTH,CORPORATE,2025-05-19 12:00:00,2025-05-27 12:00:00
C03115,Ananya Patel,ananya.patel3115@example.com,+91-9000003115,EAST,PREMIUM,2025-04-03 16:00:00,2025-09-18 16:00:00
C03116,Aisha Kumar,aisha.kumar3116@example.com,+91-9000003116,SOUTH,CORPORATE,2025-04-15 12:00:00,2025-05-31 12:00:00
C03117,Priya Reddy,priya.reddy3117@example.com,+91-9000003117,SOUTH,PREMIUM,2026-04-26 05:00:00,2026-10-18 05:00:00
C03118,Rohan Kumar,rohan.kumar3118@example.com,+91-9000003118,WEST,CORPORATE,2026-03-30 22:00:00,2026-09-13 22:00:00
C03119,Pooja Patel,pooja.patel3119@example.com,+91-9000003119,SOUTH,STANDARD,2025-01-30 10:00:00,2025-03-10 10:00:00
C03120,Pooja Nair,pooja.nair3120@example.com,+91-9000003120,NORTH,STANDARD,2025-08-08 23:00:00,2025-09-02 23:00:00
C03121,Meera Joshi,meera.joshi3121@example.com,+91-9000003121,NORTH,STANDARD,2025-12-01 21:00:00,2026-05-13 21:00:00
C03122,Nikhil Kumar,nikhil.kumar3122@example.com,+91-9000003122,SOUTH,STANDARD,2026-07-21 17:00:00,2026-09-01 17:00:00
C03123,Ananya Das,ananya.das3123@example.com,+91-9000003123,WEST,CORPORATE,2026-01-08 22:00:00,2026-05-26 22:00:00
C03124,Rohan Verma,rohan.verma3124@example.com,+91-9000003124,WEST,PREMIUM,2026-07-24 09:00:00,2026-08-24 09:00:00
C03125,Sneha Mehta,sneha.mehta3125@example.com,+91-9000003125,EAST,STANDARD,2026-04-20 23:00:00,2026-05-31 23:00:00
C03126,Ishita Rao,ishita.rao3126@example.com,+91-9000003126,NORTH,PREMIUM,2025-09-11 00:00:00,2025-11-16 00:00:00
C03127,Vikram Nair,vikram.nair3127@example.com,+91-9000003127,SOUTH,STANDARD,2026-05-26 19:00:00,2026-09-17 19:00:00
C03128,Neha Chowdhury,neha.chowdhury3128@example.com,+91-9000003128,SOUTH,STANDARD,2026-08-20 14:00:00,2027-01-13 14:00:00
C03129,Rahul Gupta,rahul.gupta3129@example.com,+91-9000003129,SOUTH,PREMIUM,2025-03-13 05:00:00,2025-05-15 05:00:00
C03130,Neha Gupta,neha.gupta3130@example.com,+91-9000003130,SOUTH,STANDARD,2026-06-24 15:00:00,2026-10-27 15:00:00
C03131,Ananya Patel,ananya.patel3131@example.com,+91-9000003131,WEST,STANDARD,2026-08-17 17:00:00,2026-09-19 17:00:00
C03132,Sai Sharma,sai.sharma3132@example.com,+91-9000003132,NORTH,PREMIUM,2025-04-11 04:00:00,2025-04-24 04:00:00
C03133,Aisha Kumar,aisha.kumar3133@example.com,+91-9000003133,SOUTH,PREMIUM,2025-06-27 01:00:00,2025-11-15 01:00:00
C03134,Sneha Nair,sneha.nair3134@example.com,+91-9000003134,WEST,CORPORATE,2026-04-22 16:00:00,2026-09-14 16:00:00
C03135,Priya Verma,priya.verma3135@example.com,+91-9000003135,NORTH,CORPORATE,2025-08-04 22:00:00,2025-12-13 22:00:00
C03136,Diya Patel,diya.patel3136@example.com,+91-9000003136,WEST,PREMIUM,2025-08-31 20:00:00,2025-09-15 20:00:00
C03137,Vivaan Kumar,vivaan.kumar3137@example.com,+91-9000003137,WEST,STANDARD,2025-01-18 08:00:00,2025-04-27 08:00:00
C03138,Aditya Chowdhury,aditya.chowdhury3138@example.com,+91-9000003138,NORTH,STANDARD,2026-08-10 18:00:00,2026-12-05 18:00:00
C03139,Aditya Verma,aditya.verma3139@example.com,+91-9000003139,NORTH,STANDARD,2025-06-16 06:00:00,2025-06-21 06:00:00
C03140,Sai Das,sai.das3140@example.com,+91-9000003140,NORTH,CORPORATE,2026-08-15 05:00:00,2026-11-12 05:00:00
C03141,Aarav Reddy,aarav.reddy3141@example.com,+91-9000003141,EAST,PREMIUM,2025-11-07 06:00:00,2026-04-23 06:00:00
C03142,Kavya Kumar,kavya.kumar3142@example.com,+91-9000003142,WEST,STANDARD,2025-02-28 19:00:00,2025-07-25 19:00:00
C03143,Meera Gupta,meera.gupta3143@example.com,+91-9000003143,NORTH,PREMIUM,2025-03-26 06:00:00,2025-04-18 06:00:00
C03144,Neha Reddy,neha.reddy3144@example.com,+91-9000003144,SOUTH,CORPORATE,2025-05-29 12:00:00,2025-07-06 12:00:00
C03145,Sai Reddy,sai.reddy3145@example.com,+91-9000003145,SOUTH,CORPORATE,2025-08-01 05:00:00,2026-01-27 05:00:00
C03146,Priya Singh,priya.singh3146@example.com,+91-9000003146,SOUTH,STANDARD,2026-04-23 21:00:00,2026-05-22 21:00:00
C03147,Neha Joshi,neha.joshi3147@example.com,+91-9000003147,SOUTH,PREMIUM,2025-04-02 03:00:00,2025-07-14 03:00:00
C03148,Arjun Patel,arjun.patel3148@example.com,+91-9000003148,SOUTH,CORPORATE,2025-07-05 01:00:00,2025-07-13 01:00:00
C03149,Priya Patel,priya.patel3149@example.com,+91-9000003149,WEST,PREMIUM,2025-12-18 21:00:00,2026-02-19 21:00:00
C03150,Rohan Kapoor,rohan.kapoor3150@example.com,+91-9000003150,WEST,CORPORATE,2025-08-08 01:00:00,2025-09-26 01:00:00
C03151,Meera Singh,meera.singh3151@example.com,+91-9000003151,WEST,STANDARD,2025-12-12 06:00:00,2026-05-30 06:00:00
C03152,Rahul Gupta,rahul.gupta3152@example.com,+91-9000003152,SOUTH,STANDARD,2025-11-05 16:00:00,2026-01-16 16:00:00
C03153,Rahul Reddy,rahul.reddy3153@example.com,+91-9000003153,SOUTH,CORPORATE,2025-04-03 09:00:00,2025-09-24 09:00:00
C03154,Ishita Das,ishita.das3154@example.com,+91-9000003154,NORTH,STANDARD,2026-06-22 04:00:00,2026-11-16 04:00:00
C03155,Ananya Patel,ananya.patel3155@example.com,+91-9000003155,WEST,PREMIUM,2025-06-03 19:00:00,2025-07-05 19:00:00
C03156,Aarav Chowdhury,aarav.chowdhury3156@example.com,+91-9000003156,NORTH,PREMIUM,2026-08-29 06:00:00,2026-12-04 06:00:00
C03157,Aditya Joshi,aditya.joshi3157@example.com,+91-9000003157,NORTH,CORPORATE,2025-01-02 06:00:00,2025-03-31 06:00:00
C03158,Sai Joshi,sai.joshi3158@example.com,+91-9000003158,SOUTH,STANDARD,2026-08-21 15:00:00,2026-10-18 15:00:00
C03159,Priya Reddy,priya.reddy3159@example.com,+91-9000003159,WEST,PREMIUM,2025-05-26 08:00:00,2025-08-25 08:00:00
C03160,Aisha Verma,aisha.verma3160@example.com,+91-9000003160,NORTH,PREMIUM,2026-07-07 11:00:00,2026-08-09 11:00:00
C03161,Rohan Chowdhury,rohan.chowdhury3161@example.com,+91-9000003161,SOUTH,CORPORATE,2025-01-28 08:00:00,2025-03-08 08:00:00
C03162,Aarav Patel,aarav.patel3162@example.com,+91-9000003162,NORTH,STANDARD,2026-05-09 01:00:00,2026-08-09 01:00:00
C03163,Neha Patel,neha.patel3163@example.com,+91-9000003163,WEST,PREMIUM,2026-05-06 07:00:00,2026-07-16 07:00:00
C03164,Vivaan Patel,vivaan.patel3164@example.com,+91-9000003164,SOUTH,PREMIUM,2026-09-06 19:00:00,2026-09-27 19:00:00
C03165,Meera Singh,meera.singh3165@example.com,+91-9000003165,NORTH,STANDARD,2026-08-28 00:00:00,2026-09-30 00:00:00
C03166,Sai Chowdhury,sai.chowdhury3166@example.com,+91-9000003166,SOUTH,PREMIUM,2025-10-16 16:00:00,2026-01-05 16:00:00
C03167,Vikram Chowdhury,vikram.chowdhury3167@example.com,+91-9000003167,SOUTH,STANDARD,2025-06-12 21:00:00,2025-12-08 21:00:00
C03168,Nikhil Sharma,nikhil.sharma3168@example.com,+91-9000003168,SOUTH,STANDARD,2025-09-13 01:00:00,2026-02-17 01:00:00
C03169,Diya Kapoor,diya.kapoor3169@example.com,+91-9000003169,NORTH,CORPORATE,2026-02-20 15:00:00,2026-06-15 15:00:00
C03170,Diya Singh,diya.singh3170@example.com,+91-9000003170,SOUTH,PREMIUM,2025-11-12 19:00:00,2026-03-05 19:00:00
C03171,Pooja Das,pooja.das3171@example.com,+91-9000003171,WEST,PREMIUM,2025-12-23 11:00:00,2026-02-05 11:00:00
C03172,Kiran Rao,kiran.rao3172@example.com,+91-9000003172,SOUTH,PREMIUM,2026-05-07 03:00:00,2026-09-02 03:00:00
C03173,Meera Sharma,meera.sharma3173@example.com,+91-9000003173,WEST,STANDARD,2025-04-24 01:00:00,2025-05-24 01:00:00
C03174,Kavya Reddy,kavya.reddy3174@example.com,+91-9000003174,SOUTH,CORPORATE,2025-02-09 06:00:00,2025-05-25 06:00:00
C03175,Aisha Kumar,aisha.kumar3175@example.com,+91-9000003175,NORTH,PREMIUM,2025-04-13 14:00:00,2025-05-06 14:00:00
C03176,Sneha Patel,sneha.patel3176@example.com,+91-9000003176,SOUTH,CORPORATE,2026-03-10 16:00:00,2026-03-13 16:00:00
C03177,Kavya Reddy,kavya.reddy3177@example.com,+91-9000003177,SOUTH,STANDARD,2026-01-11 14:00:00,2026-06-11 14:00:00
C03178,Aarav Chowdhury,aarav.chowdhury3178@example.com,+91-9000003178,SOUTH,PREMIUM,2025-04-21 10:00:00,2025-05-12 10:00:00
C03179,Rohan Iyer,rohan.iyer3179@example.com,+91-9000003179,EAST,STANDARD,2025-02-13 13:00:00,2025-04-17 13:00:00
C03180,Vivaan Gupta,vivaan.gupta3180@example.com,+91-9000003180,SOUTH,STANDARD,2025-08-23 10:00:00,2025-11-04 10:00:00
C03181,Diya Iyer,diya.iyer3181@example.com,+91-9000003181,WEST,STANDARD,2025-10-10 15:00:00,2026-01-20 15:00:00
C03182,Rahul Reddy,rahul.reddy3182@example.com,+91-9000003182,SOUTH,CORPORATE,2025-07-21 00:00:00,2025-11-09 00:00:00
C03183,Rahul Verma,rahul.verma3183@example.com,+91-9000003183,NORTH,PREMIUM,2026-06-29 16:00:00,2026-10-16 16:00:00
C03184,Meera Nair,meera.nair3184@example.com,+91-9000003184,SOUTH,STANDARD,2025-09-17 15:00:00,2025-10-17 15:00:00
C03185,Aisha Sharma,aisha.sharma3185@example.com,+91-9000003185,WEST,CORPORATE,2025-12-08 06:00:00,2026-03-21 06:00:00
C03186,Rahul Chowdhury,rahul.chowdhury3186@example.com,+91-9000003186,NORTH,PREMIUM,2026-03-27 08:00:00,2026-07-16 08:00:00
C03187,Sai Reddy,sai.reddy3187@example.com,+91-9000003187,SOUTH,CORPORATE,2025-12-28 18:00:00,2026-02-27 18:00:00
C03188,Sai Mehta,sai.mehta3188@example.com,+91-9000003188,SOUTH,STANDARD,2026-05-02 00:00:00,2026-07-09 00:00:00
C03189,Ishita Singh,ishita.singh3189@example.com,+91-9000003189,WEST,PREMIUM,2026-03-12 03:00:00,2026-08-19 03:00:00
C03190,Pooja Sharma,pooja.sharma3190@example.com,+91-9000003190,SOUTH,PREMIUM,2025-03-11 03:00:00,2025-08-08 03:00:00
C03191,Sneha Das,sneha.das3191@example.com,+91-9000003191,WEST,STANDARD,2026-04-24 03:00:00,2026-04-29 03:00:00
C03192,Vikram Nair,vikram.nair3192@example.com,+91-9000003192,WEST,STANDARD,2025-08-30 17:00:00,2026-01-21 17:00:00
C03193,Vikram Nair,vikram.nair3193@example.com,+91-9000003193,WEST,CORPORATE,2025-01-04 10:00:00,2025-01-20 10:00:00
C03194,Ananya Joshi,ananya.joshi3194@example.com,+91-9000003194,WEST,CORPORATE,2025-06-26 01:00:00,2025-11-28 01:00:00
C03195,Kavya Sharma,kavya.sharma3195@example.com,+91-9000003195,NORTH,PREMIUM,2026-08-27 09:00:00,2026-12-06 09:00:00
C03196,Neha Iyer,neha.iyer3196@example.com,+91-9000003196,WEST,CORPORATE,2026-05-20 20:00:00,2026-06-05 20:00:00
C03197,Rohan Gupta,rohan.gupta3197@example.com,+91-9000003197,SOUTH,PREMIUM,2026-08-28 14:00:00,2026-12-03 14:00:00
C03198,Neha Iyer,neha.iyer3198@example.com,+91-9000003198,NORTH,PREMIUM,2025-10-27 03:00:00,2025-11-21 03:00:00
C03199,Sai Kumar,sai.kumar3199@example.com,+91-9000003199,SOUTH,PREMIUM,2026-05-12 09:00:00,2026-09-11 09:00:00
C03200,Pooja Rao,pooja.rao3200@example.com,+91-9000003200,SOUTH,PREMIUM,2025-09-12 07:00:00,2026-01-01 07:00:00
C03201,Rahul Kumar,rahul.kumar3201@example.com,+91-9000003201,NORTH,CORPORATE,2026-06-12 21:00:00,2026-08-25 21:00:00
C03202,Pooja Nair,pooja.nair3202@example.com,+91-9000003202,EAST,STANDARD,2025-04-27 19:00:00,2025-05-14 19:00:00
C03203,Vikram Patel,vikram.patel3203@example.com,+91-9000003203,SOUTH,STANDARD,2026-03-18 21:00:00,2026-05-11 21:00:00
C03204,Priya Sharma,priya.sharma3204@example.com,+91-9000003204,WEST,STANDARD,2026-06-12 14:00:00,2026-07-09 14:00:00
C03205,Aditya Singh,aditya.singh3205@example.com,+91-9000003205,SOUTH,CORPORATE,2025-02-26 05:00:00,2025-08-14 05:00:00
C03206,Vikram Reddy,vikram.reddy3206@example.com,+91-9000003206,WEST,PREMIUM,2026-07-13 02:00:00,2027-01-04 02:00:00
C03207,Neha Nair,neha.nair3207@example.com,+91-9000003207,WEST,CORPORATE,2026-06-10 19:00:00,2026-10-02 19:00:00
C03208,Sai Kapoor,sai.kapoor3208@example.com,+91-9000003208,EAST,STANDARD,2025-04-25 02:00:00,2025-09-09 02:00:00
C03209,Kavya Das,kavya.das3209@example.com,+91-9000003209,WEST,STANDARD,2026-08-25 09:00:00,2026-09-12 09:00:00
C03210,Aisha Kapoor,aisha.kapoor3210@example.com,+91-9000003210,WEST,CORPORATE,2026-02-13 08:00:00,2026-03-20 08:00:00
C03211,Rahul Joshi,rahul.joshi3211@example.com,+91-9000003211,NORTH,CORPORATE,2025-05-04 14:00:00,2025-09-12 14:00:00
C03212,Kiran Nair,kiran.nair3212@example.com,+91-9000003212,NORTH,PREMIUM,2026-03-27 16:00:00,2026-03-29 16:00:00
C03213,Aisha Patel,aisha.patel3213@example.com,+91-9000003213,WEST,CORPORATE,2025-03-05 00:00:00,2025-03-16 00:00:00
C03214,Meera Gupta,meera.gupta3214@example.com,+91-9000003214,SOUTH,STANDARD,2025-11-24 15:00:00,2026-01-11 15:00:00
C03215,Ishita Nair,ishita.nair3215@example.com,+91-9000003215,NORTH,PREMIUM,2025-03-29 09:00:00,2025-04-21 09:00:00
C03216,Aditya Kapoor,aditya.kapoor3216@example.com,+91-9000003216,EAST,CORPORATE,2025-06-11 16:00:00,2025-11-09 16:00:00
C03217,Vikram Joshi,vikram.joshi3217@example.com,+91-9000003217,NORTH,CORPORATE,2025-06-19 19:00:00,2025-10-26 19:00:00
C03218,Sai Gupta,sai.gupta3218@example.com,+91-9000003218,EAST,CORPORATE,2026-02-06 18:00:00,2026-07-18 18:00:00
C03219,Vivaan Rao,vivaan.rao3219@example.com,+91-9000003219,NORTH,STANDARD,2025-02-14 18:00:00,2025-03-16 18:00:00
C03220,Vikram Kapoor,vikram.kapoor3220@example.com,+91-9000003220,NORTH,STANDARD,2025-04-01 18:00:00,2025-06-30 18:00:00
C03221,Meera Sharma,meera.sharma3221@example.com,+91-9000003221,WEST,STANDARD,2026-05-22 17:00:00,2026-09-23 17:00:00
C03222,Nikhil Das,nikhil.das3222@example.com,+91-9000003222,WEST,PREMIUM,2026-07-21 17:00:00,2026-10-25 17:00:00
C03223,Diya Reddy,diya.reddy3223@example.com,+91-9000003223,NORTH,STANDARD,2026-04-17 18:00:00,2026-06-30 18:00:00
C03224,Vivaan Kapoor,vivaan.kapoor3224@example.com,+91-9000003224,WEST,CORPORATE,2026-09-12 13:00:00,2026-12-17 13:00:00
C03225,Ishita Iyer,ishita.iyer3225@example.com,+91-9000003225,WEST,CORPORATE,2025-09-12 23:00:00,2025-12-30 23:00:00
C03226,Aarav Rao,aarav.rao3226@example.com,+91-9000003226,WEST,STANDARD,2026-04-09 16:00:00,2026-04-25 16:00:00
C03227,Priya Sharma,priya.sharma3227@example.com,+91-9000003227,NORTH,STANDARD,2025-06-06 17:00:00,2025-09-12 17:00:00
C03228,Sai Patel,sai.patel3228@example.com,+91-9000003228,WEST,CORPORATE,2025-12-31 18:00:00,2026-04-14 18:00:00
C03229,Vikram Iyer,vikram.iyer3229@example.com,+91-9000003229,SOUTH,CORPORATE,2026-07-14 04:00:00,2026-12-07 04:00:00
C03230,Kiran Rao,kiran.rao3230@example.com,+91-9000003230,WEST,CORPORATE,2026-07-02 12:00:00,2026-11-07 12:00:00
C03231,Kiran Nair,kiran.nair3231@example.com,+91-9000003231,SOUTH,PREMIUM,2025-02-12 13:00:00,2025-05-24 13:00:00
C03232,Sneha Patel,sneha.patel3232@example.com,+91-9000003232,NORTH,CORPORATE,2026-06-24 14:00:00,2026-07-11 14:00:00
C03233,Meera Sharma,meera.sharma3233@example.com,+91-9000003233,WEST,STANDARD,2025-03-06 02:00:00,2025-04-29 02:00:00
C03234,Arjun Nair,arjun.nair3234@example.com,+91-9000003234,NORTH,CORPORATE,2025-09-12 11:00:00,2025-10-23 11:00:00
C03235,Rohan Mehta,rohan.mehta3235@example.com,+91-9000003235,WEST,STANDARD,2026-02-22 03:00:00,2026-06-23 03:00:00
C03236,Meera Kapoor,meera.kapoor3236@example.com,+91-9000003236,SOUTH,STANDARD,2025-01-01 10:00:00,2025-01-12 10:00:00
C03237,Vikram Verma,vikram.verma3237@example.com,+91-9000003237,SOUTH,PREMIUM,2026-07-24 16:00:00,2026-10-17 16:00:00
C03238,Aarav Kapoor,aarav.kapoor3238@example.com,+91-9000003238,WEST,PREMIUM,2025-06-19 11:00:00,2025-10-23 11:00:00
C03239,Sai Rao,sai.rao3239@example.com,+91-9000003239,SOUTH,PREMIUM,2025-05-08 19:00:00,2025-07-28 19:00:00
C03240,Vivaan Chowdhury,vivaan.chowdhury3240@example.com,+91-9000003240,WEST,PREMIUM,2025-07-17 22:00:00,2025-07-24 22:00:00
C03241,Pooja Singh,pooja.singh3241@example.com,+91-9000003241,EAST,CORPORATE,2026-02-16 02:00:00,2026-06-19 02:00:00
C03242,Aditya Joshi,aditya.joshi3242@example.com,+91-9000003242,WEST,CORPORATE,2026-06-13 04:00:00,2026-10-28 04:00:00
C03243,Pooja Joshi,pooja.joshi3243@example.com,+91-9000003243,SOUTH,CORPORATE,2026-07-14 20:00:00,2026-11-29 20:00:00
C03244,Aarav Chowdhury,aarav.chowdhury3244@example.com,+91-9000003244,WEST,STANDARD,2026-02-15 14:00:00,2026-03-11 14:00:00
C03245,Vikram Reddy,vikram.reddy3245@example.com,+91-9000003245,NORTH,CORPORATE,2026-03-30 08:00:00,2026-04-25 08:00:00
C03246,Kiran Chowdhury,kiran.chowdhury3246@example.com,+91-9000003246,SOUTH,PREMIUM,2025-12-01 19:00:00,2026-05-10 19:00:00
C03247,Ishita Rao,ishita.rao3247@example.com,+91-9000003247,NORTH,CORPORATE,2026-07-14 13:00:00,2026-11-28 13:00:00
C03248,Neha Joshi,neha.joshi3248@example.com,+91-9000003248,NORTH,PREMIUM,2025-09-12 22:00:00,2026-03-09 22:00:00
C03249,Neha Iyer,neha.iyer3249@example.com,+91-9000003249,WEST,PREMIUM,2026-03-27 09:00:00,2026-08-19 09:00:00
C03250,Nikhil Mehta,nikhil.mehta3250@example.com,+91-9000003250,NORTH,CORPORATE,2025-04-03 10:00:00,2025-06-08 10:00:00
C03251,Ananya Joshi,ananya.joshi3251@example.com,+91-9000003251,SOUTH,CORPORATE,2025-02-20 03:00:00,2025-03-26 03:00:00
C03252,Neha Das,neha.das3252@example.com,+91-9000003252,EAST,PREMIUM,2025-07-04 01:00:00,2025-09-05 01:00:00
C03253,Ishita Kapoor,ishita.kapoor3253@example.com,+91-9000003253,SOUTH,STANDARD,2025-02-15 11:00:00,2025-06-16 11:00:00
C03254,Aditya Singh,aditya.singh3254@example.com,+91-9000003254,NORTH,CORPORATE,2025-03-05 07:00:00,2025-07-25 07:00:00
C03255,Ishita Kumar,ishita.kumar3255@example.com,+91-9000003255,WEST,PREMIUM,2026-03-08 10:00:00,2026-08-20 10:00:00
C03256,Sai Reddy,sai.reddy3256@example.com,+91-9000003256,WEST,PREMIUM,2026-06-12 18:00:00,2026-09-15 18:00:00
C03257,Neha Sharma,neha.sharma3257@example.com,+91-9000003257,SOUTH,STANDARD,2026-01-24 15:00:00,2026-01-30 15:00:00
C03258,Neha Das,neha.das3258@example.com,+91-9000003258,SOUTH,PREMIUM,2026-08-10 09:00:00,2026-12-23 09:00:00
C03259,Pooja Rao,pooja.rao3259@example.com,+91-9000003259,WEST,PREMIUM,2025-07-03 01:00:00,2025-10-07 01:00:00
C03260,Vikram Joshi,vikram.joshi3260@example.com,+91-9000003260,NORTH,PREMIUM,2026-07-25 19:00:00,2026-11-29 19:00:00
C03261,Meera Sharma,meera.sharma3261@example.com,+91-9000003261,WEST,STANDARD,2025-12-01 13:00:00,2025-12-04 13:00:00
C03262,Nikhil Verma,nikhil.verma3262@example.com,+91-9000003262,EAST,PREMIUM,2026-03-10 11:00:00,2026-06-05 11:00:00
C03263,Aisha Kapoor,aisha.kapoor3263@example.com,+91-9000003263,EAST,PREMIUM,2025-01-30 18:00:00,2025-04-21 18:00:00
C03264,Kiran Kumar,kiran.kumar3264@example.com,+91-9000003264,SOUTH,PREMIUM,2026-06-03 19:00:00,2026-07-06 19:00:00
C03265,Kiran Chowdhury,kiran.chowdhury3265@example.com,+91-9000003265,NORTH,PREMIUM,2026-01-14 08:00:00,2026-02-16 08:00:00
C03266,Rahul Joshi,rahul.joshi3266@example.com,+91-9000003266,WEST,STANDARD,2026-03-05 10:00:00,2026-04-01 10:00:00
C03267,Ishita Das,ishita.das3267@example.com,+91-9000003267,NORTH,PREMIUM,2025-12-09 19:00:00,2026-02-05 19:00:00
C03268,Vivaan Sharma,vivaan.sharma3268@example.com,+91-9000003268,SOUTH,STANDARD,2026-03-12 05:00:00,2026-04-25 05:00:00
C03269,Sai Rao,sai.rao3269@example.com,+91-9000003269,NORTH,PREMIUM,2025-07-05 14:00:00,2025-12-29 14:00:00
C03270,Sneha Rao,sneha.rao3270@example.com,+91-9000003270,NORTH,CORPORATE,2026-02-15 04:00:00,2026-03-04 04:00:00
C03271,Ishita Sharma,ishita.sharma3271@example.com,+91-9000003271,SOUTH,PREMIUM,2025-04-17 02:00:00,2025-05-12 02:00:00
C03272,Aditya Verma,aditya.verma3272@example.com,+91-9000003272,WEST,CORPORATE,2026-05-31 08:00:00,2026-11-10 08:00:00
C03273,Ishita Sharma,ishita.sharma3273@example.com,+91-9000003273,SOUTH,STANDARD,2025-01-07 17:00:00,2025-05-08 17:00:00
C03274,Pooja Iyer,pooja.iyer3274@example.com,+91-9000003274,EAST,CORPORATE,2026-02-10 15:00:00,2026-03-14 15:00:00
C03275,Rohan Chowdhury,rohan.chowdhury3275@example.com,+91-9000003275,NORTH,CORPORATE,2025-03-23 05:00:00,2025-06-22 05:00:00
C03276,Priya Kapoor,priya.kapoor3276@example.com,+91-9000003276,EAST,STANDARD,2025-01-14 08:00:00,2025-04-28 08:00:00
C03277,Vikram Chowdhury,vikram.chowdhury3277@example.com,+91-9000003277,NORTH,STANDARD,2025-06-18 20:00:00,2025-07-25 20:00:00
C03278,Arjun Kapoor,arjun.kapoor3278@example.com,+91-9000003278,WEST,CORPORATE,2025-06-18 01:00:00,2025-08-21 01:00:00
C03279,Kiran Mehta,kiran.mehta3279@example.com,+91-9000003279,WEST,PREMIUM,2026-05-06 10:00:00,2026-08-02 10:00:00
C03280,Pooja Mehta,pooja.mehta3280@example.com,+91-9000003280,SOUTH,PREMIUM,2026-01-31 17:00:00,2026-06-21 17:00:00
C03281,Diya Chowdhury,diya.chowdhury3281@example.com,+91-9000003281,WEST,CORPORATE,2025-06-22 11:00:00,2025-08-05 11:00:00
C03282,Nikhil Patel,nikhil.patel3282@example.com,+91-9000003282,WEST,CORPORATE,2025-05-07 21:00:00,2025-07-05 21:00:00
C03283,Kavya Verma,kavya.verma3283@example.com,+91-9000003283,WEST,STANDARD,2025-09-17 11:00:00,2025-09-25 11:00:00
C03284,Meera Rao,meera.rao3284@example.com,+91-9000003284,NORTH,PREMIUM,2025-11-09 20:00:00,2026-04-24 20:00:00
C03285,Priya Verma,priya.verma3285@example.com,+91-9000003285,SOUTH,STANDARD,2025-05-30 06:00:00,2025-07-04 06:00:00
C03286,Rohan Patel,rohan.patel3286@example.com,+91-9000003286,WEST,CORPORATE,2026-04-04 09:00:00,2026-08-07 09:00:00
C03287,Neha Mehta,neha.mehta3287@example.com,+91-9000003287,EAST,PREMIUM,2025-03-28 14:00:00,2025-05-19 14:00:00
C03288,Kiran Das,kiran.das3288@example.com,+91-9000003288,SOUTH,PREMIUM,2025-10-28 20:00:00,2025-12-10 20:00:00
C03289,Aarav Kumar,aarav.kumar3289@example.com,+91-9000003289,NORTH,CORPORATE,2026-07-23 17:00:00,2026-09-04 17:00:00
C03290,Aditya Kapoor,aditya.kapoor3290@example.com,+91-9000003290,SOUTH,CORPORATE,2026-05-02 11:00:00,2026-09-17 11:00:00
C03291,Vivaan Joshi,vivaan.joshi3291@example.com,+91-9000003291,NORTH,STANDARD,2025-03-10 19:00:00,2025-03-20 19:00:00
C03292,Vikram Verma,vikram.verma3292@example.com,+91-9000003292,NORTH,CORPORATE,2025-07-19 01:00:00,2025-09-15 01:00:00
C03293,Ananya Mehta,ananya.mehta3293@example.com,+91-9000003293,SOUTH,PREMIUM,2026-07-13 16:00:00,2026-12-19 16:00:00
C03294,Kiran Verma,kiran.verma3294@example.com,+91-9000003294,SOUTH,STANDARD,2025-08-24 09:00:00,2026-02-19 09:00:00
C03295,Arjun Iyer,arjun.iyer3295@example.com,+91-9000003295,NORTH,PREMIUM,2025-03-12 22:00:00,2025-07-11 22:00:00
C03296,Kavya Rao,kavya.rao3296@example.com,+91-9000003296,NORTH,PREMIUM,2026-06-11 02:00:00,2026-07-25 02:00:00
C03297,Vikram Rao,vikram.rao3297@example.com,+91-9000003297,NORTH,PREMIUM,2025-09-18 21:00:00,2025-11-24 21:00:00
C03298,Meera Sharma,meera.sharma3298@example.com,+91-9000003298,WEST,PREMIUM,2026-06-29 06:00:00,2026-12-22 06:00:00
C03299,Aditya Gupta,aditya.gupta3299@example.com,+91-9000003299,WEST,PREMIUM,2026-09-10 19:00:00,2027-03-09 19:00:00
C03300,Aisha Reddy,aisha.reddy3300@example.com,+91-9000003300,NORTH,STANDARD,2025-01-16 20:00:00,2025-06-29 20:00:00
C03301,Neha Reddy,neha.reddy3301@example.com,+91-9000003301,EAST,CORPORATE,2025-05-31 17:00:00,2025-10-09 17:00:00
C03302,Vikram Chowdhury,vikram.chowdhury3302@example.com,+91-9000003302,NORTH,CORPORATE,2026-07-06 23:00:00,2026-11-28 23:00:00
C03303,Pooja Singh,pooja.singh3303@example.com,+91-9000003303,WEST,STANDARD,2026-08-24 16:00:00,2027-02-16 16:00:00
C03304,Neha Sharma,neha.sharma3304@example.com,+91-9000003304,EAST,CORPORATE,2025-11-10 10:00:00,2026-05-08 10:00:00
C03305,Sai Chowdhury,sai.chowdhury3305@example.com,+91-9000003305,WEST,PREMIUM,2026-05-06 03:00:00,2026-10-27 03:00:00
C03306,Sai Rao,sai.rao3306@example.com,+91-9000003306,SOUTH,STANDARD,2026-01-21 07:00:00,2026-06-23 07:00:00
C03307,Aisha Mehta,aisha.mehta3307@example.com,+91-9000003307,WEST,STANDARD,2026-01-26 22:00:00,2026-04-04 22:00:00
C03308,Sai Kapoor,sai.kapoor3308@example.com,+91-9000003308,WEST,CORPORATE,2025-07-28 17:00:00,2025-11-20 17:00:00
C03309,Rahul Iyer,rahul.iyer3309@example.com,+91-9000003309,NORTH,STANDARD,2025-08-30 07:00:00,2025-10-07 07:00:00
C03310,Arjun Das,arjun.das3310@example.com,+91-9000003310,SOUTH,PREMIUM,2026-07-17 15:00:00,2026-08-26 15:00:00
C03311,Pooja Kumar,pooja.kumar3311@example.com,+91-9000003311,WEST,STANDARD,2025-06-26 16:00:00,2025-11-20 16:00:00
C03312,Aisha Kapoor,aisha.kapoor3312@example.com,+91-9000003312,SOUTH,STANDARD,2025-08-06 05:00:00,2025-08-17 05:00:00
C03313,Arjun Sharma,arjun.sharma3313@example.com,+91-9000003313,SOUTH,STANDARD,2025-07-09 07:00:00,2025-07-13 07:00:00
C03314,Aditya Mehta,aditya.mehta3314@example.com,+91-9000003314,EAST,PREMIUM,2026-06-19 12:00:00,2026-09-24 12:00:00
C03315,Arjun Sharma,arjun.sharma3315@example.com,+91-9000003315,NORTH,CORPORATE,2025-01-31 16:00:00,2025-06-22 16:00:00
C03316,Sneha Mehta,sneha.mehta3316@example.com,+91-9000003316,SOUTH,CORPORATE,2026-01-31 03:00:00,2026-02-21 03:00:00
C03317,Nikhil Kumar,nikhil.kumar3317@example.com,+91-9000003317,SOUTH,PREMIUM,2026-01-17 12:00:00,2026-02-01 12:00:00
C03318,Kiran Kapoor,kiran.kapoor3318@example.com,+91-9000003318,NORTH,CORPORATE,2026-07-21 09:00:00,2026-09-21 09:00:00
C03319,Aditya Nair,aditya.nair3319@example.com,+91-9000003319,EAST,PREMIUM,2026-06-07 01:00:00,2026-09-22 01:00:00
C03320,Aisha Das,aisha.das3320@example.com,+91-9000003320,NORTH,PREMIUM,2025-05-22 06:00:00,2025-09-03 06:00:00
C03321,Pooja Verma,pooja.verma3321@example.com,+91-9000003321,SOUTH,STANDARD,2025-04-11 01:00:00,2025-04-15 01:00:00
C03322,Priya Chowdhury,priya.chowdhury3322@example.com,+91-9000003322,SOUTH,PREMIUM,2026-02-18 05:00:00,2026-04-30 05:00:00
C03323,Ananya Mehta,ananya.mehta3323@example.com,+91-9000003323,EAST,STANDARD,2026-08-26 12:00:00,2026-11-18 12:00:00
C03324,Aarav Kapoor,aarav.kapoor3324@example.com,+91-9000003324,NORTH,CORPORATE,2025-02-17 13:00:00,2025-05-27 13:00:00
C03325,Meera Rao,meera.rao3325@example.com,+91-9000003325,SOUTH,CORPORATE,2025-04-05 02:00:00,2025-07-14 02:00:00
C03326,Diya Rao,diya.rao3326@example.com,+91-9000003326,SOUTH,CORPORATE,2025-03-30 22:00:00,2025-05-26 22:00:00
C03327,Nikhil Sharma,nikhil.sharma3327@example.com,+91-9000003327,NORTH,STANDARD,2026-04-03 17:00:00,2026-07-14 17:00:00
C03328,Neha Chowdhury,neha.chowdhury3328@example.com,+91-9000003328,NORTH,PREMIUM,2026-08-29 08:00:00,2026-09-08 08:00:00
C03329,Kavya Nair,kavya.nair3329@example.com,+91-9000003329,WEST,STANDARD,2025-01-16 11:00:00,2025-05-06 11:00:00
C03330,Meera Iyer,meera.iyer3330@example.com,+91-9000003330,WEST,STANDARD,2025-07-27 09:00:00,2025-10-31 09:00:00
C03331,Aisha Mehta,aisha.mehta3331@example.com,+91-9000003331,NORTH,PREMIUM,2026-08-05 18:00:00,2026-09-14 18:00:00
C03332,Ishita Nair,ishita.nair3332@example.com,+91-9000003332,WEST,STANDARD,2026-04-16 00:00:00,2026-09-01 00:00:00
C03333,Meera Iyer,meera.iyer3333@example.com,+91-9000003333,NORTH,STANDARD,2026-07-23 16:00:00,2026-11-20 16:00:00
C03334,Kavya Das,kavya.das3334@example.com,+91-9000003334,SOUTH,PREMIUM,2026-05-12 19:00:00,2026-05-19 19:00:00
C03335,Diya Joshi,diya.joshi3335@example.com,+91-9000003335,SOUTH,PREMIUM,2026-08-29 13:00:00,2026-12-23 13:00:00
C03336,Aditya Nair,aditya.nair3336@example.com,+91-9000003336,SOUTH,CORPORATE,2026-04-11 12:00:00,2026-09-10 12:00:00
C03337,Kiran Patel,kiran.patel3337@example.com,+91-9000003337,SOUTH,PREMIUM,2025-01-23 02:00:00,2025-07-21 02:00:00
C03338,Diya Gupta,diya.gupta3338@example.com,+91-9000003338,WEST,STANDARD,2026-06-19 18:00:00,2026-09-24 18:00:00
C03339,Aarav Rao,aarav.rao3339@example.com,+91-9000003339,SOUTH,CORPORATE,2025-03-22 17:00:00,2025-06-24 17:00:00
C03340,Sai Reddy,sai.reddy3340@example.com,+91-9000003340,NORTH,CORPORATE,2026-04-18 11:00:00,2026-07-07 11:00:00
C03341,Arjun Gupta,arjun.gupta3341@example.com,+91-9000003341,WEST,CORPORATE,2026-05-14 14:00:00,2026-06-06 14:00:00
C03342,Sai Gupta,sai.gupta3342@example.com,+91-9000003342,NORTH,STANDARD,2025-10-31 12:00:00,2025-11-19 12:00:00
C03343,Arjun Iyer,arjun.iyer3343@example.com,+91-9000003343,WEST,STANDARD,2026-07-19 04:00:00,2026-12-21 04:00:00
C03344,Pooja Singh,pooja.singh3344@example.com,+91-9000003344,WEST,STANDARD,2025-05-22 13:00:00,2025-07-02 13:00:00
C03345,Sai Nair,sai.nair3345@example.com,+91-9000003345,WEST,CORPORATE,2026-05-04 10:00:00,2026-05-23 10:00:00
C03346,Priya Sharma,priya.sharma3346@example.com,+91-9000003346,NORTH,PREMIUM,2025-09-28 23:00:00,2025-10-31 23:00:00
C03347,Arjun Chowdhury,arjun.chowdhury3347@example.com,+91-9000003347,WEST,PREMIUM,2026-07-21 11:00:00,2026-11-22 11:00:00
C03348,Vivaan Verma,vivaan.verma3348@example.com,+91-9000003348,SOUTH,STANDARD,2026-03-22 16:00:00,2026-08-16 16:00:00
C03349,Sai Patel,sai.patel3349@example.com,+91-9000003349,SOUTH,CORPORATE,2026-01-11 15:00:00,2026-06-07 15:00:00
C03350,Aarav Mehta,aarav.mehta3350@example.com,+91-9000003350,NORTH,STANDARD,2025-02-20 02:00:00,2025-08-19 02:00:00
C03351,Ananya Singh,ananya.singh3351@example.com,+91-9000003351,EAST,STANDARD,2025-10-09 01:00:00,2025-12-02 01:00:00
C03352,Sai Rao,sai.rao3352@example.com,+91-9000003352,WEST,STANDARD,2026-04-27 05:00:00,2026-09-17 05:00:00
C03353,Neha Verma,neha.verma3353@example.com,+91-9000003353,SOUTH,STANDARD,2025-10-14 00:00:00,2026-02-15 00:00:00
C03354,Kavya Das,kavya.das3354@example.com,+91-9000003354,SOUTH,CORPORATE,2026-06-14 05:00:00,2026-08-20 05:00:00
C03355,Priya Kumar,priya.kumar3355@example.com,+91-9000003355,NORTH,STANDARD,2025-04-03 04:00:00,2025-07-11 04:00:00
C03356,Aisha Kapoor,aisha.kapoor3356@example.com,+91-9000003356,EAST,STANDARD,2026-01-18 00:00:00,2026-02-02 00:00:00
C03357,Diya Iyer,diya.iyer3357@example.com,+91-9000003357,SOUTH,CORPORATE,2025-03-02 02:00:00,2025-06-05 02:00:00
C03358,Aarav Nair,aarav.nair3358@example.com,+91-9000003358,SOUTH,CORPORATE,2025-07-02 14:00:00,2025-07-24 14:00:00
C03359,Ananya Patel,ananya.patel3359@example.com,+91-9000003359,SOUTH,CORPORATE,2026-03-14 02:00:00,2026-06-14 02:00:00
C03360,Kiran Chowdhury,kiran.chowdhury3360@example.com,+91-9000003360,NORTH,STANDARD,2026-03-28 01:00:00,2026-05-18 01:00:00
C03361,Vivaan Sharma,vivaan.sharma3361@example.com,+91-9000003361,NORTH,CORPORATE,2026-04-19 02:00:00,2026-07-08 02:00:00
C03362,Aarav Sharma,aarav.sharma3362@example.com,+91-9000003362,SOUTH,CORPORATE,2026-05-11 08:00:00,2026-10-04 08:00:00
C03363,Nikhil Iyer,nikhil.iyer3363@example.com,+91-9000003363,WEST,STANDARD,2025-12-02 22:00:00,2026-05-16 22:00:00
C03364,Sai Joshi,sai.joshi3364@example.com,+91-9000003364,EAST,PREMIUM,2026-08-05 16:00:00,2027-01-03 16:00:00
C03365,Aisha Nair,aisha.nair3365@example.com,+91-9000003365,NORTH,STANDARD,2025-08-07 13:00:00,2026-01-06 13:00:00
C03366,Vikram Rao,vikram.rao3366@example.com,+91-9000003366,NORTH,CORPORATE,2026-04-29 03:00:00,2026-05-21 03:00:00
C03367,Neha Joshi,neha.joshi3367@example.com,+91-9000003367,EAST,STANDARD,2026-06-12 04:00:00,2026-08-30 04:00:00
C03368,Aisha Reddy,aisha.reddy3368@example.com,+91-9000003368,SOUTH,STANDARD,2025-08-07 23:00:00,2025-10-12 23:00:00
C03369,Ananya Sharma,ananya.sharma3369@example.com,+91-9000003369,WEST,CORPORATE,2025-06-07 11:00:00,2025-11-10 11:00:00
C03370,Ishita Kumar,ishita.kumar3370@example.com,+91-9000003370,EAST,PREMIUM,2025-07-07 02:00:00,2025-08-30 02:00:00
C03371,Diya Gupta,diya.gupta3371@example.com,+91-9000003371,WEST,PREMIUM,2025-09-20 16:00:00,2025-10-28 16:00:00
C03372,Meera Iyer,meera.iyer3372@example.com,+91-9000003372,WEST,CORPORATE,2025-03-03 12:00:00,2025-06-22 12:00:00
C03373,Vivaan Mehta,vivaan.mehta3373@example.com,+91-9000003373,WEST,CORPORATE,2026-03-16 14:00:00,2026-08-03 14:00:00
C03374,Kiran Mehta,kiran.mehta3374@example.com,+91-9000003374,WEST,CORPORATE,2025-09-15 09:00:00,2025-11-03 09:00:00
C03375,Aisha Rao,aisha.rao3375@example.com,+91-9000003375,WEST,PREMIUM,2025-07-01 10:00:00,2025-12-09 10:00:00
C03376,Nikhil Singh,nikhil.singh3376@example.com,+91-9000003376,SOUTH,PREMIUM,2025-05-22 17:00:00,2025-08-15 17:00:00
C03377,Vivaan Gupta,vivaan.gupta3377@example.com,+91-9000003377,SOUTH,PREMIUM,2026-03-31 08:00:00,2026-07-01 08:00:00
C03378,Priya Nair,priya.nair3378@example.com,+91-9000003378,SOUTH,PREMIUM,2025-12-10 11:00:00,2026-03-21 11:00:00
C03379,Rahul Kumar,rahul.kumar3379@example.com,+91-9000003379,SOUTH,CORPORATE,2026-08-02 05:00:00,2026-08-10 05:00:00
C03380,Aisha Kapoor,aisha.kapoor3380@example.com,+91-9000003380,SOUTH,STANDARD,2025-12-08 10:00:00,2026-04-13 10:00:00
C03381,Nikhil Mehta,nikhil.mehta3381@example.com,+91-9000003381,NORTH,STANDARD,2025-01-29 21:00:00,2025-03-29 21:00:00
C03382,Arjun Reddy,arjun.reddy3382@example.com,+91-9000003382,WEST,PREMIUM,2025-04-13 14:00:00,2025-05-07 14:00:00
C03383,Neha Das,neha.das3383@example.com,+91-9000003383,NORTH,PREMIUM,2025-01-20 04:00:00,2025-07-19 04:00:00
C03384,Priya Das,priya.das3384@example.com,+91-9000003384,SOUTH,STANDARD,2026-02-03 01:00:00,2026-07-15 01:00:00
C03385,Aarav Singh,aarav.singh3385@example.com,+91-9000003385,NORTH,PREMIUM,2026-01-15 07:00:00,2026-07-12 07:00:00
C03386,Aditya Das,aditya.das3386@example.com,+91-9000003386,SOUTH,CORPORATE,2025-07-01 00:00:00,2025-08-04 00:00:00
C03387,Rahul Gupta,rahul.gupta3387@example.com,+91-9000003387,NORTH,STANDARD,2025-11-18 18:00:00,2025-11-20 18:00:00
C03388,Rahul Chowdhury,rahul.chowdhury3388@example.com,+91-9000003388,SOUTH,STANDARD,2026-03-04 22:00:00,2026-05-24 22:00:00
C03389,Arjun Verma,arjun.verma3389@example.com,+91-9000003389,SOUTH,PREMIUM,2025-08-08 23:00:00,2026-01-22 23:00:00
C03390,Pooja Rao,pooja.rao3390@example.com,+91-9000003390,NORTH,PREMIUM,2026-03-27 20:00:00,2026-04-04 20:00:00
C03391,Priya Rao,priya.rao3391@example.com,+91-9000003391,SOUTH,PREMIUM,2025-02-14 15:00:00,2025-08-13 15:00:00
C03392,Rohan Chowdhury,rohan.chowdhury3392@example.com,+91-9000003392,NORTH,CORPORATE,2025-05-13 14:00:00,2025-05-25 14:00:00
C03393,Diya Mehta,diya.mehta3393@example.com,+91-9000003393,NORTH,CORPORATE,2026-08-28 21:00:00,2026-09-04 21:00:00
C03394,Kiran Das,kiran.das3394@example.com,+91-9000003394,SOUTH,PREMIUM,2025-03-09 01:00:00,2025-05-21 01:00:00
C03395,Neha Kumar,neha.kumar3395@example.com,+91-9000003395,SOUTH,STANDARD,2025-11-08 23:00:00,2026-05-03 23:00:00
C03396,Pooja Reddy,pooja.reddy3396@example.com,+91-9000003396,NORTH,STANDARD,2025-01-04 08:00:00,2025-01-12 08:00:00
C03397,Rohan Singh,rohan.singh3397@example.com,+91-9000003397,NORTH,CORPORATE,2025-02-16 16:00:00,2025-04-29 16:00:00
C03398,Aditya Reddy,aditya.reddy3398@example.com,+91-9000003398,NORTH,STANDARD,2026-07-10 09:00:00,2026-09-04 09:00:00
C03399,Ananya Kapoor,ananya.kapoor3399@example.com,+91-9000003399,NORTH,PREMIUM,2025-06-28 17:00:00,2025-08-29 17:00:00
C03400,Diya Das,diya.das3400@example.com,+91-9000003400,SOUTH,STANDARD,2026-08-04 10:00:00,2026-11-04 10:00:00
C03401,Ishita Reddy,ishita.reddy3401@example.com,+91-9000003401,NORTH,PREMIUM,2025-02-04 01:00:00,2025-06-29 01:00:00
C03402,Pooja Sharma,pooja.sharma3402@example.com,+91-9000003402,NORTH,PREMIUM,2025-01-20 12:00:00,2025-06-09 12:00:00
C03403,Vivaan Reddy,vivaan.reddy3403@example.com,+91-9000003403,EAST,PREMIUM,2026-07-14 12:00:00,2026-09-19 12:00:00
C03404,Vivaan Joshi,vivaan.joshi3404@example.com,+91-9000003404,WEST,PREMIUM,2025-09-05 15:00:00,2026-03-01 15:00:00
C03405,Sai Mehta,sai.mehta3405@example.com,+91-9000003405,WEST,CORPORATE,2025-08-12 21:00:00,2025-10-24 21:00:00
C03406,Nikhil Nair,nikhil.nair3406@example.com,+91-9000003406,SOUTH,STANDARD,2026-01-19 07:00:00,2026-04-29 07:00:00
C03407,Sneha Gupta,sneha.gupta3407@example.com,+91-9000003407,NORTH,PREMIUM,2026-01-22 05:00:00,2026-01-24 05:00:00
C03408,Rohan Patel,rohan.patel3408@example.com,+91-9000003408,SOUTH,PREMIUM,2025-12-23 00:00:00,2026-02-15 00:00:00
C03409,Ishita Verma,ishita.verma3409@example.com,+91-9000003409,NORTH,STANDARD,2025-09-19 04:00:00,2025-12-01 04:00:00
C03410,Arjun Gupta,arjun.gupta3410@example.com,+91-9000003410,SOUTH,CORPORATE,2026-07-05 08:00:00,2026-07-20 08:00:00
C03411,Rahul Das,rahul.das3411@example.com,+91-9000003411,SOUTH,STANDARD,2026-08-10 22:00:00,2026-10-05 22:00:00
C03412,Nikhil Verma,nikhil.verma3412@example.com,+91-9000003412,SOUTH,CORPORATE,2025-04-08 02:00:00,2025-04-16 02:00:00
C03413,Pooja Sharma,pooja.sharma3413@example.com,+91-9000003413,SOUTH,PREMIUM,2026-03-08 21:00:00,2026-05-09 21:00:00
C03414,Aarav Das,aarav.das3414@example.com,+91-9000003414,NORTH,CORPORATE,2026-07-08 17:00:00,2026-09-10 17:00:00
C03415,Kiran Sharma,kiran.sharma3415@example.com,+91-9000003415,SOUTH,PREMIUM,2025-06-05 03:00:00,2025-09-13 03:00:00
C03416,Priya Kumar,priya.kumar3416@example.com,+91-9000003416,SOUTH,PREMIUM,2025-05-20 19:00:00,2025-11-09 19:00:00
C03417,Ananya Kapoor,ananya.kapoor3417@example.com,+91-9000003417,NORTH,CORPORATE,2026-04-13 10:00:00,2026-08-30 10:00:00
C03418,Priya Verma,priya.verma3418@example.com,+91-9000003418,SOUTH,STANDARD,2026-08-03 05:00:00,2027-01-01 05:00:00
C03419,Pooja Joshi,pooja.joshi3419@example.com,+91-9000003419,SOUTH,PREMIUM,2026-03-10 09:00:00,2026-03-21 09:00:00
C03420,Kiran Chowdhury,kiran.chowdhury3420@example.com,+91-9000003420,SOUTH,STANDARD,2025-09-04 13:00:00,2026-02-28 13:00:00
C03421,Sai Gupta,sai.gupta3421@example.com,+91-9000003421,WEST,STANDARD,2026-01-14 11:00:00,2026-02-02 11:00:00
C03422,Vikram Gupta,vikram.gupta3422@example.com,+91-9000003422,NORTH,STANDARD,2026-04-20 00:00:00,2026-04-20 00:00:00
C03423,Priya Reddy,priya.reddy3423@example.com,+91-9000003423,SOUTH,STANDARD,2025-04-04 11:00:00,2025-08-22 11:00:00
C03424,Aarav Patel,aarav.patel3424@example.com,+91-9000003424,SOUTH,STANDARD,2025-07-13 13:00:00,2025-12-25 13:00:00
C03425,Neha Mehta,neha.mehta3425@example.com,+91-9000003425,NORTH,CORPORATE,2025-06-25 02:00:00,2025-07-26 02:00:00
C03426,Kavya Nair,kavya.nair3426@example.com,+91-9000003426,SOUTH,CORPORATE,2026-05-16 23:00:00,2026-08-17 23:00:00
C03427,Pooja Reddy,pooja.reddy3427@example.com,+91-9000003427,SOUTH,CORPORATE,2026-03-21 03:00:00,2026-07-10 03:00:00
C03428,Rohan Iyer,rohan.iyer3428@example.com,+91-9000003428,WEST,CORPORATE,2026-01-16 10:00:00,2026-02-05 10:00:00
C03429,Pooja Kapoor,pooja.kapoor3429@example.com,+91-9000003429,EAST,CORPORATE,2025-11-17 18:00:00,2026-03-17 18:00:00
C03430,Rahul Mehta,rahul.mehta3430@example.com,+91-9000003430,WEST,CORPORATE,2025-04-07 12:00:00,2025-04-18 12:00:00
C03431,Vivaan Joshi,vivaan.joshi3431@example.com,+91-9000003431,EAST,CORPORATE,2025-12-14 07:00:00,2026-06-11 07:00:00
C03432,Neha Chowdhury,neha.chowdhury3432@example.com,+91-9000003432,WEST,PREMIUM,2025-08-10 02:00:00,2026-01-12 02:00:00
C03433,Sai Iyer,sai.iyer3433@example.com,+91-9000003433,SOUTH,CORPORATE,2026-08-19 15:00:00,2026-10-28 15:00:00
C03434,Ananya Kapoor,ananya.kapoor3434@example.com,+91-9000003434,SOUTH,CORPORATE,2025-11-15 01:00:00,2025-12-20 01:00:00
C03435,Rahul Mehta,rahul.mehta3435@example.com,+91-9000003435,SOUTH,STANDARD,2026-05-04 05:00:00,2026-06-18 05:00:00
C03436,Aisha Kumar,aisha.kumar3436@example.com,+91-9000003436,SOUTH,CORPORATE,2025-10-29 17:00:00,2025-12-26 17:00:00
C03437,Sai Das,sai.das3437@example.com,+91-9000003437,WEST,STANDARD,2025-06-09 01:00:00,2025-08-19 01:00:00
C03438,Vikram Gupta,vikram.gupta3438@example.com,+91-9000003438,WEST,CORPORATE,2025-10-13 20:00:00,2025-11-15 20:00:00
C03439,Kavya Mehta,kavya.mehta3439@example.com,+91-9000003439,NORTH,PREMIUM,2025-04-23 02:00:00,2025-09-17 02:00:00
C03440,Neha Mehta,neha.mehta3440@example.com,+91-9000003440,SOUTH,CORPORATE,2025-07-20 22:00:00,2025-08-21 22:00:00
C03441,Aarav Patel,aarav.patel3441@example.com,+91-9000003441,WEST,STANDARD,2025-02-06 20:00:00,2025-04-17 20:00:00
C03442,Sai Kumar,sai.kumar3442@example.com,+91-9000003442,EAST,PREMIUM,2025-05-15 04:00:00,2025-08-14 04:00:00
C03443,Sai Mehta,sai.mehta3443@example.com,+91-9000003443,NORTH,CORPORATE,2025-04-16 07:00:00,2025-06-04 07:00:00
C03444,Vivaan Kapoor,vivaan.kapoor3444@example.com,+91-9000003444,SOUTH,PREMIUM,2025-05-14 16:00:00,2025-08-07 16:00:00
C03445,Vivaan Singh,vivaan.singh3445@example.com,+91-9000003445,WEST,STANDARD,2025-09-17 12:00:00,2026-03-10 12:00:00
C03446,Vivaan Verma,vivaan.verma3446@example.com,+91-9000003446,EAST,PREMIUM,2026-09-02 07:00:00,2026-12-28 07:00:00
C03447,Diya Singh,diya.singh3447@example.com,+91-9000003447,NORTH,CORPORATE,2026-08-22 03:00:00,2026-10-18 03:00:00
C03448,Sai Joshi,sai.joshi3448@example.com,+91-9000003448,SOUTH,CORPORATE,2025-03-14 21:00:00,2025-04-24 21:00:00
C03449,Neha Reddy,neha.reddy3449@example.com,+91-9000003449,SOUTH,PREMIUM,2026-03-02 21:00:00,2026-05-17 21:00:00
C03450,Ishita Chowdhury,ishita.chowdhury3450@example.com,+91-9000003450,NORTH,CORPORATE,2025-02-11 05:00:00,2025-06-26 05:00:00
C03451,Rohan Reddy,rohan.reddy3451@example.com,+91-9000003451,WEST,CORPORATE,2025-01-30 08:00:00,2025-06-17 08:00:00
C03452,Vikram Reddy,vikram.reddy3452@example.com,+91-9000003452,SOUTH,STANDARD,2026-02-01 12:00:00,2026-06-26 12:00:00
C03453,Aditya Joshi,aditya.joshi3453@example.com,+91-9000003453,NORTH,PREMIUM,2025-07-27 03:00:00,2025-07-30 03:00:00
C03454,Kavya Sharma,kavya.sharma3454@example.com,+91-9000003454,WEST,PREMIUM,2026-01-11 12:00:00,2026-04-27 12:00:00
C03455,Ishita Gupta,ishita.gupta3455@example.com,+91-9000003455,WEST,CORPORATE,2025-02-11 12:00:00,2025-05-22 12:00:00
C03456,Sai Reddy,sai.reddy3456@example.com,+91-9000003456,NORTH,PREMIUM,2026-08-08 16:00:00,2026-11-08 16:00:00
C03457,Vivaan Rao,vivaan.rao3457@example.com,+91-9000003457,WEST,PREMIUM,2026-08-19 09:00:00,2027-02-02 09:00:00
C03458,Vivaan Gupta,vivaan.gupta3458@example.com,+91-9000003458,WEST,CORPORATE,2026-03-18 12:00:00,2026-06-04 12:00:00
C03459,Neha Joshi,neha.joshi3459@example.com,+91-9000003459,WEST,CORPORATE,2025-07-13 22:00:00,2025-10-27 22:00:00
C03460,Diya Sharma,diya.sharma3460@example.com,+91-9000003460,NORTH,PREMIUM,2025-11-06 20:00:00,2025-12-18 20:00:00
C03461,Priya Kumar,priya.kumar3461@example.com,+91-9000003461,NORTH,STANDARD,2025-05-13 05:00:00,2025-09-01 05:00:00
C03462,Arjun Reddy,arjun.reddy3462@example.com,+91-9000003462,WEST,STANDARD,2025-10-30 04:00:00,2026-02-12 04:00:00
C03463,Sai Kapoor,sai.kapoor3463@example.com,+91-9000003463,WEST,CORPORATE,2025-12-18 20:00:00,2026-03-10 20:00:00
C03464,Vikram Das,vikram.das3464@example.com,+91-9000003464,WEST,CORPORATE,2025-06-04 03:00:00,2025-11-13 03:00:00
C03465,Vivaan Iyer,vivaan.iyer3465@example.com,+91-9000003465,NORTH,STANDARD,2026-05-20 19:00:00,2026-10-26 19:00:00
C03466,Meera Patel,meera.patel3466@example.com,+91-9000003466,WEST,CORPORATE,2025-09-03 23:00:00,2025-09-24 23:00:00
C03467,Neha Nair,neha.nair3467@example.com,+91-9000003467,WEST,STANDARD,2026-01-25 08:00:00,2026-06-17 08:00:00
C03468,Ananya Joshi,ananya.joshi3468@example.com,+91-9000003468,WEST,PREMIUM,2025-09-03 04:00:00,2025-10-20 04:00:00
C03469,Diya Das,diya.das3469@example.com,+91-9000003469,WEST,STANDARD,2025-02-28 11:00:00,2025-04-26 11:00:00
C03470,Kiran Rao,kiran.rao3470@example.com,+91-9000003470,WEST,STANDARD,2025-07-27 01:00:00,2025-08-16 01:00:00
C03471,Diya Chowdhury,diya.chowdhury3471@example.com,+91-9000003471,NORTH,STANDARD,2026-06-26 15:00:00,2026-09-29 15:00:00
C03472,Vikram Verma,vikram.verma3472@example.com,+91-9000003472,NORTH,CORPORATE,2026-04-24 23:00:00,2026-09-15 23:00:00
C03473,Vikram Gupta,vikram.gupta3473@example.com,+91-9000003473,NORTH,CORPORATE,2025-12-05 14:00:00,2026-02-11 14:00:00
C03474,Ananya Kumar,ananya.kumar3474@example.com,+91-9000003474,NORTH,PREMIUM,2026-01-05 07:00:00,2026-05-29 07:00:00
C03475,Sneha Chowdhury,sneha.chowdhury3475@example.com,+91-9000003475,NORTH,CORPORATE,2025-10-05 12:00:00,2026-03-06 12:00:00
C03476,Kavya Singh,kavya.singh3476@example.com,+91-9000003476,WEST,PREMIUM,2025-03-07 13:00:00,2025-04-08 13:00:00
C03477,Aditya Patel,aditya.patel3477@example.com,+91-9000003477,NORTH,STANDARD,2025-12-18 09:00:00,2026-05-04 09:00:00
C03478,Aarav Nair,aarav.nair3478@example.com,+91-9000003478,WEST,CORPORATE,2025-12-07 19:00:00,2025-12-29 19:00:00
C03479,Ananya Patel,ananya.patel3479@example.com,+91-9000003479,SOUTH,PREMIUM,2026-02-13 19:00:00,2026-05-19 19:00:00
C03480,Pooja Singh,pooja.singh3480@example.com,+91-9000003480,EAST,STANDARD,2026-02-11 09:00:00,2026-03-11 09:00:00
C03481,Kiran Sharma,kiran.sharma3481@example.com,+91-9000003481,SOUTH,STANDARD,2026-04-10 08:00:00,2026-07-13 08:00:00
C03482,Pooja Reddy,pooja.reddy3482@example.com,+91-9000003482,NORTH,STANDARD,2025-09-30 05:00:00,2025-12-12 05:00:00
C03483,Vivaan Das,vivaan.das3483@example.com,+91-9000003483,WEST,CORPORATE,2025-09-29 20:00:00,2025-11-18 20:00:00
C03484,Kiran Joshi,kiran.joshi3484@example.com,+91-9000003484,SOUTH,PREMIUM,2025-06-11 13:00:00,2025-08-31 13:00:00
C03485,Nikhil Kumar,nikhil.kumar3485@example.com,+91-9000003485,NORTH,PREMIUM,2025-02-27 14:00:00,2025-04-24 14:00:00
C03486,Priya Kumar,priya.kumar3486@example.com,+91-9000003486,SOUTH,STANDARD,2025-04-17 21:00:00,2025-08-31 21:00:00
C03487,Arjun Gupta,arjun.gupta3487@example.com,+91-9000003487,SOUTH,STANDARD,2026-06-28 11:00:00,2026-07-28 11:00:00
C03488,Aditya Verma,aditya.verma3488@example.com,+91-9000003488,SOUTH,CORPORATE,2026-07-17 14:00:00,2026-09-26 14:00:00
C03489,Ananya Patel,ananya.patel3489@example.com,+91-9000003489,WEST,CORPORATE,2025-08-03 11:00:00,2025-09-17 11:00:00
C03490,Meera Kapoor,meera.kapoor3490@example.com,+91-9000003490,WEST,PREMIUM,2026-06-02 14:00:00,2026-11-23 14:00:00
C03491,Sneha Sharma,sneha.sharma3491@example.com,+91-9000003491,WEST,CORPORATE,2025-04-26 15:00:00,2025-06-06 15:00:00
C03492,Aarav Mehta,aarav.mehta3492@example.com,+91-9000003492,NORTH,CORPORATE,2026-06-26 13:00:00,2026-08-02 13:00:00
C03493,Kiran Kapoor,kiran.kapoor3493@example.com,+91-9000003493,EAST,STANDARD,2026-04-01 14:00:00,2026-08-26 14:00:00
C03494,Meera Singh,meera.singh3494@example.com,+91-9000003494,WEST,STANDARD,2025-11-28 13:00:00,2026-03-27 13:00:00
C03495,Aarav Reddy,aarav.reddy3495@example.com,+91-9000003495,SOUTH,CORPORATE,2025-10-13 01:00:00,2026-04-10 01:00:00
C03496,Diya Chowdhury,diya.chowdhury3496@example.com,+91-9000003496,WEST,STANDARD,2025-06-06 14:00:00,2025-06-12 14:00:00
C03497,Diya Verma,diya.verma3497@example.com,+91-9000003497,SOUTH,STANDARD,2026-06-16 21:00:00,2026-06-22 21:00:00
C03498,Sai Gupta,sai.gupta3498@example.com,+91-9000003498,SOUTH,STANDARD,2025-07-02 23:00:00,2025-09-19 23:00:00
C03499,Rahul Verma,rahul.verma3499@example.com,+91-9000003499,WEST,STANDARD,2026-04-20 21:00:00,2026-08-06 21:00:00
C03500,Aarav Nair,aarav.nair3500@example.com,+91-9000003500,NORTH,CORPORATE,2025-11-05 07:00:00,2025-12-06 07:00:00
C03501,Rohan Joshi,rohan.joshi3501@example.com,+91-9000003501,SOUTH,PREMIUM,2026-02-12 16:00:00,2026-03-26 16:00:00
C03502,Vivaan Kumar,vivaan.kumar3502@example.com,+91-9000003502,NORTH,CORPORATE,2025-05-05 06:00:00,2025-08-01 06:00:00
C03503,Diya Mehta,diya.mehta3503@example.com,+91-9000003503,NORTH,STANDARD,2025-06-07 16:00:00,2025-06-13 16:00:00
C03504,Neha Das,neha.das3504@example.com,+91-9000003504,EAST,STANDARD,2025-07-10 18:00:00,2025-10-06 18:00:00
C03505,Sai Mehta,sai.mehta3505@example.com,+91-9000003505,NORTH,CORPORATE,2026-01-18 19:00:00,2026-07-11 19:00:00
C03506,Rohan Kapoor,rohan.kapoor3506@example.com,+91-9000003506,SOUTH,STANDARD,2025-08-29 04:00:00,2026-02-08 04:00:00
C03507,Priya Kumar,priya.kumar3507@example.com,+91-9000003507,NORTH,CORPORATE,2025-07-14 16:00:00,2025-08-27 16:00:00
C03508,Aarav Rao,aarav.rao3508@example.com,+91-9000003508,WEST,PREMIUM,2026-01-08 15:00:00,2026-03-06 15:00:00
C03509,Sai Kumar,sai.kumar3509@example.com,+91-9000003509,SOUTH,CORPORATE,2026-03-10 13:00:00,2026-06-07 13:00:00
C03510,Vivaan Gupta,vivaan.gupta3510@example.com,+91-9000003510,SOUTH,CORPORATE,2026-02-11 02:00:00,2026-06-08 02:00:00
C03511,Vivaan Iyer,vivaan.iyer3511@example.com,+91-9000003511,NORTH,PREMIUM,2025-07-11 12:00:00,2025-08-10 12:00:00
C03512,Kavya Joshi,kavya.joshi3512@example.com,+91-9000003512,NORTH,STANDARD,2025-06-12 06:00:00,2025-07-07 06:00:00
C03513,Aarav Gupta,aarav.gupta3513@example.com,+91-9000003513,NORTH,STANDARD,2025-05-08 04:00:00,2025-08-06 04:00:00
C03514,Aisha Kumar,aisha.kumar3514@example.com,+91-9000003514,WEST,CORPORATE,2026-07-26 21:00:00,2026-09-10 21:00:00
C03515,Aditya Chowdhury,aditya.chowdhury3515@example.com,+91-9000003515,NORTH,CORPORATE,2026-05-20 21:00:00,2026-07-26 21:00:00
C03516,Aisha Chowdhury,aisha.chowdhury3516@example.com,+91-9000003516,EAST,STANDARD,2025-09-22 12:00:00,2025-12-14 12:00:00
C03517,Priya Joshi,priya.joshi3517@example.com,+91-9000003517,SOUTH,STANDARD,2025-09-26 04:00:00,2025-11-20 04:00:00
C03518,Sai Patel,sai.patel3518@example.com,+91-9000003518,WEST,STANDARD,2025-06-15 22:00:00,2025-11-24 22:00:00
C03519,Arjun Joshi,arjun.joshi3519@example.com,+91-9000003519,SOUTH,PREMIUM,2025-10-27 08:00:00,2026-03-19 08:00:00
C03520,Pooja Patel,pooja.patel3520@example.com,+91-9000003520,NORTH,PREMIUM,2025-07-08 05:00:00,2025-07-22 05:00:00
C03521,Ishita Patel,ishita.patel3521@example.com,+91-9000003521,NORTH,CORPORATE,2025-12-12 06:00:00,2025-12-24 06:00:00
C03522,Ishita Kumar,ishita.kumar3522@example.com,+91-9000003522,SOUTH,CORPORATE,2026-05-06 07:00:00,2026-06-04 07:00:00
C03523,Aisha Sharma,aisha.sharma3523@example.com,+91-9000003523,EAST,PREMIUM,2025-10-06 12:00:00,2025-11-01 12:00:00
C03524,Kiran Sharma,kiran.sharma3524@example.com,+91-9000003524,NORTH,STANDARD,2026-05-13 21:00:00,2026-10-03 21:00:00
C03525,Nikhil Joshi,nikhil.joshi3525@example.com,+91-9000003525,WEST,PREMIUM,2025-05-05 20:00:00,2025-06-12 20:00:00
C03526,Aarav Kapoor,aarav.kapoor3526@example.com,+91-9000003526,NORTH,STANDARD,2025-03-15 07:00:00,2025-06-25 07:00:00
C03527,Vivaan Iyer,vivaan.iyer3527@example.com,+91-9000003527,NORTH,STANDARD,2025-10-21 21:00:00,2026-03-16 21:00:00
C03528,Sneha Das,sneha.das3528@example.com,+91-9000003528,SOUTH,PREMIUM,2026-01-10 12:00:00,2026-03-21 12:00:00
C03529,Sneha Sharma,sneha.sharma3529@example.com,+91-9000003529,WEST,CORPORATE,2026-01-06 10:00:00,2026-01-24 10:00:00
C03530,Rahul Kapoor,rahul.kapoor3530@example.com,+91-9000003530,SOUTH,PREMIUM,2025-03-10 11:00:00,2025-05-17 11:00:00
C03531,Aditya Reddy,aditya.reddy3531@example.com,+91-9000003531,NORTH,PREMIUM,2026-08-03 21:00:00,2026-11-20 21:00:00
C03532,Vikram Sharma,vikram.sharma3532@example.com,+91-9000003532,SOUTH,CORPORATE,2026-08-07 21:00:00,2026-11-11 21:00:00
C03533,Pooja Kumar,pooja.kumar3533@example.com,+91-9000003533,EAST,CORPORATE,2026-08-29 10:00:00,2027-01-03 10:00:00
C03534,Diya Joshi,diya.joshi3534@example.com,+91-9000003534,EAST,STANDARD,2025-07-09 01:00:00,2025-08-13 01:00:00
C03535,Aarav Rao,aarav.rao3535@example.com,+91-9000003535,SOUTH,CORPORATE,2025-06-22 13:00:00,2025-06-25 13:00:00
C03536,Aditya Nair,aditya.nair3536@example.com,+91-9000003536,SOUTH,CORPORATE,2026-05-24 03:00:00,2026-11-09 03:00:00
C03537,Aditya Patel,aditya.patel3537@example.com,+91-9000003537,WEST,CORPORATE,2025-11-11 02:00:00,2026-01-12 02:00:00
C03538,Meera Kapoor,meera.kapoor3538@example.com,+91-9000003538,WEST,CORPORATE,2026-02-18 14:00:00,2026-08-02 14:00:00
C03539,Priya Singh,priya.singh3539@example.com,+91-9000003539,WEST,PREMIUM,2025-02-07 18:00:00,2025-04-03 18:00:00
C03540,Aditya Patel,aditya.patel3540@example.com,+91-9000003540,EAST,STANDARD,2026-03-13 15:00:00,2026-04-02 15:00:00
C03541,Neha Joshi,neha.joshi3541@example.com,+91-9000003541,EAST,CORPORATE,2025-07-09 04:00:00,2025-10-16 04:00:00
C03542,Aarav Gupta,aarav.gupta3542@example.com,+91-9000003542,NORTH,CORPORATE,2025-12-14 22:00:00,2026-04-29 22:00:00
C03543,Neha Gupta,neha.gupta3543@example.com,+91-9000003543,NORTH,STANDARD,2026-07-12 13:00:00,2026-12-22 13:00:00
C03544,Rohan Das,rohan.das3544@example.com,+91-9000003544,WEST,STANDARD,2026-08-09 22:00:00,2026-09-07 22:00:00
C03545,Neha Reddy,neha.reddy3545@example.com,+91-9000003545,WEST,STANDARD,2026-01-27 10:00:00,2026-02-03 10:00:00
C03546,Kavya Das,kavya.das3546@example.com,+91-9000003546,NORTH,STANDARD,2026-08-16 20:00:00,2026-10-14 20:00:00
C03547,Arjun Patel,arjun.patel3547@example.com,+91-9000003547,SOUTH,CORPORATE,2025-02-16 05:00:00,2025-03-05 05:00:00
C03548,Diya Chowdhury,diya.chowdhury3548@example.com,+91-9000003548,EAST,PREMIUM,2025-01-25 11:00:00,2025-04-04 11:00:00
C03549,Nikhil Nair,nikhil.nair3549@example.com,+91-9000003549,EAST,STANDARD,2026-04-13 09:00:00,2026-04-25 09:00:00
C03550,Aarav Patel,aarav.patel3550@example.com,+91-9000003550,EAST,PREMIUM,2026-03-07 17:00:00,2026-05-24 17:00:00
C03551,Nikhil Iyer,nikhil.iyer3551@example.com,+91-9000003551,NORTH,PREMIUM,2026-03-22 15:00:00,2026-08-15 15:00:00
C03552,Priya Nair,priya.nair3552@example.com,+91-9000003552,SOUTH,PREMIUM,2026-04-06 09:00:00,2026-05-27 09:00:00
C03553,Ishita Kapoor,ishita.kapoor3553@example.com,+91-9000003553,SOUTH,PREMIUM,2025-12-22 13:00:00,2026-03-16 13:00:00
C03554,Vivaan Sharma,vivaan.sharma3554@example.com,+91-9000003554,NORTH,PREMIUM,2026-02-21 07:00:00,2026-08-18 07:00:00
C03555,Kiran Gupta,kiran.gupta3555@example.com,+91-9000003555,NORTH,CORPORATE,2025-07-23 01:00:00,2025-10-29 01:00:00
C03556,Vikram Nair,vikram.nair3556@example.com,+91-9000003556,SOUTH,PREMIUM,2026-03-13 19:00:00,2026-07-03 19:00:00
C03557,Aditya Reddy,aditya.reddy3557@example.com,+91-9000003557,NORTH,STANDARD,2026-08-03 20:00:00,2026-12-26 20:00:00
C03558,Ishita Kumar,ishita.kumar3558@example.com,+91-9000003558,SOUTH,CORPORATE,2025-11-25 06:00:00,2026-02-27 06:00:00
C03559,Pooja Gupta,pooja.gupta3559@example.com,+91-9000003559,NORTH,PREMIUM,2025-01-09 05:00:00,2025-02-06 05:00:00
C03560,Rahul Iyer,rahul.iyer3560@example.com,+91-9000003560,NORTH,CORPORATE,2025-06-14 14:00:00,2025-08-05 14:00:00
C03561,Meera Rao,meera.rao3561@example.com,+91-9000003561,NORTH,CORPORATE,2025-08-29 02:00:00,2025-11-11 02:00:00
C03562,Kavya Nair,kavya.nair3562@example.com,+91-9000003562,NORTH,CORPORATE,2026-07-28 18:00:00,2026-11-05 18:00:00
C03563,Diya Kapoor,diya.kapoor3563@example.com,+91-9000003563,NORTH,STANDARD,2025-10-16 13:00:00,2025-12-31 13:00:00
C03564,Ananya Joshi,ananya.joshi3564@example.com,+91-9000003564,WEST,PREMIUM,2025-09-26 09:00:00,2025-11-30 09:00:00
C03565,Aditya Joshi,aditya.joshi3565@example.com,+91-9000003565,SOUTH,PREMIUM,2025-11-09 19:00:00,2026-04-03 19:00:00
C03566,Neha Nair,neha.nair3566@example.com,+91-9000003566,WEST,CORPORATE,2025-09-08 19:00:00,2025-11-13 19:00:00
C03567,Vikram Nair,vikram.nair3567@example.com,+91-9000003567,WEST,CORPORATE,2026-04-07 09:00:00,2026-06-15 09:00:00
C03568,Meera Rao,meera.rao3568@example.com,+91-9000003568,WEST,STANDARD,2025-01-18 16:00:00,2025-02-24 16:00:00
C03569,Kiran Sharma,kiran.sharma3569@example.com,+91-9000003569,WEST,PREMIUM,2026-08-31 10:00:00,2026-10-02 10:00:00
C03570,Neha Mehta,neha.mehta3570@example.com,+91-9000003570,WEST,CORPORATE,2026-05-04 23:00:00,2026-10-22 23:00:00
C03571,Aisha Das,aisha.das3571@example.com,+91-9000003571,WEST,STANDARD,2026-06-19 18:00:00,2026-08-21 18:00:00
C03572,Rahul Reddy,rahul.reddy3572@example.com,+91-9000003572,EAST,STANDARD,2025-01-09 18:00:00,2025-01-24 18:00:00
C03573,Rahul Reddy,rahul.reddy3573@example.com,+91-9000003573,EAST,PREMIUM,2026-05-06 01:00:00,2026-07-22 01:00:00
C03574,Kavya Verma,kavya.verma3574@example.com,+91-9000003574,NORTH,PREMIUM,2025-07-17 09:00:00,2025-10-11 09:00:00
C03575,Sneha Joshi,sneha.joshi3575@example.com,+91-9000003575,SOUTH,STANDARD,2026-08-23 04:00:00,2026-10-24 04:00:00
C03576,Aarav Sharma,aarav.sharma3576@example.com,+91-9000003576,NORTH,PREMIUM,2025-11-06 08:00:00,2026-01-22 08:00:00
C03577,Ishita Kapoor,ishita.kapoor3577@example.com,+91-9000003577,NORTH,STANDARD,2025-03-07 04:00:00,2025-07-30 04:00:00
C03578,Vivaan Chowdhury,vivaan.chowdhury3578@example.com,+91-9000003578,NORTH,STANDARD,2025-01-29 04:00:00,2025-03-04 04:00:00
C03579,Arjun Kumar,arjun.kumar3579@example.com,+91-9000003579,NORTH,PREMIUM,2026-04-18 10:00:00,2026-08-31 10:00:00
C03580,Neha Singh,neha.singh3580@example.com,+91-9000003580,NORTH,PREMIUM,2025-07-14 10:00:00,2025-12-21 10:00:00
C03581,Sneha Sharma,sneha.sharma3581@example.com,+91-9000003581,SOUTH,CORPORATE,2026-07-23 13:00:00,2026-12-26 13:00:00
C03582,Rohan Reddy,rohan.reddy3582@example.com,+91-9000003582,NORTH,CORPORATE,2025-09-25 22:00:00,2025-12-10 22:00:00
C03583,Rohan Rao,rohan.rao3583@example.com,+91-9000003583,NORTH,STANDARD,2025-12-02 12:00:00,2025-12-23 12:00:00
C03584,Aditya Kumar,aditya.kumar3584@example.com,+91-9000003584,NORTH,STANDARD,2026-07-10 17:00:00,2026-08-31 17:00:00
C03585,Nikhil Kapoor,nikhil.kapoor3585@example.com,+91-9000003585,NORTH,STANDARD,2025-07-07 06:00:00,2025-12-25 06:00:00
C03586,Sai Sharma,sai.sharma3586@example.com,+91-9000003586,WEST,PREMIUM,2025-09-12 06:00:00,2025-11-25 06:00:00
C03587,Rahul Rao,rahul.rao3587@example.com,+91-9000003587,SOUTH,STANDARD,2026-02-21 06:00:00,2026-05-09 06:00:00
C03588,Kiran Das,kiran.das3588@example.com,+91-9000003588,NORTH,PREMIUM,2026-04-07 22:00:00,2026-08-14 22:00:00
C03589,Ishita Joshi,ishita.joshi3589@example.com,+91-9000003589,SOUTH,CORPORATE,2026-07-08 00:00:00,2026-12-21 00:00:00
C03590,Ananya Mehta,ananya.mehta3590@example.com,+91-9000003590,WEST,PREMIUM,2025-05-25 18:00:00,2025-10-21 18:00:00
C03591,Vivaan Patel,vivaan.patel3591@example.com,+91-9000003591,EAST,PREMIUM,2025-04-02 20:00:00,2025-06-14 20:00:00
C03592,Aditya Gupta,aditya.gupta3592@example.com,+91-9000003592,SOUTH,PREMIUM,2025-09-27 06:00:00,2025-11-19 06:00:00
C03593,Ananya Sharma,ananya.sharma3593@example.com,+91-9000003593,WEST,PREMIUM,2025-06-08 07:00:00,2025-06-20 07:00:00
C03594,Rahul Patel,rahul.patel3594@example.com,+91-9000003594,WEST,PREMIUM,2026-07-27 19:00:00,2026-11-04 19:00:00
C03595,Ananya Patel,ananya.patel3595@example.com,+91-9000003595,SOUTH,STANDARD,2026-04-05 10:00:00,2026-05-26 10:00:00
C03596,Sai Iyer,sai.iyer3596@example.com,+91-9000003596,WEST,STANDARD,2025-06-06 19:00:00,2025-07-10 19:00:00
C03597,Aarav Patel,aarav.patel3597@example.com,+91-9000003597,NORTH,STANDARD,2025-12-05 12:00:00,2026-01-29 12:00:00
C03598,Rohan Kapoor,rohan.kapoor3598@example.com,+91-9000003598,SOUTH,STANDARD,2025-01-11 07:00:00,2025-03-02 07:00:00
C03599,Vikram Singh,vikram.singh3599@example.com,+91-9000003599,SOUTH,CORPORATE,2026-04-25 14:00:00,2026-10-19 14:00:00
C03600,Arjun Das,arjun.das3600@example.com,+91-9000003600,NORTH,STANDARD,2026-03-15 14:00:00,2026-07-05 14:00:00
C03601,Meera Patel,meera.patel3601@example.com,+91-9000003601,NORTH,PREMIUM,2026-05-05 19:00:00,2026-07-24 19:00:00
C03602,Kiran Kapoor,kiran.kapoor3602@example.com,+91-9000003602,WEST,CORPORATE,2025-02-28 05:00:00,2025-06-02 05:00:00
C03603,Rohan Sharma,rohan.sharma3603@example.com,+91-9000003603,WEST,CORPORATE,2025-03-22 05:00:00,2025-08-17 05:00:00
C03604,Aisha Joshi,aisha.joshi3604@example.com,+91-9000003604,SOUTH,STANDARD,2025-09-22 15:00:00,2025-09-29 15:00:00
C03605,Rohan Rao,rohan.rao3605@example.com,+91-9000003605,SOUTH,CORPORATE,2025-05-15 01:00:00,2025-07-29 01:00:00
C03606,Priya Reddy,priya.reddy3606@example.com,+91-9000003606,SOUTH,STANDARD,2026-08-19 23:00:00,2026-12-13 23:00:00
C03607,Rahul Patel,rahul.patel3607@example.com,+91-9000003607,SOUTH,PREMIUM,2025-05-16 09:00:00,2025-05-30 09:00:00
C03608,Priya Chowdhury,priya.chowdhury3608@example.com,+91-9000003608,WEST,PREMIUM,2026-02-28 08:00:00,2026-03-26 08:00:00
C03609,Sneha Das,sneha.das3609@example.com,+91-9000003609,WEST,PREMIUM,2026-05-23 10:00:00,2026-06-19 10:00:00
C03610,Neha Joshi,neha.joshi3610@example.com,+91-9000003610,WEST,STANDARD,2026-09-08 05:00:00,2026-12-15 05:00:00
C03611,Diya Das,diya.das3611@example.com,+91-9000003611,WEST,PREMIUM,2026-07-09 07:00:00,2026-08-17 07:00:00
C03612,Sneha Das,sneha.das3612@example.com,+91-9000003612,WEST,STANDARD,2025-06-01 10:00:00,2025-07-17 10:00:00
C03613,Sai Verma,sai.verma3613@example.com,+91-9000003613,NORTH,CORPORATE,2026-09-06 01:00:00,2026-12-02 01:00:00
C03614,Ishita Singh,ishita.singh3614@example.com,+91-9000003614,WEST,CORPORATE,2026-07-01 09:00:00,2026-08-07 09:00:00
C03615,Kiran Gupta,kiran.gupta3615@example.com,+91-9000003615,WEST,PREMIUM,2025-09-13 20:00:00,2026-02-06 20:00:00
C03616,Aditya Joshi,aditya.joshi3616@example.com,+91-9000003616,SOUTH,STANDARD,2025-07-10 03:00:00,2025-08-01 03:00:00
C03617,Vivaan Reddy,vivaan.reddy3617@example.com,+91-9000003617,WEST,STANDARD,2026-06-28 14:00:00,2026-08-27 14:00:00
C03618,Diya Mehta,diya.mehta3618@example.com,+91-9000003618,NORTH,STANDARD,2026-07-21 13:00:00,2027-01-08 13:00:00
C03619,Aditya Gupta,aditya.gupta3619@example.com,+91-9000003619,WEST,CORPORATE,2025-02-20 15:00:00,2025-03-01 15:00:00
C03620,Kiran Nair,kiran.nair3620@example.com,+91-9000003620,SOUTH,CORPORATE,2025-06-04 11:00:00,2025-11-09 11:00:00
C03621,Neha Rao,neha.rao3621@example.com,+91-9000003621,NORTH,PREMIUM,2025-12-30 05:00:00,2026-01-27 05:00:00
C03622,Sneha Reddy,sneha.reddy3622@example.com,+91-9000003622,SOUTH,PREMIUM,2025-06-26 05:00:00,2025-10-03 05:00:00
C03623,Vikram Kumar,vikram.kumar3623@example.com,+91-9000003623,EAST,STANDARD,2025-08-14 17:00:00,2025-09-24 17:00:00
C03624,Aarav Verma,aarav.verma3624@example.com,+91-9000003624,SOUTH,STANDARD,2025-10-24 04:00:00,2026-01-28 04:00:00
C03625,Rahul Singh,rahul.singh3625@example.com,+91-9000003625,WEST,CORPORATE,2025-11-25 21:00:00,2026-05-09 21:00:00
C03626,Ishita Chowdhury,ishita.chowdhury3626@example.com,+91-9000003626,SOUTH,CORPORATE,2025-07-16 06:00:00,2025-12-01 06:00:00
C03627,Rohan Kumar,rohan.kumar3627@example.com,+91-9000003627,WEST,PREMIUM,2025-10-24 09:00:00,2025-10-28 09:00:00
C03628,Nikhil Iyer,nikhil.iyer3628@example.com,+91-9000003628,WEST,CORPORATE,2026-06-16 15:00:00,2026-11-11 15:00:00
C03629,Ananya Sharma,ananya.sharma3629@example.com,+91-9000003629,SOUTH,STANDARD,2025-10-05 14:00:00,2025-10-07 14:00:00
C03630,Diya Nair,diya.nair3630@example.com,+91-9000003630,NORTH,STANDARD,2026-01-22 16:00:00,2026-06-27 16:00:00
C03631,Ananya Kumar,ananya.kumar3631@example.com,+91-9000003631,WEST,CORPORATE,2026-04-04 15:00:00,2026-09-30 15:00:00
C03632,Rahul Singh,rahul.singh3632@example.com,+91-9000003632,WEST,STANDARD,2026-03-14 20:00:00,2026-08-14 20:00:00
C03633,Ananya Singh,ananya.singh3633@example.com,+91-9000003633,SOUTH,PREMIUM,2025-08-27 08:00:00,2026-01-01 08:00:00
C03634,Sneha Verma,sneha.verma3634@example.com,+91-9000003634,NORTH,CORPORATE,2025-06-24 05:00:00,2025-08-02 05:00:00
C03635,Aarav Singh,aarav.singh3635@example.com,+91-9000003635,NORTH,CORPORATE,2025-03-24 12:00:00,2025-04-14 12:00:00
C03636,Sai Joshi,sai.joshi3636@example.com,+91-9000003636,SOUTH,CORPORATE,2026-09-12 04:00:00,2026-12-15 04:00:00
C03637,Pooja Mehta,pooja.mehta3637@example.com,+91-9000003637,NORTH,PREMIUM,2025-06-11 04:00:00,2025-07-10 04:00:00
C03638,Aditya Verma,aditya.verma3638@example.com,+91-9000003638,SOUTH,STANDARD,2026-02-25 06:00:00,2026-07-26 06:00:00
C03639,Ananya Verma,ananya.verma3639@example.com,+91-9000003639,WEST,PREMIUM,2026-08-19 12:00:00,2026-10-20 12:00:00
C03640,Priya Das,priya.das3640@example.com,+91-9000003640,NORTH,STANDARD,2025-06-07 20:00:00,2025-11-13 20:00:00
C03641,Nikhil Das,nikhil.das3641@example.com,+91-9000003641,NORTH,PREMIUM,2025-07-04 01:00:00,2025-07-23 01:00:00
C03642,Ananya Das,ananya.das3642@example.com,+91-9000003642,WEST,STANDARD,2025-09-23 19:00:00,2026-03-07 19:00:00
C03643,Aisha Verma,aisha.verma3643@example.com,+91-9000003643,WEST,CORPORATE,2025-04-10 06:00:00,2025-05-07 06:00:00
C03644,Kiran Das,kiran.das3644@example.com,+91-9000003644,SOUTH,PREMIUM,2026-07-06 01:00:00,2026-11-29 01:00:00
C03645,Aisha Chowdhury,aisha.chowdhury3645@example.com,+91-9000003645,SOUTH,STANDARD,2025-08-18 22:00:00,2026-01-29 22:00:00
C03646,Aditya Patel,aditya.patel3646@example.com,+91-9000003646,SOUTH,STANDARD,2025-06-05 03:00:00,2025-09-08 03:00:00
C03647,Nikhil Iyer,nikhil.iyer3647@example.com,+91-9000003647,NORTH,CORPORATE,2025-04-26 22:00:00,2025-06-04 22:00:00
C03648,Meera Iyer,meera.iyer3648@example.com,+91-9000003648,EAST,PREMIUM,2026-03-04 17:00:00,2026-05-19 17:00:00
C03649,Aarav Reddy,aarav.reddy3649@example.com,+91-9000003649,WEST,PREMIUM,2026-08-20 03:00:00,2026-10-26 03:00:00
C03650,Aisha Iyer,aisha.iyer3650@example.com,+91-9000003650,WEST,PREMIUM,2025-03-01 12:00:00,2025-04-04 12:00:00
C03651,Aarav Sharma,aarav.sharma3651@example.com,+91-9000003651,NORTH,CORPORATE,2026-02-02 05:00:00,2026-06-09 05:00:00
C03652,Priya Das,priya.das3652@example.com,+91-9000003652,WEST,PREMIUM,2026-06-22 15:00:00,2026-11-02 15:00:00
C03653,Ananya Joshi,ananya.joshi3653@example.com,+91-9000003653,NORTH,PREMIUM,2026-02-02 20:00:00,2026-05-15 20:00:00
C03654,Nikhil Joshi,nikhil.joshi3654@example.com,+91-9000003654,NORTH,CORPORATE,2025-05-02 19:00:00,2025-06-04 19:00:00
C03655,Rohan Rao,rohan.rao3655@example.com,+91-9000003655,NORTH,STANDARD,2025-07-04 03:00:00,2025-10-23 03:00:00
C03656,Sai Patel,sai.patel3656@example.com,+91-9000003656,SOUTH,STANDARD,2025-03-18 06:00:00,2025-06-04 06:00:00
C03657,Aditya Sharma,aditya.sharma3657@example.com,+91-9000003657,NORTH,PREMIUM,2025-10-19 05:00:00,2026-03-04 05:00:00
C03658,Rohan Joshi,rohan.joshi3658@example.com,+91-9000003658,EAST,CORPORATE,2025-04-26 09:00:00,2025-09-18 09:00:00
C03659,Arjun Reddy,arjun.reddy3659@example.com,+91-9000003659,EAST,STANDARD,2026-04-28 19:00:00,2026-08-10 19:00:00
C03660,Pooja Nair,pooja.nair3660@example.com,+91-9000003660,WEST,CORPORATE,2026-09-01 19:00:00,2027-02-24 19:00:00
C03661,Kavya Reddy,kavya.reddy3661@example.com,+91-9000003661,WEST,STANDARD,2025-06-14 16:00:00,2025-11-01 16:00:00
C03662,Aarav Sharma,aarav.sharma3662@example.com,+91-9000003662,NORTH,PREMIUM,2025-08-13 13:00:00,2025-08-18 13:00:00
C03663,Rahul Mehta,rahul.mehta3663@example.com,+91-9000003663,SOUTH,PREMIUM,2025-01-03 01:00:00,2025-02-22 01:00:00
C03664,Rahul Iyer,rahul.iyer3664@example.com,+91-9000003664,WEST,PREMIUM,2025-12-11 06:00:00,2026-01-28 06:00:00
C03665,Arjun Sharma,arjun.sharma3665@example.com,+91-9000003665,SOUTH,PREMIUM,2025-11-26 20:00:00,2026-01-10 20:00:00
C03666,Vikram Kumar,vikram.kumar3666@example.com,+91-9000003666,WEST,CORPORATE,2026-06-27 07:00:00,2026-06-27 07:00:00
C03667,Diya Iyer,diya.iyer3667@example.com,+91-9000003667,NORTH,STANDARD,2025-06-15 13:00:00,2025-11-30 13:00:00
C03668,Pooja Joshi,pooja.joshi3668@example.com,+91-9000003668,EAST,PREMIUM,2025-03-05 01:00:00,2025-07-19 01:00:00
C03669,Meera Patel,meera.patel3669@example.com,+91-9000003669,WEST,STANDARD,2026-04-14 13:00:00,2026-05-29 13:00:00
C03670,Aisha Kapoor,aisha.kapoor3670@example.com,+91-9000003670,NORTH,PREMIUM,2025-07-31 16:00:00,2026-01-19 16:00:00
C03671,Rohan Kumar,rohan.kumar3671@example.com,+91-9000003671,SOUTH,CORPORATE,2026-05-11 13:00:00,2026-08-05 13:00:00
C03672,Arjun Kapoor,arjun.kapoor3672@example.com,+91-9000003672,SOUTH,PREMIUM,2026-07-10 12:00:00,2026-11-03 12:00:00
C03673,Arjun Kumar,arjun.kumar3673@example.com,+91-9000003673,WEST,STANDARD,2026-03-21 17:00:00,2026-03-21 17:00:00
C03674,Aditya Kumar,aditya.kumar3674@example.com,+91-9000003674,WEST,STANDARD,2025-06-08 21:00:00,2025-07-29 21:00:00
C03675,Kiran Mehta,kiran.mehta3675@example.com,+91-9000003675,WEST,CORPORATE,2025-06-06 03:00:00,2025-08-02 03:00:00
C03676,Diya Kapoor,diya.kapoor3676@example.com,+91-9000003676,NORTH,CORPORATE,2025-07-11 14:00:00,2025-07-27 14:00:00
C03677,Kavya Gupta,kavya.gupta3677@example.com,+91-9000003677,SOUTH,PREMIUM,2025-11-30 22:00:00,2026-04-02 22:00:00
C03678,Sneha Singh,sneha.singh3678@example.com,+91-9000003678,SOUTH,PREMIUM,2025-04-08 20:00:00,2025-09-16 20:00:00
C03679,Diya Chowdhury,diya.chowdhury3679@example.com,+91-9000003679,SOUTH,CORPORATE,2026-08-19 05:00:00,2027-01-03 05:00:00
C03680,Kavya Reddy,kavya.reddy3680@example.com,+91-9000003680,SOUTH,CORPORATE,2025-09-30 07:00:00,2025-11-01 07:00:00
C03681,Priya Nair,priya.nair3681@example.com,+91-9000003681,SOUTH,PREMIUM,2026-04-01 13:00:00,2026-08-07 13:00:00
C03682,Arjun Verma,arjun.verma3682@example.com,+91-9000003682,NORTH,CORPORATE,2026-08-31 13:00:00,2027-02-11 13:00:00
C03683,Kiran Iyer,kiran.iyer3683@example.com,+91-9000003683,EAST,STANDARD,2025-11-03 11:00:00,2026-04-24 11:00:00
C03684,Aarav Mehta,aarav.mehta3684@example.com,+91-9000003684,NORTH,PREMIUM,2025-06-04 22:00:00,2025-09-06 22:00:00
C03685,Ishita Iyer,ishita.iyer3685@example.com,+91-9000003685,NORTH,PREMIUM,2026-01-29 05:00:00,2026-06-25 05:00:00
C03686,Arjun Patel,arjun.patel3686@example.com,+91-9000003686,WEST,PREMIUM,2025-11-28 14:00:00,2026-05-04 14:00:00
C03687,Kavya Nair,kavya.nair3687@example.com,+91-9000003687,NORTH,PREMIUM,2026-08-03 05:00:00,2026-09-29 05:00:00
C03688,Neha Rao,neha.rao3688@example.com,+91-9000003688,SOUTH,PREMIUM,2026-03-22 20:00:00,2026-06-06 20:00:00
C03689,Sai Nair,sai.nair3689@example.com,+91-9000003689,WEST,CORPORATE,2025-01-24 14:00:00,2025-05-25 14:00:00
C03690,Sai Joshi,sai.joshi3690@example.com,+91-9000003690,NORTH,PREMIUM,2026-02-26 13:00:00,2026-03-14 13:00:00
C03691,Priya Nair,priya.nair3691@example.com,+91-9000003691,SOUTH,CORPORATE,2026-02-10 15:00:00,2026-02-10 15:00:00
C03692,Aisha Joshi,aisha.joshi3692@example.com,+91-9000003692,WEST,CORPORATE,2026-09-02 14:00:00,2027-02-23 14:00:00
C03693,Sneha Rao,sneha.rao3693@example.com,+91-9000003693,NORTH,CORPORATE,2026-07-27 11:00:00,2026-10-07 11:00:00
C03694,Ishita Rao,ishita.rao3694@example.com,+91-9000003694,WEST,CORPORATE,2025-03-19 16:00:00,2025-07-26 16:00:00
C03695,Nikhil Reddy,nikhil.reddy3695@example.com,+91-9000003695,WEST,PREMIUM,2026-02-25 14:00:00,2026-06-22 14:00:00
C03696,Kavya Das,kavya.das3696@example.com,+91-9000003696,NORTH,CORPORATE,2025-12-18 06:00:00,2026-05-15 06:00:00
C03697,Aisha Joshi,aisha.joshi3697@example.com,+91-9000003697,NORTH,PREMIUM,2026-07-01 03:00:00,2026-11-27 03:00:00
C03698,Aisha Sharma,aisha.sharma3698@example.com,+91-9000003698,NORTH,STANDARD,2025-09-29 09:00:00,2026-03-02 09:00:00
C03699,Rahul Das,rahul.das3699@example.com,+91-9000003699,SOUTH,PREMIUM,2026-06-12 12:00:00,2026-07-25 12:00:00
C03700,Arjun Chowdhury,arjun.chowdhury3700@example.com,+91-9000003700,NORTH,STANDARD,2025-02-02 05:00:00,2025-05-30 05:00:00
C03701,Vivaan Singh,vivaan.singh3701@example.com,+91-9000003701,WEST,CORPORATE,2026-02-14 09:00:00,2026-03-01 09:00:00
C03702,Aarav Chowdhury,aarav.chowdhury3702@example.com,+91-9000003702,WEST,CORPORATE,2026-07-12 05:00:00,2026-09-14 05:00:00
C03703,Diya Iyer,diya.iyer3703@example.com,+91-9000003703,SOUTH,CORPORATE,2025-04-17 07:00:00,2025-09-02 07:00:00
C03704,Pooja Iyer,pooja.iyer3704@example.com,+91-9000003704,SOUTH,PREMIUM,2025-07-14 21:00:00,2025-11-14 21:00:00
C03705,Nikhil Das,nikhil.das3705@example.com,+91-9000003705,WEST,CORPORATE,2026-07-08 17:00:00,2026-12-07 17:00:00
C03706,Sneha Rao,sneha.rao3706@example.com,+91-9000003706,NORTH,PREMIUM,2025-04-19 17:00:00,2025-06-18 17:00:00
C03707,Aarav Patel,aarav.patel3707@example.com,+91-9000003707,SOUTH,STANDARD,2026-04-03 11:00:00,2026-04-03 11:00:00
C03708,Rohan Sharma,rohan.sharma3708@example.com,+91-9000003708,NORTH,CORPORATE,2025-12-20 23:00:00,2026-04-02 23:00:00
C03709,Arjun Nair,arjun.nair3709@example.com,+91-9000003709,WEST,STANDARD,2026-09-03 11:00:00,2026-12-03 11:00:00
C03710,Ishita Rao,ishita.rao3710@example.com,+91-9000003710,WEST,CORPORATE,2025-04-10 17:00:00,2025-05-29 17:00:00
C03711,Priya Iyer,priya.iyer3711@example.com,+91-9000003711,EAST,CORPORATE,2025-10-29 13:00:00,2025-11-11 13:00:00
C03712,Kavya Joshi,kavya.joshi3712@example.com,+91-9000003712,SOUTH,CORPORATE,2026-05-07 23:00:00,2026-06-06 23:00:00
C03713,Kavya Gupta,kavya.gupta3713@example.com,+91-9000003713,SOUTH,STANDARD,2025-06-15 13:00:00,2025-07-13 13:00:00
C03714,Rohan Singh,rohan.singh3714@example.com,+91-9000003714,SOUTH,STANDARD,2026-01-17 22:00:00,2026-03-17 22:00:00
C03715,Vikram Kapoor,vikram.kapoor3715@example.com,+91-9000003715,WEST,STANDARD,2025-10-30 09:00:00,2026-04-01 09:00:00
C03716,Neha Sharma,neha.sharma3716@example.com,+91-9000003716,WEST,CORPORATE,2026-02-07 15:00:00,2026-05-05 15:00:00
C03717,Meera Iyer,meera.iyer3717@example.com,+91-9000003717,SOUTH,PREMIUM,2026-02-15 11:00:00,2026-02-24 11:00:00
C03718,Ishita Patel,ishita.patel3718@example.com,+91-9000003718,NORTH,PREMIUM,2025-05-10 03:00:00,2025-10-13 03:00:00
C03719,Neha Singh,neha.singh3719@example.com,+91-9000003719,NORTH,PREMIUM,2026-05-05 04:00:00,2026-06-19 04:00:00
C03720,Rahul Chowdhury,rahul.chowdhury3720@example.com,+91-9000003720,NORTH,STANDARD,2025-07-05 03:00:00,2025-09-27 03:00:00
C03721,Kiran Kumar,kiran.kumar3721@example.com,+91-9000003721,SOUTH,PREMIUM,2025-10-29 14:00:00,2026-03-05 14:00:00
C03722,Nikhil Gupta,nikhil.gupta3722@example.com,+91-9000003722,WEST,PREMIUM,2026-02-03 09:00:00,2026-07-28 09:00:00
C03723,Ananya Verma,ananya.verma3723@example.com,+91-9000003723,NORTH,PREMIUM,2026-09-04 07:00:00,2026-11-26 07:00:00
C03724,Rahul Reddy,rahul.reddy3724@example.com,+91-9000003724,WEST,PREMIUM,2025-08-26 17:00:00,2025-08-27 17:00:00
C03725,Sneha Chowdhury,sneha.chowdhury3725@example.com,+91-9000003725,WEST,PREMIUM,2025-03-25 04:00:00,2025-06-22 04:00:00
C03726,Rohan Reddy,rohan.reddy3726@example.com,+91-9000003726,NORTH,STANDARD,2025-06-20 22:00:00,2025-06-20 22:00:00
C03727,Kiran Singh,kiran.singh3727@example.com,+91-9000003727,SOUTH,STANDARD,2025-05-11 21:00:00,2025-05-28 21:00:00
C03728,Sneha Kumar,sneha.kumar3728@example.com,+91-9000003728,EAST,PREMIUM,2025-05-27 20:00:00,2025-07-06 20:00:00
C03729,Meera Joshi,meera.joshi3729@example.com,+91-9000003729,WEST,CORPORATE,2025-10-05 17:00:00,2025-12-07 17:00:00
C03730,Neha Verma,neha.verma3730@example.com,+91-9000003730,NORTH,CORPORATE,2026-07-24 10:00:00,2026-10-15 10:00:00
C03731,Rahul Patel,rahul.patel3731@example.com,+91-9000003731,WEST,STANDARD,2026-08-22 21:00:00,2027-02-12 21:00:00
C03732,Diya Patel,diya.patel3732@example.com,+91-9000003732,NORTH,STANDARD,2025-11-17 03:00:00,2026-03-25 03:00:00
C03733,Ananya Gupta,ananya.gupta3733@example.com,+91-9000003733,SOUTH,PREMIUM,2026-01-13 19:00:00,2026-01-30 19:00:00
C03734,Vivaan Verma,vivaan.verma3734@example.com,+91-9000003734,SOUTH,PREMIUM,2025-02-23 16:00:00,2025-05-12 16:00:00
C03735,Neha Reddy,neha.reddy3735@example.com,+91-9000003735,EAST,PREMIUM,2025-09-22 14:00:00,2025-11-29 14:00:00
C03736,Sneha Kumar,sneha.kumar3736@example.com,+91-9000003736,WEST,PREMIUM,2026-01-10 20:00:00,2026-02-15 20:00:00
C03737,Nikhil Gupta,nikhil.gupta3737@example.com,+91-9000003737,WEST,STANDARD,2026-06-26 23:00:00,2026-10-22 23:00:00
C03738,Arjun Verma,arjun.verma3738@example.com,+91-9000003738,NORTH,PREMIUM,2026-08-18 09:00:00,2026-10-08 09:00:00
C03739,Vikram Rao,vikram.rao3739@example.com,+91-9000003739,SOUTH,PREMIUM,2026-09-10 06:00:00,2026-11-08 06:00:00
C03740,Sneha Iyer,sneha.iyer3740@example.com,+91-9000003740,WEST,STANDARD,2026-07-02 00:00:00,2026-08-02 00:00:00
C03741,Kavya Kumar,kavya.kumar3741@example.com,+91-9000003741,SOUTH,CORPORATE,2026-03-08 02:00:00,2026-04-28 02:00:00
C03742,Kiran Chowdhury,kiran.chowdhury3742@example.com,+91-9000003742,SOUTH,PREMIUM,2026-06-18 19:00:00,2026-06-27 19:00:00
C03743,Kavya Gupta,kavya.gupta3743@example.com,+91-9000003743,SOUTH,CORPORATE,2026-06-03 17:00:00,2026-06-20 17:00:00
C03744,Diya Joshi,diya.joshi3744@example.com,+91-9000003744,WEST,PREMIUM,2025-06-28 15:00:00,2025-08-17 15:00:00
C03745,Aarav Rao,aarav.rao3745@example.com,+91-9000003745,SOUTH,PREMIUM,2026-07-23 13:00:00,2027-01-14 13:00:00
C03746,Aditya Verma,aditya.verma3746@example.com,+91-9000003746,EAST,CORPORATE,2025-07-05 03:00:00,2025-09-21 03:00:00
C03747,Meera Verma,meera.verma3747@example.com,+91-9000003747,WEST,PREMIUM,2025-08-06 10:00:00,2025-12-15 10:00:00
C03748,Vivaan Reddy,vivaan.reddy3748@example.com,+91-9000003748,SOUTH,PREMIUM,2026-06-09 18:00:00,2026-09-25 18:00:00
C03749,Sneha Kumar,sneha.kumar3749@example.com,+91-9000003749,NORTH,PREMIUM,2025-10-27 08:00:00,2025-11-18 08:00:00
C03750,Sneha Gupta,sneha.gupta3750@example.com,+91-9000003750,NORTH,PREMIUM,2026-01-23 05:00:00,2026-06-22 05:00:00
C03751,Aditya Rao,aditya.rao3751@example.com,+91-9000003751,NORTH,STANDARD,2025-08-18 06:00:00,2026-01-15 06:00:00
C03752,Neha Nair,neha.nair3752@example.com,+91-9000003752,NORTH,PREMIUM,2025-09-21 12:00:00,2025-12-17 12:00:00
C03753,Vivaan Nair,vivaan.nair3753@example.com,+91-9000003753,NORTH,STANDARD,2026-08-25 18:00:00,2027-02-17 18:00:00
C03754,Vivaan Reddy,vivaan.reddy3754@example.com,+91-9000003754,NORTH,CORPORATE,2025-02-19 17:00:00,2025-05-17 17:00:00
C03755,Sneha Kumar,sneha.kumar3755@example.com,+91-9000003755,WEST,STANDARD,2026-08-15 00:00:00,2027-02-06 00:00:00
C03756,Ananya Patel,ananya.patel3756@example.com,+91-9000003756,SOUTH,CORPORATE,2025-04-08 22:00:00,2025-09-07 22:00:00
C03757,Meera Das,meera.das3757@example.com,+91-9000003757,WEST,STANDARD,2026-06-19 09:00:00,2026-12-02 09:00:00
C03758,Nikhil Singh,nikhil.singh3758@example.com,+91-9000003758,WEST,CORPORATE,2025-10-11 23:00:00,2025-12-26 23:00:00
C03759,Neha Joshi,neha.joshi3759@example.com,+91-9000003759,NORTH,PREMIUM,2026-04-14 18:00:00,2026-05-27 18:00:00
C03760,Aisha Kapoor,aisha.kapoor3760@example.com,+91-9000003760,NORTH,CORPORATE,2026-01-15 15:00:00,2026-06-10 15:00:00
C03761,Diya Joshi,diya.joshi3761@example.com,+91-9000003761,WEST,CORPORATE,2026-06-17 04:00:00,2026-07-15 04:00:00
C03762,Pooja Sharma,pooja.sharma3762@example.com,+91-9000003762,SOUTH,PREMIUM,2025-07-03 04:00:00,2025-11-29 04:00:00
C03763,Priya Mehta,priya.mehta3763@example.com,+91-9000003763,SOUTH,STANDARD,2026-07-06 19:00:00,2026-09-20 19:00:00
C03764,Kavya Iyer,kavya.iyer3764@example.com,+91-9000003764,NORTH,PREMIUM,2025-07-12 20:00:00,2025-08-01 20:00:00
C03765,Priya Sharma,priya.sharma3765@example.com,+91-9000003765,WEST,PREMIUM,2025-12-03 18:00:00,2026-02-08 18:00:00
C03766,Ananya Joshi,ananya.joshi3766@example.com,+91-9000003766,WEST,PREMIUM,2025-04-12 08:00:00,2025-08-17 08:00:00
C03767,Rahul Iyer,rahul.iyer3767@example.com,+91-9000003767,SOUTH,STANDARD,2026-02-05 16:00:00,2026-03-23 16:00:00
C03768,Rohan Das,rohan.das3768@example.com,+91-9000003768,WEST,CORPORATE,2025-01-31 06:00:00,2025-04-28 06:00:00
C03769,Meera Chowdhury,meera.chowdhury3769@example.com,+91-9000003769,SOUTH,CORPORATE,2026-07-04 03:00:00,2026-09-04 03:00:00
C03770,Neha Gupta,neha.gupta3770@example.com,+91-9000003770,WEST,PREMIUM,2026-07-06 02:00:00,2026-11-30 02:00:00
C03771,Aarav Kapoor,aarav.kapoor3771@example.com,+91-9000003771,NORTH,CORPORATE,2025-01-24 23:00:00,2025-06-19 23:00:00
C03772,Rahul Chowdhury,rahul.chowdhury3772@example.com,+91-9000003772,EAST,CORPORATE,2025-04-18 14:00:00,2025-04-30 14:00:00
C03773,Diya Verma,diya.verma3773@example.com,+91-9000003773,NORTH,PREMIUM,2025-06-01 17:00:00,2025-10-28 17:00:00
C03774,Rohan Kumar,rohan.kumar3774@example.com,+91-9000003774,NORTH,CORPORATE,2026-01-18 02:00:00,2026-05-27 02:00:00
C03775,Aisha Joshi,aisha.joshi3775@example.com,+91-9000003775,EAST,CORPORATE,2025-01-22 23:00:00,2025-01-25 23:00:00
C03776,Ananya Kumar,ananya.kumar3776@example.com,+91-9000003776,NORTH,STANDARD,2025-05-10 21:00:00,2025-06-10 21:00:00
C03777,Arjun Nair,arjun.nair3777@example.com,+91-9000003777,SOUTH,STANDARD,2025-09-04 18:00:00,2025-11-06 18:00:00
C03778,Aisha Patel,aisha.patel3778@example.com,+91-9000003778,WEST,STANDARD,2026-08-11 15:00:00,2027-01-23 15:00:00
C03779,Ananya Verma,ananya.verma3779@example.com,+91-9000003779,NORTH,STANDARD,2025-05-05 07:00:00,2025-09-28 07:00:00
C03780,Vivaan Mehta,vivaan.mehta3780@example.com,+91-9000003780,WEST,STANDARD,2026-06-28 10:00:00,2026-11-03 10:00:00
C03781,Arjun Sharma,arjun.sharma3781@example.com,+91-9000003781,SOUTH,STANDARD,2025-10-18 10:00:00,2026-01-02 10:00:00
C03782,Rohan Mehta,rohan.mehta3782@example.com,+91-9000003782,NORTH,STANDARD,2026-04-18 06:00:00,2026-07-14 06:00:00
C03783,Kavya Gupta,kavya.gupta3783@example.com,+91-9000003783,NORTH,STANDARD,2025-07-30 12:00:00,2025-11-19 12:00:00
C03784,Aditya Kumar,aditya.kumar3784@example.com,+91-9000003784,NORTH,PREMIUM,2025-12-24 16:00:00,2026-05-18 16:00:00
C03785,Kiran Kumar,kiran.kumar3785@example.com,+91-9000003785,NORTH,STANDARD,2025-12-28 07:00:00,2026-06-26 07:00:00
C03786,Aarav Das,aarav.das3786@example.com,+91-9000003786,NORTH,PREMIUM,2025-12-08 17:00:00,2025-12-31 17:00:00
C03787,Diya Das,diya.das3787@example.com,+91-9000003787,WEST,STANDARD,2025-10-26 14:00:00,2026-04-10 14:00:00
C03788,Ananya Chowdhury,ananya.chowdhury3788@example.com,+91-9000003788,WEST,CORPORATE,2026-01-31 12:00:00,2026-06-04 12:00:00
C03789,Pooja Patel,pooja.patel3789@example.com,+91-9000003789,SOUTH,STANDARD,2026-01-01 11:00:00,2026-04-08 11:00:00
C03790,Nikhil Kumar,nikhil.kumar3790@example.com,+91-9000003790,NORTH,STANDARD,2026-02-07 21:00:00,2026-07-25 21:00:00
C03791,Sai Chowdhury,sai.chowdhury3791@example.com,+91-9000003791,EAST,PREMIUM,2026-06-05 07:00:00,2026-07-21 07:00:00
C03792,Priya Sharma,priya.sharma3792@example.com,+91-9000003792,NORTH,PREMIUM,2025-06-12 17:00:00,2025-11-25 17:00:00
C03793,Ishita Singh,ishita.singh3793@example.com,+91-9000003793,WEST,PREMIUM,2025-01-05 10:00:00,2025-02-19 10:00:00
C03794,Kavya Reddy,kavya.reddy3794@example.com,+91-9000003794,WEST,STANDARD,2026-01-22 08:00:00,2026-07-21 08:00:00
C03795,Meera Reddy,meera.reddy3795@example.com,+91-9000003795,NORTH,CORPORATE,2025-02-05 03:00:00,2025-06-03 03:00:00
C03796,Ananya Das,ananya.das3796@example.com,+91-9000003796,WEST,CORPORATE,2025-07-29 10:00:00,2025-10-13 10:00:00
C03797,Meera Chowdhury,meera.chowdhury3797@example.com,+91-9000003797,NORTH,STANDARD,2025-09-29 01:00:00,2025-10-08 01:00:00
C03798,Rohan Das,rohan.das3798@example.com,+91-9000003798,SOUTH,STANDARD,2026-07-28 17:00:00,2026-11-30 17:00:00
C03799,Rohan Sharma,rohan.sharma3799@example.com,+91-9000003799,EAST,PREMIUM,2025-09-28 04:00:00,2025-11-20 04:00:00
C03800,Meera Patel,meera.patel3800@example.com,+91-9000003800,WEST,CORPORATE,2026-06-06 03:00:00,2026-08-11 03:00:00
C03801,Vikram Gupta,vikram.gupta3801@example.com,+91-9000003801,NORTH,STANDARD,2025-04-29 16:00:00,2025-09-27 16:00:00
C03802,Ananya Joshi,ananya.joshi3802@example.com,+91-9000003802,NORTH,PREMIUM,2025-08-05 00:00:00,2025-12-30 00:00:00
C03803,Vivaan Singh,vivaan.singh3803@example.com,+91-9000003803,WEST,CORPORATE,2026-05-23 12:00:00,2026-11-07 12:00:00
C03804,Neha Das,neha.das3804@example.com,+91-9000003804,SOUTH,STANDARD,2025-01-04 18:00:00,2025-05-13 18:00:00
C03805,Aisha Joshi,aisha.joshi3805@example.com,+91-9000003805,WEST,PREMIUM,2025-10-12 19:00:00,2025-12-20 19:00:00
C03806,Ananya Joshi,ananya.joshi3806@example.com,+91-9000003806,WEST,PREMIUM,2025-12-26 03:00:00,2026-05-12 03:00:00
C03807,Priya Patel,priya.patel3807@example.com,+91-9000003807,EAST,PREMIUM,2026-05-18 03:00:00,2026-07-07 03:00:00
C03808,Aarav Das,aarav.das3808@example.com,+91-9000003808,WEST,STANDARD,2026-03-12 17:00:00,2026-04-08 17:00:00
C03809,Ishita Chowdhury,ishita.chowdhury3809@example.com,+91-9000003809,SOUTH,STANDARD,2025-10-05 23:00:00,2025-12-22 23:00:00
C03810,Rohan Nair,rohan.nair3810@example.com,+91-9000003810,SOUTH,CORPORATE,2026-05-31 16:00:00,2026-10-04 16:00:00
C03811,Rohan Iyer,rohan.iyer3811@example.com,+91-9000003811,NORTH,CORPORATE,2026-04-27 14:00:00,2026-06-22 14:00:00
C03812,Kiran Kumar,kiran.kumar3812@example.com,+91-9000003812,EAST,PREMIUM,2026-02-19 09:00:00,2026-02-22 09:00:00
C03813,Vikram Reddy,vikram.reddy3813@example.com,+91-9000003813,SOUTH,CORPORATE,2025-08-27 22:00:00,2025-08-30 22:00:00
C03814,Neha Kapoor,neha.kapoor3814@example.com,+91-9000003814,WEST,CORPORATE,2025-04-26 11:00:00,2025-10-06 11:00:00
C03815,Meera Sharma,meera.sharma3815@example.com,+91-9000003815,SOUTH,PREMIUM,2025-07-10 17:00:00,2025-08-13 17:00:00
C03816,Diya Rao,diya.rao3816@example.com,+91-9000003816,WEST,STANDARD,2025-06-20 01:00:00,2025-12-04 01:00:00
C03817,Rahul Chowdhury,rahul.chowdhury3817@example.com,+91-9000003817,NORTH,STANDARD,2025-08-27 02:00:00,2026-02-10 02:00:00
C03818,Diya Gupta,diya.gupta3818@example.com,+91-9000003818,SOUTH,PREMIUM,2026-04-18 04:00:00,2026-06-28 04:00:00
C03819,Aditya Sharma,aditya.sharma3819@example.com,+91-9000003819,EAST,CORPORATE,2025-02-27 22:00:00,2025-07-28 22:00:00
C03820,Vikram Reddy,vikram.reddy3820@example.com,+91-9000003820,SOUTH,PREMIUM,2026-08-02 06:00:00,2026-11-05 06:00:00
C03821,Kiran Chowdhury,kiran.chowdhury3821@example.com,+91-9000003821,SOUTH,STANDARD,2026-07-19 20:00:00,2026-12-25 20:00:00
C03822,Sneha Mehta,sneha.mehta3822@example.com,+91-9000003822,SOUTH,STANDARD,2025-11-13 03:00:00,2026-01-22 03:00:00
C03823,Aisha Gupta,aisha.gupta3823@example.com,+91-9000003823,WEST,PREMIUM,2025-01-29 18:00:00,2025-03-08 18:00:00
C03824,Ishita Rao,ishita.rao3824@example.com,+91-9000003824,WEST,STANDARD,2026-08-12 13:00:00,2026-09-26 13:00:00
C03825,Diya Reddy,diya.reddy3825@example.com,+91-9000003825,SOUTH,STANDARD,2026-05-23 09:00:00,2026-08-05 09:00:00
C03826,Aarav Rao,aarav.rao3826@example.com,+91-9000003826,NORTH,STANDARD,2025-08-08 05:00:00,2025-09-04 05:00:00
C03827,Aisha Chowdhury,aisha.chowdhury3827@example.com,+91-9000003827,WEST,PREMIUM,2025-02-22 01:00:00,2025-05-30 01:00:00
C03828,Kavya Singh,kavya.singh3828@example.com,+91-9000003828,NORTH,STANDARD,2025-04-12 22:00:00,2025-04-24 22:00:00
C03829,Sneha Sharma,sneha.sharma3829@example.com,+91-9000003829,NORTH,PREMIUM,2025-06-02 17:00:00,2025-11-26 17:00:00
C03830,Rahul Sharma,rahul.sharma3830@example.com,+91-9000003830,SOUTH,CORPORATE,2025-06-05 01:00:00,2025-08-29 01:00:00
C03831,Kiran Singh,kiran.singh3831@example.com,+91-9000003831,SOUTH,STANDARD,2026-03-01 23:00:00,2026-07-25 23:00:00
C03832,Diya Kumar,diya.kumar3832@example.com,+91-9000003832,NORTH,STANDARD,2026-02-24 17:00:00,2026-02-26 17:00:00
C03833,Ananya Gupta,ananya.gupta3833@example.com,+91-9000003833,NORTH,STANDARD,2026-05-03 19:00:00,2026-05-18 19:00:00
C03834,Arjun Gupta,arjun.gupta3834@example.com,+91-9000003834,NORTH,CORPORATE,2025-09-07 04:00:00,2025-09-10 04:00:00
C03835,Aarav Joshi,aarav.joshi3835@example.com,+91-9000003835,NORTH,PREMIUM,2026-04-18 06:00:00,2026-05-10 06:00:00
C03836,Rohan Joshi,rohan.joshi3836@example.com,+91-9000003836,EAST,STANDARD,2025-02-05 20:00:00,2025-03-18 20:00:00
C03837,Aditya Reddy,aditya.reddy3837@example.com,+91-9000003837,NORTH,CORPORATE,2025-07-29 17:00:00,2025-08-08 17:00:00
C03838,Kavya Gupta,kavya.gupta3838@example.com,+91-9000003838,NORTH,PREMIUM,2025-03-19 20:00:00,2025-04-24 20:00:00
C03839,Rahul Reddy,rahul.reddy3839@example.com,+91-9000003839,NORTH,CORPORATE,2025-01-26 08:00:00,2025-04-07 08:00:00
C03840,Meera Joshi,meera.joshi3840@example.com,+91-9000003840,SOUTH,CORPORATE,2025-04-25 15:00:00,2025-06-06 15:00:00
C03841,Aisha Joshi,aisha.joshi3841@example.com,+91-9000003841,SOUTH,PREMIUM,2025-03-12 15:00:00,2025-05-16 15:00:00
C03842,Nikhil Kumar,nikhil.kumar3842@example.com,+91-9000003842,SOUTH,STANDARD,2026-02-21 01:00:00,2026-05-09 01:00:00
C03843,Nikhil Chowdhury,nikhil.chowdhury3843@example.com,+91-9000003843,NORTH,STANDARD,2025-05-15 05:00:00,2025-06-07 05:00:00
C03844,Ishita Sharma,ishita.sharma3844@example.com,+91-9000003844,SOUTH,STANDARD,2025-05-28 10:00:00,2025-10-25 10:00:00
C03845,Vikram Joshi,vikram.joshi3845@example.com,+91-9000003845,SOUTH,CORPORATE,2025-03-26 04:00:00,2025-06-03 04:00:00
C03846,Nikhil Mehta,nikhil.mehta3846@example.com,+91-9000003846,SOUTH,PREMIUM,2026-04-02 15:00:00,2026-09-06 15:00:00
C03847,Aarav Kumar,aarav.kumar3847@example.com,+91-9000003847,NORTH,PREMIUM,2025-07-07 13:00:00,2025-07-31 13:00:00
C03848,Kiran Kapoor,kiran.kapoor3848@example.com,+91-9000003848,NORTH,STANDARD,2025-05-14 15:00:00,2025-10-27 15:00:00
C03849,Priya Nair,priya.nair3849@example.com,+91-9000003849,WEST,STANDARD,2025-11-04 23:00:00,2026-04-26 23:00:00
C03850,Sai Rao,sai.rao3850@example.com,+91-9000003850,NORTH,CORPORATE,2025-12-20 22:00:00,2026-05-07 22:00:00
C03851,Diya Reddy,diya.reddy3851@example.com,+91-9000003851,SOUTH,STANDARD,2026-01-27 01:00:00,2026-02-23 01:00:00
C03852,Pooja Das,pooja.das3852@example.com,+91-9000003852,WEST,CORPORATE,2025-04-24 10:00:00,2025-05-17 10:00:00
C03853,Rahul Joshi,rahul.joshi3853@example.com,+91-9000003853,NORTH,CORPORATE,2026-03-17 17:00:00,2026-05-29 17:00:00
C03854,Neha Joshi,neha.joshi3854@example.com,+91-9000003854,WEST,PREMIUM,2026-07-03 13:00:00,2026-11-22 13:00:00
C03855,Meera Joshi,meera.joshi3855@example.com,+91-9000003855,NORTH,STANDARD,2026-06-11 21:00:00,2026-08-04 21:00:00
C03856,Priya Singh,priya.singh3856@example.com,+91-9000003856,WEST,CORPORATE,2025-03-02 00:00:00,2025-05-09 00:00:00
C03857,Nikhil Gupta,nikhil.gupta3857@example.com,+91-9000003857,WEST,CORPORATE,2025-09-23 00:00:00,2025-11-21 00:00:00
C03858,Priya Chowdhury,priya.chowdhury3858@example.com,+91-9000003858,NORTH,STANDARD,2026-07-25 02:00:00,2026-12-18 02:00:00
C03859,Vivaan Gupta,vivaan.gupta3859@example.com,+91-9000003859,NORTH,STANDARD,2025-10-26 19:00:00,2025-11-16 19:00:00
C03860,Meera Rao,meera.rao3860@example.com,+91-9000003860,NORTH,CORPORATE,2025-02-14 01:00:00,2025-06-29 01:00:00
C03861,Rohan Singh,rohan.singh3861@example.com,+91-9000003861,NORTH,STANDARD,2025-05-11 06:00:00,2025-07-21 06:00:00
C03862,Aisha Rao,aisha.rao3862@example.com,+91-9000003862,WEST,PREMIUM,2026-06-07 13:00:00,2026-06-17 13:00:00
C03863,Kavya Patel,kavya.patel3863@example.com,+91-9000003863,NORTH,CORPORATE,2025-05-01 07:00:00,2025-08-14 07:00:00
C03864,Ananya Rao,ananya.rao3864@example.com,+91-9000003864,SOUTH,CORPORATE,2026-03-19 05:00:00,2026-03-21 05:00:00
C03865,Rahul Reddy,rahul.reddy3865@example.com,+91-9000003865,EAST,CORPORATE,2025-06-20 06:00:00,2025-07-27 06:00:00
C03866,Aarav Verma,aarav.verma3866@example.com,+91-9000003866,WEST,STANDARD,2025-12-03 00:00:00,2025-12-03 00:00:00
C03867,Vivaan Sharma,vivaan.sharma3867@example.com,+91-9000003867,WEST,PREMIUM,2025-01-19 17:00:00,2025-03-23 17:00:00
C03868,Nikhil Mehta,nikhil.mehta3868@example.com,+91-9000003868,WEST,CORPORATE,2026-02-17 14:00:00,2026-03-17 14:00:00
C03869,Neha Sharma,neha.sharma3869@example.com,+91-9000003869,WEST,CORPORATE,2025-01-04 16:00:00,2025-05-29 16:00:00
C03870,Aditya Reddy,aditya.reddy3870@example.com,+91-9000003870,NORTH,STANDARD,2025-09-16 03:00:00,2025-09-21 03:00:00
C03871,Pooja Chowdhury,pooja.chowdhury3871@example.com,+91-9000003871,NORTH,CORPORATE,2025-04-05 12:00:00,2025-09-12 12:00:00
C03872,Sai Chowdhury,sai.chowdhury3872@example.com,+91-9000003872,EAST,STANDARD,2025-08-29 04:00:00,2025-12-23 04:00:00
C03873,Pooja Das,pooja.das3873@example.com,+91-9000003873,EAST,CORPORATE,2026-06-29 18:00:00,2026-12-04 18:00:00
C03874,Vivaan Singh,vivaan.singh3874@example.com,+91-9000003874,NORTH,PREMIUM,2025-01-10 17:00:00,2025-05-29 17:00:00
C03875,Aditya Chowdhury,aditya.chowdhury3875@example.com,+91-9000003875,EAST,PREMIUM,2026-07-15 13:00:00,2026-10-22 13:00:00
C03876,Kiran Sharma,kiran.sharma3876@example.com,+91-9000003876,NORTH,CORPORATE,2025-02-21 00:00:00,2025-07-02 00:00:00
C03877,Vikram Das,vikram.das3877@example.com,+91-9000003877,NORTH,STANDARD,2025-08-13 07:00:00,2025-09-06 07:00:00
C03878,Kiran Gupta,kiran.gupta3878@example.com,+91-9000003878,WEST,STANDARD,2025-03-26 03:00:00,2025-06-15 03:00:00
C03879,Aditya Das,aditya.das3879@example.com,+91-9000003879,NORTH,CORPORATE,2026-09-11 17:00:00,2026-11-16 17:00:00
C03880,Ananya Iyer,ananya.iyer3880@example.com,+91-9000003880,WEST,STANDARD,2025-05-25 18:00:00,2025-05-29 18:00:00
C03881,Rohan Das,rohan.das3881@example.com,+91-9000003881,SOUTH,STANDARD,2025-09-24 21:00:00,2025-12-25 21:00:00
C03882,Rohan Verma,rohan.verma3882@example.com,+91-9000003882,NORTH,PREMIUM,2025-09-02 08:00:00,2025-09-09 08:00:00
C03883,Priya Verma,priya.verma3883@example.com,+91-9000003883,NORTH,CORPORATE,2026-01-20 18:00:00,2026-03-25 18:00:00
C03884,Nikhil Nair,nikhil.nair3884@example.com,+91-9000003884,NORTH,PREMIUM,2025-10-07 12:00:00,2025-11-13 12:00:00
C03885,Vivaan Reddy,vivaan.reddy3885@example.com,+91-9000003885,SOUTH,PREMIUM,2025-03-01 17:00:00,2025-08-12 17:00:00
C03886,Aarav Joshi,aarav.joshi3886@example.com,+91-9000003886,WEST,STANDARD,2025-05-23 22:00:00,2025-11-15 22:00:00
C03887,Kavya Patel,kavya.patel3887@example.com,+91-9000003887,WEST,CORPORATE,2025-05-22 20:00:00,2025-09-13 20:00:00
C03888,Neha Kapoor,neha.kapoor3888@example.com,+91-9000003888,SOUTH,PREMIUM,2025-10-23 00:00:00,2025-11-28 00:00:00
C03889,Vivaan Iyer,vivaan.iyer3889@example.com,+91-9000003889,SOUTH,PREMIUM,2025-12-21 16:00:00,2026-02-26 16:00:00
C03890,Ananya Kapoor,ananya.kapoor3890@example.com,+91-9000003890,WEST,PREMIUM,2025-05-20 14:00:00,2025-10-30 14:00:00
C03891,Rohan Singh,rohan.singh3891@example.com,+91-9000003891,WEST,PREMIUM,2025-11-16 05:00:00,2026-03-12 05:00:00
C03892,Aarav Sharma,aarav.sharma3892@example.com,+91-9000003892,SOUTH,CORPORATE,2025-10-29 02:00:00,2025-11-22 02:00:00
C03893,Aisha Patel,aisha.patel3893@example.com,+91-9000003893,NORTH,STANDARD,2026-07-19 22:00:00,2026-12-06 22:00:00
C03894,Arjun Das,arjun.das3894@example.com,+91-9000003894,SOUTH,CORPORATE,2026-03-05 02:00:00,2026-05-27 02:00:00
C03895,Diya Nair,diya.nair3895@example.com,+91-9000003895,NORTH,STANDARD,2025-01-19 09:00:00,2025-01-27 09:00:00
C03896,Vivaan Gupta,vivaan.gupta3896@example.com,+91-9000003896,WEST,STANDARD,2026-09-09 05:00:00,2026-11-15 05:00:00
C03897,Meera Singh,meera.singh3897@example.com,+91-9000003897,SOUTH,STANDARD,2025-01-25 01:00:00,2025-06-17 01:00:00
C03898,Kiran Iyer,kiran.iyer3898@example.com,+91-9000003898,SOUTH,STANDARD,2025-05-27 14:00:00,2025-06-18 14:00:00
C03899,Rahul Kumar,rahul.kumar3899@example.com,+91-9000003899,NORTH,STANDARD,2025-05-11 18:00:00,2025-08-08 18:00:00
C03900,Aditya Patel,aditya.patel3900@example.com,+91-9000003900,WEST,CORPORATE,2025-01-31 20:00:00,2025-05-06 20:00:00
C03901,Aarav Gupta,aarav.gupta3901@example.com,+91-9000003901,NORTH,STANDARD,2026-03-16 13:00:00,2026-05-21 13:00:00
C03902,Nikhil Singh,nikhil.singh3902@example.com,+91-9000003902,SOUTH,STANDARD,2025-02-17 09:00:00,2025-06-09 09:00:00
C03903,Meera Kumar,meera.kumar3903@example.com,+91-9000003903,SOUTH,STANDARD,2025-11-04 12:00:00,2026-04-12 12:00:00
C03904,Aditya Verma,aditya.verma3904@example.com,+91-9000003904,NORTH,PREMIUM,2025-08-31 00:00:00,2026-02-07 00:00:00
C03905,Rohan Mehta,rohan.mehta3905@example.com,+91-9000003905,SOUTH,PREMIUM,2025-11-13 15:00:00,2026-01-12 15:00:00
C03906,Diya Iyer,diya.iyer3906@example.com,+91-9000003906,EAST,PREMIUM,2026-03-08 02:00:00,2026-07-22 02:00:00
C03907,Rahul Patel,rahul.patel3907@example.com,+91-9000003907,SOUTH,PREMIUM,2025-11-22 03:00:00,2026-05-12 03:00:00
C03908,Rahul Singh,rahul.singh3908@example.com,+91-9000003908,WEST,PREMIUM,2026-04-09 00:00:00,2026-07-25 00:00:00
C03909,Ishita Kapoor,ishita.kapoor3909@example.com,+91-9000003909,NORTH,STANDARD,2025-12-26 22:00:00,2026-01-28 22:00:00
C03910,Vikram Reddy,vikram.reddy3910@example.com,+91-9000003910,WEST,PREMIUM,2026-03-29 13:00:00,2026-08-06 13:00:00
C03911,Vikram Joshi,vikram.joshi3911@example.com,+91-9000003911,EAST,STANDARD,2025-10-28 15:00:00,2026-04-15 15:00:00
C03912,Rahul Nair,rahul.nair3912@example.com,+91-9000003912,WEST,PREMIUM,2025-03-03 20:00:00,2025-03-06 20:00:00
C03913,Vivaan Singh,vivaan.singh3913@example.com,+91-9000003913,WEST,CORPORATE,2025-04-22 16:00:00,2025-09-13 16:00:00
C03914,Sneha Rao,sneha.rao3914@example.com,+91-9000003914,WEST,PREMIUM,2025-05-30 04:00:00,2025-08-07 04:00:00
C03915,Rohan Rao,rohan.rao3915@example.com,+91-9000003915,NORTH,CORPORATE,2025-02-24 09:00:00,2025-05-31 09:00:00
C03916,Aisha Patel,aisha.patel3916@example.com,+91-9000003916,SOUTH,PREMIUM,2025-04-24 04:00:00,2025-10-04 04:00:00
C03917,Meera Chowdhury,meera.chowdhury3917@example.com,+91-9000003917,NORTH,STANDARD,2025-09-16 19:00:00,2025-12-16 19:00:00
C03918,Vikram Nair,vikram.nair3918@example.com,+91-9000003918,NORTH,CORPORATE,2025-06-26 00:00:00,2025-12-19 00:00:00
C03919,Vikram Joshi,vikram.joshi3919@example.com,+91-9000003919,SOUTH,STANDARD,2025-10-17 20:00:00,2025-11-11 20:00:00
C03920,Neha Gupta,neha.gupta3920@example.com,+91-9000003920,WEST,STANDARD,2025-07-20 17:00:00,2025-12-02 17:00:00
C03921,Sai Gupta,sai.gupta3921@example.com,+91-9000003921,NORTH,STANDARD,2025-09-13 00:00:00,2025-11-30 00:00:00
C03922,Kiran Verma,kiran.verma3922@example.com,+91-9000003922,WEST,CORPORATE,2026-08-24 09:00:00,2026-10-08 09:00:00
C03923,Aditya Iyer,aditya.iyer3923@example.com,+91-9000003923,NORTH,PREMIUM,2026-06-14 08:00:00,2026-10-29 08:00:00
C03924,Aarav Singh,aarav.singh3924@example.com,+91-9000003924,SOUTH,PREMIUM,2026-02-19 08:00:00,2026-03-16 08:00:00
C03925,Arjun Sharma,arjun.sharma3925@example.com,+91-9000003925,SOUTH,PREMIUM,2025-07-06 02:00:00,2025-09-23 02:00:00
C03926,Rohan Das,rohan.das3926@example.com,+91-9000003926,SOUTH,STANDARD,2025-10-13 02:00:00,2025-10-20 02:00:00
C03927,Arjun Mehta,arjun.mehta3927@example.com,+91-9000003927,WEST,CORPORATE,2026-02-16 01:00:00,2026-07-01 01:00:00
C03928,Meera Sharma,meera.sharma3928@example.com,+91-9000003928,SOUTH,STANDARD,2025-09-03 15:00:00,2026-02-14 15:00:00
C03929,Kavya Singh,kavya.singh3929@example.com,+91-9000003929,WEST,STANDARD,2025-02-24 01:00:00,2025-03-11 01:00:00
C03930,Rohan Reddy,rohan.reddy3930@example.com,+91-9000003930,WEST,CORPORATE,2026-09-01 14:00:00,2027-02-07 14:00:00
C03931,Neha Kapoor,neha.kapoor3931@example.com,+91-9000003931,SOUTH,PREMIUM,2025-02-20 02:00:00,2025-02-28 02:00:00
C03932,Aarav Kumar,aarav.kumar3932@example.com,+91-9000003932,SOUTH,STANDARD,2025-11-01 15:00:00,2025-11-28 15:00:00
C03933,Sneha Mehta,sneha.mehta3933@example.com,+91-9000003933,EAST,CORPORATE,2025-04-12 18:00:00,2025-09-01 18:00:00
C03934,Meera Sharma,meera.sharma3934@example.com,+91-9000003934,NORTH,STANDARD,2025-04-18 20:00:00,2025-07-17 20:00:00
C03935,Neha Joshi,neha.joshi3935@example.com,+91-9000003935,WEST,PREMIUM,2025-02-22 23:00:00,2025-03-19 23:00:00
C03936,Pooja Das,pooja.das3936@example.com,+91-9000003936,EAST,CORPORATE,2025-10-19 20:00:00,2026-01-11 20:00:00
C03937,Diya Kapoor,diya.kapoor3937@example.com,+91-9000003937,SOUTH,STANDARD,2025-01-10 20:00:00,2025-03-03 20:00:00
C03938,Priya Verma,priya.verma3938@example.com,+91-9000003938,WEST,STANDARD,2025-08-17 10:00:00,2026-02-13 10:00:00
C03939,Arjun Sharma,arjun.sharma3939@example.com,+91-9000003939,WEST,CORPORATE,2026-04-29 05:00:00,2026-10-19 05:00:00
C03940,Priya Iyer,priya.iyer3940@example.com,+91-9000003940,SOUTH,PREMIUM,2025-01-04 15:00:00,2025-06-06 15:00:00
C03941,Vivaan Mehta,vivaan.mehta3941@example.com,+91-9000003941,SOUTH,PREMIUM,2025-08-21 14:00:00,2025-09-17 14:00:00
C03942,Meera Sharma,meera.sharma3942@example.com,+91-9000003942,WEST,STANDARD,2026-07-20 22:00:00,2026-12-24 22:00:00
C03943,Sneha Chowdhury,sneha.chowdhury3943@example.com,+91-9000003943,WEST,CORPORATE,2025-06-08 04:00:00,2025-11-07 04:00:00
C03944,Pooja Das,pooja.das3944@example.com,+91-9000003944,EAST,PREMIUM,2026-01-29 08:00:00,2026-02-28 08:00:00
C03945,Aisha Kumar,aisha.kumar3945@example.com,+91-9000003945,WEST,STANDARD,2026-05-12 10:00:00,2026-09-03 10:00:00
C03946,Meera Iyer,meera.iyer3946@example.com,+91-9000003946,SOUTH,PREMIUM,2025-04-19 00:00:00,2025-09-06 00:00:00
C03947,Aarav Das,aarav.das3947@example.com,+91-9000003947,NORTH,PREMIUM,2026-07-17 11:00:00,2026-11-22 11:00:00
C03948,Vivaan Sharma,vivaan.sharma3948@example.com,+91-9000003948,WEST,CORPORATE,2025-06-23 20:00:00,2025-09-06 20:00:00
C03949,Rohan Joshi,rohan.joshi3949@example.com,+91-9000003949,NORTH,STANDARD,2025-05-19 06:00:00,2025-06-29 06:00:00
C03950,Arjun Singh,arjun.singh3950@example.com,+91-9000003950,NORTH,CORPORATE,2026-08-23 01:00:00,2027-02-10 01:00:00
C03951,Ishita Iyer,ishita.iyer3951@example.com,+91-9000003951,WEST,PREMIUM,2025-12-27 14:00:00,2026-06-15 14:00:00
C03952,Sneha Sharma,sneha.sharma3952@example.com,+91-9000003952,NORTH,STANDARD,2026-02-03 14:00:00,2026-05-25 14:00:00
C03953,Neha Mehta,neha.mehta3953@example.com,+91-9000003953,NORTH,PREMIUM,2025-05-02 07:00:00,2025-10-27 07:00:00
C03954,Sai Reddy,sai.reddy3954@example.com,+91-9000003954,SOUTH,PREMIUM,2025-11-26 01:00:00,2026-02-10 01:00:00
C03955,Sai Singh,sai.singh3955@example.com,+91-9000003955,EAST,STANDARD,2025-03-16 00:00:00,2025-05-10 00:00:00
C03956,Rohan Verma,rohan.verma3956@example.com,+91-9000003956,WEST,PREMIUM,2025-02-17 20:00:00,2025-03-29 20:00:00
C03957,Nikhil Chowdhury,nikhil.chowdhury3957@example.com,+91-9000003957,SOUTH,CORPORATE,2025-08-05 22:00:00,2025-12-20 22:00:00
C03958,Kiran Nair,kiran.nair3958@example.com,+91-9000003958,WEST,PREMIUM,2025-05-21 09:00:00,2025-09-26 09:00:00
C03959,Aditya Kumar,aditya.kumar3959@example.com,+91-9000003959,WEST,STANDARD,2025-01-25 00:00:00,2025-05-13 00:00:00
C03960,Neha Joshi,neha.joshi3960@example.com,+91-9000003960,NORTH,STANDARD,2025-03-18 00:00:00,2025-03-29 00:00:00
C03961,Sai Reddy,sai.reddy3961@example.com,+91-9000003961,NORTH,PREMIUM,2026-01-13 02:00:00,2026-04-16 02:00:00
C03962,Aisha Singh,aisha.singh3962@example.com,+91-9000003962,WEST,STANDARD,2025-10-25 12:00:00,2026-04-13 12:00:00
C03963,Neha Chowdhury,neha.chowdhury3963@example.com,+91-9000003963,WEST,CORPORATE,2025-12-04 07:00:00,2025-12-27 07:00:00
C03964,Aditya Sharma,aditya.sharma3964@example.com,+91-9000003964,SOUTH,PREMIUM,2025-11-30 00:00:00,2026-04-06 00:00:00
C03965,Meera Rao,meera.rao3965@example.com,+91-9000003965,WEST,CORPORATE,2025-06-09 15:00:00,2025-09-25 15:00:00
C03966,Arjun Verma,arjun.verma3966@example.com,+91-9000003966,WEST,PREMIUM,2026-04-29 07:00:00,2026-07-20 07:00:00
C03967,Arjun Patel,arjun.patel3967@example.com,+91-9000003967,EAST,PREMIUM,2026-07-14 02:00:00,2026-10-06 02:00:00
C03968,Arjun Patel,arjun.patel3968@example.com,+91-9000003968,NORTH,CORPORATE,2025-08-28 18:00:00,2026-01-02 18:00:00
C03969,Kavya Reddy,kavya.reddy3969@example.com,+91-9000003969,WEST,STANDARD,2025-12-16 11:00:00,2026-03-22 11:00:00
C03970,Vivaan Joshi,vivaan.joshi3970@example.com,+91-9000003970,SOUTH,STANDARD,2026-09-05 14:00:00,2026-12-12 14:00:00
C03971,Aarav Patel,aarav.patel3971@example.com,+91-9000003971,NORTH,CORPORATE,2025-10-30 09:00:00,2026-02-01 09:00:00
C03972,Vikram Singh,vikram.singh3972@example.com,+91-9000003972,SOUTH,STANDARD,2026-04-19 14:00:00,2026-07-19 14:00:00
C03973,Aditya Gupta,aditya.gupta3973@example.com,+91-9000003973,EAST,STANDARD,2025-04-15 00:00:00,2025-04-30 00:00:00
C03974,Kavya Gupta,kavya.gupta3974@example.com,+91-9000003974,NORTH,PREMIUM,2025-05-06 11:00:00,2025-10-19 11:00:00
C03975,Sneha Iyer,sneha.iyer3975@example.com,+91-9000003975,SOUTH,STANDARD,2025-08-24 15:00:00,2025-09-18 15:00:00
C03976,Sneha Verma,sneha.verma3976@example.com,+91-9000003976,WEST,STANDARD,2025-11-11 07:00:00,2025-12-28 07:00:00
C03977,Priya Rao,priya.rao3977@example.com,+91-9000003977,WEST,PREMIUM,2025-03-16 09:00:00,2025-09-12 09:00:00
C03978,Priya Das,priya.das3978@example.com,+91-9000003978,SOUTH,STANDARD,2025-07-05 12:00:00,2025-11-26 12:00:00
C03979,Rahul Verma,rahul.verma3979@example.com,+91-9000003979,WEST,PREMIUM,2025-09-23 12:00:00,2025-10-30 12:00:00
C03980,Priya Patel,priya.patel3980@example.com,+91-9000003980,WEST,STANDARD,2026-07-23 16:00:00,2026-11-14 16:00:00
C03981,Meera Singh,meera.singh3981@example.com,+91-9000003981,SOUTH,PREMIUM,2025-09-14 04:00:00,2026-02-28 04:00:00
C03982,Ishita Das,ishita.das3982@example.com,+91-9000003982,EAST,STANDARD,2025-07-31 04:00:00,2026-01-27 04:00:00
C03983,Rohan Verma,rohan.verma3983@example.com,+91-9000003983,WEST,PREMIUM,2025-08-02 23:00:00,2025-12-01 23:00:00
C03984,Meera Mehta,meera.mehta3984@example.com,+91-9000003984,NORTH,STANDARD,2025-05-22 11:00:00,2025-07-16 11:00:00
C03985,Kavya Singh,kavya.singh3985@example.com,+91-9000003985,NORTH,STANDARD,2026-06-01 15:00:00,2026-09-13 15:00:00
C03986,Aarav Joshi,aarav.joshi3986@example.com,+91-9000003986,WEST,PREMIUM,2025-09-27 16:00:00,2026-02-25 16:00:00
C03987,Kiran Patel,kiran.patel3987@example.com,+91-9000003987,NORTH,PREMIUM,2025-02-28 22:00:00,2025-04-29 22:00:00
C03988,Vikram Sharma,vikram.sharma3988@example.com,+91-9000003988,WEST,CORPORATE,2025-12-22 00:00:00,2026-01-28 00:00:00
C03989,Sneha Kumar,sneha.kumar3989@example.com,+91-9000003989,SOUTH,PREMIUM,2026-08-15 13:00:00,2027-01-14 13:00:00
C03990,Priya Singh,priya.singh3990@example.com,+91-9000003990,NORTH,STANDARD,2025-09-21 00:00:00,2026-03-14 00:00:00
C03991,Ananya Singh,ananya.singh3991@example.com,+91-9000003991,EAST,CORPORATE,2026-04-07 01:00:00,2026-09-06 01:00:00
C03992,Priya Gupta,priya.gupta3992@example.com,+91-9000003992,WEST,STANDARD,2025-12-14 11:00:00,2026-04-04 11:00:00
C03993,Aditya Nair,aditya.nair3993@example.com,+91-9000003993,WEST,PREMIUM,2025-01-29 07:00:00,2025-03-07 07:00:00
C03994,Rahul Gupta,rahul.gupta3994@example.com,+91-9000003994,SOUTH,PREMIUM,2025-08-04 12:00:00,2025-09-25 12:00:00
C03995,Rahul Sharma,rahul.sharma3995@example.com,+91-9000003995,SOUTH,PREMIUM,2025-06-30 05:00:00,2025-07-26 05:00:00
C03996,Arjun Joshi,arjun.joshi3996@example.com,+91-9000003996,NORTH,CORPORATE,2025-03-18 14:00:00,2025-07-21 14:00:00
C03997,Meera Nair,meera.nair3997@example.com,+91-9000003997,SOUTH,PREMIUM,2025-05-04 15:00:00,2025-06-15 15:00:00
C03998,Vivaan Joshi,vivaan.joshi3998@example.com,+91-9000003998,NORTH,CORPORATE,2025-10-29 05:00:00,2026-02-01 05:00:00
C03999,Arjun Rao,arjun.rao3999@example.com,+91-9000003999,NORTH,CORPORATE,2025-10-02 17:00:00,2026-02-20 17:00:00
C04000,Kiran Sharma,kiran.sharma4000@example.com,+91-9000004000,SOUTH,PREMIUM,2026-01-19 05:00:00,2026-06-16 05:00:00
C04001,Aarav Kumar,aarav.kumar4001@example.com,+91-9000004001,SOUTH,STANDARD,2026-08-22 05:00:00,2026-10-07 05:00:00
C04002,Meera Nair,meera.nair4002@example.com,+91-9000004002,SOUTH,PREMIUM,2026-07-17 00:00:00,2026-09-02 00:00:00
C04003,Ishita Rao,ishita.rao4003@example.com,+91-9000004003,SOUTH,PREMIUM,2026-05-23 02:00:00,2026-10-09 02:00:00
C04004,Aarav Chowdhury,aarav.chowdhury4004@example.com,+91-9000004004,EAST,STANDARD,2025-03-15 14:00:00,2025-05-09 14:00:00
C04005,Aditya Singh,aditya.singh4005@example.com,+91-9000004005,SOUTH,PREMIUM,2025-07-18 14:00:00,2026-01-09 14:00:00
C04006,Aarav Sharma,aarav.sharma4006@example.com,+91-9000004006,WEST,STANDARD,2025-10-26 18:00:00,2025-12-12 18:00:00
C04007,Meera Chowdhury,meera.chowdhury4007@example.com,+91-9000004007,WEST,PREMIUM,2026-04-15 05:00:00,2026-07-20 05:00:00
C04008,Pooja Kumar,pooja.kumar4008@example.com,+91-9000004008,SOUTH,CORPORATE,2025-04-26 14:00:00,2025-07-06 14:00:00
C04009,Priya Singh,priya.singh4009@example.com,+91-9000004009,SOUTH,CORPORATE,2025-09-05 17:00:00,2025-10-31 17:00:00
C04010,Pooja Sharma,pooja.sharma4010@example.com,+91-9000004010,WEST,STANDARD,2026-02-12 10:00:00,2026-03-24 10:00:00
C04011,Diya Nair,diya.nair4011@example.com,+91-9000004011,SOUTH,CORPORATE,2026-07-18 10:00:00,2026-12-19 10:00:00
C04012,Kiran Mehta,kiran.mehta4012@example.com,+91-9000004012,SOUTH,PREMIUM,2026-09-12 07:00:00,2027-03-10 07:00:00
C04013,Rahul Joshi,rahul.joshi4013@example.com,+91-9000004013,WEST,STANDARD,2026-05-21 05:00:00,2026-06-30 05:00:00
C04014,Pooja Reddy,pooja.reddy4014@example.com,+91-9000004014,NORTH,CORPORATE,2026-02-01 07:00:00,2026-02-13 07:00:00
C04015,Nikhil Joshi,nikhil.joshi4015@example.com,+91-9000004015,SOUTH,STANDARD,2026-07-31 13:00:00,2026-11-18 13:00:00
C04016,Meera Gupta,meera.gupta4016@example.com,+91-9000004016,NORTH,STANDARD,2026-02-09 20:00:00,2026-06-05 20:00:00
C04017,Rahul Iyer,rahul.iyer4017@example.com,+91-9000004017,WEST,CORPORATE,2025-11-08 11:00:00,2026-03-13 11:00:00
C04018,Vikram Nair,vikram.nair4018@example.com,+91-9000004018,SOUTH,PREMIUM,2026-08-24 11:00:00,2026-08-24 11:00:00
C04019,Kavya Chowdhury,kavya.chowdhury4019@example.com,+91-9000004019,WEST,STANDARD,2026-07-14 13:00:00,2026-10-29 13:00:00
C04020,Sneha Verma,sneha.verma4020@example.com,+91-9000004020,SOUTH,STANDARD,2026-02-27 00:00:00,2026-07-16 00:00:00
C04021,Aarav Das,aarav.das4021@example.com,+91-9000004021,SOUTH,CORPORATE,2025-04-16 18:00:00,2025-04-27 18:00:00
C04022,Rahul Patel,rahul.patel4022@example.com,+91-9000004022,WEST,STANDARD,2025-03-21 11:00:00,2025-08-26 11:00:00
C04023,Vivaan Rao,vivaan.rao4023@example.com,+91-9000004023,NORTH,STANDARD,2025-09-23 17:00:00,2026-02-19 17:00:00
C04024,Kiran Patel,kiran.patel4024@example.com,+91-9000004024,WEST,STANDARD,2025-06-10 11:00:00,2025-08-01 11:00:00
C04025,Rahul Sharma,rahul.sharma4025@example.com,+91-9000004025,NORTH,STANDARD,2025-06-21 07:00:00,2025-07-01 07:00:00
C04026,Sai Joshi,sai.joshi4026@example.com,+91-9000004026,NORTH,PREMIUM,2026-01-19 20:00:00,2026-02-03 20:00:00
C04027,Arjun Nair,arjun.nair4027@example.com,+91-9000004027,WEST,PREMIUM,2025-08-20 10:00:00,2026-02-10 10:00:00
C04028,Vivaan Kumar,vivaan.kumar4028@example.com,+91-9000004028,WEST,CORPORATE,2026-02-19 18:00:00,2026-07-12 18:00:00
C04029,Nikhil Mehta,nikhil.mehta4029@example.com,+91-9000004029,WEST,STANDARD,2025-08-02 19:00:00,2025-09-20 19:00:00
C04030,Rahul Rao,rahul.rao4030@example.com,+91-9000004030,SOUTH,CORPORATE,2025-09-10 12:00:00,2025-12-28 12:00:00
C04031,Sai Sharma,sai.sharma4031@example.com,+91-9000004031,NORTH,CORPORATE,2026-07-05 00:00:00,2026-11-19 00:00:00
C04032,Kiran Reddy,kiran.reddy4032@example.com,+91-9000004032,WEST,STANDARD,2025-05-10 08:00:00,2025-06-20 08:00:00
C04033,Pooja Sharma,pooja.sharma4033@example.com,+91-9000004033,NORTH,PREMIUM,2026-03-31 10:00:00,2026-06-19 10:00:00
C04034,Neha Nair,neha.nair4034@example.com,+91-9000004034,SOUTH,STANDARD,2025-05-18 01:00:00,2025-07-19 01:00:00
C04035,Sneha Singh,sneha.singh4035@example.com,+91-9000004035,EAST,PREMIUM,2025-07-22 02:00:00,2025-10-09 02:00:00
C04036,Pooja Verma,pooja.verma4036@example.com,+91-9000004036,SOUTH,STANDARD,2025-10-12 05:00:00,2026-01-18 05:00:00
C04037,Rahul Nair,rahul.nair4037@example.com,+91-9000004037,SOUTH,CORPORATE,2025-10-02 20:00:00,2025-11-23 20:00:00
C04038,Priya Verma,priya.verma4038@example.com,+91-9000004038,SOUTH,STANDARD,2025-04-11 18:00:00,2025-07-21 18:00:00
C04039,Priya Reddy,priya.reddy4039@example.com,+91-9000004039,EAST,PREMIUM,2025-08-23 03:00:00,2025-10-21 03:00:00
C04040,Ishita Patel,ishita.patel4040@example.com,+91-9000004040,EAST,PREMIUM,2026-03-10 08:00:00,2026-04-17 08:00:00
C04041,Kavya Das,kavya.das4041@example.com,+91-9000004041,NORTH,STANDARD,2026-02-13 08:00:00,2026-03-21 08:00:00
C04042,Aarav Kapoor,aarav.kapoor4042@example.com,+91-9000004042,EAST,STANDARD,2026-03-12 03:00:00,2026-03-18 03:00:00
C04043,Aarav Nair,aarav.nair4043@example.com,+91-9000004043,WEST,PREMIUM,2026-08-31 05:00:00,2026-11-19 05:00:00
C04044,Sai Rao,sai.rao4044@example.com,+91-9000004044,SOUTH,CORPORATE,2025-03-04 06:00:00,2025-03-31 06:00:00
C04045,Aditya Verma,aditya.verma4045@example.com,+91-9000004045,NORTH,STANDARD,2025-08-24 10:00:00,2025-11-13 10:00:00
C04046,Arjun Rao,arjun.rao4046@example.com,+91-9000004046,SOUTH,STANDARD,2025-08-03 23:00:00,2025-12-29 23:00:00
C04047,Arjun Rao,arjun.rao4047@example.com,+91-9000004047,SOUTH,CORPORATE,2025-09-01 21:00:00,2025-12-23 21:00:00
C04048,Sneha Kapoor,sneha.kapoor4048@example.com,+91-9000004048,SOUTH,PREMIUM,2026-08-29 14:00:00,2026-12-26 14:00:00
C04049,Neha Patel,neha.patel4049@example.com,+91-9000004049,WEST,STANDARD,2026-01-19 22:00:00,2026-02-27 22:00:00
C04050,Aditya Iyer,aditya.iyer4050@example.com,+91-9000004050,WEST,CORPORATE,2026-07-13 07:00:00,2027-01-01 07:00:00
C04051,Ananya Mehta,ananya.mehta4051@example.com,+91-9000004051,NORTH,STANDARD,2026-07-07 03:00:00,2026-07-08 03:00:00
C04052,Nikhil Joshi,nikhil.joshi4052@example.com,+91-9000004052,EAST,STANDARD,2026-07-10 15:00:00,2026-10-28 15:00:00
C04053,Sneha Das,sneha.das4053@example.com,+91-9000004053,WEST,STANDARD,2026-01-27 18:00:00,2026-03-28 18:00:00
C04054,Rahul Nair,rahul.nair4054@example.com,+91-9000004054,NORTH,PREMIUM,2026-08-27 17:00:00,2026-09-20 17:00:00
C04055,Diya Chowdhury,diya.chowdhury4055@example.com,+91-9000004055,NORTH,PREMIUM,2025-02-28 05:00:00,2025-07-16 05:00:00
C04056,Nikhil Singh,nikhil.singh4056@example.com,+91-9000004056,WEST,PREMIUM,2025-10-09 01:00:00,2026-03-20 01:00:00
C04057,Kavya Joshi,kavya.joshi4057@example.com,+91-9000004057,WEST,CORPORATE,2026-01-03 23:00:00,2026-02-21 23:00:00
C04058,Aisha Patel,aisha.patel4058@example.com,+91-9000004058,NORTH,CORPORATE,2025-11-25 22:00:00,2026-03-27 22:00:00
C04059,Sai Singh,sai.singh4059@example.com,+91-9000004059,WEST,PREMIUM,2025-06-26 00:00:00,2025-10-05 00:00:00
C04060,Sneha Patel,sneha.patel4060@example.com,+91-9000004060,NORTH,PREMIUM,2026-08-22 05:00:00,2026-10-16 05:00:00
C04061,Ananya Mehta,ananya.mehta4061@example.com,+91-9000004061,NORTH,PREMIUM,2026-01-18 02:00:00,2026-03-02 02:00:00
C04062,Aisha Patel,aisha.patel4062@example.com,+91-9000004062,NORTH,STANDARD,2025-06-26 05:00:00,2025-07-23 05:00:00
C04063,Aisha Patel,aisha.patel4063@example.com,+91-9000004063,NORTH,STANDARD,2025-12-28 23:00:00,2026-03-14 23:00:00
C04064,Priya Patel,priya.patel4064@example.com,+91-9000004064,WEST,CORPORATE,2026-07-20 13:00:00,2026-09-22 13:00:00
C04065,Rahul Das,rahul.das4065@example.com,+91-9000004065,SOUTH,STANDARD,2025-01-14 02:00:00,2025-03-17 02:00:00
C04066,Vikram Reddy,vikram.reddy4066@example.com,+91-9000004066,NORTH,STANDARD,2025-10-22 18:00:00,2026-03-23 18:00:00
C04067,Aarav Joshi,aarav.joshi4067@example.com,+91-9000004067,NORTH,PREMIUM,2025-01-14 19:00:00,2025-02-26 19:00:00
C04068,Priya Sharma,priya.sharma4068@example.com,+91-9000004068,NORTH,STANDARD,2025-05-18 13:00:00,2025-07-24 13:00:00
C04069,Ananya Chowdhury,ananya.chowdhury4069@example.com,+91-9000004069,NORTH,PREMIUM,2025-02-23 18:00:00,2025-04-13 18:00:00
C04070,Rahul Reddy,rahul.reddy4070@example.com,+91-9000004070,SOUTH,STANDARD,2026-05-04 09:00:00,2026-07-02 09:00:00
C04071,Neha Reddy,neha.reddy4071@example.com,+91-9000004071,SOUTH,CORPORATE,2025-02-21 23:00:00,2025-04-18 23:00:00
C04072,Kiran Verma,kiran.verma4072@example.com,+91-9000004072,NORTH,STANDARD,2025-07-25 17:00:00,2025-08-28 17:00:00
C04073,Rahul Rao,rahul.rao4073@example.com,+91-9000004073,SOUTH,CORPORATE,2026-04-20 02:00:00,2026-06-15 02:00:00
C04074,Ishita Chowdhury,ishita.chowdhury4074@example.com,+91-9000004074,SOUTH,PREMIUM,2025-01-06 22:00:00,2025-01-11 22:00:00
C04075,Kavya Patel,kavya.patel4075@example.com,+91-9000004075,SOUTH,PREMIUM,2026-04-18 15:00:00,2026-07-29 15:00:00
C04076,Vikram Singh,vikram.singh4076@example.com,+91-9000004076,NORTH,STANDARD,2025-04-24 21:00:00,2025-08-23 21:00:00
C04077,Meera Chowdhury,meera.chowdhury4077@example.com,+91-9000004077,WEST,STANDARD,2025-05-13 12:00:00,2025-09-24 12:00:00
C04078,Diya Sharma,diya.sharma4078@example.com,+91-9000004078,NORTH,STANDARD,2025-01-16 18:00:00,2025-05-14 18:00:00
C04079,Rahul Kumar,rahul.kumar4079@example.com,+91-9000004079,SOUTH,PREMIUM,2025-10-05 13:00:00,2026-01-21 13:00:00
C04080,Sai Chowdhury,sai.chowdhury4080@example.com,+91-9000004080,SOUTH,STANDARD,2025-08-17 21:00:00,2025-10-06 21:00:00
C04081,Meera Reddy,meera.reddy4081@example.com,+91-9000004081,NORTH,PREMIUM,2025-01-13 20:00:00,2025-03-26 20:00:00
C04082,Aditya Singh,aditya.singh4082@example.com,+91-9000004082,WEST,CORPORATE,2025-11-03 04:00:00,2025-11-28 04:00:00
C04083,Ishita Verma,ishita.verma4083@example.com,+91-9000004083,SOUTH,CORPORATE,2025-10-10 09:00:00,2025-11-29 09:00:00
C04084,Priya Patel,priya.patel4084@example.com,+91-9000004084,NORTH,CORPORATE,2026-04-21 15:00:00,2026-07-22 15:00:00
C04085,Sneha Singh,sneha.singh4085@example.com,+91-9000004085,WEST,PREMIUM,2025-02-02 13:00:00,2025-07-06 13:00:00
C04086,Nikhil Patel,nikhil.patel4086@example.com,+91-9000004086,NORTH,STANDARD,2025-02-16 08:00:00,2025-06-17 08:00:00
C04087,Ananya Chowdhury,ananya.chowdhury4087@example.com,+91-9000004087,WEST,CORPORATE,2025-12-15 03:00:00,2026-04-06 03:00:00
C04088,Aarav Reddy,aarav.reddy4088@example.com,+91-9000004088,NORTH,CORPORATE,2026-05-22 19:00:00,2026-07-09 19:00:00
C04089,Rahul Rao,rahul.rao4089@example.com,+91-9000004089,SOUTH,PREMIUM,2025-07-07 01:00:00,2025-11-27 01:00:00
C04090,Kiran Gupta,kiran.gupta4090@example.com,+91-9000004090,WEST,STANDARD,2025-11-12 08:00:00,2026-03-19 08:00:00
C04091,Rahul Kumar,rahul.kumar4091@example.com,+91-9000004091,NORTH,PREMIUM,2025-10-03 11:00:00,2025-11-22 11:00:00
C04092,Kavya Chowdhury,kavya.chowdhury4092@example.com,+91-9000004092,WEST,PREMIUM,2026-02-03 18:00:00,2026-06-28 18:00:00
C04093,Aarav Patel,aarav.patel4093@example.com,+91-9000004093,WEST,PREMIUM,2026-01-03 09:00:00,2026-03-01 09:00:00
C04094,Ishita Chowdhury,ishita.chowdhury4094@example.com,+91-9000004094,WEST,CORPORATE,2025-05-21 13:00:00,2025-05-31 13:00:00
C04095,Vikram Mehta,vikram.mehta4095@example.com,+91-9000004095,WEST,CORPORATE,2026-04-24 05:00:00,2026-08-13 05:00:00
C04096,Vikram Reddy,vikram.reddy4096@example.com,+91-9000004096,NORTH,PREMIUM,2025-01-13 00:00:00,2025-03-12 00:00:00
C04097,Kavya Chowdhury,kavya.chowdhury4097@example.com,+91-9000004097,NORTH,PREMIUM,2025-12-12 20:00:00,2026-02-18 20:00:00
C04098,Rahul Reddy,rahul.reddy4098@example.com,+91-9000004098,WEST,STANDARD,2026-02-05 23:00:00,2026-04-28 23:00:00
C04099,Pooja Nair,pooja.nair4099@example.com,+91-9000004099,NORTH,STANDARD,2025-01-17 01:00:00,2025-05-19 01:00:00
C04100,Aisha Reddy,aisha.reddy4100@example.com,+91-9000004100,NORTH,STANDARD,2025-09-26 21:00:00,2025-12-13 21:00:00
C04101,Sneha Chowdhury,sneha.chowdhury4101@example.com,+91-9000004101,SOUTH,PREMIUM,2026-02-25 23:00:00,2026-04-22 23:00:00
C04102,Priya Iyer,priya.iyer4102@example.com,+91-9000004102,WEST,STANDARD,2026-06-20 08:00:00,2026-10-15 08:00:00
C04103,Vivaan Singh,vivaan.singh4103@example.com,+91-9000004103,WEST,PREMIUM,2026-01-20 02:00:00,2026-07-05 02:00:00
C04104,Diya Kapoor,diya.kapoor4104@example.com,+91-9000004104,NORTH,PREMIUM,2026-03-02 08:00:00,2026-04-04 08:00:00
C04105,Ishita Joshi,ishita.joshi4105@example.com,+91-9000004105,WEST,STANDARD,2025-08-28 12:00:00,2025-11-30 12:00:00
C04106,Nikhil Kapoor,nikhil.kapoor4106@example.com,+91-9000004106,NORTH,CORPORATE,2025-03-31 16:00:00,2025-09-02 16:00:00
C04107,Pooja Sharma,pooja.sharma4107@example.com,+91-9000004107,EAST,PREMIUM,2025-03-03 04:00:00,2025-08-28 04:00:00
C04108,Rahul Nair,rahul.nair4108@example.com,+91-9000004108,WEST,PREMIUM,2025-04-23 00:00:00,2025-07-17 00:00:00
C04109,Vivaan Mehta,vivaan.mehta4109@example.com,+91-9000004109,WEST,PREMIUM,2026-04-11 20:00:00,2026-04-16 20:00:00
C04110,Nikhil Kumar,nikhil.kumar4110@example.com,+91-9000004110,NORTH,STANDARD,2026-01-08 13:00:00,2026-04-04 13:00:00
C04111,Vivaan Kumar,vivaan.kumar4111@example.com,+91-9000004111,WEST,PREMIUM,2025-09-11 14:00:00,2026-02-09 14:00:00
C04112,Kavya Kumar,kavya.kumar4112@example.com,+91-9000004112,NORTH,PREMIUM,2025-08-05 00:00:00,2026-01-17 00:00:00
C04113,Priya Das,priya.das4113@example.com,+91-9000004113,NORTH,PREMIUM,2025-08-05 00:00:00,2026-01-31 00:00:00
C04114,Arjun Iyer,arjun.iyer4114@example.com,+91-9000004114,SOUTH,PREMIUM,2025-05-19 05:00:00,2025-09-01 05:00:00
C04115,Sneha Kapoor,sneha.kapoor4115@example.com,+91-9000004115,WEST,STANDARD,2026-08-12 20:00:00,2027-01-16 20:00:00
C04116,Aarav Joshi,aarav.joshi4116@example.com,+91-9000004116,WEST,CORPORATE,2026-06-09 14:00:00,2026-10-16 14:00:00
C04117,Meera Verma,meera.verma4117@example.com,+91-9000004117,NORTH,CORPORATE,2025-08-12 16:00:00,2026-01-12 16:00:00
C04118,Vivaan Singh,vivaan.singh4118@example.com,+91-9000004118,NORTH,PREMIUM,2026-04-28 06:00:00,2026-06-19 06:00:00
C04119,Nikhil Das,nikhil.das4119@example.com,+91-9000004119,WEST,CORPORATE,2025-06-23 22:00:00,2025-11-28 22:00:00
C04120,Kavya Joshi,kavya.joshi4120@example.com,+91-9000004120,SOUTH,CORPORATE,2026-05-09 12:00:00,2026-07-28 12:00:00
C04121,Ananya Chowdhury,ananya.chowdhury4121@example.com,+91-9000004121,WEST,CORPORATE,2025-01-23 21:00:00,2025-02-27 21:00:00
C04122,Sai Chowdhury,sai.chowdhury4122@example.com,+91-9000004122,EAST,STANDARD,2025-05-01 22:00:00,2025-07-07 22:00:00
C04123,Aisha Singh,aisha.singh4123@example.com,+91-9000004123,NORTH,CORPORATE,2025-03-21 17:00:00,2025-07-12 17:00:00
C04124,Aarav Singh,aarav.singh4124@example.com,+91-9000004124,SOUTH,STANDARD,2026-02-05 06:00:00,2026-02-22 06:00:00
C04125,Ishita Joshi,ishita.joshi4125@example.com,+91-9000004125,SOUTH,PREMIUM,2025-06-16 18:00:00,2025-08-04 18:00:00
C04126,Pooja Nair,pooja.nair4126@example.com,+91-9000004126,NORTH,STANDARD,2025-07-01 16:00:00,2025-12-20 16:00:00
C04127,Pooja Chowdhury,pooja.chowdhury4127@example.com,+91-9000004127,EAST,STANDARD,2026-07-04 05:00:00,2026-11-24 05:00:00
C04128,Sai Singh,sai.singh4128@example.com,+91-9000004128,WEST,PREMIUM,2025-11-27 06:00:00,2025-12-20 06:00:00
C04129,Priya Mehta,priya.mehta4129@example.com,+91-9000004129,NORTH,PREMIUM,2025-01-07 17:00:00,2025-06-12 17:00:00
C04130,Vikram Patel,vikram.patel4130@example.com,+91-9000004130,WEST,STANDARD,2026-02-19 18:00:00,2026-02-26 18:00:00
C04131,Rohan Mehta,rohan.mehta4131@example.com,+91-9000004131,WEST,STANDARD,2026-08-29 17:00:00,2027-02-17 17:00:00
C04132,Kiran Verma,kiran.verma4132@example.com,+91-9000004132,NORTH,CORPORATE,2025-11-06 21:00:00,2025-11-10 21:00:00
C04133,Arjun Rao,arjun.rao4133@example.com,+91-9000004133,NORTH,PREMIUM,2026-01-03 18:00:00,2026-04-28 18:00:00
C04134,Aarav Singh,aarav.singh4134@example.com,+91-9000004134,SOUTH,CORPORATE,2026-09-06 05:00:00,2026-12-02 05:00:00
C04135,Aisha Gupta,aisha.gupta4135@example.com,+91-9000004135,NORTH,PREMIUM,2025-07-14 00:00:00,2025-12-16 00:00:00
C04136,Kavya Patel,kavya.patel4136@example.com,+91-9000004136,WEST,CORPORATE,2025-10-06 07:00:00,2025-12-16 07:00:00
C04137,Kiran Joshi,kiran.joshi4137@example.com,+91-9000004137,SOUTH,CORPORATE,2025-02-25 22:00:00,2025-08-17 22:00:00
C04138,Aditya Gupta,aditya.gupta4138@example.com,+91-9000004138,NORTH,PREMIUM,2026-07-06 03:00:00,2026-11-11 03:00:00
C04139,Aarav Singh,aarav.singh4139@example.com,+91-9000004139,WEST,CORPORATE,2026-01-21 20:00:00,2026-03-18 20:00:00
C04140,Arjun Verma,arjun.verma4140@example.com,+91-9000004140,SOUTH,STANDARD,2026-06-25 18:00:00,2026-09-30 18:00:00
C04141,Vikram Kapoor,vikram.kapoor4141@example.com,+91-9000004141,SOUTH,CORPORATE,2026-08-18 23:00:00,2026-12-26 23:00:00
C04142,Aditya Verma,aditya.verma4142@example.com,+91-9000004142,EAST,STANDARD,2025-01-02 06:00:00,2025-01-31 06:00:00
C04143,Sneha Sharma,sneha.sharma4143@example.com,+91-9000004143,NORTH,CORPORATE,2026-09-06 04:00:00,2026-11-21 04:00:00
C04144,Vivaan Gupta,vivaan.gupta4144@example.com,+91-9000004144,SOUTH,CORPORATE,2025-02-19 06:00:00,2025-07-30 06:00:00
C04145,Aisha Sharma,aisha.sharma4145@example.com,+91-9000004145,SOUTH,PREMIUM,2026-06-15 20:00:00,2026-07-25 20:00:00
C04146,Ishita Patel,ishita.patel4146@example.com,+91-9000004146,NORTH,PREMIUM,2026-06-26 05:00:00,2026-11-13 05:00:00
C04147,Rahul Das,rahul.das4147@example.com,+91-9000004147,WEST,PREMIUM,2025-10-31 09:00:00,2025-11-07 09:00:00
C04148,Aarav Gupta,aarav.gupta4148@example.com,+91-9000004148,WEST,CORPORATE,2025-05-31 16:00:00,2025-10-26 16:00:00
C04149,Ananya Nair,ananya.nair4149@example.com,+91-9000004149,EAST,CORPORATE,2025-07-08 20:00:00,2025-09-16 20:00:00
C04150,Aditya Reddy,aditya.reddy4150@example.com,+91-9000004150,SOUTH,PREMIUM,2026-03-06 17:00:00,2026-08-04 17:00:00
C04151,Arjun Mehta,arjun.mehta4151@example.com,+91-9000004151,SOUTH,STANDARD,2026-09-07 12:00:00,2027-01-05 12:00:00
C04152,Ishita Singh,ishita.singh4152@example.com,+91-9000004152,WEST,STANDARD,2025-05-16 00:00:00,2025-09-28 00:00:00
C04153,Sai Chowdhury,sai.chowdhury4153@example.com,+91-9000004153,NORTH,STANDARD,2025-01-18 07:00:00,2025-05-14 07:00:00
C04154,Vivaan Das,vivaan.das4154@example.com,+91-9000004154,WEST,CORPORATE,2025-06-29 13:00:00,2025-09-04 13:00:00
C04155,Vikram Rao,vikram.rao4155@example.com,+91-9000004155,NORTH,PREMIUM,2025-08-12 10:00:00,2026-01-20 10:00:00
C04156,Rahul Das,rahul.das4156@example.com,+91-9000004156,WEST,CORPORATE,2025-09-17 10:00:00,2026-01-19 10:00:00
C04157,Aarav Reddy,aarav.reddy4157@example.com,+91-9000004157,WEST,CORPORATE,2025-07-02 00:00:00,2025-12-17 00:00:00
C04158,Sai Rao,sai.rao4158@example.com,+91-9000004158,NORTH,STANDARD,2025-06-16 21:00:00,2025-09-28 21:00:00
C04159,Neha Sharma,neha.sharma4159@example.com,+91-9000004159,SOUTH,STANDARD,2026-08-23 02:00:00,2026-12-18 02:00:00
C04160,Diya Kumar,diya.kumar4160@example.com,+91-9000004160,WEST,PREMIUM,2025-01-10 05:00:00,2025-06-04 05:00:00
C04161,Priya Singh,priya.singh4161@example.com,+91-9000004161,NORTH,PREMIUM,2025-03-02 07:00:00,2025-08-15 07:00:00
C04162,Priya Sharma,priya.sharma4162@example.com,+91-9000004162,WEST,PREMIUM,2025-05-16 09:00:00,2025-08-05 09:00:00
C04163,Sai Chowdhury,sai.chowdhury4163@example.com,+91-9000004163,NORTH,PREMIUM,2025-11-12 01:00:00,2026-01-07 01:00:00
C04164,Meera Rao,meera.rao4164@example.com,+91-9000004164,WEST,PREMIUM,2026-05-29 02:00:00,2026-08-31 02:00:00
C04165,Vikram Das,vikram.das4165@example.com,+91-9000004165,NORTH,CORPORATE,2025-01-17 07:00:00,2025-03-27 07:00:00
C04166,Kavya Iyer,kavya.iyer4166@example.com,+91-9000004166,NORTH,CORPORATE,2025-05-31 03:00:00,2025-10-23 03:00:00
C04167,Priya Gupta,priya.gupta4167@example.com,+91-9000004167,NORTH,PREMIUM,2025-09-12 16:00:00,2025-12-23 16:00:00
C04168,Meera Patel,meera.patel4168@example.com,+91-9000004168,WEST,PREMIUM,2025-07-22 04:00:00,2025-07-31 04:00:00
C04169,Ishita Singh,ishita.singh4169@example.com,+91-9000004169,NORTH,CORPORATE,2026-04-20 19:00:00,2026-08-02 19:00:00
C04170,Nikhil Nair,nikhil.nair4170@example.com,+91-9000004170,NORTH,CORPORATE,2025-03-17 04:00:00,2025-06-04 04:00:00
C04171,Pooja Chowdhury,pooja.chowdhury4171@example.com,+91-9000004171,SOUTH,STANDARD,2026-05-12 21:00:00,2026-05-24 21:00:00
C04172,Vikram Patel,vikram.patel4172@example.com,+91-9000004172,NORTH,STANDARD,2026-09-12 16:00:00,2026-10-24 16:00:00
C04173,Meera Nair,meera.nair4173@example.com,+91-9000004173,NORTH,PREMIUM,2025-05-12 00:00:00,2025-08-21 00:00:00
C04174,Aditya Gupta,aditya.gupta4174@example.com,+91-9000004174,NORTH,STANDARD,2026-08-06 18:00:00,2026-09-23 18:00:00
C04175,Diya Singh,diya.singh4175@example.com,+91-9000004175,SOUTH,CORPORATE,2026-08-28 19:00:00,2027-01-29 19:00:00
C04176,Aisha Kumar,aisha.kumar4176@example.com,+91-9000004176,WEST,CORPORATE,2025-08-09 10:00:00,2025-12-09 10:00:00
C04177,Ishita Iyer,ishita.iyer4177@example.com,+91-9000004177,EAST,PREMIUM,2026-06-12 14:00:00,2026-11-15 14:00:00
C04178,Rahul Verma,rahul.verma4178@example.com,+91-9000004178,WEST,STANDARD,2026-03-21 00:00:00,2026-05-23 00:00:00
C04179,Vikram Iyer,vikram.iyer4179@example.com,+91-9000004179,WEST,PREMIUM,2025-06-26 01:00:00,2025-11-28 01:00:00
C04180,Kiran Reddy,kiran.reddy4180@example.com,+91-9000004180,NORTH,CORPORATE,2025-12-02 06:00:00,2026-01-19 06:00:00
C04181,Neha Reddy,neha.reddy4181@example.com,+91-9000004181,NORTH,STANDARD,2025-06-08 04:00:00,2025-06-15 04:00:00
C04182,Aarav Kapoor,aarav.kapoor4182@example.com,+91-9000004182,WEST,STANDARD,2025-03-10 09:00:00,2025-08-24 09:00:00
C04183,Priya Kapoor,priya.kapoor4183@example.com,+91-9000004183,NORTH,CORPORATE,2026-02-13 04:00:00,2026-03-02 04:00:00
C04184,Nikhil Mehta,nikhil.mehta4184@example.com,+91-9000004184,WEST,CORPORATE,2025-08-21 01:00:00,2026-01-12 01:00:00
C04185,Aditya Kumar,aditya.kumar4185@example.com,+91-9000004185,SOUTH,STANDARD,2025-11-04 03:00:00,2026-03-16 03:00:00
C04186,Pooja Gupta,pooja.gupta4186@example.com,+91-9000004186,WEST,PREMIUM,2025-11-26 04:00:00,2025-12-29 04:00:00
C04187,Vivaan Nair,vivaan.nair4187@example.com,+91-9000004187,NORTH,CORPORATE,2026-07-08 13:00:00,2026-10-14 13:00:00
C04188,Nikhil Patel,nikhil.patel4188@example.com,+91-9000004188,SOUTH,PREMIUM,2025-05-19 09:00:00,2025-10-24 09:00:00
C04189,Sai Sharma,sai.sharma4189@example.com,+91-9000004189,WEST,PREMIUM,2026-06-16 05:00:00,2026-08-14 05:00:00
C04190,Aarav Nair,aarav.nair4190@example.com,+91-9000004190,NORTH,CORPORATE,2026-05-12 13:00:00,2026-06-07 13:00:00
C04191,Neha Rao,neha.rao4191@example.com,+91-9000004191,NORTH,STANDARD,2026-07-27 19:00:00,2026-12-19 19:00:00
C04192,Aisha Kapoor,aisha.kapoor4192@example.com,+91-9000004192,NORTH,PREMIUM,2025-02-04 20:00:00,2025-06-20 20:00:00
C04193,Sai Kapoor,sai.kapoor4193@example.com,+91-9000004193,EAST,CORPORATE,2025-01-05 02:00:00,2025-04-08 02:00:00
C04194,Kiran Das,kiran.das4194@example.com,+91-9000004194,NORTH,PREMIUM,2025-01-03 14:00:00,2025-04-17 14:00:00
C04195,Arjun Kapoor,arjun.kapoor4195@example.com,+91-9000004195,NORTH,PREMIUM,2026-06-23 13:00:00,2026-10-23 13:00:00
C04196,Sai Joshi,sai.joshi4196@example.com,+91-9000004196,WEST,STANDARD,2025-10-25 00:00:00,2026-01-11 00:00:00
C04197,Sneha Rao,sneha.rao4197@example.com,+91-9000004197,SOUTH,PREMIUM,2025-05-04 22:00:00,2025-06-30 22:00:00
C04198,Aditya Das,aditya.das4198@example.com,+91-9000004198,NORTH,PREMIUM,2025-07-18 15:00:00,2025-10-29 15:00:00
C04199,Arjun Sharma,arjun.sharma4199@example.com,+91-9000004199,EAST,PREMIUM,2025-02-23 15:00:00,2025-04-14 15:00:00
C04200,Rahul Reddy,rahul.reddy4200@example.com,+91-9000004200,SOUTH,STANDARD,2026-05-24 11:00:00,2026-09-08 11:00:00
C04201,Aditya Joshi,aditya.joshi4201@example.com,+91-9000004201,SOUTH,STANDARD,2026-08-13 21:00:00,2026-09-19 21:00:00
C04202,Ananya Chowdhury,ananya.chowdhury4202@example.com,+91-9000004202,SOUTH,CORPORATE,2026-08-21 19:00:00,2026-10-10 19:00:00
C04203,Kavya Gupta,kavya.gupta4203@example.com,+91-9000004203,EAST,STANDARD,2025-07-18 06:00:00,2025-09-04 06:00:00
C04204,Nikhil Mehta,nikhil.mehta4204@example.com,+91-9000004204,WEST,PREMIUM,2025-07-08 09:00:00,2025-10-30 09:00:00
C04205,Nikhil Iyer,nikhil.iyer4205@example.com,+91-9000004205,EAST,PREMIUM,2025-01-01 08:00:00,2025-01-07 08:00:00
C04206,Priya Mehta,priya.mehta4206@example.com,+91-9000004206,SOUTH,STANDARD,2026-07-02 13:00:00,2026-09-20 13:00:00
C04207,Aditya Kapoor,aditya.kapoor4207@example.com,+91-9000004207,EAST,PREMIUM,2025-01-06 22:00:00,2025-03-29 22:00:00
C04208,Aditya Joshi,aditya.joshi4208@example.com,+91-9000004208,SOUTH,CORPORATE,2025-03-15 15:00:00,2025-08-04 15:00:00
C04209,Diya Reddy,diya.reddy4209@example.com,+91-9000004209,WEST,CORPORATE,2026-05-10 22:00:00,2026-06-21 22:00:00
C04210,Aisha Nair,aisha.nair4210@example.com,+91-9000004210,WEST,PREMIUM,2025-12-22 02:00:00,2026-03-30 02:00:00
C04211,Rohan Rao,rohan.rao4211@example.com,+91-9000004211,SOUTH,CORPORATE,2025-02-07 19:00:00,2025-05-08 19:00:00
C04212,Kavya Sharma,kavya.sharma4212@example.com,+91-9000004212,WEST,CORPORATE,2025-12-19 11:00:00,2026-01-08 11:00:00
C04213,Arjun Verma,arjun.verma4213@example.com,+91-9000004213,WEST,CORPORATE,2026-04-08 08:00:00,2026-09-13 08:00:00
C04214,Ishita Das,ishita.das4214@example.com,+91-9000004214,NORTH,CORPORATE,2026-01-10 07:00:00,2026-02-08 07:00:00
C04215,Ishita Sharma,ishita.sharma4215@example.com,+91-9000004215,SOUTH,STANDARD,2026-05-19 15:00:00,2026-07-30 15:00:00
C04216,Aarav Nair,aarav.nair4216@example.com,+91-9000004216,WEST,PREMIUM,2025-09-09 00:00:00,2025-11-27 00:00:00
C04217,Arjun Iyer,arjun.iyer4217@example.com,+91-9000004217,WEST,CORPORATE,2025-10-10 00:00:00,2026-02-26 00:00:00
C04218,Sai Patel,sai.patel4218@example.com,+91-9000004218,SOUTH,CORPORATE,2025-03-25 17:00:00,2025-05-17 17:00:00
C04219,Pooja Singh,pooja.singh4219@example.com,+91-9000004219,SOUTH,STANDARD,2026-02-08 05:00:00,2026-06-19 05:00:00
C04220,Diya Kapoor,diya.kapoor4220@example.com,+91-9000004220,NORTH,CORPORATE,2026-07-12 17:00:00,2026-09-21 17:00:00
C04221,Aarav Das,aarav.das4221@example.com,+91-9000004221,WEST,STANDARD,2026-04-01 17:00:00,2026-05-09 17:00:00
C04222,Ishita Verma,ishita.verma4222@example.com,+91-9000004222,NORTH,STANDARD,2025-06-11 19:00:00,2025-09-16 19:00:00
C04223,Nikhil Mehta,nikhil.mehta4223@example.com,+91-9000004223,NORTH,STANDARD,2026-03-24 22:00:00,2026-05-15 22:00:00
C04224,Kiran Verma,kiran.verma4224@example.com,+91-9000004224,WEST,STANDARD,2026-03-04 04:00:00,2026-04-21 04:00:00
C04225,Neha Gupta,neha.gupta4225@example.com,+91-9000004225,SOUTH,CORPORATE,2025-11-04 08:00:00,2026-03-13 08:00:00
C04226,Vivaan Joshi,vivaan.joshi4226@example.com,+91-9000004226,SOUTH,CORPORATE,2026-03-19 15:00:00,2026-08-20 15:00:00
C04227,Aisha Gupta,aisha.gupta4227@example.com,+91-9000004227,SOUTH,STANDARD,2025-02-13 19:00:00,2025-08-05 19:00:00
C04228,Arjun Nair,arjun.nair4228@example.com,+91-9000004228,WEST,STANDARD,2025-04-05 17:00:00,2025-04-25 17:00:00
C04229,Aditya Kumar,aditya.kumar4229@example.com,+91-9000004229,NORTH,STANDARD,2025-05-29 12:00:00,2025-06-22 12:00:00
C04230,Ananya Iyer,ananya.iyer4230@example.com,+91-9000004230,NORTH,CORPORATE,2025-10-10 17:00:00,2025-10-22 17:00:00
C04231,Ananya Patel,ananya.patel4231@example.com,+91-9000004231,SOUTH,CORPORATE,2026-02-13 07:00:00,2026-03-15 07:00:00
C04232,Arjun Nair,arjun.nair4232@example.com,+91-9000004232,WEST,PREMIUM,2026-02-17 01:00:00,2026-08-11 01:00:00
C04233,Rahul Patel,rahul.patel4233@example.com,+91-9000004233,WEST,CORPORATE,2025-01-19 10:00:00,2025-05-19 10:00:00
C04234,Aarav Gupta,aarav.gupta4234@example.com,+91-9000004234,NORTH,CORPORATE,2026-05-04 08:00:00,2026-07-14 08:00:00
C04235,Nikhil Gupta,nikhil.gupta4235@example.com,+91-9000004235,SOUTH,CORPORATE,2025-02-28 17:00:00,2025-04-19 17:00:00
C04236,Aditya Gupta,aditya.gupta4236@example.com,+91-9000004236,NORTH,CORPORATE,2025-03-07 09:00:00,2025-03-25 09:00:00
C04237,Neha Nair,neha.nair4237@example.com,+91-9000004237,WEST,CORPORATE,2025-12-14 23:00:00,2026-02-21 23:00:00
C04238,Meera Kapoor,meera.kapoor4238@example.com,+91-9000004238,NORTH,STANDARD,2026-05-13 12:00:00,2026-08-25 12:00:00
C04239,Rahul Kumar,rahul.kumar4239@example.com,+91-9000004239,NORTH,PREMIUM,2025-12-01 22:00:00,2025-12-01 22:00:00
C04240,Diya Kumar,diya.kumar4240@example.com,+91-9000004240,NORTH,STANDARD,2025-01-14 04:00:00,2025-05-30 04:00:00
C04241,Nikhil Sharma,nikhil.sharma4241@example.com,+91-9000004241,EAST,CORPORATE,2025-05-13 11:00:00,2025-09-04 11:00:00
C04242,Aarav Kumar,aarav.kumar4242@example.com,+91-9000004242,NORTH,STANDARD,2026-02-02 16:00:00,2026-04-27 16:00:00
C04243,Vivaan Singh,vivaan.singh4243@example.com,+91-9000004243,NORTH,PREMIUM,2025-08-31 01:00:00,2025-10-31 01:00:00
C04244,Meera Chowdhury,meera.chowdhury4244@example.com,+91-9000004244,SOUTH,STANDARD,2025-01-09 11:00:00,2025-05-24 11:00:00
C04245,Aditya Das,aditya.das4245@example.com,+91-9000004245,SOUTH,CORPORATE,2026-03-16 08:00:00,2026-08-02 08:00:00
C04246,Pooja Reddy,pooja.reddy4246@example.com,+91-9000004246,NORTH,STANDARD,2025-01-12 06:00:00,2025-06-12 06:00:00
C04247,Arjun Patel,arjun.patel4247@example.com,+91-9000004247,WEST,CORPORATE,2025-03-02 23:00:00,2025-03-09 23:00:00
C04248,Sai Verma,sai.verma4248@example.com,+91-9000004248,NORTH,PREMIUM,2025-05-19 00:00:00,2025-08-13 00:00:00
C04249,Rahul Mehta,rahul.mehta4249@example.com,+91-9000004249,NORTH,CORPORATE,2025-07-24 14:00:00,2025-11-20 14:00:00
C04250,Neha Verma,neha.verma4250@example.com,+91-9000004250,NORTH,CORPORATE,2025-08-25 03:00:00,2025-10-11 03:00:00
C04251,Ishita Sharma,ishita.sharma4251@example.com,+91-9000004251,WEST,PREMIUM,2025-02-20 19:00:00,2025-03-03 19:00:00
C04252,Sai Chowdhury,sai.chowdhury4252@example.com,+91-9000004252,EAST,PREMIUM,2026-04-20 11:00:00,2026-10-06 11:00:00
C04253,Ananya Rao,ananya.rao4253@example.com,+91-9000004253,NORTH,STANDARD,2025-10-07 20:00:00,2025-10-18 20:00:00
C04254,Ananya Rao,ananya.rao4254@example.com,+91-9000004254,WEST,CORPORATE,2026-07-25 19:00:00,2026-10-06 19:00:00
C04255,Ananya Kumar,ananya.kumar4255@example.com,+91-9000004255,SOUTH,CORPORATE,2026-06-11 02:00:00,2026-06-15 02:00:00
C04256,Aisha Reddy,aisha.reddy4256@example.com,+91-9000004256,NORTH,PREMIUM,2026-07-16 19:00:00,2026-12-24 19:00:00
C04257,Diya Iyer,diya.iyer4257@example.com,+91-9000004257,WEST,PREMIUM,2025-08-05 09:00:00,2025-11-14 09:00:00
C04258,Ishita Patel,ishita.patel4258@example.com,+91-9000004258,NORTH,STANDARD,2025-06-21 19:00:00,2025-07-22 19:00:00
C04259,Sneha Nair,sneha.nair4259@example.com,+91-9000004259,NORTH,CORPORATE,2026-05-22 01:00:00,2026-09-03 01:00:00
C04260,Ishita Sharma,ishita.sharma4260@example.com,+91-9000004260,SOUTH,PREMIUM,2025-08-29 13:00:00,2025-10-03 13:00:00
C04261,Nikhil Iyer,nikhil.iyer4261@example.com,+91-9000004261,EAST,STANDARD,2026-03-10 00:00:00,2026-05-24 00:00:00
C04262,Priya Chowdhury,priya.chowdhury4262@example.com,+91-9000004262,NORTH,STANDARD,2025-06-07 13:00:00,2025-07-10 13:00:00
C04263,Rohan Verma,rohan.verma4263@example.com,+91-9000004263,WEST,PREMIUM,2025-03-06 11:00:00,2025-03-12 11:00:00
C04264,Aditya Verma,aditya.verma4264@example.com,+91-9000004264,SOUTH,STANDARD,2025-07-23 21:00:00,2025-11-12 21:00:00
C04265,Kiran Das,kiran.das4265@example.com,+91-9000004265,EAST,STANDARD,2025-04-03 13:00:00,2025-06-22 13:00:00
C04266,Meera Sharma,meera.sharma4266@example.com,+91-9000004266,EAST,CORPORATE,2025-12-22 16:00:00,2026-01-06 16:00:00
C04267,Diya Patel,diya.patel4267@example.com,+91-9000004267,WEST,STANDARD,2025-07-03 08:00:00,2025-08-25 08:00:00
C04268,Kiran Nair,kiran.nair4268@example.com,+91-9000004268,EAST,CORPORATE,2025-12-01 09:00:00,2026-02-06 09:00:00
C04269,Vivaan Mehta,vivaan.mehta4269@example.com,+91-9000004269,NORTH,STANDARD,2026-01-20 08:00:00,2026-02-13 08:00:00
C04270,Ananya Mehta,ananya.mehta4270@example.com,+91-9000004270,SOUTH,PREMIUM,2026-04-24 18:00:00,2026-08-19 18:00:00
C04271,Arjun Nair,arjun.nair4271@example.com,+91-9000004271,WEST,CORPORATE,2025-03-23 20:00:00,2025-08-17 20:00:00
C04272,Aisha Singh,aisha.singh4272@example.com,+91-9000004272,WEST,CORPORATE,2026-03-22 23:00:00,2026-07-03 23:00:00
C04273,Pooja Kumar,pooja.kumar4273@example.com,+91-9000004273,NORTH,STANDARD,2026-03-16 10:00:00,2026-08-04 10:00:00
C04274,Kiran Kumar,kiran.kumar4274@example.com,+91-9000004274,NORTH,PREMIUM,2025-11-27 22:00:00,2026-02-02 22:00:00
C04275,Aisha Gupta,aisha.gupta4275@example.com,+91-9000004275,SOUTH,PREMIUM,2026-02-10 17:00:00,2026-08-04 17:00:00
C04276,Priya Sharma,priya.sharma4276@example.com,+91-9000004276,EAST,PREMIUM,2025-07-10 07:00:00,2025-08-01 07:00:00
C04277,Aisha Rao,aisha.rao4277@example.com,+91-9000004277,SOUTH,CORPORATE,2025-09-08 00:00:00,2025-10-25 00:00:00
C04278,Rahul Sharma,rahul.sharma4278@example.com,+91-9000004278,NORTH,PREMIUM,2026-09-10 11:00:00,2026-11-10 11:00:00
C04279,Rohan Kumar,rohan.kumar4279@example.com,+91-9000004279,NORTH,CORPORATE,2025-05-28 22:00:00,2025-09-27 22:00:00
C04280,Rohan Joshi,rohan.joshi4280@example.com,+91-9000004280,NORTH,PREMIUM,2025-05-17 06:00:00,2025-07-30 06:00:00
C04281,Vikram Sharma,vikram.sharma4281@example.com,+91-9000004281,SOUTH,PREMIUM,2025-07-10 17:00:00,2025-09-09 17:00:00
C04282,Rahul Chowdhury,rahul.chowdhury4282@example.com,+91-9000004282,NORTH,CORPORATE,2026-02-09 14:00:00,2026-07-10 14:00:00
C04283,Rahul Rao,rahul.rao4283@example.com,+91-9000004283,EAST,STANDARD,2025-06-19 14:00:00,2025-11-25 14:00:00
C04284,Rahul Kumar,rahul.kumar4284@example.com,+91-9000004284,SOUTH,STANDARD,2026-07-02 10:00:00,2026-08-05 10:00:00
C04285,Kiran Das,kiran.das4285@example.com,+91-9000004285,NORTH,STANDARD,2025-07-06 00:00:00,2025-09-08 00:00:00
C04286,Aarav Reddy,aarav.reddy4286@example.com,+91-9000004286,WEST,STANDARD,2026-03-10 19:00:00,2026-04-23 19:00:00
C04287,Kavya Rao,kavya.rao4287@example.com,+91-9000004287,WEST,PREMIUM,2025-10-28 04:00:00,2026-03-03 04:00:00
C04288,Aditya Nair,aditya.nair4288@example.com,+91-9000004288,SOUTH,CORPORATE,2026-08-29 16:00:00,2026-08-31 16:00:00
C04289,Sneha Verma,sneha.verma4289@example.com,+91-9000004289,NORTH,PREMIUM,2025-11-25 02:00:00,2026-05-20 02:00:00
C04290,Ananya Patel,ananya.patel4290@example.com,+91-9000004290,EAST,PREMIUM,2026-02-03 01:00:00,2026-05-25 01:00:00
C04291,Pooja Mehta,pooja.mehta4291@example.com,+91-9000004291,WEST,STANDARD,2025-03-13 06:00:00,2025-04-13 06:00:00
C04292,Aarav Sharma,aarav.sharma4292@example.com,+91-9000004292,WEST,STANDARD,2026-02-07 09:00:00,2026-07-29 09:00:00
C04293,Sai Patel,sai.patel4293@example.com,+91-9000004293,SOUTH,STANDARD,2026-03-19 20:00:00,2026-07-23 20:00:00
C04294,Priya Gupta,priya.gupta4294@example.com,+91-9000004294,WEST,STANDARD,2026-04-24 06:00:00,2026-08-08 06:00:00
C04295,Kavya Mehta,kavya.mehta4295@example.com,+91-9000004295,NORTH,PREMIUM,2025-02-04 12:00:00,2025-06-06 12:00:00
C04296,Aarav Kapoor,aarav.kapoor4296@example.com,+91-9000004296,WEST,CORPORATE,2026-03-30 00:00:00,2026-06-30 00:00:00
C04297,Vivaan Kumar,vivaan.kumar4297@example.com,+91-9000004297,NORTH,CORPORATE,2026-01-23 01:00:00,2026-04-13 01:00:00
C04298,Rahul Nair,rahul.nair4298@example.com,+91-9000004298,SOUTH,CORPORATE,2026-05-31 09:00:00,2026-08-12 09:00:00
C04299,Aditya Mehta,aditya.mehta4299@example.com,+91-9000004299,EAST,CORPORATE,2025-02-08 20:00:00,2025-04-25 20:00:00
C04300,Vivaan Patel,vivaan.patel4300@example.com,+91-9000004300,SOUTH,CORPORATE,2026-05-23 08:00:00,2026-11-04 08:00:00
C04301,Meera Gupta,meera.gupta4301@example.com,+91-9000004301,SOUTH,PREMIUM,2026-01-11 16:00:00,2026-05-07 16:00:00
C04302,Meera Patel,meera.patel4302@example.com,+91-9000004302,SOUTH,PREMIUM,2026-01-16 18:00:00,2026-02-25 18:00:00
C04303,Aarav Chowdhury,aarav.chowdhury4303@example.com,+91-9000004303,NORTH,STANDARD,2025-02-10 07:00:00,2025-06-20 07:00:00
C04304,Diya Das,diya.das4304@example.com,+91-9000004304,NORTH,CORPORATE,2026-02-18 08:00:00,2026-03-08 08:00:00
C04305,Nikhil Nair,nikhil.nair4305@example.com,+91-9000004305,NORTH,CORPORATE,2026-04-04 08:00:00,2026-08-06 08:00:00
C04306,Pooja Kumar,pooja.kumar4306@example.com,+91-9000004306,WEST,CORPORATE,2025-04-17 16:00:00,2025-10-12 16:00:00
C04307,Pooja Das,pooja.das4307@example.com,+91-9000004307,NORTH,CORPORATE,2026-05-12 23:00:00,2026-07-22 23:00:00
C04308,Neha Joshi,neha.joshi4308@example.com,+91-9000004308,NORTH,CORPORATE,2025-03-21 08:00:00,2025-07-28 08:00:00
C04309,Meera Sharma,meera.sharma4309@example.com,+91-9000004309,NORTH,PREMIUM,2026-08-27 23:00:00,2026-11-15 23:00:00
C04310,Aarav Chowdhury,aarav.chowdhury4310@example.com,+91-9000004310,WEST,STANDARD,2025-10-16 19:00:00,2026-01-30 19:00:00
C04311,Meera Rao,meera.rao4311@example.com,+91-9000004311,SOUTH,CORPORATE,2025-08-10 04:00:00,2025-10-05 04:00:00
C04312,Pooja Rao,pooja.rao4312@example.com,+91-9000004312,SOUTH,STANDARD,2026-01-26 03:00:00,2026-03-07 03:00:00
C04313,Aisha Nair,aisha.nair4313@example.com,+91-9000004313,SOUTH,CORPORATE,2026-07-01 20:00:00,2026-07-27 20:00:00
C04314,Ananya Nair,ananya.nair4314@example.com,+91-9000004314,NORTH,STANDARD,2025-10-23 17:00:00,2025-12-26 17:00:00
C04315,Aarav Sharma,aarav.sharma4315@example.com,+91-9000004315,EAST,PREMIUM,2025-03-16 05:00:00,2025-09-10 05:00:00
C04316,Rahul Patel,rahul.patel4316@example.com,+91-9000004316,WEST,CORPORATE,2025-07-17 18:00:00,2025-10-02 18:00:00
C04317,Sneha Rao,sneha.rao4317@example.com,+91-9000004317,SOUTH,PREMIUM,2025-06-26 20:00:00,2025-10-05 20:00:00
C04318,Priya Mehta,priya.mehta4318@example.com,+91-9000004318,EAST,STANDARD,2026-06-01 22:00:00,2026-10-10 22:00:00
C04319,Kavya Iyer,kavya.iyer4319@example.com,+91-9000004319,WEST,PREMIUM,2025-05-25 04:00:00,2025-10-06 04:00:00
C04320,Aisha Das,aisha.das4320@example.com,+91-9000004320,NORTH,CORPORATE,2026-05-10 01:00:00,2026-09-26 01:00:00
C04321,Nikhil Reddy,nikhil.reddy4321@example.com,+91-9000004321,SOUTH,PREMIUM,2026-02-02 16:00:00,2026-07-30 16:00:00
C04322,Aditya Mehta,aditya.mehta4322@example.com,+91-9000004322,WEST,CORPORATE,2025-07-24 22:00:00,2026-01-04 22:00:00
C04323,Diya Singh,diya.singh4323@example.com,+91-9000004323,NORTH,CORPORATE,2025-11-10 14:00:00,2026-03-27 14:00:00
C04324,Vikram Singh,vikram.singh4324@example.com,+91-9000004324,NORTH,CORPORATE,2025-01-26 21:00:00,2025-05-15 21:00:00
C04325,Priya Nair,priya.nair4325@example.com,+91-9000004325,NORTH,STANDARD,2025-10-03 18:00:00,2026-03-25 18:00:00
C04326,Aisha Kumar,aisha.kumar4326@example.com,+91-9000004326,EAST,STANDARD,2025-01-04 19:00:00,2025-02-24 19:00:00
C04327,Ishita Joshi,ishita.joshi4327@example.com,+91-9000004327,WEST,STANDARD,2025-05-03 01:00:00,2025-09-26 01:00:00
C04328,Sai Singh,sai.singh4328@example.com,+91-9000004328,NORTH,STANDARD,2025-03-27 12:00:00,2025-03-28 12:00:00
C04329,Arjun Singh,arjun.singh4329@example.com,+91-9000004329,NORTH,CORPORATE,2025-11-27 11:00:00,2026-03-22 11:00:00
C04330,Kavya Singh,kavya.singh4330@example.com,+91-9000004330,EAST,CORPORATE,2025-10-12 10:00:00,2026-02-22 10:00:00
C04331,Ishita Verma,ishita.verma4331@example.com,+91-9000004331,EAST,PREMIUM,2025-12-02 11:00:00,2025-12-27 11:00:00
C04332,Rahul Rao,rahul.rao4332@example.com,+91-9000004332,WEST,STANDARD,2026-04-27 13:00:00,2026-04-28 13:00:00
C04333,Vivaan Singh,vivaan.singh4333@example.com,+91-9000004333,NORTH,CORPORATE,2026-06-21 14:00:00,2026-10-05 14:00:00
C04334,Kavya Chowdhury,kavya.chowdhury4334@example.com,+91-9000004334,SOUTH,PREMIUM,2025-05-16 09:00:00,2025-06-03 09:00:00
C04335,Meera Singh,meera.singh4335@example.com,+91-9000004335,NORTH,STANDARD,2025-12-28 08:00:00,2026-02-05 08:00:00
C04336,Rahul Kapoor,rahul.kapoor4336@example.com,+91-9000004336,WEST,STANDARD,2025-09-20 09:00:00,2026-01-29 09:00:00
C04337,Pooja Nair,pooja.nair4337@example.com,+91-9000004337,SOUTH,STANDARD,2026-04-29 09:00:00,2026-06-19 09:00:00
C04338,Rohan Iyer,rohan.iyer4338@example.com,+91-9000004338,NORTH,STANDARD,2026-02-21 17:00:00,2026-07-02 17:00:00
C04339,Kiran Chowdhury,kiran.chowdhury4339@example.com,+91-9000004339,SOUTH,CORPORATE,2025-11-22 15:00:00,2025-12-08 15:00:00
C04340,Priya Sharma,priya.sharma4340@example.com,+91-9000004340,WEST,STANDARD,2025-09-09 13:00:00,2026-02-15 13:00:00
C04341,Nikhil Joshi,nikhil.joshi4341@example.com,+91-9000004341,WEST,CORPORATE,2025-10-02 04:00:00,2026-03-15 04:00:00
C04342,Meera Sharma,meera.sharma4342@example.com,+91-9000004342,NORTH,CORPORATE,2025-06-27 01:00:00,2025-07-09 01:00:00
C04343,Aisha Nair,aisha.nair4343@example.com,+91-9000004343,SOUTH,CORPORATE,2026-07-02 07:00:00,2026-09-11 07:00:00
C04344,Aditya Kumar,aditya.kumar4344@example.com,+91-9000004344,NORTH,STANDARD,2025-10-03 21:00:00,2026-03-01 21:00:00
C04345,Meera Das,meera.das4345@example.com,+91-9000004345,EAST,CORPORATE,2025-03-09 19:00:00,2025-07-11 19:00:00
C04346,Pooja Kapoor,pooja.kapoor4346@example.com,+91-9000004346,WEST,PREMIUM,2026-05-14 04:00:00,2026-06-22 04:00:00
C04347,Aisha Rao,aisha.rao4347@example.com,+91-9000004347,NORTH,PREMIUM,2025-04-23 06:00:00,2025-09-26 06:00:00
C04348,Vikram Iyer,vikram.iyer4348@example.com,+91-9000004348,NORTH,STANDARD,2025-01-14 09:00:00,2025-05-12 09:00:00
C04349,Rohan Verma,rohan.verma4349@example.com,+91-9000004349,EAST,PREMIUM,2026-01-22 22:00:00,2026-06-01 22:00:00
C04350,Aarav Nair,aarav.nair4350@example.com,+91-9000004350,WEST,CORPORATE,2025-11-26 15:00:00,2026-01-29 15:00:00
C04351,Aarav Kapoor,aarav.kapoor4351@example.com,+91-9000004351,WEST,STANDARD,2025-12-11 18:00:00,2026-01-15 18:00:00
C04352,Meera Sharma,meera.sharma4352@example.com,+91-9000004352,NORTH,PREMIUM,2025-06-22 22:00:00,2025-08-30 22:00:00
C04353,Sai Das,sai.das4353@example.com,+91-9000004353,SOUTH,PREMIUM,2025-02-15 07:00:00,2025-06-30 07:00:00
C04354,Neha Joshi,neha.joshi4354@example.com,+91-9000004354,WEST,PREMIUM,2025-05-24 10:00:00,2025-10-27 10:00:00
C04355,Aarav Gupta,aarav.gupta4355@example.com,+91-9000004355,SOUTH,STANDARD,2025-07-15 09:00:00,2025-09-11 09:00:00
C04356,Arjun Nair,arjun.nair4356@example.com,+91-9000004356,EAST,PREMIUM,2026-03-27 21:00:00,2026-06-08 21:00:00
C04357,Aisha Singh,aisha.singh4357@example.com,+91-9000004357,NORTH,PREMIUM,2026-04-17 11:00:00,2026-05-16 11:00:00
C04358,Nikhil Reddy,nikhil.reddy4358@example.com,+91-9000004358,WEST,CORPORATE,2026-06-10 13:00:00,2026-10-21 13:00:00
C04359,Rahul Kumar,rahul.kumar4359@example.com,+91-9000004359,WEST,CORPORATE,2025-01-04 16:00:00,2025-02-06 16:00:00
C04360,Neha Verma,neha.verma4360@example.com,+91-9000004360,WEST,PREMIUM,2026-06-17 12:00:00,2026-07-14 12:00:00
C04361,Pooja Singh,pooja.singh4361@example.com,+91-9000004361,WEST,STANDARD,2025-06-12 07:00:00,2025-09-29 07:00:00
C04362,Aarav Mehta,aarav.mehta4362@example.com,+91-9000004362,WEST,PREMIUM,2026-01-05 23:00:00,2026-06-13 23:00:00
C04363,Vikram Patel,vikram.patel4363@example.com,+91-9000004363,EAST,PREMIUM,2026-04-16 13:00:00,2026-08-26 13:00:00
C04364,Rohan Reddy,rohan.reddy4364@example.com,+91-9000004364,SOUTH,PREMIUM,2026-03-31 06:00:00,2026-07-12 06:00:00
C04365,Rahul Chowdhury,rahul.chowdhury4365@example.com,+91-9000004365,SOUTH,PREMIUM,2026-08-28 06:00:00,2026-09-20 06:00:00
C04366,Kavya Kapoor,kavya.kapoor4366@example.com,+91-9000004366,WEST,CORPORATE,2025-04-03 14:00:00,2025-05-11 14:00:00
C04367,Nikhil Joshi,nikhil.joshi4367@example.com,+91-9000004367,NORTH,PREMIUM,2025-05-31 12:00:00,2025-10-22 12:00:00
C04368,Nikhil Singh,nikhil.singh4368@example.com,+91-9000004368,SOUTH,PREMIUM,2026-07-16 18:00:00,2026-08-24 18:00:00
C04369,Kiran Patel,kiran.patel4369@example.com,+91-9000004369,SOUTH,STANDARD,2026-04-17 23:00:00,2026-10-01 23:00:00
C04370,Sneha Reddy,sneha.reddy4370@example.com,+91-9000004370,WEST,CORPORATE,2026-04-07 19:00:00,2026-04-13 19:00:00
C04371,Sai Kapoor,sai.kapoor4371@example.com,+91-9000004371,EAST,CORPORATE,2025-06-25 07:00:00,2025-11-18 07:00:00
C04372,Vivaan Sharma,vivaan.sharma4372@example.com,+91-9000004372,WEST,CORPORATE,2026-03-15 10:00:00,2026-07-31 10:00:00
C04373,Priya Sharma,priya.sharma4373@example.com,+91-9000004373,EAST,PREMIUM,2026-07-20 08:00:00,2026-12-15 08:00:00
C04374,Ananya Mehta,ananya.mehta4374@example.com,+91-9000004374,EAST,PREMIUM,2025-09-23 02:00:00,2026-01-28 02:00:00
C04375,Ananya Verma,ananya.verma4375@example.com,+91-9000004375,WEST,STANDARD,2025-07-27 18:00:00,2025-12-13 18:00:00
C04376,Aisha Nair,aisha.nair4376@example.com,+91-9000004376,WEST,PREMIUM,2025-02-10 14:00:00,2025-06-21 14:00:00
C04377,Aditya Verma,aditya.verma4377@example.com,+91-9000004377,NORTH,PREMIUM,2026-08-21 02:00:00,2027-01-22 02:00:00
C04378,Vivaan Iyer,vivaan.iyer4378@example.com,+91-9000004378,NORTH,CORPORATE,2026-08-18 09:00:00,2027-01-20 09:00:00
C04379,Ishita Patel,ishita.patel4379@example.com,+91-9000004379,WEST,CORPORATE,2026-02-19 17:00:00,2026-04-27 17:00:00
C04380,Aisha Iyer,aisha.iyer4380@example.com,+91-9000004380,WEST,CORPORATE,2026-03-30 13:00:00,2026-04-04 13:00:00
C04381,Sai Sharma,sai.sharma4381@example.com,+91-9000004381,SOUTH,STANDARD,2026-05-06 12:00:00,2026-07-05 12:00:00
C04382,Pooja Singh,pooja.singh4382@example.com,+91-9000004382,SOUTH,CORPORATE,2025-04-22 05:00:00,2025-10-09 05:00:00
C04383,Neha Sharma,neha.sharma4383@example.com,+91-9000004383,SOUTH,CORPORATE,2025-12-08 23:00:00,2026-04-26 23:00:00
C04384,Arjun Patel,arjun.patel4384@example.com,+91-9000004384,WEST,CORPORATE,2026-08-04 20:00:00,2027-01-15 20:00:00
C04385,Ishita Chowdhury,ishita.chowdhury4385@example.com,+91-9000004385,SOUTH,STANDARD,2025-04-11 16:00:00,2025-09-24 16:00:00
C04386,Sneha Sharma,sneha.sharma4386@example.com,+91-9000004386,NORTH,STANDARD,2026-02-16 12:00:00,2026-03-18 12:00:00
C04387,Vivaan Gupta,vivaan.gupta4387@example.com,+91-9000004387,WEST,PREMIUM,2026-08-24 04:00:00,2026-09-30 04:00:00
C04388,Pooja Iyer,pooja.iyer4388@example.com,+91-9000004388,WEST,CORPORATE,2025-05-28 12:00:00,2025-07-26 12:00:00
C04389,Kiran Rao,kiran.rao4389@example.com,+91-9000004389,NORTH,CORPORATE,2026-06-08 21:00:00,2026-08-24 21:00:00
C04390,Neha Kapoor,neha.kapoor4390@example.com,+91-9000004390,WEST,CORPORATE,2026-04-11 01:00:00,2026-06-30 01:00:00
C04391,Vivaan Singh,vivaan.singh4391@example.com,+91-9000004391,EAST,CORPORATE,2026-05-18 10:00:00,2026-10-22 10:00:00
C04392,Meera Chowdhury,meera.chowdhury4392@example.com,+91-9000004392,WEST,STANDARD,2026-06-16 23:00:00,2026-09-10 23:00:00
C04393,Diya Mehta,diya.mehta4393@example.com,+91-9000004393,EAST,PREMIUM,2026-04-02 00:00:00,2026-06-01 00:00:00
C04394,Arjun Joshi,arjun.joshi4394@example.com,+91-9000004394,WEST,STANDARD,2025-06-24 21:00:00,2025-09-14 21:00:00
C04395,Ananya Verma,ananya.verma4395@example.com,+91-9000004395,NORTH,PREMIUM,2025-02-13 21:00:00,2025-08-05 21:00:00
C04396,Vivaan Verma,vivaan.verma4396@example.com,+91-9000004396,SOUTH,CORPORATE,2025-05-11 20:00:00,2025-09-10 20:00:00
C04397,Neha Nair,neha.nair4397@example.com,+91-9000004397,WEST,CORPORATE,2025-08-16 16:00:00,2025-10-26 16:00:00
C04398,Vikram Sharma,vikram.sharma4398@example.com,+91-9000004398,WEST,CORPORATE,2025-11-15 11:00:00,2026-01-07 11:00:00
C04399,Arjun Reddy,arjun.reddy4399@example.com,+91-9000004399,WEST,PREMIUM,2025-11-15 02:00:00,2025-11-28 02:00:00
C04400,Arjun Joshi,arjun.joshi4400@example.com,+91-9000004400,NORTH,STANDARD,2025-06-06 07:00:00,2025-07-26 07:00:00
C04401,Ishita Iyer,ishita.iyer4401@example.com,+91-9000004401,NORTH,CORPORATE,2026-03-31 03:00:00,2026-07-09 03:00:00
C04402,Aisha Nair,aisha.nair4402@example.com,+91-9000004402,SOUTH,CORPORATE,2025-03-18 23:00:00,2025-08-28 23:00:00
C04403,Priya Kapoor,priya.kapoor4403@example.com,+91-9000004403,EAST,CORPORATE,2026-04-07 19:00:00,2026-04-20 19:00:00
C04404,Sai Kumar,sai.kumar4404@example.com,+91-9000004404,WEST,PREMIUM,2025-11-06 20:00:00,2026-02-23 20:00:00
C04405,Kavya Rao,kavya.rao4405@example.com,+91-9000004405,EAST,CORPORATE,2025-09-27 13:00:00,2025-12-11 13:00:00
C04406,Aarav Kapoor,aarav.kapoor4406@example.com,+91-9000004406,NORTH,PREMIUM,2025-08-26 13:00:00,2025-08-31 13:00:00
C04407,Aditya Singh,aditya.singh4407@example.com,+91-9000004407,NORTH,PREMIUM,2025-08-12 04:00:00,2025-12-12 04:00:00
C04408,Rohan Joshi,rohan.joshi4408@example.com,+91-9000004408,WEST,STANDARD,2026-05-26 16:00:00,2026-08-24 16:00:00
C04409,Pooja Gupta,pooja.gupta4409@example.com,+91-9000004409,SOUTH,CORPORATE,2026-01-10 14:00:00,2026-07-09 14:00:00
C04410,Sai Das,sai.das4410@example.com,+91-9000004410,SOUTH,CORPORATE,2026-03-26 07:00:00,2026-07-04 07:00:00
C04411,Aisha Joshi,aisha.joshi4411@example.com,+91-9000004411,SOUTH,STANDARD,2025-08-02 22:00:00,2025-12-24 22:00:00
C04412,Aditya Verma,aditya.verma4412@example.com,+91-9000004412,WEST,CORPORATE,2026-07-27 11:00:00,2026-09-06 11:00:00
C04413,Kiran Kumar,kiran.kumar4413@example.com,+91-9000004413,SOUTH,PREMIUM,2025-06-29 09:00:00,2025-10-02 09:00:00
C04414,Aditya Iyer,aditya.iyer4414@example.com,+91-9000004414,WEST,CORPORATE,2025-12-22 20:00:00,2026-02-23 20:00:00
C04415,Pooja Singh,pooja.singh4415@example.com,+91-9000004415,EAST,STANDARD,2026-02-03 00:00:00,2026-04-20 00:00:00
C04416,Nikhil Joshi,nikhil.joshi4416@example.com,+91-9000004416,WEST,PREMIUM,2026-01-29 15:00:00,2026-03-15 15:00:00
C04417,Arjun Verma,arjun.verma4417@example.com,+91-9000004417,WEST,PREMIUM,2026-08-10 11:00:00,2027-01-23 11:00:00
C04418,Aditya Kapoor,aditya.kapoor4418@example.com,+91-9000004418,NORTH,STANDARD,2026-05-14 08:00:00,2026-08-30 08:00:00
C04419,Aditya Gupta,aditya.gupta4419@example.com,+91-9000004419,SOUTH,STANDARD,2025-01-04 10:00:00,2025-02-15 10:00:00
C04420,Aditya Iyer,aditya.iyer4420@example.com,+91-9000004420,NORTH,CORPORATE,2025-04-07 12:00:00,2025-04-25 12:00:00
C04421,Nikhil Kapoor,nikhil.kapoor4421@example.com,+91-9000004421,WEST,PREMIUM,2025-04-12 07:00:00,2025-09-29 07:00:00
C04422,Sneha Singh,sneha.singh4422@example.com,+91-9000004422,NORTH,PREMIUM,2025-03-01 22:00:00,2025-07-22 22:00:00
C04423,Rohan Mehta,rohan.mehta4423@example.com,+91-9000004423,WEST,STANDARD,2026-05-14 14:00:00,2026-06-15 14:00:00
C04424,Pooja Joshi,pooja.joshi4424@example.com,+91-9000004424,NORTH,PREMIUM,2025-05-09 17:00:00,2025-10-26 17:00:00
C04425,Kiran Kumar,kiran.kumar4425@example.com,+91-9000004425,NORTH,CORPORATE,2025-01-30 04:00:00,2025-04-29 04:00:00
C04426,Aarav Nair,aarav.nair4426@example.com,+91-9000004426,SOUTH,STANDARD,2026-08-23 12:00:00,2027-01-12 12:00:00
C04427,Rohan Singh,rohan.singh4427@example.com,+91-9000004427,EAST,STANDARD,2026-01-22 14:00:00,2026-06-24 14:00:00
C04428,Ishita Singh,ishita.singh4428@example.com,+91-9000004428,SOUTH,STANDARD,2026-02-28 13:00:00,2026-04-04 13:00:00
C04429,Ananya Mehta,ananya.mehta4429@example.com,+91-9000004429,WEST,STANDARD,2026-02-08 07:00:00,2026-02-16 07:00:00
C04430,Sai Joshi,sai.joshi4430@example.com,+91-9000004430,WEST,PREMIUM,2025-05-12 04:00:00,2025-10-16 04:00:00
C04431,Pooja Iyer,pooja.iyer4431@example.com,+91-9000004431,WEST,CORPORATE,2025-02-10 02:00:00,2025-06-02 02:00:00
C04432,Meera Iyer,meera.iyer4432@example.com,+91-9000004432,EAST,PREMIUM,2025-08-15 13:00:00,2026-01-20 13:00:00
C04433,Aarav Reddy,aarav.reddy4433@example.com,+91-9000004433,NORTH,STANDARD,2026-05-01 14:00:00,2026-07-23 14:00:00
C04434,Sai Das,sai.das4434@example.com,+91-9000004434,NORTH,STANDARD,2025-11-08 08:00:00,2026-01-17 08:00:00
C04435,Nikhil Sharma,nikhil.sharma4435@example.com,+91-9000004435,WEST,PREMIUM,2025-06-18 06:00:00,2025-07-04 06:00:00
C04436,Priya Rao,priya.rao4436@example.com,+91-9000004436,NORTH,PREMIUM,2026-02-09 11:00:00,2026-03-16 11:00:00
C04437,Ishita Chowdhury,ishita.chowdhury4437@example.com,+91-9000004437,WEST,PREMIUM,2025-02-23 03:00:00,2025-04-27 03:00:00
C04438,Sneha Joshi,sneha.joshi4438@example.com,+91-9000004438,WEST,STANDARD,2025-05-12 12:00:00,2025-10-04 12:00:00
C04439,Pooja Joshi,pooja.joshi4439@example.com,+91-9000004439,NORTH,CORPORATE,2026-01-01 23:00:00,2026-06-12 23:00:00
C04440,Ananya Verma,ananya.verma4440@example.com,+91-9000004440,SOUTH,PREMIUM,2026-08-20 05:00:00,2027-02-11 05:00:00
C04441,Priya Singh,priya.singh4441@example.com,+91-9000004441,WEST,CORPORATE,2025-09-27 02:00:00,2025-10-08 02:00:00
C04442,Aarav Kumar,aarav.kumar4442@example.com,+91-9000004442,SOUTH,STANDARD,2026-07-15 10:00:00,2026-10-08 10:00:00
C04443,Ananya Reddy,ananya.reddy4443@example.com,+91-9000004443,WEST,CORPORATE,2025-08-02 08:00:00,2025-10-06 08:00:00
C04444,Aisha Singh,aisha.singh4444@example.com,+91-9000004444,SOUTH,CORPORATE,2026-05-08 04:00:00,2026-09-22 04:00:00
C04445,Kiran Nair,kiran.nair4445@example.com,+91-9000004445,EAST,STANDARD,2025-01-01 09:00:00,2025-03-01 09:00:00
C04446,Aditya Rao,aditya.rao4446@example.com,+91-9000004446,NORTH,CORPORATE,2026-01-05 08:00:00,2026-07-02 08:00:00
C04447,Aditya Verma,aditya.verma4447@example.com,+91-9000004447,NORTH,STANDARD,2026-05-09 09:00:00,2026-06-16 09:00:00
C04448,Diya Reddy,diya.reddy4448@example.com,+91-9000004448,NORTH,PREMIUM,2025-04-28 08:00:00,2025-09-09 08:00:00
C04449,Kavya Gupta,kavya.gupta4449@example.com,+91-9000004449,WEST,STANDARD,2026-08-27 10:00:00,2026-09-30 10:00:00
C04450,Aarav Rao,aarav.rao4450@example.com,+91-9000004450,NORTH,PREMIUM,2025-01-15 18:00:00,2025-03-18 18:00:00
C04451,Priya Gupta,priya.gupta4451@example.com,+91-9000004451,SOUTH,CORPORATE,2026-03-22 13:00:00,2026-05-10 13:00:00
C04452,Vivaan Mehta,vivaan.mehta4452@example.com,+91-9000004452,WEST,STANDARD,2026-06-26 11:00:00,2026-07-11 11:00:00
C04453,Arjun Mehta,arjun.mehta4453@example.com,+91-9000004453,WEST,STANDARD,2026-07-03 15:00:00,2026-09-20 15:00:00
C04454,Rohan Nair,rohan.nair4454@example.com,+91-9000004454,SOUTH,STANDARD,2025-03-28 10:00:00,2025-05-31 10:00:00
C04455,Kiran Singh,kiran.singh4455@example.com,+91-9000004455,NORTH,STANDARD,2026-05-08 17:00:00,2026-10-16 17:00:00
C04456,Arjun Joshi,arjun.joshi4456@example.com,+91-9000004456,WEST,STANDARD,2025-01-16 15:00:00,2025-06-05 15:00:00
C04457,Priya Reddy,priya.reddy4457@example.com,+91-9000004457,NORTH,CORPORATE,2025-02-16 19:00:00,2025-06-30 19:00:00
C04458,Ananya Singh,ananya.singh4458@example.com,+91-9000004458,NORTH,PREMIUM,2025-11-05 04:00:00,2025-11-18 04:00:00
C04459,Meera Das,meera.das4459@example.com,+91-9000004459,SOUTH,STANDARD,2026-07-16 20:00:00,2026-11-02 20:00:00
C04460,Pooja Das,pooja.das4460@example.com,+91-9000004460,SOUTH,PREMIUM,2025-07-22 07:00:00,2025-09-27 07:00:00
C04461,Rahul Mehta,rahul.mehta4461@example.com,+91-9000004461,NORTH,STANDARD,2025-07-20 00:00:00,2025-08-02 00:00:00
C04462,Rahul Kumar,rahul.kumar4462@example.com,+91-9000004462,WEST,PREMIUM,2025-02-25 05:00:00,2025-05-21 05:00:00
C04463,Ananya Kapoor,ananya.kapoor4463@example.com,+91-9000004463,NORTH,STANDARD,2025-01-20 21:00:00,2025-03-04 21:00:00
C04464,Nikhil Mehta,nikhil.mehta4464@example.com,+91-9000004464,WEST,STANDARD,2025-04-08 03:00:00,2025-04-14 03:00:00
C04465,Ishita Singh,ishita.singh4465@example.com,+91-9000004465,SOUTH,PREMIUM,2026-05-07 01:00:00,2026-05-26 01:00:00
C04466,Vikram Verma,vikram.verma4466@example.com,+91-9000004466,SOUTH,STANDARD,2026-08-26 18:00:00,2026-09-19 18:00:00
C04467,Ishita Singh,ishita.singh4467@example.com,+91-9000004467,WEST,STANDARD,2025-09-13 06:00:00,2025-10-15 06:00:00
C04468,Sai Chowdhury,sai.chowdhury4468@example.com,+91-9000004468,SOUTH,STANDARD,2025-05-20 08:00:00,2025-08-09 08:00:00
C04469,Kiran Chowdhury,kiran.chowdhury4469@example.com,+91-9000004469,SOUTH,CORPORATE,2026-08-25 04:00:00,2026-10-09 04:00:00
C04470,Vivaan Verma,vivaan.verma4470@example.com,+91-9000004470,SOUTH,STANDARD,2026-01-22 04:00:00,2026-07-10 04:00:00
C04471,Neha Joshi,neha.joshi4471@example.com,+91-9000004471,SOUTH,STANDARD,2025-02-17 02:00:00,2025-04-23 02:00:00
C04472,Aisha Rao,aisha.rao4472@example.com,+91-9000004472,NORTH,STANDARD,2025-08-03 07:00:00,2025-09-21 07:00:00
C04473,Kiran Das,kiran.das4473@example.com,+91-9000004473,SOUTH,CORPORATE,2025-06-28 11:00:00,2025-10-02 11:00:00
C04474,Arjun Joshi,arjun.joshi4474@example.com,+91-9000004474,WEST,CORPORATE,2025-08-08 05:00:00,2026-01-08 05:00:00
C04475,Vikram Verma,vikram.verma4475@example.com,+91-9000004475,WEST,PREMIUM,2026-02-26 21:00:00,2026-03-30 21:00:00
C04476,Rohan Rao,rohan.rao4476@example.com,+91-9000004476,NORTH,PREMIUM,2025-07-10 16:00:00,2025-09-24 16:00:00
C04477,Neha Gupta,neha.gupta4477@example.com,+91-9000004477,SOUTH,PREMIUM,2026-03-15 00:00:00,2026-08-11 00:00:00
C04478,Kavya Singh,kavya.singh4478@example.com,+91-9000004478,WEST,STANDARD,2026-03-16 06:00:00,2026-03-29 06:00:00
C04479,Pooja Verma,pooja.verma4479@example.com,+91-9000004479,EAST,CORPORATE,2025-09-11 13:00:00,2026-03-01 13:00:00
C04480,Sneha Das,sneha.das4480@example.com,+91-9000004480,NORTH,CORPORATE,2025-09-06 08:00:00,2026-02-16 08:00:00
C04481,Diya Patel,diya.patel4481@example.com,+91-9000004481,NORTH,PREMIUM,2026-04-29 07:00:00,2026-05-22 07:00:00
C04482,Ananya Mehta,ananya.mehta4482@example.com,+91-9000004482,NORTH,PREMIUM,2025-07-01 12:00:00,2025-09-24 12:00:00
C04483,Pooja Chowdhury,pooja.chowdhury4483@example.com,+91-9000004483,EAST,PREMIUM,2025-03-09 08:00:00,2025-04-18 08:00:00
C04484,Diya Joshi,diya.joshi4484@example.com,+91-9000004484,WEST,STANDARD,2025-09-10 20:00:00,2026-02-15 20:00:00
C04485,Meera Singh,meera.singh4485@example.com,+91-9000004485,WEST,PREMIUM,2025-11-04 03:00:00,2026-02-06 03:00:00
C04486,Kiran Kumar,kiran.kumar4486@example.com,+91-9000004486,NORTH,STANDARD,2026-02-19 18:00:00,2026-05-03 18:00:00
C04487,Priya Joshi,priya.joshi4487@example.com,+91-9000004487,NORTH,CORPORATE,2025-10-05 12:00:00,2025-12-25 12:00:00
C04488,Kiran Verma,kiran.verma4488@example.com,+91-9000004488,NORTH,CORPORATE,2025-08-02 17:00:00,2026-01-25 17:00:00
C04489,Meera Patel,meera.patel4489@example.com,+91-9000004489,NORTH,CORPORATE,2026-08-14 17:00:00,2026-10-16 17:00:00
C04490,Sai Rao,sai.rao4490@example.com,+91-9000004490,NORTH,PREMIUM,2025-07-27 22:00:00,2025-12-25 22:00:00
C04491,Sai Rao,sai.rao4491@example.com,+91-9000004491,EAST,STANDARD,2025-04-16 10:00:00,2025-05-26 10:00:00
C04492,Priya Chowdhury,priya.chowdhury4492@example.com,+91-9000004492,WEST,STANDARD,2026-03-05 06:00:00,2026-05-26 06:00:00
C04493,Vikram Kumar,vikram.kumar4493@example.com,+91-9000004493,WEST,PREMIUM,2025-10-21 13:00:00,2026-02-26 13:00:00
C04494,Meera Kumar,meera.kumar4494@example.com,+91-9000004494,NORTH,STANDARD,2026-08-15 00:00:00,2026-11-23 00:00:00
C04495,Aisha Patel,aisha.patel4495@example.com,+91-9000004495,EAST,CORPORATE,2025-10-31 18:00:00,2026-04-12 18:00:00
C04496,Kiran Nair,kiran.nair4496@example.com,+91-9000004496,SOUTH,PREMIUM,2026-07-14 21:00:00,2026-08-07 21:00:00
C04497,Diya Chowdhury,diya.chowdhury4497@example.com,+91-9000004497,WEST,STANDARD,2025-08-18 21:00:00,2025-09-12 21:00:00
C04498,Ishita Kapoor,ishita.kapoor4498@example.com,+91-9000004498,WEST,CORPORATE,2026-06-12 20:00:00,2026-10-08 20:00:00
C04499,Aditya Sharma,aditya.sharma4499@example.com,+91-9000004499,EAST,STANDARD,2025-09-08 00:00:00,2026-01-07 00:00:00
C04500,Sai Singh,sai.singh4500@example.com,+91-9000004500,SOUTH,STANDARD,2025-03-02 15:00:00,2025-03-26 15:00:00
C04501,Vikram Iyer,vikram.iyer4501@example.com,+91-9000004501,WEST,CORPORATE,2026-03-10 15:00:00,2026-03-14 15:00:00
C04502,Aisha Kapoor,aisha.kapoor4502@example.com,+91-9000004502,WEST,CORPORATE,2025-05-24 12:00:00,2025-07-16 12:00:00
C04503,Arjun Patel,arjun.patel4503@example.com,+91-9000004503,NORTH,STANDARD,2025-05-06 09:00:00,2025-10-04 09:00:00
C04504,Nikhil Joshi,nikhil.joshi4504@example.com,+91-9000004504,SOUTH,PREMIUM,2026-03-29 12:00:00,2026-09-09 12:00:00
C04505,Vikram Chowdhury,vikram.chowdhury4505@example.com,+91-9000004505,NORTH,CORPORATE,2025-05-28 23:00:00,2025-07-09 23:00:00
C04506,Ishita Chowdhury,ishita.chowdhury4506@example.com,+91-9000004506,NORTH,STANDARD,2025-10-31 11:00:00,2025-12-18 11:00:00
C04507,Neha Reddy,neha.reddy4507@example.com,+91-9000004507,NORTH,CORPORATE,2026-04-17 04:00:00,2026-09-25 04:00:00
C04508,Nikhil Sharma,nikhil.sharma4508@example.com,+91-9000004508,NORTH,PREMIUM,2025-08-09 12:00:00,2025-12-16 12:00:00
C04509,Aditya Das,aditya.das4509@example.com,+91-9000004509,NORTH,CORPORATE,2025-04-23 05:00:00,2025-07-30 05:00:00
C04510,Nikhil Nair,nikhil.nair4510@example.com,+91-9000004510,NORTH,PREMIUM,2026-04-17 02:00:00,2026-08-10 02:00:00
C04511,Aarav Singh,aarav.singh4511@example.com,+91-9000004511,WEST,PREMIUM,2026-07-18 07:00:00,2026-09-12 07:00:00
C04512,Neha Reddy,neha.reddy4512@example.com,+91-9000004512,NORTH,STANDARD,2025-02-03 03:00:00,2025-03-18 03:00:00
C04513,Diya Joshi,diya.joshi4513@example.com,+91-9000004513,SOUTH,PREMIUM,2026-08-08 00:00:00,2026-10-10 00:00:00
C04514,Pooja Nair,pooja.nair4514@example.com,+91-9000004514,NORTH,STANDARD,2025-10-06 23:00:00,2025-10-26 23:00:00
C04515,Rohan Kumar,rohan.kumar4515@example.com,+91-9000004515,WEST,STANDARD,2025-08-26 08:00:00,2025-12-25 08:00:00
C04516,Meera Chowdhury,meera.chowdhury4516@example.com,+91-9000004516,WEST,CORPORATE,2026-05-09 21:00:00,2026-07-18 21:00:00
C04517,Aisha Joshi,aisha.joshi4517@example.com,+91-9000004517,SOUTH,CORPORATE,2025-04-13 09:00:00,2025-08-30 09:00:00
C04518,Vikram Reddy,vikram.reddy4518@example.com,+91-9000004518,NORTH,PREMIUM,2025-03-05 02:00:00,2025-08-05 02:00:00
C04519,Rohan Sharma,rohan.sharma4519@example.com,+91-9000004519,WEST,STANDARD,2025-03-17 08:00:00,2025-04-12 08:00:00
C04520,Ishita Sharma,ishita.sharma4520@example.com,+91-9000004520,NORTH,CORPORATE,2025-10-17 18:00:00,2026-04-03 18:00:00
C04521,Aditya Joshi,aditya.joshi4521@example.com,+91-9000004521,WEST,CORPORATE,2025-01-26 01:00:00,2025-03-08 01:00:00
C04522,Vivaan Patel,vivaan.patel4522@example.com,+91-9000004522,NORTH,PREMIUM,2026-06-27 17:00:00,2026-07-27 17:00:00
C04523,Ishita Kapoor,ishita.kapoor4523@example.com,+91-9000004523,SOUTH,CORPORATE,2026-07-12 01:00:00,2026-12-13 01:00:00
C04524,Vivaan Kumar,vivaan.kumar4524@example.com,+91-9000004524,SOUTH,STANDARD,2025-10-26 04:00:00,2025-12-31 04:00:00
C04525,Kavya Kapoor,kavya.kapoor4525@example.com,+91-9000004525,WEST,PREMIUM,2025-12-04 09:00:00,2026-01-12 09:00:00
C04526,Vivaan Kumar,vivaan.kumar4526@example.com,+91-9000004526,SOUTH,PREMIUM,2025-11-23 06:00:00,2025-12-08 06:00:00
C04527,Sneha Nair,sneha.nair4527@example.com,+91-9000004527,NORTH,STANDARD,2025-04-09 15:00:00,2025-05-31 15:00:00
C04528,Aisha Singh,aisha.singh4528@example.com,+91-9000004528,NORTH,PREMIUM,2025-03-02 02:00:00,2025-03-27 02:00:00
C04529,Aditya Joshi,aditya.joshi4529@example.com,+91-9000004529,WEST,STANDARD,2026-05-23 03:00:00,2026-11-19 03:00:00
C04530,Arjun Nair,arjun.nair4530@example.com,+91-9000004530,SOUTH,PREMIUM,2025-11-13 00:00:00,2026-03-11 00:00:00
C04531,Aarav Patel,aarav.patel4531@example.com,+91-9000004531,SOUTH,PREMIUM,2026-06-18 17:00:00,2026-07-11 17:00:00
C04532,Arjun Patel,arjun.patel4532@example.com,+91-9000004532,WEST,PREMIUM,2026-07-01 14:00:00,2026-08-04 14:00:00
C04533,Sneha Kapoor,sneha.kapoor4533@example.com,+91-9000004533,WEST,PREMIUM,2025-03-18 19:00:00,2025-07-17 19:00:00
C04534,Kavya Verma,kavya.verma4534@example.com,+91-9000004534,WEST,PREMIUM,2026-05-18 12:00:00,2026-07-05 12:00:00
C04535,Neha Reddy,neha.reddy4535@example.com,+91-9000004535,SOUTH,STANDARD,2025-09-02 17:00:00,2026-02-12 17:00:00
C04536,Sneha Rao,sneha.rao4536@example.com,+91-9000004536,NORTH,STANDARD,2025-04-24 21:00:00,2025-09-18 21:00:00
C04537,Nikhil Patel,nikhil.patel4537@example.com,+91-9000004537,SOUTH,STANDARD,2025-09-13 20:00:00,2025-12-11 20:00:00
C04538,Nikhil Kapoor,nikhil.kapoor4538@example.com,+91-9000004538,WEST,STANDARD,2025-02-19 02:00:00,2025-05-15 02:00:00
C04539,Rohan Verma,rohan.verma4539@example.com,+91-9000004539,NORTH,CORPORATE,2025-02-22 13:00:00,2025-06-12 13:00:00
C04540,Rahul Singh,rahul.singh4540@example.com,+91-9000004540,WEST,PREMIUM,2025-03-10 13:00:00,2025-06-06 13:00:00
C04541,Ananya Patel,ananya.patel4541@example.com,+91-9000004541,EAST,CORPORATE,2025-11-27 05:00:00,2026-02-14 05:00:00
C04542,Aditya Sharma,aditya.sharma4542@example.com,+91-9000004542,NORTH,PREMIUM,2025-05-23 20:00:00,2025-09-24 20:00:00
C04543,Aditya Kapoor,aditya.kapoor4543@example.com,+91-9000004543,WEST,CORPORATE,2026-04-23 18:00:00,2026-10-20 18:00:00
C04544,Neha Rao,neha.rao4544@example.com,+91-9000004544,NORTH,PREMIUM,2026-06-18 16:00:00,2026-09-25 16:00:00
C04545,Neha Rao,neha.rao4545@example.com,+91-9000004545,NORTH,STANDARD,2026-06-03 18:00:00,2026-06-17 18:00:00
C04546,Aarav Verma,aarav.verma4546@example.com,+91-9000004546,NORTH,PREMIUM,2025-04-19 18:00:00,2025-08-12 18:00:00
C04547,Diya Das,diya.das4547@example.com,+91-9000004547,NORTH,PREMIUM,2026-02-16 06:00:00,2026-06-25 06:00:00
C04548,Nikhil Kapoor,nikhil.kapoor4548@example.com,+91-9000004548,EAST,CORPORATE,2025-05-30 05:00:00,2025-06-21 05:00:00
C04549,Priya Patel,priya.patel4549@example.com,+91-9000004549,SOUTH,CORPORATE,2026-02-04 12:00:00,2026-05-07 12:00:00
C04550,Ishita Verma,ishita.verma4550@example.com,+91-9000004550,NORTH,STANDARD,2025-01-27 08:00:00,2025-05-28 08:00:00
C04551,Aarav Das,aarav.das4551@example.com,+91-9000004551,WEST,CORPORATE,2025-02-13 02:00:00,2025-04-24 02:00:00
C04552,Arjun Chowdhury,arjun.chowdhury4552@example.com,+91-9000004552,NORTH,CORPORATE,2025-08-16 00:00:00,2026-01-28 00:00:00
C04553,Meera Chowdhury,meera.chowdhury4553@example.com,+91-9000004553,SOUTH,CORPORATE,2025-07-04 08:00:00,2025-11-12 08:00:00
C04554,Priya Joshi,priya.joshi4554@example.com,+91-9000004554,SOUTH,CORPORATE,2025-04-16 00:00:00,2025-07-30 00:00:00
C04555,Meera Iyer,meera.iyer4555@example.com,+91-9000004555,WEST,STANDARD,2026-09-06 01:00:00,2027-01-08 01:00:00
C04556,Sai Iyer,sai.iyer4556@example.com,+91-9000004556,EAST,PREMIUM,2025-05-25 00:00:00,2025-07-07 00:00:00
C04557,Rohan Iyer,rohan.iyer4557@example.com,+91-9000004557,NORTH,CORPORATE,2025-04-24 03:00:00,2025-06-04 03:00:00
C04558,Sai Kumar,sai.kumar4558@example.com,+91-9000004558,SOUTH,STANDARD,2025-05-27 17:00:00,2025-07-10 17:00:00
C04559,Aisha Patel,aisha.patel4559@example.com,+91-9000004559,WEST,PREMIUM,2025-10-18 00:00:00,2026-02-15 00:00:00
C04560,Ananya Chowdhury,ananya.chowdhury4560@example.com,+91-9000004560,WEST,PREMIUM,2025-06-09 16:00:00,2025-11-11 16:00:00
C04561,Pooja Nair,pooja.nair4561@example.com,+91-9000004561,SOUTH,PREMIUM,2025-11-01 01:00:00,2025-11-24 01:00:00
C04562,Vivaan Mehta,vivaan.mehta4562@example.com,+91-9000004562,EAST,CORPORATE,2026-07-22 08:00:00,2026-08-20 08:00:00
C04563,Kiran Verma,kiran.verma4563@example.com,+91-9000004563,SOUTH,STANDARD,2025-04-15 22:00:00,2025-07-12 22:00:00
C04564,Aarav Chowdhury,aarav.chowdhury4564@example.com,+91-9000004564,NORTH,PREMIUM,2025-11-18 06:00:00,2025-12-25 06:00:00
C04565,Rahul Joshi,rahul.joshi4565@example.com,+91-9000004565,SOUTH,STANDARD,2026-06-28 18:00:00,2026-10-17 18:00:00
C04566,Nikhil Reddy,nikhil.reddy4566@example.com,+91-9000004566,WEST,STANDARD,2026-01-04 15:00:00,2026-06-06 15:00:00
C04567,Priya Iyer,priya.iyer4567@example.com,+91-9000004567,SOUTH,CORPORATE,2025-09-04 00:00:00,2025-09-08 00:00:00
C04568,Aditya Sharma,aditya.sharma4568@example.com,+91-9000004568,NORTH,PREMIUM,2025-11-04 03:00:00,2026-01-27 03:00:00
C04569,Kiran Rao,kiran.rao4569@example.com,+91-9000004569,NORTH,STANDARD,2025-03-21 19:00:00,2025-07-29 19:00:00
C04570,Arjun Kapoor,arjun.kapoor4570@example.com,+91-9000004570,EAST,CORPORATE,2025-09-26 09:00:00,2026-01-08 09:00:00
C04571,Priya Rao,priya.rao4571@example.com,+91-9000004571,SOUTH,STANDARD,2025-05-12 17:00:00,2025-06-02 17:00:00
C04572,Kavya Das,kavya.das4572@example.com,+91-9000004572,WEST,STANDARD,2026-07-23 19:00:00,2026-10-29 19:00:00
C04573,Kiran Joshi,kiran.joshi4573@example.com,+91-9000004573,WEST,CORPORATE,2025-12-19 15:00:00,2025-12-25 15:00:00
C04574,Kiran Gupta,kiran.gupta4574@example.com,+91-9000004574,SOUTH,CORPORATE,2026-07-26 18:00:00,2026-09-01 18:00:00
C04575,Arjun Kumar,arjun.kumar4575@example.com,+91-9000004575,WEST,CORPORATE,2026-04-01 08:00:00,2026-07-13 08:00:00
C04576,Neha Nair,neha.nair4576@example.com,+91-9000004576,NORTH,CORPORATE,2025-01-15 10:00:00,2025-04-07 10:00:00
C04577,Diya Kapoor,diya.kapoor4577@example.com,+91-9000004577,NORTH,CORPORATE,2026-05-20 11:00:00,2026-08-06 11:00:00
C04578,Aarav Iyer,aarav.iyer4578@example.com,+91-9000004578,NORTH,CORPORATE,2025-10-12 05:00:00,2025-10-12 05:00:00
C04579,Meera Nair,meera.nair4579@example.com,+91-9000004579,SOUTH,CORPORATE,2026-03-17 18:00:00,2026-06-01 18:00:00
C04580,Diya Kapoor,diya.kapoor4580@example.com,+91-9000004580,NORTH,CORPORATE,2025-06-06 16:00:00,2025-09-23 16:00:00
C04581,Aarav Singh,aarav.singh4581@example.com,+91-9000004581,SOUTH,PREMIUM,2025-03-10 23:00:00,2025-06-02 23:00:00
C04582,Meera Gupta,meera.gupta4582@example.com,+91-9000004582,EAST,PREMIUM,2025-09-04 07:00:00,2025-12-08 07:00:00
C04583,Priya Kapoor,priya.kapoor4583@example.com,+91-9000004583,NORTH,PREMIUM,2025-02-14 02:00:00,2025-03-22 02:00:00
C04584,Priya Singh,priya.singh4584@example.com,+91-9000004584,NORTH,CORPORATE,2025-04-06 07:00:00,2025-08-27 07:00:00
C04585,Aditya Rao,aditya.rao4585@example.com,+91-9000004585,SOUTH,STANDARD,2026-08-25 17:00:00,2026-11-24 17:00:00
C04586,Kiran Das,kiran.das4586@example.com,+91-9000004586,WEST,STANDARD,2025-01-21 16:00:00,2025-05-23 16:00:00
C04587,Ishita Nair,ishita.nair4587@example.com,+91-9000004587,NORTH,PREMIUM,2025-06-14 20:00:00,2025-08-28 20:00:00
C04588,Vikram Rao,vikram.rao4588@example.com,+91-9000004588,SOUTH,PREMIUM,2026-04-16 15:00:00,2026-04-18 15:00:00
C04589,Aisha Rao,aisha.rao4589@example.com,+91-9000004589,SOUTH,PREMIUM,2025-07-08 07:00:00,2025-08-21 07:00:00
C04590,Rohan Rao,rohan.rao4590@example.com,+91-9000004590,SOUTH,PREMIUM,2026-06-09 00:00:00,2026-06-29 00:00:00
C04591,Priya Mehta,priya.mehta4591@example.com,+91-9000004591,SOUTH,CORPORATE,2025-05-10 09:00:00,2025-08-02 09:00:00
C04592,Ananya Kumar,ananya.kumar4592@example.com,+91-9000004592,SOUTH,PREMIUM,2026-02-12 19:00:00,2026-06-28 19:00:00
C04593,Ananya Verma,ananya.verma4593@example.com,+91-9000004593,NORTH,STANDARD,2026-04-15 09:00:00,2026-07-22 09:00:00
C04594,Rahul Chowdhury,rahul.chowdhury4594@example.com,+91-9000004594,NORTH,STANDARD,2026-05-26 18:00:00,2026-07-06 18:00:00
C04595,Vikram Patel,vikram.patel4595@example.com,+91-9000004595,SOUTH,STANDARD,2026-01-13 14:00:00,2026-03-08 14:00:00
C04596,Kiran Das,kiran.das4596@example.com,+91-9000004596,NORTH,CORPORATE,2025-05-28 19:00:00,2025-10-28 19:00:00
C04597,Nikhil Verma,nikhil.verma4597@example.com,+91-9000004597,SOUTH,PREMIUM,2025-07-05 07:00:00,2025-12-15 07:00:00
C04598,Aisha Kapoor,aisha.kapoor4598@example.com,+91-9000004598,NORTH,STANDARD,2025-05-23 16:00:00,2025-06-03 16:00:00
C04599,Vikram Sharma,vikram.sharma4599@example.com,+91-9000004599,NORTH,PREMIUM,2025-05-24 19:00:00,2025-07-10 19:00:00
C04600,Neha Nair,neha.nair4600@example.com,+91-9000004600,SOUTH,STANDARD,2025-04-03 14:00:00,2025-08-05 14:00:00
C04601,Nikhil Patel,nikhil.patel4601@example.com,+91-9000004601,SOUTH,STANDARD,2026-09-07 04:00:00,2026-11-23 04:00:00
C04602,Aditya Singh,aditya.singh4602@example.com,+91-9000004602,SOUTH,STANDARD,2026-04-21 17:00:00,2026-07-21 17:00:00
C04603,Kiran Nair,kiran.nair4603@example.com,+91-9000004603,NORTH,CORPORATE,2025-06-30 12:00:00,2025-08-22 12:00:00
C04604,Sneha Chowdhury,sneha.chowdhury4604@example.com,+91-9000004604,WEST,STANDARD,2025-01-06 12:00:00,2025-04-06 12:00:00
C04605,Vivaan Kumar,vivaan.kumar4605@example.com,+91-9000004605,NORTH,STANDARD,2025-05-05 07:00:00,2025-09-10 07:00:00
C04606,Vivaan Rao,vivaan.rao4606@example.com,+91-9000004606,SOUTH,STANDARD,2026-06-29 11:00:00,2026-08-06 11:00:00
C04607,Vivaan Singh,vivaan.singh4607@example.com,+91-9000004607,NORTH,STANDARD,2025-04-08 21:00:00,2025-05-05 21:00:00
C04608,Pooja Kumar,pooja.kumar4608@example.com,+91-9000004608,NORTH,CORPORATE,2025-09-07 06:00:00,2025-11-03 06:00:00
C04609,Sneha Nair,sneha.nair4609@example.com,+91-9000004609,NORTH,STANDARD,2026-05-14 02:00:00,2026-05-14 02:00:00
C04610,Vivaan Das,vivaan.das4610@example.com,+91-9000004610,NORTH,CORPORATE,2025-01-23 05:00:00,2025-04-20 05:00:00
C04611,Meera Reddy,meera.reddy4611@example.com,+91-9000004611,SOUTH,PREMIUM,2026-01-21 04:00:00,2026-04-27 04:00:00
C04612,Vikram Mehta,vikram.mehta4612@example.com,+91-9000004612,WEST,CORPORATE,2026-05-20 02:00:00,2026-08-22 02:00:00
C04613,Diya Nair,diya.nair4613@example.com,+91-9000004613,EAST,CORPORATE,2025-11-13 00:00:00,2026-04-21 00:00:00
C04614,Sai Kumar,sai.kumar4614@example.com,+91-9000004614,NORTH,CORPORATE,2025-01-01 09:00:00,2025-02-25 09:00:00
C04615,Sai Mehta,sai.mehta4615@example.com,+91-9000004615,NORTH,CORPORATE,2025-08-28 02:00:00,2026-02-04 02:00:00
C04616,Priya Gupta,priya.gupta4616@example.com,+91-9000004616,WEST,PREMIUM,2026-07-02 02:00:00,2026-10-06 02:00:00
C04617,Nikhil Gupta,nikhil.gupta4617@example.com,+91-9000004617,EAST,STANDARD,2025-10-22 07:00:00,2025-11-21 07:00:00
C04618,Neha Rao,neha.rao4618@example.com,+91-9000004618,NORTH,CORPORATE,2025-12-28 06:00:00,2026-01-23 06:00:00
C04619,Aditya Das,aditya.das4619@example.com,+91-9000004619,NORTH,PREMIUM,2026-04-08 15:00:00,2026-07-26 15:00:00
C04620,Ananya Sharma,ananya.sharma4620@example.com,+91-9000004620,EAST,CORPORATE,2025-12-19 05:00:00,2026-04-05 05:00:00
C04621,Aditya Patel,aditya.patel4621@example.com,+91-9000004621,SOUTH,CORPORATE,2025-01-28 18:00:00,2025-02-19 18:00:00
C04622,Ananya Gupta,ananya.gupta4622@example.com,+91-9000004622,NORTH,CORPORATE,2026-07-15 01:00:00,2026-08-02 01:00:00
C04623,Neha Sharma,neha.sharma4623@example.com,+91-9000004623,WEST,STANDARD,2025-06-09 04:00:00,2025-11-28 04:00:00
C04624,Arjun Singh,arjun.singh4624@example.com,+91-9000004624,WEST,CORPORATE,2026-05-05 20:00:00,2026-08-26 20:00:00
C04625,Aarav Singh,aarav.singh4625@example.com,+91-9000004625,NORTH,STANDARD,2026-05-05 20:00:00,2026-07-29 20:00:00
C04626,Kiran Patel,kiran.patel4626@example.com,+91-9000004626,EAST,STANDARD,2025-06-04 06:00:00,2025-10-20 06:00:00
C04627,Diya Nair,diya.nair4627@example.com,+91-9000004627,SOUTH,PREMIUM,2025-06-09 02:00:00,2025-11-18 02:00:00
C04628,Kavya Mehta,kavya.mehta4628@example.com,+91-9000004628,WEST,PREMIUM,2025-10-19 20:00:00,2026-02-02 20:00:00
C04629,Kiran Kapoor,kiran.kapoor4629@example.com,+91-9000004629,SOUTH,PREMIUM,2026-05-25 02:00:00,2026-07-02 02:00:00
C04630,Neha Rao,neha.rao4630@example.com,+91-9000004630,SOUTH,STANDARD,2025-07-17 00:00:00,2025-09-17 00:00:00
C04631,Priya Chowdhury,priya.chowdhury4631@example.com,+91-9000004631,NORTH,CORPORATE,2025-12-11 07:00:00,2026-05-04 07:00:00
C04632,Sai Chowdhury,sai.chowdhury4632@example.com,+91-9000004632,SOUTH,STANDARD,2025-09-07 22:00:00,2025-10-13 22:00:00
C04633,Vikram Singh,vikram.singh4633@example.com,+91-9000004633,WEST,PREMIUM,2025-12-19 19:00:00,2026-03-26 19:00:00
C04634,Neha Kumar,neha.kumar4634@example.com,+91-9000004634,WEST,CORPORATE,2025-05-10 15:00:00,2025-07-15 15:00:00
C04635,Arjun Gupta,arjun.gupta4635@example.com,+91-9000004635,EAST,PREMIUM,2026-07-22 06:00:00,2026-10-17 06:00:00
C04636,Pooja Reddy,pooja.reddy4636@example.com,+91-9000004636,WEST,STANDARD,2025-12-16 06:00:00,2025-12-26 06:00:00
C04637,Arjun Reddy,arjun.reddy4637@example.com,+91-9000004637,SOUTH,PREMIUM,2025-10-09 21:00:00,2026-01-07 21:00:00
C04638,Rahul Mehta,rahul.mehta4638@example.com,+91-9000004638,WEST,STANDARD,2026-03-15 12:00:00,2026-07-03 12:00:00
C04639,Priya Chowdhury,priya.chowdhury4639@example.com,+91-9000004639,SOUTH,STANDARD,2025-08-14 11:00:00,2025-12-16 11:00:00
C04640,Rahul Rao,rahul.rao4640@example.com,+91-9000004640,WEST,STANDARD,2025-11-20 11:00:00,2026-03-25 11:00:00
C04641,Diya Das,diya.das4641@example.com,+91-9000004641,NORTH,CORPORATE,2026-02-06 10:00:00,2026-06-06 10:00:00
C04642,Meera Rao,meera.rao4642@example.com,+91-9000004642,WEST,PREMIUM,2026-06-26 14:00:00,2026-11-23 14:00:00
C04643,Meera Patel,meera.patel4643@example.com,+91-9000004643,NORTH,PREMIUM,2025-06-18 08:00:00,2025-09-20 08:00:00
C04644,Arjun Sharma,arjun.sharma4644@example.com,+91-9000004644,SOUTH,PREMIUM,2025-11-11 13:00:00,2025-11-12 13:00:00
C04645,Meera Nair,meera.nair4645@example.com,+91-9000004645,NORTH,PREMIUM,2025-05-13 18:00:00,2025-08-19 18:00:00
C04646,Aisha Kapoor,aisha.kapoor4646@example.com,+91-9000004646,SOUTH,CORPORATE,2025-12-08 03:00:00,2025-12-21 03:00:00
C04647,Meera Joshi,meera.joshi4647@example.com,+91-9000004647,NORTH,CORPORATE,2025-05-10 14:00:00,2025-09-13 14:00:00
C04648,Rahul Nair,rahul.nair4648@example.com,+91-9000004648,NORTH,CORPORATE,2025-08-25 23:00:00,2025-08-30 23:00:00
C04649,Neha Gupta,neha.gupta4649@example.com,+91-9000004649,WEST,CORPORATE,2026-08-22 06:00:00,2026-10-29 06:00:00
C04650,Sai Reddy,sai.reddy4650@example.com,+91-9000004650,SOUTH,PREMIUM,2025-05-15 18:00:00,2025-09-03 18:00:00
C04651,Diya Kapoor,diya.kapoor4651@example.com,+91-9000004651,SOUTH,STANDARD,2025-01-05 05:00:00,2025-03-20 05:00:00
C04652,Sneha Gupta,sneha.gupta4652@example.com,+91-9000004652,SOUTH,PREMIUM,2026-07-18 22:00:00,2026-10-14 22:00:00
C04653,Sneha Mehta,sneha.mehta4653@example.com,+91-9000004653,SOUTH,PREMIUM,2026-08-04 14:00:00,2026-09-02 14:00:00
C04654,Kavya Rao,kavya.rao4654@example.com,+91-9000004654,SOUTH,STANDARD,2025-02-23 14:00:00,2025-04-22 14:00:00
C04655,Neha Iyer,neha.iyer4655@example.com,+91-9000004655,WEST,PREMIUM,2025-05-18 02:00:00,2025-10-07 02:00:00
C04656,Sai Joshi,sai.joshi4656@example.com,+91-9000004656,EAST,CORPORATE,2025-09-06 06:00:00,2025-10-15 06:00:00
C04657,Vivaan Kapoor,vivaan.kapoor4657@example.com,+91-9000004657,WEST,PREMIUM,2026-08-05 22:00:00,2026-08-21 22:00:00
C04658,Ishita Gupta,ishita.gupta4658@example.com,+91-9000004658,EAST,STANDARD,2026-02-14 23:00:00,2026-05-26 23:00:00
C04659,Rohan Singh,rohan.singh4659@example.com,+91-9000004659,SOUTH,CORPORATE,2025-08-13 21:00:00,2025-11-30 21:00:00
C04660,Rohan Sharma,rohan.sharma4660@example.com,+91-9000004660,SOUTH,STANDARD,2025-04-26 02:00:00,2025-05-02 02:00:00
C04661,Vivaan Kapoor,vivaan.kapoor4661@example.com,+91-9000004661,WEST,PREMIUM,2026-06-15 09:00:00,2026-07-17 09:00:00
C04662,Ishita Chowdhury,ishita.chowdhury4662@example.com,+91-9000004662,WEST,STANDARD,2025-09-17 17:00:00,2025-11-10 17:00:00
C04663,Meera Chowdhury,meera.chowdhury4663@example.com,+91-9000004663,NORTH,PREMIUM,2026-04-08 21:00:00,2026-04-13 21:00:00
C04664,Kavya Patel,kavya.patel4664@example.com,+91-9000004664,NORTH,PREMIUM,2026-07-08 19:00:00,2026-12-18 19:00:00
C04665,Aditya Mehta,aditya.mehta4665@example.com,+91-9000004665,SOUTH,PREMIUM,2025-07-31 12:00:00,2026-01-10 12:00:00
C04666,Vikram Nair,vikram.nair4666@example.com,+91-9000004666,NORTH,STANDARD,2025-10-20 13:00:00,2025-10-26 13:00:00
C04667,Aisha Verma,aisha.verma4667@example.com,+91-9000004667,NORTH,CORPORATE,2026-03-06 08:00:00,2026-03-19 08:00:00
C04668,Arjun Chowdhury,arjun.chowdhury4668@example.com,+91-9000004668,WEST,CORPORATE,2025-07-12 04:00:00,2025-10-14 04:00:00
C04669,Aditya Kapoor,aditya.kapoor4669@example.com,+91-9000004669,NORTH,STANDARD,2026-08-01 06:00:00,2027-01-15 06:00:00
C04670,Aarav Reddy,aarav.reddy4670@example.com,+91-9000004670,WEST,PREMIUM,2025-04-21 10:00:00,2025-05-19 10:00:00
C04671,Sneha Verma,sneha.verma4671@example.com,+91-9000004671,SOUTH,CORPORATE,2026-06-28 22:00:00,2026-07-10 22:00:00
C04672,Rohan Iyer,rohan.iyer4672@example.com,+91-9000004672,SOUTH,PREMIUM,2026-06-06 18:00:00,2026-08-10 18:00:00
C04673,Aditya Sharma,aditya.sharma4673@example.com,+91-9000004673,WEST,STANDARD,2025-10-16 01:00:00,2025-11-01 01:00:00
C04674,Diya Singh,diya.singh4674@example.com,+91-9000004674,NORTH,STANDARD,2026-01-30 16:00:00,2026-07-24 16:00:00
C04675,Rohan Chowdhury,rohan.chowdhury4675@example.com,+91-9000004675,WEST,CORPORATE,2025-12-05 06:00:00,2026-05-21 06:00:00
C04676,Arjun Rao,arjun.rao4676@example.com,+91-9000004676,WEST,PREMIUM,2026-06-12 20:00:00,2026-08-30 20:00:00
C04677,Priya Verma,priya.verma4677@example.com,+91-9000004677,SOUTH,STANDARD,2025-12-27 16:00:00,2026-01-06 16:00:00
C04678,Neha Das,neha.das4678@example.com,+91-9000004678,NORTH,CORPORATE,2025-01-13 03:00:00,2025-04-04 03:00:00
C04679,Ishita Rao,ishita.rao4679@example.com,+91-9000004679,EAST,PREMIUM,2026-04-04 03:00:00,2026-08-22 03:00:00
C04680,Vikram Sharma,vikram.sharma4680@example.com,+91-9000004680,SOUTH,STANDARD,2025-04-04 19:00:00,2025-07-31 19:00:00
C04681,Arjun Singh,arjun.singh4681@example.com,+91-9000004681,WEST,CORPORATE,2026-09-13 16:00:00,2027-03-12 16:00:00
C04682,Rohan Gupta,rohan.gupta4682@example.com,+91-9000004682,SOUTH,STANDARD,2025-04-16 13:00:00,2025-07-18 13:00:00
C04683,Kavya Kapoor,kavya.kapoor4683@example.com,+91-9000004683,WEST,PREMIUM,2026-02-03 13:00:00,2026-03-03 13:00:00
C04684,Aditya Nair,aditya.nair4684@example.com,+91-9000004684,NORTH,PREMIUM,2026-08-08 15:00:00,2026-11-07 15:00:00
C04685,Pooja Mehta,pooja.mehta4685@example.com,+91-9000004685,WEST,STANDARD,2026-06-18 06:00:00,2026-10-01 06:00:00
C04686,Aditya Gupta,aditya.gupta4686@example.com,+91-9000004686,NORTH,STANDARD,2025-02-12 23:00:00,2025-05-08 23:00:00
C04687,Aisha Kumar,aisha.kumar4687@example.com,+91-9000004687,WEST,PREMIUM,2026-01-19 06:00:00,2026-07-02 06:00:00
C04688,Aisha Reddy,aisha.reddy4688@example.com,+91-9000004688,NORTH,PREMIUM,2026-08-26 11:00:00,2026-12-16 11:00:00
C04689,Sai Iyer,sai.iyer4689@example.com,+91-9000004689,NORTH,STANDARD,2026-01-14 07:00:00,2026-03-18 07:00:00
C04690,Pooja Das,pooja.das4690@example.com,+91-9000004690,SOUTH,PREMIUM,2026-08-31 16:00:00,2026-10-10 16:00:00
C04691,Ishita Singh,ishita.singh4691@example.com,+91-9000004691,EAST,CORPORATE,2025-05-26 03:00:00,2025-09-26 03:00:00
C04692,Ananya Iyer,ananya.iyer4692@example.com,+91-9000004692,NORTH,CORPORATE,2025-02-14 02:00:00,2025-04-23 02:00:00
C04693,Meera Singh,meera.singh4693@example.com,+91-9000004693,NORTH,STANDARD,2026-07-16 15:00:00,2026-07-17 15:00:00
C04694,Rohan Sharma,rohan.sharma4694@example.com,+91-9000004694,NORTH,STANDARD,2025-06-05 16:00:00,2025-07-15 16:00:00
C04695,Priya Patel,priya.patel4695@example.com,+91-9000004695,NORTH,CORPORATE,2026-05-06 12:00:00,2026-09-26 12:00:00
C04696,Kiran Rao,kiran.rao4696@example.com,+91-9000004696,NORTH,CORPORATE,2025-11-21 02:00:00,2025-12-06 02:00:00
C04697,Rahul Verma,rahul.verma4697@example.com,+91-9000004697,NORTH,PREMIUM,2025-05-09 16:00:00,2025-08-26 16:00:00
C04698,Arjun Kumar,arjun.kumar4698@example.com,+91-9000004698,EAST,STANDARD,2025-01-05 17:00:00,2025-01-06 17:00:00
C04699,Aisha Kapoor,aisha.kapoor4699@example.com,+91-9000004699,SOUTH,CORPORATE,2026-08-01 15:00:00,2026-08-03 15:00:00
C04700,Priya Joshi,priya.joshi4700@example.com,+91-9000004700,SOUTH,PREMIUM,2025-08-18 17:00:00,2025-12-17 17:00:00
C04701,Sneha Gupta,sneha.gupta4701@example.com,+91-9000004701,WEST,PREMIUM,2025-04-29 03:00:00,2025-06-03 03:00:00
C04702,Ananya Patel,ananya.patel4702@example.com,+91-9000004702,WEST,PREMIUM,2026-05-08 20:00:00,2026-06-27 20:00:00
C04703,Aarav Joshi,aarav.joshi4703@example.com,+91-9000004703,SOUTH,PREMIUM,2026-09-10 01:00:00,2026-10-01 01:00:00
C04704,Sai Reddy,sai.reddy4704@example.com,+91-9000004704,WEST,STANDARD,2025-02-19 04:00:00,2025-04-09 04:00:00
C04705,Nikhil Das,nikhil.das4705@example.com,+91-9000004705,WEST,CORPORATE,2025-10-25 15:00:00,2025-11-07 15:00:00
C04706,Diya Mehta,diya.mehta4706@example.com,+91-9000004706,EAST,PREMIUM,2026-05-11 22:00:00,2026-06-04 22:00:00
C04707,Neha Chowdhury,neha.chowdhury4707@example.com,+91-9000004707,NORTH,CORPORATE,2026-03-14 03:00:00,2026-08-22 03:00:00
C04708,Sneha Reddy,sneha.reddy4708@example.com,+91-9000004708,NORTH,PREMIUM,2026-01-21 11:00:00,2026-04-20 11:00:00
C04709,Ishita Singh,ishita.singh4709@example.com,+91-9000004709,WEST,STANDARD,2026-04-12 13:00:00,2026-09-14 13:00:00
C04710,Neha Mehta,neha.mehta4710@example.com,+91-9000004710,WEST,STANDARD,2026-01-22 16:00:00,2026-04-05 16:00:00
C04711,Vikram Sharma,vikram.sharma4711@example.com,+91-9000004711,NORTH,STANDARD,2025-01-18 19:00:00,2025-02-28 19:00:00
C04712,Nikhil Patel,nikhil.patel4712@example.com,+91-9000004712,NORTH,STANDARD,2026-01-24 21:00:00,2026-05-21 21:00:00
C04713,Neha Kumar,neha.kumar4713@example.com,+91-9000004713,SOUTH,CORPORATE,2025-07-06 04:00:00,2025-07-25 04:00:00
C04714,Vikram Kumar,vikram.kumar4714@example.com,+91-9000004714,SOUTH,PREMIUM,2025-01-14 14:00:00,2025-07-10 14:00:00
C04715,Nikhil Gupta,nikhil.gupta4715@example.com,+91-9000004715,SOUTH,STANDARD,2025-09-07 13:00:00,2025-12-01 13:00:00
C04716,Sneha Joshi,sneha.joshi4716@example.com,+91-9000004716,SOUTH,PREMIUM,2026-08-24 03:00:00,2026-09-02 03:00:00
C04717,Arjun Sharma,arjun.sharma4717@example.com,+91-9000004717,SOUTH,PREMIUM,2025-03-12 12:00:00,2025-03-14 12:00:00
C04718,Aarav Iyer,aarav.iyer4718@example.com,+91-9000004718,NORTH,PREMIUM,2025-02-03 04:00:00,2025-06-26 04:00:00
C04719,Pooja Mehta,pooja.mehta4719@example.com,+91-9000004719,WEST,PREMIUM,2025-08-02 21:00:00,2025-10-27 21:00:00
C04720,Neha Gupta,neha.gupta4720@example.com,+91-9000004720,WEST,PREMIUM,2026-07-24 06:00:00,2026-10-05 06:00:00
C04721,Kavya Iyer,kavya.iyer4721@example.com,+91-9000004721,EAST,STANDARD,2025-07-31 11:00:00,2025-12-31 11:00:00
C04722,Rahul Reddy,rahul.reddy4722@example.com,+91-9000004722,NORTH,PREMIUM,2025-10-18 18:00:00,2026-03-12 18:00:00
C04723,Aditya Chowdhury,aditya.chowdhury4723@example.com,+91-9000004723,WEST,CORPORATE,2025-09-16 12:00:00,2026-01-23 12:00:00
C04724,Meera Das,meera.das4724@example.com,+91-9000004724,WEST,STANDARD,2026-02-01 09:00:00,2026-02-06 09:00:00
C04725,Rohan Reddy,rohan.reddy4725@example.com,+91-9000004725,SOUTH,CORPORATE,2026-05-22 22:00:00,2026-09-03 22:00:00
C04726,Meera Verma,meera.verma4726@example.com,+91-9000004726,SOUTH,PREMIUM,2025-05-30 16:00:00,2025-09-07 16:00:00
C04727,Aisha Verma,aisha.verma4727@example.com,+91-9000004727,SOUTH,CORPORATE,2025-09-28 18:00:00,2026-02-02 18:00:00
C04728,Sai Rao,sai.rao4728@example.com,+91-9000004728,SOUTH,CORPORATE,2025-01-03 01:00:00,2025-06-24 01:00:00
C04729,Sai Sharma,sai.sharma4729@example.com,+91-9000004729,SOUTH,STANDARD,2026-07-14 12:00:00,2026-09-29 12:00:00
C04730,Ishita Joshi,ishita.joshi4730@example.com,+91-9000004730,SOUTH,CORPORATE,2025-01-18 10:00:00,2025-01-24 10:00:00
C04731,Aisha Joshi,aisha.joshi4731@example.com,+91-9000004731,WEST,STANDARD,2025-12-13 08:00:00,2026-04-18 08:00:00
C04732,Arjun Singh,arjun.singh4732@example.com,+91-9000004732,SOUTH,CORPORATE,2025-07-27 23:00:00,2026-01-21 23:00:00
C04733,Rohan Kumar,rohan.kumar4733@example.com,+91-9000004733,WEST,PREMIUM,2025-11-24 13:00:00,2026-04-26 13:00:00
C04734,Rohan Joshi,rohan.joshi4734@example.com,+91-9000004734,SOUTH,STANDARD,2025-01-14 02:00:00,2025-01-23 02:00:00
C04735,Pooja Sharma,pooja.sharma4735@example.com,+91-9000004735,NORTH,STANDARD,2026-06-23 19:00:00,2026-07-09 19:00:00
C04736,Aisha Gupta,aisha.gupta4736@example.com,+91-9000004736,SOUTH,PREMIUM,2026-06-18 03:00:00,2026-11-01 03:00:00
C04737,Vivaan Patel,vivaan.patel4737@example.com,+91-9000004737,WEST,PREMIUM,2026-06-24 20:00:00,2026-12-19 20:00:00
C04738,Vikram Reddy,vikram.reddy4738@example.com,+91-9000004738,NORTH,STANDARD,2025-12-10 17:00:00,2026-05-18 17:00:00
C04739,Vivaan Nair,vivaan.nair4739@example.com,+91-9000004739,WEST,CORPORATE,2025-08-24 01:00:00,2025-10-19 01:00:00
C04740,Priya Singh,priya.singh4740@example.com,+91-9000004740,WEST,PREMIUM,2026-03-11 02:00:00,2026-06-19 02:00:00
C04741,Rahul Iyer,rahul.iyer4741@example.com,+91-9000004741,SOUTH,STANDARD,2025-01-26 16:00:00,2025-03-02 16:00:00
C04742,Meera Iyer,meera.iyer4742@example.com,+91-9000004742,NORTH,PREMIUM,2025-03-10 11:00:00,2025-07-05 11:00:00
C04743,Vikram Joshi,vikram.joshi4743@example.com,+91-9000004743,NORTH,CORPORATE,2026-04-14 00:00:00,2026-06-09 00:00:00
C04744,Aditya Chowdhury,aditya.chowdhury4744@example.com,+91-9000004744,NORTH,CORPORATE,2025-04-01 01:00:00,2025-08-19 01:00:00
C04745,Rohan Das,rohan.das4745@example.com,+91-9000004745,NORTH,PREMIUM,2025-09-08 00:00:00,2026-01-13 00:00:00
C04746,Rohan Nair,rohan.nair4746@example.com,+91-9000004746,WEST,PREMIUM,2026-04-04 19:00:00,2026-05-09 19:00:00
C04747,Arjun Iyer,arjun.iyer4747@example.com,+91-9000004747,WEST,STANDARD,2026-08-22 03:00:00,2027-02-08 03:00:00
C04748,Meera Nair,meera.nair4748@example.com,+91-9000004748,NORTH,CORPORATE,2025-08-27 15:00:00,2025-11-26 15:00:00
C04749,Aarav Joshi,aarav.joshi4749@example.com,+91-9000004749,EAST,PREMIUM,2025-04-17 12:00:00,2025-08-17 12:00:00
C04750,Arjun Iyer,arjun.iyer4750@example.com,+91-9000004750,NORTH,STANDARD,2026-05-23 15:00:00,2026-11-07 15:00:00
C04751,Kavya Iyer,kavya.iyer4751@example.com,+91-9000004751,WEST,PREMIUM,2025-08-10 13:00:00,2025-12-27 13:00:00
C04752,Kavya Kapoor,kavya.kapoor4752@example.com,+91-9000004752,SOUTH,CORPORATE,2026-01-02 00:00:00,2026-06-18 00:00:00
C04753,Ishita Kapoor,ishita.kapoor4753@example.com,+91-9000004753,NORTH,STANDARD,2025-06-15 14:00:00,2025-11-13 14:00:00
C04754,Rahul Patel,rahul.patel4754@example.com,+91-9000004754,NORTH,PREMIUM,2026-03-12 13:00:00,2026-07-21 13:00:00
C04755,Kavya Sharma,kavya.sharma4755@example.com,+91-9000004755,WEST,PREMIUM,2026-08-07 22:00:00,2027-01-18 22:00:00
C04756,Ishita Reddy,ishita.reddy4756@example.com,+91-9000004756,SOUTH,STANDARD,2026-02-09 10:00:00,2026-06-29 10:00:00
C04757,Neha Das,neha.das4757@example.com,+91-9000004757,SOUTH,PREMIUM,2026-07-05 19:00:00,2026-09-17 19:00:00
C04758,Pooja Nair,pooja.nair4758@example.com,+91-9000004758,NORTH,CORPORATE,2025-09-05 10:00:00,2025-10-02 10:00:00
C04759,Sai Verma,sai.verma4759@example.com,+91-9000004759,EAST,PREMIUM,2025-12-16 19:00:00,2026-04-14 19:00:00
C04760,Sai Singh,sai.singh4760@example.com,+91-9000004760,EAST,PREMIUM,2025-11-27 19:00:00,2026-02-10 19:00:00
C04761,Aarav Iyer,aarav.iyer4761@example.com,+91-9000004761,NORTH,CORPORATE,2025-07-12 17:00:00,2025-11-25 17:00:00
C04762,Aarav Verma,aarav.verma4762@example.com,+91-9000004762,WEST,STANDARD,2025-01-31 02:00:00,2025-05-23 02:00:00
C04763,Arjun Kapoor,arjun.kapoor4763@example.com,+91-9000004763,EAST,CORPORATE,2026-02-01 10:00:00,2026-06-30 10:00:00
C04764,Rohan Nair,rohan.nair4764@example.com,+91-9000004764,NORTH,PREMIUM,2025-03-13 04:00:00,2025-06-22 04:00:00
C04765,Diya Joshi,diya.joshi4765@example.com,+91-9000004765,WEST,PREMIUM,2025-04-06 17:00:00,2025-04-26 17:00:00
C04766,Arjun Chowdhury,arjun.chowdhury4766@example.com,+91-9000004766,NORTH,STANDARD,2025-11-12 16:00:00,2025-11-26 16:00:00
C04767,Diya Joshi,diya.joshi4767@example.com,+91-9000004767,NORTH,STANDARD,2025-02-14 00:00:00,2025-04-22 00:00:00
C04768,Vikram Nair,vikram.nair4768@example.com,+91-9000004768,EAST,CORPORATE,2025-07-05 16:00:00,2025-11-07 16:00:00
C04769,Diya Das,diya.das4769@example.com,+91-9000004769,WEST,CORPORATE,2026-04-20 01:00:00,2026-04-24 01:00:00
C04770,Sai Nair,sai.nair4770@example.com,+91-9000004770,SOUTH,STANDARD,2025-07-20 00:00:00,2025-08-27 00:00:00
C04771,Ananya Das,ananya.das4771@example.com,+91-9000004771,WEST,PREMIUM,2025-01-14 02:00:00,2025-06-23 02:00:00
C04772,Vivaan Gupta,vivaan.gupta4772@example.com,+91-9000004772,NORTH,STANDARD,2025-10-09 05:00:00,2026-01-19 05:00:00
C04773,Neha Verma,neha.verma4773@example.com,+91-9000004773,SOUTH,STANDARD,2025-06-02 05:00:00,2025-07-20 05:00:00
C04774,Meera Nair,meera.nair4774@example.com,+91-9000004774,WEST,STANDARD,2025-08-04 03:00:00,2025-11-10 03:00:00
C04775,Rahul Kapoor,rahul.kapoor4775@example.com,+91-9000004775,EAST,CORPORATE,2025-02-12 00:00:00,2025-04-03 00:00:00
C04776,Aarav Patel,aarav.patel4776@example.com,+91-9000004776,NORTH,CORPORATE,2025-09-25 05:00:00,2026-01-11 05:00:00
C04777,Sai Rao,sai.rao4777@example.com,+91-9000004777,NORTH,STANDARD,2026-08-11 14:00:00,2026-12-09 14:00:00
C04778,Nikhil Sharma,nikhil.sharma4778@example.com,+91-9000004778,SOUTH,CORPORATE,2025-12-01 15:00:00,2026-02-09 15:00:00
C04779,Nikhil Singh,nikhil.singh4779@example.com,+91-9000004779,NORTH,CORPORATE,2026-09-04 11:00:00,2027-01-08 11:00:00
C04780,Vikram Sharma,vikram.sharma4780@example.com,+91-9000004780,EAST,STANDARD,2026-01-25 17:00:00,2026-04-27 17:00:00
C04781,Nikhil Rao,nikhil.rao4781@example.com,+91-9000004781,WEST,PREMIUM,2026-01-17 07:00:00,2026-02-02 07:00:00
C04782,Vikram Singh,vikram.singh4782@example.com,+91-9000004782,WEST,CORPORATE,2026-03-16 17:00:00,2026-07-01 17:00:00
C04783,Diya Kapoor,diya.kapoor4783@example.com,+91-9000004783,WEST,CORPORATE,2026-06-11 06:00:00,2026-07-31 06:00:00
C04784,Nikhil Iyer,nikhil.iyer4784@example.com,+91-9000004784,NORTH,CORPORATE,2025-08-23 21:00:00,2026-01-10 21:00:00
C04785,Meera Das,meera.das4785@example.com,+91-9000004785,EAST,STANDARD,2025-06-13 13:00:00,2025-10-02 13:00:00
C04786,Ishita Chowdhury,ishita.chowdhury4786@example.com,+91-9000004786,NORTH,STANDARD,2025-11-03 16:00:00,2025-12-12 16:00:00
C04787,Aarav Chowdhury,aarav.chowdhury4787@example.com,+91-9000004787,NORTH,CORPORATE,2026-04-17 15:00:00,2026-08-15 15:00:00
C04788,Aarav Kapoor,aarav.kapoor4788@example.com,+91-9000004788,WEST,STANDARD,2026-06-05 19:00:00,2026-07-15 19:00:00
C04789,Meera Joshi,meera.joshi4789@example.com,+91-9000004789,WEST,PREMIUM,2026-07-29 06:00:00,2026-09-29 06:00:00
C04790,Meera Nair,meera.nair4790@example.com,+91-9000004790,SOUTH,PREMIUM,2025-12-12 17:00:00,2025-12-18 17:00:00
C04791,Nikhil Verma,nikhil.verma4791@example.com,+91-9000004791,SOUTH,CORPORATE,2025-03-03 11:00:00,2025-04-16 11:00:00
C04792,Aisha Rao,aisha.rao4792@example.com,+91-9000004792,SOUTH,CORPORATE,2026-02-15 14:00:00,2026-02-17 14:00:00
C04793,Vivaan Gupta,vivaan.gupta4793@example.com,+91-9000004793,SOUTH,CORPORATE,2025-07-21 08:00:00,2025-09-09 08:00:00
C04794,Pooja Sharma,pooja.sharma4794@example.com,+91-9000004794,WEST,CORPORATE,2026-04-24 14:00:00,2026-08-27 14:00:00
C04795,Sai Chowdhury,sai.chowdhury4795@example.com,+91-9000004795,WEST,CORPORATE,2026-08-28 10:00:00,2026-11-24 10:00:00
C04796,Aarav Kumar,aarav.kumar4796@example.com,+91-9000004796,SOUTH,PREMIUM,2026-07-30 00:00:00,2026-09-03 00:00:00
C04797,Ananya Iyer,ananya.iyer4797@example.com,+91-9000004797,NORTH,STANDARD,2025-12-26 03:00:00,2026-06-17 03:00:00
C04798,Sai Mehta,sai.mehta4798@example.com,+91-9000004798,NORTH,STANDARD,2025-01-05 09:00:00,2025-06-22 09:00:00
C04799,Rahul Iyer,rahul.iyer4799@example.com,+91-9000004799,WEST,PREMIUM,2025-04-07 09:00:00,2025-06-04 09:00:00
C04800,Aditya Patel,aditya.patel4800@example.com,+91-9000004800,WEST,CORPORATE,2026-04-21 19:00:00,2026-10-13 19:00:00
C04801,Kiran Chowdhury,kiran.chowdhury4801@example.com,+91-9000004801,NORTH,PREMIUM,2025-08-18 15:00:00,2025-10-05 15:00:00
C04802,Aditya Joshi,aditya.joshi4802@example.com,+91-9000004802,SOUTH,STANDARD,2025-04-13 03:00:00,2025-09-28 03:00:00
C04803,Diya Nair,diya.nair4803@example.com,+91-9000004803,SOUTH,PREMIUM,2025-01-30 08:00:00,2025-05-01 08:00:00
C04804,Rahul Kapoor,rahul.kapoor4804@example.com,+91-9000004804,SOUTH,CORPORATE,2026-04-17 08:00:00,2026-08-06 08:00:00
C04805,Ishita Kapoor,ishita.kapoor4805@example.com,+91-9000004805,NORTH,STANDARD,2025-07-07 21:00:00,2025-12-31 21:00:00
C04806,Vivaan Iyer,vivaan.iyer4806@example.com,+91-9000004806,WEST,CORPORATE,2026-01-08 15:00:00,2026-02-26 15:00:00
C04807,Aisha Mehta,aisha.mehta4807@example.com,+91-9000004807,WEST,PREMIUM,2025-12-25 11:00:00,2026-01-14 11:00:00
C04808,Vikram Das,vikram.das4808@example.com,+91-9000004808,NORTH,CORPORATE,2026-03-18 01:00:00,2026-04-07 01:00:00
C04809,Pooja Kumar,pooja.kumar4809@example.com,+91-9000004809,SOUTH,PREMIUM,2025-11-28 03:00:00,2026-05-17 03:00:00
C04810,Nikhil Verma,nikhil.verma4810@example.com,+91-9000004810,WEST,CORPORATE,2026-01-02 10:00:00,2026-04-28 10:00:00
C04811,Vivaan Kapoor,vivaan.kapoor4811@example.com,+91-9000004811,EAST,STANDARD,2026-03-04 04:00:00,2026-07-21 04:00:00
C04812,Arjun Singh,arjun.singh4812@example.com,+91-9000004812,WEST,PREMIUM,2026-04-12 06:00:00,2026-06-15 06:00:00
C04813,Ishita Reddy,ishita.reddy4813@example.com,+91-9000004813,NORTH,PREMIUM,2025-05-24 02:00:00,2025-08-27 02:00:00
C04814,Meera Mehta,meera.mehta4814@example.com,+91-9000004814,WEST,STANDARD,2025-06-20 13:00:00,2025-08-03 13:00:00
C04815,Meera Sharma,meera.sharma4815@example.com,+91-9000004815,WEST,STANDARD,2026-06-11 08:00:00,2026-10-19 08:00:00
C04816,Priya Singh,priya.singh4816@example.com,+91-9000004816,NORTH,CORPORATE,2025-06-13 00:00:00,2025-06-28 00:00:00
C04817,Meera Nair,meera.nair4817@example.com,+91-9000004817,NORTH,PREMIUM,2025-08-28 02:00:00,2025-10-28 02:00:00
C04818,Aarav Joshi,aarav.joshi4818@example.com,+91-9000004818,NORTH,PREMIUM,2025-08-29 19:00:00,2025-09-16 19:00:00
C04819,Meera Mehta,meera.mehta4819@example.com,+91-9000004819,WEST,PREMIUM,2026-05-21 01:00:00,2026-05-29 01:00:00
C04820,Ananya Mehta,ananya.mehta4820@example.com,+91-9000004820,SOUTH,STANDARD,2026-08-28 17:00:00,2027-02-17 17:00:00
C04821,Meera Gupta,meera.gupta4821@example.com,+91-9000004821,SOUTH,STANDARD,2025-08-22 21:00:00,2025-10-16 21:00:00
C04822,Vikram Joshi,vikram.joshi4822@example.com,+91-9000004822,WEST,CORPORATE,2025-08-23 16:00:00,2025-09-01 16:00:00
C04823,Nikhil Iyer,nikhil.iyer4823@example.com,+91-9000004823,WEST,CORPORATE,2025-12-19 02:00:00,2026-01-26 02:00:00
C04824,Vivaan Patel,vivaan.patel4824@example.com,+91-9000004824,WEST,PREMIUM,2026-01-14 19:00:00,2026-03-31 19:00:00
C04825,Diya Sharma,diya.sharma4825@example.com,+91-9000004825,SOUTH,CORPORATE,2025-05-29 17:00:00,2025-07-28 17:00:00
C04826,Arjun Kumar,arjun.kumar4826@example.com,+91-9000004826,EAST,PREMIUM,2025-09-19 04:00:00,2025-12-22 04:00:00
C04827,Priya Singh,priya.singh4827@example.com,+91-9000004827,NORTH,CORPORATE,2026-04-23 05:00:00,2026-05-09 05:00:00
C04828,Arjun Mehta,arjun.mehta4828@example.com,+91-9000004828,NORTH,STANDARD,2025-12-06 09:00:00,2026-02-17 09:00:00
C04829,Vikram Kumar,vikram.kumar4829@example.com,+91-9000004829,WEST,CORPORATE,2025-03-29 16:00:00,2025-06-13 16:00:00
C04830,Kiran Singh,kiran.singh4830@example.com,+91-9000004830,SOUTH,STANDARD,2026-01-17 07:00:00,2026-07-11 07:00:00
C04831,Rahul Das,rahul.das4831@example.com,+91-9000004831,EAST,STANDARD,2026-08-23 15:00:00,2027-02-12 15:00:00
C04832,Arjun Verma,arjun.verma4832@example.com,+91-9000004832,SOUTH,CORPORATE,2025-01-17 13:00:00,2025-06-15 13:00:00
C04833,Arjun Das,arjun.das4833@example.com,+91-9000004833,SOUTH,PREMIUM,2026-04-24 19:00:00,2026-07-19 19:00:00
C04834,Aditya Kapoor,aditya.kapoor4834@example.com,+91-9000004834,SOUTH,CORPORATE,2026-04-08 06:00:00,2026-05-06 06:00:00
C04835,Meera Patel,meera.patel4835@example.com,+91-9000004835,SOUTH,CORPORATE,2025-03-27 23:00:00,2025-08-02 23:00:00
C04836,Sneha Kumar,sneha.kumar4836@example.com,+91-9000004836,SOUTH,CORPORATE,2025-06-09 05:00:00,2025-10-27 05:00:00
C04837,Kiran Singh,kiran.singh4837@example.com,+91-9000004837,NORTH,PREMIUM,2026-08-04 02:00:00,2026-09-28 02:00:00
C04838,Priya Singh,priya.singh4838@example.com,+91-9000004838,SOUTH,PREMIUM,2026-05-11 03:00:00,2026-06-15 03:00:00
C04839,Pooja Iyer,pooja.iyer4839@example.com,+91-9000004839,SOUTH,PREMIUM,2026-04-08 15:00:00,2026-09-19 15:00:00
C04840,Nikhil Verma,nikhil.verma4840@example.com,+91-9000004840,NORTH,CORPORATE,2026-09-02 23:00:00,2026-09-22 23:00:00
C04841,Diya Chowdhury,diya.chowdhury4841@example.com,+91-9000004841,WEST,PREMIUM,2025-07-21 01:00:00,2025-10-10 01:00:00
C04842,Vivaan Sharma,vivaan.sharma4842@example.com,+91-9000004842,SOUTH,CORPORATE,2025-07-01 00:00:00,2025-10-05 00:00:00
C04843,Kavya Kumar,kavya.kumar4843@example.com,+91-9000004843,WEST,CORPORATE,2026-07-28 15:00:00,2026-08-05 15:00:00
C04844,Rohan Mehta,rohan.mehta4844@example.com,+91-9000004844,NORTH,STANDARD,2025-11-14 20:00:00,2025-12-27 20:00:00
C04845,Neha Verma,neha.verma4845@example.com,+91-9000004845,EAST,PREMIUM,2026-05-31 12:00:00,2026-06-12 12:00:00
C04846,Kiran Das,kiran.das4846@example.com,+91-9000004846,SOUTH,CORPORATE,2025-02-18 08:00:00,2025-04-11 08:00:00
C04847,Vikram Singh,vikram.singh4847@example.com,+91-9000004847,NORTH,PREMIUM,2026-04-16 21:00:00,2026-09-23 21:00:00
C04848,Aditya Iyer,aditya.iyer4848@example.com,+91-9000004848,NORTH,CORPORATE,2025-05-30 07:00:00,2025-10-06 07:00:00
C04849,Arjun Sharma,arjun.sharma4849@example.com,+91-9000004849,WEST,CORPORATE,2025-03-19 07:00:00,2025-04-21 07:00:00
C04850,Priya Patel,priya.patel4850@example.com,+91-9000004850,NORTH,STANDARD,2025-03-15 01:00:00,2025-05-16 01:00:00
C04851,Kiran Rao,kiran.rao4851@example.com,+91-9000004851,SOUTH,CORPORATE,2026-01-20 01:00:00,2026-04-09 01:00:00
C04852,Rahul Patel,rahul.patel4852@example.com,+91-9000004852,WEST,CORPORATE,2025-01-03 03:00:00,2025-06-20 03:00:00
C04853,Aisha Patel,aisha.patel4853@example.com,+91-9000004853,SOUTH,STANDARD,2026-01-06 07:00:00,2026-05-26 07:00:00
C04854,Rohan Das,rohan.das4854@example.com,+91-9000004854,NORTH,CORPORATE,2025-03-20 21:00:00,2025-04-20 21:00:00
C04855,Meera Kumar,meera.kumar4855@example.com,+91-9000004855,WEST,CORPORATE,2026-03-02 00:00:00,2026-07-24 00:00:00
C04856,Aditya Das,aditya.das4856@example.com,+91-9000004856,NORTH,CORPORATE,2026-05-06 07:00:00,2026-05-09 07:00:00
C04857,Priya Mehta,priya.mehta4857@example.com,+91-9000004857,WEST,CORPORATE,2026-06-07 18:00:00,2026-10-09 18:00:00
C04858,Meera Gupta,meera.gupta4858@example.com,+91-9000004858,SOUTH,STANDARD,2025-07-08 01:00:00,2025-10-06 01:00:00
C04859,Sai Reddy,sai.reddy4859@example.com,+91-9000004859,SOUTH,STANDARD,2025-09-21 22:00:00,2026-01-20 22:00:00
C04860,Aarav Gupta,aarav.gupta4860@example.com,+91-9000004860,WEST,PREMIUM,2025-04-27 13:00:00,2025-09-17 13:00:00
C04861,Diya Chowdhury,diya.chowdhury4861@example.com,+91-9000004861,WEST,CORPORATE,2025-01-29 20:00:00,2025-04-21 20:00:00
C04862,Arjun Patel,arjun.patel4862@example.com,+91-9000004862,SOUTH,CORPORATE,2025-08-10 14:00:00,2025-11-13 14:00:00
C04863,Aditya Joshi,aditya.joshi4863@example.com,+91-9000004863,SOUTH,CORPORATE,2025-04-23 18:00:00,2025-06-29 18:00:00
C04864,Nikhil Verma,nikhil.verma4864@example.com,+91-9000004864,NORTH,CORPORATE,2025-09-23 11:00:00,2026-01-21 11:00:00
C04865,Sai Nair,sai.nair4865@example.com,+91-9000004865,NORTH,PREMIUM,2026-02-09 11:00:00,2026-03-10 11:00:00
C04866,Neha Patel,neha.patel4866@example.com,+91-9000004866,EAST,STANDARD,2026-04-10 13:00:00,2026-06-09 13:00:00
C04867,Priya Gupta,priya.gupta4867@example.com,+91-9000004867,WEST,CORPORATE,2025-04-30 22:00:00,2025-08-14 22:00:00
C04868,Sai Chowdhury,sai.chowdhury4868@example.com,+91-9000004868,NORTH,PREMIUM,2026-03-12 07:00:00,2026-06-22 07:00:00
C04869,Arjun Patel,arjun.patel4869@example.com,+91-9000004869,EAST,CORPORATE,2026-02-16 12:00:00,2026-04-13 12:00:00
C04870,Aarav Verma,aarav.verma4870@example.com,+91-9000004870,WEST,PREMIUM,2026-01-08 15:00:00,2026-02-02 15:00:00
C04871,Rohan Iyer,rohan.iyer4871@example.com,+91-9000004871,WEST,STANDARD,2026-06-22 15:00:00,2026-08-03 15:00:00
C04872,Sai Kumar,sai.kumar4872@example.com,+91-9000004872,NORTH,STANDARD,2025-10-23 21:00:00,2026-01-08 21:00:00
C04873,Nikhil Joshi,nikhil.joshi4873@example.com,+91-9000004873,SOUTH,PREMIUM,2026-02-05 12:00:00,2026-05-24 12:00:00
C04874,Rohan Mehta,rohan.mehta4874@example.com,+91-9000004874,WEST,CORPORATE,2025-08-12 00:00:00,2025-09-09 00:00:00
C04875,Aditya Joshi,aditya.joshi4875@example.com,+91-9000004875,SOUTH,CORPORATE,2026-04-14 13:00:00,2026-06-29 13:00:00
C04876,Rahul Das,rahul.das4876@example.com,+91-9000004876,SOUTH,PREMIUM,2025-04-15 11:00:00,2025-08-23 11:00:00
C04877,Kiran Reddy,kiran.reddy4877@example.com,+91-9000004877,WEST,CORPORATE,2026-09-08 12:00:00,2026-12-24 12:00:00
C04878,Rohan Kapoor,rohan.kapoor4878@example.com,+91-9000004878,EAST,STANDARD,2026-03-02 08:00:00,2026-05-05 08:00:00
C04879,Ishita Verma,ishita.verma4879@example.com,+91-9000004879,NORTH,PREMIUM,2026-01-22 17:00:00,2026-06-22 17:00:00
C04880,Kavya Kapoor,kavya.kapoor4880@example.com,+91-9000004880,WEST,PREMIUM,2026-05-10 00:00:00,2026-09-28 00:00:00
C04881,Aisha Joshi,aisha.joshi4881@example.com,+91-9000004881,SOUTH,PREMIUM,2025-08-25 00:00:00,2026-01-10 00:00:00
C04882,Kiran Gupta,kiran.gupta4882@example.com,+91-9000004882,WEST,PREMIUM,2026-09-10 20:00:00,2026-11-07 20:00:00
C04883,Aditya Joshi,aditya.joshi4883@example.com,+91-9000004883,SOUTH,CORPORATE,2025-12-19 18:00:00,2026-01-25 18:00:00
C04884,Neha Reddy,neha.reddy4884@example.com,+91-9000004884,SOUTH,PREMIUM,2025-06-21 15:00:00,2025-09-13 15:00:00
C04885,Neha Kumar,neha.kumar4885@example.com,+91-9000004885,SOUTH,PREMIUM,2025-10-14 02:00:00,2025-10-26 02:00:00
C04886,Ishita Mehta,ishita.mehta4886@example.com,+91-9000004886,SOUTH,STANDARD,2025-05-29 18:00:00,2025-10-15 18:00:00
C04887,Priya Patel,priya.patel4887@example.com,+91-9000004887,SOUTH,PREMIUM,2025-05-12 16:00:00,2025-09-11 16:00:00
C04888,Arjun Iyer,arjun.iyer4888@example.com,+91-9000004888,SOUTH,CORPORATE,2025-07-17 00:00:00,2025-08-15 00:00:00
C04889,Priya Mehta,priya.mehta4889@example.com,+91-9000004889,SOUTH,PREMIUM,2026-08-21 12:00:00,2026-11-14 12:00:00
C04890,Priya Iyer,priya.iyer4890@example.com,+91-9000004890,WEST,CORPORATE,2026-06-18 20:00:00,2026-10-18 20:00:00
C04891,Nikhil Nair,nikhil.nair4891@example.com,+91-9000004891,NORTH,STANDARD,2026-04-05 19:00:00,2026-06-24 19:00:00
C04892,Rahul Kapoor,rahul.kapoor4892@example.com,+91-9000004892,EAST,STANDARD,2025-05-19 03:00:00,2025-06-16 03:00:00
C04893,Vikram Iyer,vikram.iyer4893@example.com,+91-9000004893,NORTH,PREMIUM,2026-02-24 10:00:00,2026-07-06 10:00:00
C04894,Arjun Iyer,arjun.iyer4894@example.com,+91-9000004894,SOUTH,STANDARD,2026-07-02 21:00:00,2026-10-20 21:00:00
C04895,Aditya Gupta,aditya.gupta4895@example.com,+91-9000004895,NORTH,PREMIUM,2025-08-05 20:00:00,2025-10-06 20:00:00
C04896,Arjun Singh,arjun.singh4896@example.com,+91-9000004896,SOUTH,CORPORATE,2025-07-24 03:00:00,2025-11-19 03:00:00
C04897,Diya Chowdhury,diya.chowdhury4897@example.com,+91-9000004897,SOUTH,CORPORATE,2025-12-27 14:00:00,2026-04-12 14:00:00
C04898,Arjun Singh,arjun.singh4898@example.com,+91-9000004898,NORTH,PREMIUM,2026-09-04 09:00:00,2026-10-29 09:00:00
C04899,Sneha Kapoor,sneha.kapoor4899@example.com,+91-9000004899,SOUTH,STANDARD,2026-07-29 16:00:00,2026-12-22 16:00:00
C04900,Rohan Iyer,rohan.iyer4900@example.com,+91-9000004900,NORTH,CORPORATE,2026-08-28 20:00:00,2026-09-10 20:00:00
C04901,Ishita Iyer,ishita.iyer4901@example.com,+91-9000004901,SOUTH,STANDARD,2025-06-20 22:00:00,2025-08-12 22:00:00
C04902,Aarav Gupta,aarav.gupta4902@example.com,+91-9000004902,EAST,PREMIUM,2025-03-20 13:00:00,2025-05-07 13:00:00
C04903,Rahul Reddy,rahul.reddy4903@example.com,+91-9000004903,WEST,PREMIUM,2026-02-03 07:00:00,2026-03-05 07:00:00
C04904,Kiran Reddy,kiran.reddy4904@example.com,+91-9000004904,WEST,PREMIUM,2026-04-27 19:00:00,2026-07-04 19:00:00
C04905,Pooja Sharma,pooja.sharma4905@example.com,+91-9000004905,NORTH,STANDARD,2025-02-16 09:00:00,2025-04-19 09:00:00
C04906,Sneha Das,sneha.das4906@example.com,+91-9000004906,NORTH,CORPORATE,2025-06-17 19:00:00,2025-08-31 19:00:00
C04907,Diya Iyer,diya.iyer4907@example.com,+91-9000004907,WEST,PREMIUM,2025-12-07 16:00:00,2026-06-02 16:00:00
C04908,Meera Kapoor,meera.kapoor4908@example.com,+91-9000004908,NORTH,CORPORATE,2025-08-29 21:00:00,2026-01-16 21:00:00
C04909,Arjun Patel,arjun.patel4909@example.com,+91-9000004909,WEST,CORPORATE,2026-05-09 08:00:00,2026-10-17 08:00:00
C04910,Sai Patel,sai.patel4910@example.com,+91-9000004910,SOUTH,PREMIUM,2025-11-26 10:00:00,2026-02-03 10:00:00
C04911,Aditya Chowdhury,aditya.chowdhury4911@example.com,+91-9000004911,SOUTH,PREMIUM,2026-09-07 22:00:00,2027-01-27 22:00:00
C04912,Aditya Das,aditya.das4912@example.com,+91-9000004912,NORTH,STANDARD,2025-09-18 15:00:00,2025-10-15 15:00:00
C04913,Rahul Mehta,rahul.mehta4913@example.com,+91-9000004913,SOUTH,STANDARD,2025-07-12 12:00:00,2026-01-06 12:00:00
C04914,Aisha Singh,aisha.singh4914@example.com,+91-9000004914,NORTH,PREMIUM,2025-08-27 18:00:00,2025-11-26 18:00:00
C04915,Vikram Reddy,vikram.reddy4915@example.com,+91-9000004915,WEST,PREMIUM,2025-08-01 23:00:00,2025-10-21 23:00:00
C04916,Kiran Reddy,kiran.reddy4916@example.com,+91-9000004916,WEST,STANDARD,2025-11-18 12:00:00,2026-04-21 12:00:00
C04917,Kiran Sharma,kiran.sharma4917@example.com,+91-9000004917,NORTH,CORPORATE,2026-04-27 19:00:00,2026-10-13 19:00:00
C04918,Ananya Joshi,ananya.joshi4918@example.com,+91-9000004918,NORTH,PREMIUM,2025-02-17 20:00:00,2025-08-14 20:00:00
C04919,Nikhil Verma,nikhil.verma4919@example.com,+91-9000004919,EAST,STANDARD,2026-08-17 17:00:00,2027-01-25 17:00:00
C04920,Vikram Kapoor,vikram.kapoor4920@example.com,+91-9000004920,NORTH,CORPORATE,2025-02-02 17:00:00,2025-03-19 17:00:00
C04921,Arjun Gupta,arjun.gupta4921@example.com,+91-9000004921,WEST,PREMIUM,2026-05-11 20:00:00,2026-10-24 20:00:00
C04922,Aditya Singh,aditya.singh4922@example.com,+91-9000004922,SOUTH,STANDARD,2026-02-15 16:00:00,2026-04-08 16:00:00
C04923,Rohan Nair,rohan.nair4923@example.com,+91-9000004923,NORTH,PREMIUM,2026-04-27 06:00:00,2026-05-04 06:00:00
C04924,Sneha Mehta,sneha.mehta4924@example.com,+91-9000004924,EAST,CORPORATE,2025-05-20 03:00:00,2025-07-16 03:00:00
C04925,Nikhil Sharma,nikhil.sharma4925@example.com,+91-9000004925,SOUTH,CORPORATE,2025-07-04 09:00:00,2025-08-16 09:00:00
C04926,Rahul Mehta,rahul.mehta4926@example.com,+91-9000004926,NORTH,CORPORATE,2025-10-04 03:00:00,2025-12-01 03:00:00
C04927,Vivaan Singh,vivaan.singh4927@example.com,+91-9000004927,WEST,PREMIUM,2025-09-09 05:00:00,2025-11-28 05:00:00
C04928,Nikhil Kapoor,nikhil.kapoor4928@example.com,+91-9000004928,WEST,STANDARD,2025-01-15 03:00:00,2025-06-30 03:00:00
C04929,Nikhil Rao,nikhil.rao4929@example.com,+91-9000004929,WEST,CORPORATE,2025-10-02 05:00:00,2025-12-10 05:00:00
C04930,Sai Das,sai.das4930@example.com,+91-9000004930,WEST,STANDARD,2025-02-01 05:00:00,2025-05-06 05:00:00
C04931,Aarav Mehta,aarav.mehta4931@example.com,+91-9000004931,EAST,PREMIUM,2026-09-08 09:00:00,2026-12-06 09:00:00
C04932,Aditya Reddy,aditya.reddy4932@example.com,+91-9000004932,SOUTH,PREMIUM,2026-06-12 13:00:00,2026-09-26 13:00:00
C04933,Vikram Sharma,vikram.sharma4933@example.com,+91-9000004933,SOUTH,PREMIUM,2026-08-13 09:00:00,2026-12-17 09:00:00
C04934,Diya Kumar,diya.kumar4934@example.com,+91-9000004934,SOUTH,STANDARD,2026-07-07 19:00:00,2026-11-03 19:00:00
C04935,Vivaan Verma,vivaan.verma4935@example.com,+91-9000004935,SOUTH,PREMIUM,2025-11-15 20:00:00,2026-02-06 20:00:00
C04936,Aditya Das,aditya.das4936@example.com,+91-9000004936,SOUTH,PREMIUM,2025-02-27 16:00:00,2025-03-18 16:00:00
C04937,Aditya Sharma,aditya.sharma4937@example.com,+91-9000004937,NORTH,PREMIUM,2025-07-24 10:00:00,2025-12-28 10:00:00
C04938,Vikram Patel,vikram.patel4938@example.com,+91-9000004938,SOUTH,STANDARD,2026-08-15 18:00:00,2027-01-24 18:00:00
C04939,Rahul Kumar,rahul.kumar4939@example.com,+91-9000004939,NORTH,PREMIUM,2026-05-07 12:00:00,2026-10-03 12:00:00
C04940,Meera Nair,meera.nair4940@example.com,+91-9000004940,NORTH,PREMIUM,2025-06-27 05:00:00,2025-08-25 05:00:00
C04941,Kiran Iyer,kiran.iyer4941@example.com,+91-9000004941,NORTH,PREMIUM,2026-01-28 02:00:00,2026-02-20 02:00:00
C04942,Aditya Das,aditya.das4942@example.com,+91-9000004942,NORTH,CORPORATE,2026-07-09 06:00:00,2026-07-13 06:00:00
C04943,Neha Joshi,neha.joshi4943@example.com,+91-9000004943,SOUTH,PREMIUM,2025-08-25 09:00:00,2026-02-08 09:00:00
C04944,Sai Rao,sai.rao4944@example.com,+91-9000004944,NORTH,CORPORATE,2025-01-03 12:00:00,2025-02-17 12:00:00
C04945,Kavya Mehta,kavya.mehta4945@example.com,+91-9000004945,NORTH,STANDARD,2025-07-12 08:00:00,2025-09-01 08:00:00
C04946,Nikhil Das,nikhil.das4946@example.com,+91-9000004946,NORTH,STANDARD,2026-06-14 17:00:00,2026-08-13 17:00:00
C04947,Vikram Kumar,vikram.kumar4947@example.com,+91-9000004947,SOUTH,CORPORATE,2026-04-29 11:00:00,2026-09-10 11:00:00
C04948,Ishita Singh,ishita.singh4948@example.com,+91-9000004948,SOUTH,CORPORATE,2025-09-18 23:00:00,2026-01-07 23:00:00
C04949,Diya Joshi,diya.joshi4949@example.com,+91-9000004949,WEST,STANDARD,2025-10-22 05:00:00,2026-03-14 05:00:00
C04950,Rahul Singh,rahul.singh4950@example.com,+91-9000004950,NORTH,PREMIUM,2025-05-17 17:00:00,2025-05-22 17:00:00
C04951,Priya Rao,priya.rao4951@example.com,+91-9000004951,SOUTH,CORPORATE,2025-07-29 10:00:00,2025-10-25 10:00:00
C04952,Rahul Joshi,rahul.joshi4952@example.com,+91-9000004952,WEST,CORPORATE,2026-07-27 20:00:00,2026-10-30 20:00:00
C04953,Neha Rao,neha.rao4953@example.com,+91-9000004953,SOUTH,STANDARD,2026-05-07 20:00:00,2026-09-29 20:00:00
C04954,Meera Joshi,meera.joshi4954@example.com,+91-9000004954,WEST,PREMIUM,2026-09-12 13:00:00,2026-11-04 13:00:00
C04955,Ananya Nair,ananya.nair4955@example.com,+91-9000004955,NORTH,PREMIUM,2025-04-09 15:00:00,2025-04-20 15:00:00
C04956,Vikram Gupta,vikram.gupta4956@example.com,+91-9000004956,WEST,STANDARD,2025-05-08 17:00:00,2025-05-09 17:00:00
C04957,Vivaan Joshi,vivaan.joshi4957@example.com,+91-9000004957,NORTH,PREMIUM,2026-08-30 18:00:00,2026-10-03 18:00:00
C04958,Aisha Iyer,aisha.iyer4958@example.com,+91-9000004958,WEST,PREMIUM,2026-04-12 06:00:00,2026-09-15 06:00:00
C04959,Ishita Das,ishita.das4959@example.com,+91-9000004959,NORTH,PREMIUM,2026-01-22 16:00:00,2026-05-17 16:00:00
C04960,Pooja Iyer,pooja.iyer4960@example.com,+91-9000004960,EAST,STANDARD,2026-08-17 08:00:00,2026-11-29 08:00:00
C04961,Arjun Gupta,arjun.gupta4961@example.com,+91-9000004961,NORTH,STANDARD,2025-01-23 13:00:00,2025-02-13 13:00:00
C04962,Vikram Nair,vikram.nair4962@example.com,+91-9000004962,SOUTH,STANDARD,2026-03-27 02:00:00,2026-05-21 02:00:00
C04963,Kavya Rao,kavya.rao4963@example.com,+91-9000004963,NORTH,PREMIUM,2026-04-04 03:00:00,2026-08-04 03:00:00
C04964,Diya Singh,diya.singh4964@example.com,+91-9000004964,NORTH,STANDARD,2026-03-19 23:00:00,2026-09-02 23:00:00
C04965,Ananya Reddy,ananya.reddy4965@example.com,+91-9000004965,WEST,PREMIUM,2026-07-10 23:00:00,2026-07-15 23:00:00
C04966,Arjun Singh,arjun.singh4966@example.com,+91-9000004966,WEST,PREMIUM,2026-05-19 21:00:00,2026-10-10 21:00:00
C04967,Rahul Kumar,rahul.kumar4967@example.com,+91-9000004967,WEST,PREMIUM,2025-10-18 22:00:00,2026-03-23 22:00:00
C04968,Meera Nair,meera.nair4968@example.com,+91-9000004968,SOUTH,PREMIUM,2026-06-14 10:00:00,2026-09-04 10:00:00
C04969,Aarav Das,aarav.das4969@example.com,+91-9000004969,NORTH,CORPORATE,2025-12-10 13:00:00,2026-05-06 13:00:00
C04970,Kiran Gupta,kiran.gupta4970@example.com,+91-9000004970,SOUTH,STANDARD,2025-12-18 09:00:00,2026-02-23 09:00:00
C04971,Rahul Joshi,rahul.joshi4971@example.com,+91-9000004971,SOUTH,PREMIUM,2026-07-29 13:00:00,2027-01-24 13:00:00
C04972,Aisha Nair,aisha.nair4972@example.com,+91-9000004972,EAST,STANDARD,2025-06-21 10:00:00,2025-09-05 10:00:00
C04973,Vivaan Chowdhury,vivaan.chowdhury4973@example.com,+91-9000004973,SOUTH,CORPORATE,2025-05-14 10:00:00,2025-07-14 10:00:00
C04974,Aisha Verma,aisha.verma4974@example.com,+91-9000004974,SOUTH,PREMIUM,2026-05-18 13:00:00,2026-08-03 13:00:00
C04975,Kavya Joshi,kavya.joshi4975@example.com,+91-9000004975,NORTH,STANDARD,2025-03-15 20:00:00,2025-07-25 20:00:00
C04976,Nikhil Nair,nikhil.nair4976@example.com,+91-9000004976,NORTH,CORPORATE,2025-09-08 23:00:00,2025-09-21 23:00:00
C04977,Ishita Kumar,ishita.kumar4977@example.com,+91-9000004977,NORTH,STANDARD,2025-11-27 16:00:00,2025-12-01 16:00:00
C04978,Aditya Sharma,aditya.sharma4978@example.com,+91-9000004978,EAST,CORPORATE,2025-03-23 04:00:00,2025-08-17 04:00:00
C04979,Ishita Nair,ishita.nair4979@example.com,+91-9000004979,NORTH,CORPORATE,2025-12-08 02:00:00,2026-01-30 02:00:00
C04980,Aarav Joshi,aarav.joshi4980@example.com,+91-9000004980,WEST,PREMIUM,2025-10-29 20:00:00,2025-12-05 20:00:00
C04981,Sneha Gupta,sneha.gupta4981@example.com,+91-9000004981,NORTH,PREMIUM,2025-12-25 16:00:00,2026-01-06 16:00:00
C04982,Rohan Singh,rohan.singh4982@example.com,+91-9000004982,SOUTH,STANDARD,2025-12-02 13:00:00,2026-01-20 13:00:00
C04983,Meera Kumar,meera.kumar4983@example.com,+91-9000004983,WEST,STANDARD,2025-09-17 09:00:00,2026-02-24 09:00:00
C04984,Neha Rao,neha.rao4984@example.com,+91-9000004984,NORTH,PREMIUM,2026-02-17 16:00:00,2026-04-20 16:00:00
C04985,Kiran Reddy,kiran.reddy4985@example.com,+91-9000004985,SOUTH,STANDARD,2026-07-05 02:00:00,2026-08-30 02:00:00
C04986,Diya Gupta,diya.gupta4986@example.com,+91-9000004986,EAST,CORPORATE,2026-03-08 02:00:00,2026-03-20 02:00:00
C04987,Priya Kapoor,priya.kapoor4987@example.com,+91-9000004987,EAST,PREMIUM,2025-08-14 03:00:00,2025-10-24 03:00:00
C04988,Diya Gupta,diya.gupta4988@example.com,+91-9000004988,SOUTH,CORPORATE,2026-04-18 13:00:00,2026-08-01 13:00:00
C04989,Sai Singh,sai.singh4989@example.com,+91-9000004989,EAST,CORPORATE,2025-09-08 12:00:00,2025-11-27 12:00:00
C04990,Vivaan Iyer,vivaan.iyer4990@example.com,+91-9000004990,EAST,PREMIUM,2026-07-22 19:00:00,2026-09-27 19:00:00
C04991,Sneha Joshi,sneha.joshi4991@example.com,+91-9000004991,WEST,CORPORATE,2026-01-19 19:00:00,2026-04-02 19:00:00
C04992,Kiran Rao,kiran.rao4992@example.com,+91-9000004992,NORTH,STANDARD,2026-05-30 22:00:00,2026-10-27 22:00:00
C04993,Diya Chowdhury,diya.chowdhury4993@example.com,+91-9000004993,EAST,PREMIUM,2025-07-14 14:00:00,2025-07-21 14:00:00
C04994,Kiran Gupta,kiran.gupta4994@example.com,+91-9000004994,NORTH,CORPORATE,2026-02-03 14:00:00,2026-06-04 14:00:00
C04995,Nikhil Sharma,nikhil.sharma4995@example.com,+91-9000004995,SOUTH,PREMIUM,2025-09-29 04:00:00,2026-01-14 04:00:00
C04996,Priya Verma,priya.verma4996@example.com,+91-9000004996,NORTH,PREMIUM,2025-03-24 09:00:00,2025-06-21 09:00:00
C04997,Rohan Rao,rohan.rao4997@example.com,+91-9000004997,NORTH,PREMIUM,2025-04-01 02:00:00,2025-05-24 02:00:00
C04998,Rohan Sharma,rohan.sharma4998@example.com,+91-9000004998,SOUTH,CORPORATE,2026-08-26 01:00:00,2026-09-06 01:00:00
C04999,Pooja Chowdhury,pooja.chowdhury4999@example.com,+91-9000004999,SOUTH,PREMIUM,2025-10-12 23:00:00,2026-01-15 23:00:00
C05000,Ishita Verma,ishita.verma5000@example.com,+91-9000005000,WEST,CORPORATE,2026-06-03 04:00:00,2026-08-16 04:00:00
C00101,Updated Duplicate Customer,vikram.singh101@example.com,+91-9000000101,EAST,PREMIUM,2025-12-02 06:00:00,2026-08-15 09:00:00
