sale_id,customer_id,product_id,store_id,sale_date,quantity,unit_price,discount,payment_method
S0060001,C03035,P00692,ST025,2026-12-28 07:06:00,4,3776.76,0.05,NET_BANKING
S0060002,C02406,P00747,ST007,2026-09-28 07:37:00,5,91.31,0.00,COD
S0060003,C04453,P00985,ST008,2027-01-06 05:38:00,7,12971.94,0.00,WALLET
S0060004,C03637,P01119,ST019,2026-10-18 00:48:00,8,1581.92,0.10,UPI
S0060005,C00476,P00323,ST033,2026-10-31 00:46:00,1,2608.20,0.10,COD
S0060006,C03904,P00733,ST010,2026-10-22 20:10:00,4,7733.54,0.15,NET_BANKING
S0060007,C05028,P00478,ST017,2027-02-07 20:03:00,3,1905.90,0.00,WALLET
S0060008,C00261,P00156,ST025,2027-03-01 04:43:00,4,12020.51,0.00,NET_BANKING
S0060009,C02857,P00024,ST017,2026-12-04 19:15:00,3,7530.12,0.00,UPI
S0060010,C00274,P00082,ST041,2027-02-27 17:19:00,7,3347.34,0.00,COD
S0060011,C03283,P00708,ST010,2026-11-21 21:59:00,3,605.04,0.00,CARD
S0060012,C00254,P00097,ST025,2027-03-25 17:19:00,3,9879.74,0.05,COD
S0060013,C05877,P00241,ST032,2027-05-05 03:32:00,3,14291.38,0.00,WALLET
S0060014,C03349,P00881,ST013,2027-04-24 07:58:00,4,13418.59,0.00,COD
S0060015,C02877,P01025,ST048,2027-04-06 16:32:00,5,2768.87,0.00,NET_BANKING
S0060016,C05117,P00196,ST003,2026-12-08 15:03:00,8,10921.34,0.00,UPI
S0060017,C03124,P00326,ST043,2027-05-08 19:34:00,6,13983.47,0.05,CARD
S0060018,C04433,P00617,ST036,2026-12-04 08:46:00,8,11028.99,0.10,NET_BANKING
S0060019,C02224,P00724,ST022,2026-12-05 07:08:00,1,842.59,0.00,CARD
S0060020,C03938,P00451,ST030,2026-12-28 08:48:00,1,10085.19,0.10,COD
S0060021,C00853,P00058,ST005,2027-02-17 17:50:00,3,1589.53,0.00,WALLET
S0060022,C04925,P01190,ST049,2026-12-02 17:59:00,3,2686.17,0.00,COD
S0060023,C01715,P00944,ST007,2027-02-09 04:08:00,1,13637.69,0.05,CARD
S0060024,C01757,P00476,ST044,2026-12-02 04:07:00,1,10059.57,0.05,NET_BANKING
S0060025,C04621,P01070,ST021,2026-09-30 13:30:00,3,3225.92,0.15,WALLET
S0060026,C02993,P00608,ST046,2027-02-10 15:33:00,4,4112.16,0.15,COD
S0060027,C03419,P00483,ST025,2026-11-05 09:54:00,4,7759.25,0.15,CARD
S0060028,C02739,P00991,ST011,2027-05-18 18:35:00,2,240.75,0.05,COD
S0060029,C01481,P00801,ST041,2027-02-15 09:57:00,7,6852.19,0.10,WALLET
S0060030,C00946,P00748,ST005,2027-01-28 10:49:00,4,7740.82,0.10,WALLET
S0060031,C05902,P00442,ST004,2027-02-26 00:35:00,zero,12602.76,0.15,WALLET
S0060032,C04783,P01148,ST049,2026-11-01 16:03:00,5,2565.42,0.00,NET_BANKING
S0060033,C00423,P00671,ST025,2026-10-21 13:34:00,5,12833.33,0.05,CARD
S0060034,C00853,P00225,ST042,2027-01-17 14:40:00,2,9830.38,0.00,WALLET
S0060035,C01403,P00127,ST047,2026-09-17 02:39:00,7,11914.83,0.00,COD
S0060036,C05236,P00788,ST005,2027-03-20 20:22:00,7,14058.06,0.05,COD
S0060037,C00640,P00568,ST048,2027-05-25 08:35:00,5,11436.07,0.10,UPI
S0060038,C04940,P00438,ST004,2027-04-05 04:21:00,5,2063.81,0.00,NET_BANKING
S0060039,C05534,P00352,ST038,2027-02-09 22:13:00,6,13564.85,0.05,WALLET
S0060040,C04686,P00744,ST023,2026-11-30 23:19:00,4,3611.42,0.10,COD
S0060041,C03188,P00344,ST032,2027-03-12 08:52:00,4,12170.01,0.15,CARD
S0060042,C01137,P00993,ST038,2027-04-19 18:36:00,5,11078.12,0.10,UPI
S0060043,C02617,P00630,ST019,2026-11-02 23:04:00,6,12265.22,0.00,UPI
S0060044,C00428,P00813,ST035,2027-01-11 08:04:00,7,9218.67,0.10,UPI
S0060045,C02032,P00273,ST001,2027-03-23 03:22:00,1,1657.16,0.15,COD
S0060046,C03423,P00988,ST001,2026-09-16 09:30:00,4,6169.02,0.05,CARD
S0060047,C00668,P00721,ST046,2026-12-18 08:34:00,1,2539.40,0.15,NET_BANKING
S0060048,C04536,P00826,ST048,2027-05-25 06:48:00,8,8287.08,0.10,COD
S0060049,C01011,P00568,ST028,2027-05-12 19:35:00,1,11436.07,0.00,NET_BANKING
S0060050,C00955,P00639,ST021,2026-12-12 17:55:00,1,5321.74,0.00,WALLET
S0060051,C02620,P00481,ST037,2027-01-18 03:07:00,6,10052.76,0.00,COD
S0060052,C05932,P00783,ST014,2026-10-07 23:22:00,7,1108.76,0.00,WALLET
S0060053,C04164,P01012,ST016,2027-03-18 00:56:00,2,4753.48,0.10,NET_BANKING
S0060054,C05694,P00169,ST018,2027-03-23 02:11:00,5,11639.94,0.05,COD
S0060055,C05936,P00139,ST024,2027-01-24 04:53:00,2,13296.70,0.15,UPI
S0060056,C00749,P00346,ST019,2027-02-05 22:48:00,4,10411.85,0.10,COD
S0060057,C00627,P01050,ST006,2026-10-05 06:48:00,2,1721.35,0.00,WALLET
S0060058,C01722,P00262,ST025,2027-05-20 22:21:00,3,4686.95,0.10,NET_BANKING
S0060059,C03410,P00733,ST010,2027-05-27 03:18:00,6,7733.54,0.00,COD
S0060060,C03327,P00228,ST050,2027-01-19 17:01:00,2,4532.08,0.00,UPI
S0060061,C02523,P00100,ST025,2026-10-17 11:59:00,zero,2281.28,0.00,UPI
S0060062,C00076,P00423,ST026,2026-11-11 13:19:00,2,562.41,0.10,CARD
S0060063,C05547,P01042,ST021,2027-02-06 12:52:00,2,3289.16,0.05,COD
S0060064,C02823,P00660,ST005,2027-01-10 22:30:00,8,7080.45,0.05,CARD
S0060065,C01919,P00575,ST044,2026-11-17 12:34:00,1,10494.08,0.00,NET_BANKING
S0060066,C02744,P01042,ST033,2026-09-24 04:10:00,8,690.18,0.10,UPI
S0060067,C05927,P00083,ST044,2026-10-21 02:34:00,7,6669.82,0.00,NET_BANKING
S0060068,C04778,P00539,ST029,2027-03-30 21:24:00,8,7157.77,0.05,CARD
S0060069,C05576,P00741,ST001,2026-10-08 15:26:00,5,14542.74,0.00,NET_BANKING
S0060070,C00383,P00208,ST027,2026-11-09 15:16:00,4,9299.51,0.05,NET_BANKING
S0060071,C01089,P00349,ST018,2027-04-29 00:16:00,8,4491.15,0.15,CARD
S0060072,C02965,P00380,ST033,2027-01-29 13:07:00,4,10594.68,0.00,CARD
S0060073,C00896,P00812,ST034,2027-04-27 03:56:00,3,13449.06,0.10,WALLET
S0060074,C04715,P00618,ST009,2027-04-21 00:22:00,6,9855.53,0.00,COD
S0060075,C01937,P01015,ST046,2027-02-21 19:56:00,6,486.99,0.10,WALLET
S0060076,C02170,P00620,ST018,2026-09-15 12:49:00,5,1987.43,0.00,NET_BANKING
S0060077,C04454,P00223,ST007,2026-10-14 23:52:00,2,6560.58,0.00,COD
S0060078,C00136,P00493,ST001,2026-12-14 06:58:00,1,10898.38,0.00,CARD
S0060079,C01359,P00481,ST034,2027-01-24 10:08:00,2,10052.76,0.10,UPI
S0060080,C01685,P00870,ST040,2027-05-01 18:28:00,7,12131.34,0.05,COD
S0060081,C04762,P01195,ST025,2026-10-11 17:26:00,6,1519.10,0.05,UPI
S0060082,C00136,P00557,ST043,2027-01-14 11:41:00,8,9429.31,0.10,CARD
S0060083,C05960,P00368,ST004,2027-02-07 18:56:00,1,14776.53,0.05,NET_BANKING
S0060084,C00038,P00877,ST034,2027-03-18 05:24:00,3,9491.54,0.00,UPI
S0060085,C04765,P00593,ST031,2027-03-13 17:41:00,4,3386.42,0.05,COD
S0060086,C01013,P01123,ST035,2027-01-23 22:40:00,3,2881.93,0.10,UPI
S0060087,C03179,P00864,ST020,2027-04-11 01:00:00,5,934.40,0.15,UPI
S0060088,C02885,P01152,ST020,2026-10-06 14:18:00,7,1289.93,0.00,NET_BANKING
S0060089,C04112,P01149,ST017,2027-02-28 21:07:00,4,486.71,0.00,CARD
S0060090,C04534,P01066,ST011,2027-02-04 19:15:00,3,3278.45,0.15,CARD
S0060091,C05376,P00901,ST030,2027-01-18 15:38:00,zero,11518.70,0.00,CARD
S0060092,C01793,P00909,ST014,2027-03-25 02:16:00,8,12153.06,0.15,CARD
S0060093,C04261,P00180,ST001,2026-10-19 14:07:00,8,12378.45,0.05,COD
S0060094,C02057,P01159,ST015,2027-01-20 16:04:00,3,4616.15,0.05,CARD
S0060095,C04080,P00133,ST050,2026-12-06 06:01:00,5,12379.20,0.05,COD
S0060096,C03012,P00878,ST008,2027-01-08 06:13:00,7,13136.21,0.15,UPI
S0060097,C04991,P00571,ST041,2026-11-17 11:36:00,7,4671.20,0.10,UPI
S0060098,C00357,P00423,ST018,2026-12-19 21:20:00,1,562.41,0.10,UPI
S0060099,C03018,P00282,ST025,2026-10-11 06:12:00,2,11737.73,0.15,WALLET
S0060100,C01106,P00607,ST044,2027-01-09 17:43:00,7,9830.20,0.05,NET_BANKING
S0060101,C03781,P00460,ST044,2027-03-24 13:59:00,4,11166.19,0.00,UPI
S0060102,C05618,P01093,ST037,2027-03-20 01:51:00,4,4664.18,0.15,NET_BANKING
S0060103,C05243,P00042,ST049,2026-10-08 16:03:00,1,14409.73,0.00,WALLET
S0060104,C01666,P00124,ST040,2027-02-14 23:53:00,4,9023.03,0.00,WALLET
S0060105,C04123,P00684,ST044,2027-02-10 04:22:00,1,9364.88,0.00,COD
S0060106,C01015,P00864,ST007,2026-11-04 06:28:00,1,934.40,0.05,WALLET
S0060107,C04559,P01114,ST001,2026-12-30 05:56:00,5,2568.01,0.00,COD
S0060108,C03579,P00464,ST050,2026-12-16 04:21:00,5,6498.78,0.00,CARD
S0060109,C00115,P01016,ST009,2027-04-14 11:31:00,4,907.70,0.15,UPI
S0060110,C03935,P00601,ST024,2026-10-08 13:23:00,5,9389.35,0.10,UPI
S0060111,C04470,P00671,ST038,2027-04-25 04:39:00,4,12833.33,0.00,COD
S0060112,C04243,P00233,ST019,2026-10-02 05:42:00,4,5834.21,0.10,UPI
S0060113,C05085,P00428,ST027,2026-12-01 06:31:00,8,11541.27,0.05,COD
S0060114,C04672,P01146,ST012,2027-05-01 23:50:00,6,2220.53,0.15,WALLET
S0060115,C03191,P01168,ST033,2027-05-17 12:25:00,5,4554.86,0.15,UPI
S0060116,C04895,P00536,ST042,2027-03-28 20:34:00,1,8908.32,0.15,WALLET
S0060117,C04996,P00968,ST049,2027-04-08 03:21:00,6,10372.46,0.00,CARD
S0060118,C03211,P00963,ST032,2026-10-04 12:03:00,6,9496.66,0.00,COD
S0060119,C03070,P00184,ST040,2026-10-06 14:14:00,3,8980.87,0.05,NET_BANKING
S0060120,C04583,P00697,ST050,2027-05-27 17:42:00,7,10439.87,0.10,UPI
S0060121,C05877,P00090,ST012,2027-02-28 13:09:00,zero,1862.74,0.10,NET_BANKING
S0060122,C04444,P00489,ST042,2026-10-15 21:05:00,5,12272.05,0.00,NET_BANKING
S0060123,C03543,P00783,ST040,2027-06-02 12:34:00,2,1108.76,0.05,WALLET
S0060124,C03307,P00720,ST005,2026-10-07 01:10:00,2,4896.05,0.00,COD
S0060125,C00859,P00021,ST002,2026-10-28 03:58:00,8,2719.32,0.00,NET_BANKING
S0060126,C04831,P00595,ST011,2027-03-15 10:57:00,5,6648.58,0.15,NET_BANKING
S0060127,C03901,P00384,ST026,2026-11-18 08:30:00,7,2659.04,0.05,NET_BANKING
S0060128,C00288,P00196,ST050,2026-10-10 13:22:00,3,10921.34,0.00,UPI
S0060129,C01148,P00368,ST044,2027-04-30 22:40:00,1,14776.53,0.05,NET_BANKING
S0060130,C02099,P00529,ST029,2027-03-31 10:07:00,7,10534.37,0.00,CARD
S0060131,C03027,P01195,ST024,2027-04-24 01:12:00,6,741.65,0.05,NET_BANKING
S0060132,C00878,P00883,ST041,2027-01-05 07:38:00,2,9173.36,0.10,CARD
S0060133,C02969,P00634,ST035,2027-04-18 08:37:00,7,13541.02,0.05,COD
S0060134,C03007,P00918,ST044,2027-03-05 20:40:00,1,11736.74,0.00,NET_BANKING
S0060135,C01070,P00355,ST040,2026-10-03 06:54:00,6,9628.58,0.05,COD
S0060136,C05458,P00720,ST006,2026-10-30 05:41:00,3,4896.05,0.15,CARD
S0060137,C05461,P00178,ST043,2026-09-19 00:47:00,5,10707.38,0.15,WALLET
S0060138,C01150,P00082,ST021,2027-02-20 23:10:00,4,3347.34,0.00,NET_BANKING
S0060139,C03924,P00058,ST049,2027-04-02 10:27:00,3,1589.53,0.10,UPI
S0060140,C00027,P00194,ST008,2026-11-13 23:13:00,5,4680.85,0.00,COD
S0060141,C02432,P00243,ST015,2027-04-10 21:31:00,1,6859.66,0.10,CARD
S0060142,C04401,P01107,ST017,2026-12-27 03:44:00,4,2969.46,0.10,WALLET
S0060143,C01118,P00004,ST043,2027-05-04 02:42:00,1,7022.90,0.00,CARD
S0060144,C04335,P00900,ST010,2027-04-29 00:27:00,4,10665.28,0.05,CARD
S0060145,C01789,P00284,ST029,2026-12-28 15:55:00,1,7052.39,0.00,WALLET
S0060146,C00828,P00196,ST006,2026-10-08 14:58:00,3,10921.34,0.00,WALLET
S0060147,C03139,P01194,ST005,2026-11-16 08:23:00,6,4911.60,0.15,CARD
S0060148,C01764,P00504,ST043,2026-10-24 04:53:00,8,6640.14,0.05,WALLET
S0060149,C01055,P00622,ST046,2027-01-11 15:59:00,4,6264.75,0.00,NET_BANKING
S0060150,C05710,P01103,ST036,2027-03-30 00:56:00,7,2974.10,0.00,UPI
S0060151,C00218,P00110,ST036,18/09/2026 10:30,8,11820.01,0.00,CARD
S0060152,C05572,P00590,ST001,2026-11-02 11:30:00,7,265.48,0.05,NET_BANKING
S0060153,C01212,P00089,ST008,2027-01-14 14:53:00,2,9250.21,0.05,COD
S0060154,C00948,P00354,ST035,2027-05-08 12:36:00,1,11455.34,0.00,WALLET
S0060155,C04816,P00527,ST009,2026-12-31 17:37:00,5,14547.75,0.10,NET_BANKING
S0060156,C02340,P00844,ST006,2027-05-31 12:45:00,7,12073.09,0.00,UPI
S0060157,C05606,P00503,ST026,2027-02-21 08:37:00,3,5972.66,0.10,NET_BANKING
S0060158,C03476,P00525,ST030,2027-01-19 22:58:00,5,10778.97,0.05,COD
S0060159,C03573,P00696,ST039,2027-02-17 14:30:00,2,444.90,0.15,WALLET
S0060160,C03133,P00125,ST044,2026-09-15 23:34:00,2,8537.50,0.15,CARD
S0060161,C00927,P00019,ST022,2027-04-27 19:27:00,8,4767.41,0.00,NET_BANKING
S0060162,C01416,P00197,ST002,2026-12-19 19:04:00,2,14262.88,0.05,COD
S0060163,C03613,P00958,ST006,2027-05-21 11:58:00,7,6025.05,0.15,WALLET
S0060164,C05498,P00144,ST016,2026-09-29 10:21:00,8,9162.18,0.15,WALLET
S0060165,C02525,P00695,ST003,2027-03-04 17:35:00,8,13599.96,0.15,UPI
S0060166,C01367,P00616,ST002,2027-04-24 10:19:00,1,114.05,0.00,COD
S0060167,C04149,P00917,ST004,2027-02-12 10:58:00,1,12206.45,0.05,NET_BANKING
S0060168,C05021,P00316,ST040,2027-01-09 15:58:00,3,4896.51,0.15,WALLET
S0060169,C01162,P00014,ST017,2027-03-23 17:28:00,4,9230.95,0.15,WALLET
S0060170,C01832,P00713,ST049,2027-05-10 06:40:00,8,3603.18,0.05,CARD
S0060171,C05850,P00738,ST002,2027-01-07 13:18:00,3,14125.52,0.00,COD
S0060172,C03615,P00004,ST049,2026-10-16 11:24:00,1,7022.90,0.15,WALLET
S0060173,C02325,P00097,ST030,2027-04-03 05:36:00,7,9879.74,0.05,NET_BANKING
S0060174,C00559,P00688,ST022,2027-01-09 08:06:00,7,14801.08,0.15,NET_BANKING
S0060175,C04120,P00034,ST030,2027-01-09 05:18:00,7,14038.19,0.15,COD
S0060176,C04748,P01103,ST025,2026-09-30 09:27:00,6,3308.30,0.00,UPI
S0060177,C03213,P00862,ST013,2027-02-06 09:54:00,7,12635.93,0.00,UPI
S0060178,C01727,P00851,ST049,2026-09-25 06:43:00,5,10520.35,0.05,COD
S0060179,C04234,P01015,ST011,2027-01-15 03:45:00,2,4207.56,0.00,COD
S0060180,C00140,P00846,ST030,2027-05-24 16:16:00,8,5378.97,0.10,NET_BANKING
S0060181,C01322,P00659,ST027,18/09/2026 10:30,6,3678.56,0.10,CARD
S0060182,C02918,P00831,ST046,2027-02-03 20:26:00,6,4958.66,0.15,WALLET
S0060183,C00212,P00197,ST022,2027-04-24 13:25:00,4,14262.88,0.00,UPI
S0060184,C04997,P00203,ST037,2027-01-10 14:25:00,3,1071.23,0.10,COD
S0060185,C05141,P00164,ST004,2026-10-12 21:12:00,2,6049.30,0.10,WALLET
S0060186,C00572,P01162,ST049,2026-11-01 01:51:00,7,892.18,0.10,COD
S0060187,C01451,P01003,ST001,2027-01-31 22:03:00,8,2938.88,0.00,COD
S0060188,C02772,P00117,ST040,2026-11-10 11:07:00,3,9637.83,0.10,NET_BANKING
S0060189,C05987,P01010,ST038,2026-10-04 00:52:00,1,986.03,0.10,CARD
S0060190,C03307,P00298,ST044,2026-10-26 05:59:00,4,14106.08,0.00,COD
S0060191,C02499,P00178,ST046,2026-12-18 14:51:00,1,10707.38,0.05,UPI
S0060192,C01476,P00901,ST025,2027-03-19 13:41:00,1,11518.70,0.05,CARD
S0060193,C02494,P00536,ST009,2027-01-04 11:48:00,2,8908.32,0.10,UPI
S0060194,C01576,P00756,ST024,2027-04-26 16:18:00,4,7470.61,0.05,UPI
S0060195,C03643,P00429,ST032,2026-10-24 03:52:00,1,8780.62,0.15,UPI
S0060196,C01747,P00031,ST035,2027-01-01 21:07:00,2,13784.17,0.00,UPI
S0060197,C04963,P00813,ST032,2027-01-05 12:57:00,2,9218.67,0.00,WALLET
S0060198,C04097,P00086,ST043,2027-05-26 03:28:00,5,394.30,0.15,CARD
S0060199,C01960,P00928,ST006,2027-04-02 17:49:00,2,6951.77,0.00,NET_BANKING
S0060200,C03981,P00580,ST008,2027-03-23 14:04:00,1,4489.50,0.00,NET_BANKING
S0060201,C04522,P00914,ST024,2027-01-20 11:04:00,1,14608.30,0.15,COD
S0060202,C01849,P00943,ST050,2027-01-18 11:23:00,8,12935.87,0.00,UPI
S0060203,C04593,P00854,ST027,2027-03-01 04:33:00,8,6348.82,0.00,COD
S0060204,C05156,P00360,ST042,2026-12-12 02:38:00,3,8928.80,0.00,CARD
S0060205,C05955,P00319,ST034,2027-05-27 16:09:00,8,5444.74,0.10,NET_BANKING
S0060206,C04553,P00237,ST031,2027-05-31 20:08:00,3,5637.77,0.15,CARD
S0060207,C04367,P00586,ST018,2027-02-16 22:23:00,8,3287.74,0.15,UPI
S0060208,C04113,P00384,ST040,2026-10-24 18:53:00,2,2659.04,0.00,NET_BANKING
S0060209,C05747,P00400,ST044,2026-10-24 22:08:00,6,11156.69,0.10,NET_BANKING
S0060210,C04212,P00586,ST048,2026-12-21 23:52:00,7,3287.74,0.05,CARD
S0060211,C05376,P00728,ST017,18/09/2026 10:30,6,2376.69,0.00,NET_BANKING
S0060212,C01232,P00076,ST021,2027-03-21 22:06:00,8,2643.86,0.10,WALLET
S0060213,C05204,P00344,ST042,2026-12-14 00:36:00,2,12170.01,0.05,UPI
S0060214,C03445,P00316,ST024,2026-12-23 08:26:00,4,4896.51,0.05,NET_BANKING
S0060215,C00112,P01062,ST045,2026-10-29 09:16:00,6,3390.81,0.10,WALLET
S0060216,C04980,P01131,ST030,2026-11-13 17:47:00,7,3671.10,0.05,CARD
S0060217,C00683,P00318,ST020,2027-01-26 08:34:00,3,10232.53,0.00,CARD
S0060218,C01244,P00460,ST031,2026-12-01 05:40:00,3,11166.19,0.15,NET_BANKING
S0060219,C00420,P00068,ST017,2027-03-25 23:16:00,1,2033.40,0.00,NET_BANKING
S0060220,C05040,P00464,ST027,2026-10-15 18:14:00,6,6498.78,0.15,NET_BANKING
S0060221,C05438,P00577,ST032,2026-10-05 01:03:00,7,286.38,0.10,UPI
S0060222,C04336,P00783,ST031,2027-02-17 23:32:00,6,1108.76,0.10,UPI
S0060223,C03109,P00931,ST026,2027-03-27 13:02:00,4,10365.83,0.00,UPI
S0060224,C04971,P00042,ST021,2026-10-02 07:57:00,3,14409.73,0.00,WALLET
S0060225,C02106,P00045,ST044,2026-09-16 22:24:00,5,3670.33,0.10,COD
S0060226,C03561,P00677,ST025,2027-03-05 18:45:00,3,9646.68,0.00,WALLET
S0060227,C00039,P00586,ST034,2027-02-19 18:35:00,6,3287.74,0.15,COD
S0060228,C03711,P00285,ST022,2027-03-04 21:27:00,1,6123.71,0.15,CARD
S0060229,C04355,P00160,ST034,2027-01-23 15:00:00,7,1889.89,0.00,NET_BANKING
S0060230,C02850,P00773,ST008,2027-01-29 01:00:00,3,11513.99,0.00,COD
S0060231,C05112,P00468,ST028,2026-11-04 16:03:00,4,2151.00,0.05,CARD
S0060232,C02676,P00683,ST048,2026-10-25 21:03:00,7,6906.08,0.15,CARD
S0060233,C02347,P00899,ST048,2027-05-08 17:01:00,1,12008.75,0.15,WALLET
S0060234,C01843,P00152,ST041,2026-11-12 02:50:00,5,5290.05,0.00,NET_BANKING
S0060235,C03803,P00794,ST008,2027-04-19 02:46:00,8,9152.31,0.10,CARD
S0060236,C00311,P00700,ST030,2027-03-12 01:05:00,1,7501.36,0.10,UPI
S0060237,C04390,P00828,ST027,2027-05-08 07:43:00,6,6520.23,0.00,WALLET
S0060238,C05090,P00737,ST006,2027-01-20 08:32:00,8,69.58,0.15,COD
S0060239,C04250,P00645,ST007,2027-05-13 03:53:00,6,11979.98,0.15,WALLET
S0060240,C03591,P00173,ST048,2026-10-15 20:21:00,7,2556.28,0.10,UPI
S0060241,C02278,P01016,ST036,2027-01-03 14:28:00,8,4976.71,0.00,COD
S0060242,C00853,P00917,ST011,2027-01-26 17:12:00,8,12206.45,0.15,WALLET
S0060243,C01017,P00281,ST041,2027-01-11 01:08:00,5,12950.39,0.00,UPI
S0060244,C00510,P00469,ST023,2027-03-27 00:45:00,3,12189.67,0.10,COD
S0060245,C00655,P00743,ST024,2027-02-09 09:08:00,8,11438.19,0.15,NET_BANKING
S0060246,C04502,P00072,ST015,2027-02-07 02:40:00,3,2213.98,0.00,CARD
S0060247,C05001,P01055,ST026,2026-12-01 05:27:00,7,3812.87,0.00,UPI
S0060248,C01314,P00832,ST037,2027-01-24 17:39:00,4,12604.04,0.00,CARD
S0060249,C03883,P00259,ST021,2026-12-11 17:14:00,8,5808.51,0.15,NET_BANKING
S0060250,C01507,P01002,ST025,2027-02-28 08:46:00,3,1551.56,0.10,NET_BANKING
S0060251,C01910,P00982,ST019,2026-10-27 03:48:00,7,1313.93,0.05,UPI
S0060252,C03545,P00042,ST001,2027-02-21 11:48:00,8,14409.73,0.15,WALLET
S0060253,C00178,P00163,ST004,2027-04-01 19:28:00,1,2045.70,0.05,UPI
S0060254,C02583,P01199,ST005,2027-04-06 02:01:00,2,3564.56,0.00,WALLET
S0060255,C04459,P01028,ST022,2027-04-05 09:17:00,1,1237.49,0.00,UPI
S0060256,C03674,P00477,ST045,2026-11-08 05:25:00,6,3992.23,0.15,COD
S0060257,C03588,P01027,ST030,2027-03-20 09:17:00,5,2135.11,0.15,NET_BANKING
S0060258,C04375,P00009,ST006,2026-10-23 21:23:00,7,14426.84,0.15,CARD
S0060259,C02061,P00442,ST031,2026-12-08 00:40:00,3,12602.76,0.15,NET_BANKING
S0060260,C00690,P00485,ST046,2027-01-21 06:43:00,7,2390.76,0.00,UPI
S0060261,C00352,P00881,ST009,2027-03-04 05:57:00,8,13418.59,0.05,WALLET
S0060262,C00537,P01085,ST013,2027-02-25 18:53:00,2,1361.49,0.00,UPI
S0060263,C01830,P00647,ST025,2026-10-06 22:17:00,1,8946.93,0.00,WALLET
S0060264,C03289,P00303,ST038,2026-09-26 11:09:00,1,14560.81,0.15,UPI
S0060265,C04541,P01161,ST021,2027-02-21 00:43:00,6,2654.48,0.00,WALLET
S0060266,C00504,P00363,ST003,2026-09-28 04:16:00,8,7028.08,0.05,COD
S0060267,C02414,P00544,ST031,2026-11-04 06:25:00,6,6390.78,0.00,CARD
S0060268,C04705,P00688,ST024,2027-01-19 14:26:00,1,14801.08,0.10,NET_BANKING
S0060269,C00013,P01114,ST010,2026-11-23 05:12:00,4,4534.95,0.15,WALLET
S0060270,C04091,P00291,ST022,2026-10-10 15:52:00,5,3274.34,0.00,UPI
S0060271,C04528,P00822,ST038,2026-10-21 10:04:00,7,11979.30,0.00,CARD
S0060272,C02666,P00809,ST042,2027-02-25 03:34:00,7,7203.83,0.05,CARD
S0060273,C03468,P00014,ST033,2026-09-28 08:47:00,3,9230.95,0.00,WALLET
S0060274,C00947,P00526,ST025,2026-11-16 11:00:00,8,8424.35,0.05,NET_BANKING
S0060275,C02749,P00441,ST011,2026-12-23 18:41:00,1,10328.32,0.00,WALLET
S0060276,C02866,P00116,ST049,2027-04-17 06:58:00,6,6123.57,0.00,COD
S0060277,C04000,P00132,ST050,2026-09-20 02:30:00,4,661.50,0.05,COD
S0060278,C00902,P00312,ST031,2027-04-18 08:04:00,8,5466.28,0.10,CARD
S0060279,C05639,P01198,ST006,2027-01-22 22:55:00,3,2016.02,0.00,NET_BANKING
S0060280,C04295,P00495,ST045,2027-01-21 06:22:00,6,105.46,0.05,WALLET
S0060281,C04959,P01164,ST039,2027-02-21 15:31:00,5,1709.90,0.10,COD
S0060282,C05296,P00312,ST036,2027-05-25 11:33:00,1,5466.28,0.15,COD
S0060283,C05746,P00128,ST011,2027-02-28 08:14:00,4,12585.65,0.00,CARD
S0060284,C00608,P01085,ST016,2026-09-18 12:03:00,7,2537.61,0.10,NET_BANKING
S0060285,C01064,P00777,ST003,2026-10-02 10:18:00,4,7574.57,0.15,CARD
S0060286,C04557,P00825,ST025,2026-10-28 17:59:00,6,4481.95,0.15,UPI
S0060287,C04528,P00214,ST039,2026-12-04 11:33:00,6,8311.62,0.00,COD
S0060288,C01029,P00002,ST038,2027-02-06 10:26:00,4,14309.77,0.00,CARD
S0060289,C04476,P00420,ST020,2026-12-16 04:48:00,8,13992.32,0.05,COD
S0060290,C04887,P00052,ST024,2026-12-07 20:56:00,8,6138.64,0.05,COD
S0060291,C03946,P00127,ST042,2027-03-01 12:28:00,5,11914.83,0.05,WALLET
S0060292,C02913,P00891,ST042,2026-09-28 15:41:00,5,2634.44,0.00,CARD
S0060293,C01505,P00498,ST030,2027-05-02 08:03:00,1,302.97,0.10,WALLET
S0060294,C03418,P00818,ST032,2026-11-02 08:09:00,8,9748.07,0.00,WALLET
S0060295,C05860,P00680,ST038,2027-04-29 01:27:00,6,6161.56,0.15,WALLET
S0060296,C04474,P00340,ST006,2027-05-06 08:20:00,6,13721.56,0.10,UPI
S0060297,C04728,P00291,ST046,2027-03-17 11:41:00,8,3274.34,0.00,CARD
S0060298,C03605,P00862,ST010,2027-02-16 02:16:00,5,12635.93,0.05,UPI
S0060299,C05975,P01103,ST041,2027-04-21 20:35:00,4,2562.60,0.05,UPI
S0060300,C03476,P00957,ST039,2027-04-29 15:05:00,8,13167.89,0.10,COD
S0060301,C04809,P00099,ST040,2027-03-06 20:35:00,8,7954.37,0.05,UPI
S0060302,C00354,P00534,ST032,2027-05-26 16:29:00,6,5928.36,0.00,UPI
S0060303,C02211,P00084,ST030,2027-02-10 13:45:00,7,9370.43,0.10,NET_BANKING
S0060304,C01553,P00995,ST031,2027-04-02 11:38:00,4,10497.82,0.10,COD
S0060305,C02595,P00531,ST047,2027-01-24 05:06:00,8,137.66,0.10,UPI
S0060306,C03618,P00798,ST037,2027-05-08 18:43:00,8,2788.26,0.15,CARD
S0060307,C03273,P00585,ST005,2026-12-19 02:08:00,1,4078.01,0.00,COD
S0060308,C03760,P00992,ST023,2027-02-02 02:45:00,5,9363.29,0.15,WALLET
S0060309,C04315,P00385,ST016,2026-11-30 20:34:00,2,6877.27,0.05,CARD
S0060310,C03100,P01197,ST037,2026-10-29 09:40:00,2,3080.52,0.00,COD
S0060311,C02069,P00220,ST025,2027-01-21 21:12:00,2,3145.53,0.10,WALLET
S0060312,C03522,P00183,ST022,2027-05-22 04:01:00,6,4082.17,0.00,UPI
S0060313,C01482,P01170,ST044,2027-03-30 11:03:00,7,1527.77,0.00,CARD
S0060314,C03436,P01079,ST003,2027-05-03 01:43:00,1,2653.25,0.00,NET_BANKING
S0060315,C05694,P00364,ST023,2027-02-14 18:56:00,6,12302.90,0.05,NET_BANKING
S0060316,C03380,P00702,ST019,2027-04-16 14:17:00,2,10861.46,0.00,CARD
S0060317,C05136,P00933,ST041,2027-03-03 03:07:00,6,7457.39,0.15,UPI
S0060318,C05135,P00347,ST003,2027-02-09 08:47:00,6,13728.26,0.15,NET_BANKING
S0060319,C02345,P00336,ST002,2027-02-21 21:30:00,4,10827.01,0.15,WALLET
S0060320,C04081,P01019,ST024,2027-01-08 20:56:00,6,2134.31,0.00,COD
S0060321,C05543,P01102,ST023,2027-03-16 09:12:00,1,1282.22,0.05,UPI
S0060322,C00440,P00620,ST017,2026-09-20 02:35:00,6,1987.43,0.00,COD
S0060323,C00970,P00760,ST015,2027-01-01 01:42:00,3,13523.24,0.00,WALLET
S0060324,C02119,P01026,ST014,2027-01-27 23:17:00,4,1808.60,0.05,COD
S0060325,C04177,P00501,ST040,2027-05-23 06:11:00,2,591.28,0.05,CARD
S0060326,C02913,P00015,ST016,2027-05-11 09:20:00,7,6091.54,0.00,UPI
S0060327,C02325,P01016,ST035,2027-05-13 20:24:00,6,2879.74,0.15,NET_BANKING
S0060328,C05922,P01036,ST048,2027-01-26 11:12:00,6,1761.68,0.05,COD
S0060329,C00896,P00490,ST004,2026-12-23 07:35:00,8,3009.09,0.05,CARD
S0060330,C04513,P00495,ST015,2027-03-03 05:30:00,8,105.46,0.05,NET_BANKING
S0060331,C00018,P00295,ST033,2027-01-21 21:39:00,3,8088.40,0.10,COD
S0060332,C04297,P00304,ST030,2027-04-02 08:29:00,7,8379.11,0.15,UPI
S0060333,C02489,P00315,ST043,2026-09-21 07:51:00,6,8151.43,0.00,UPI
S0060334,C03049,P01152,ST005,2027-01-16 20:22:00,2,2243.77,0.00,NET_BANKING
S0060335,C03252,P00552,ST041,2027-02-13 16:06:00,7,14232.88,0.00,WALLET
S0060336,C00990,P00543,ST001,2027-01-01 18:32:00,4,1249.06,0.10,WALLET
S0060337,C03658,P00511,ST008,2027-04-17 01:40:00,7,1704.19,0.00,COD
S0060338,C00182,P00758,ST042,2026-12-06 17:00:00,6,8501.92,0.15,CARD
S0060339,C01204,P01174,ST002,2027-05-09 08:49:00,4,1096.55,0.15,UPI
S0060340,C03746,P00048,ST016,2027-03-20 15:15:00,4,5018.49,0.00,UPI
S0060341,C00851,P00903,ST032,2027-04-13 04:39:00,4,4390.79,0.05,WALLET
S0060342,C05357,P00196,ST025,2026-11-30 05:54:00,5,10921.34,0.15,WALLET
S0060343,C03777,P00430,ST036,2026-10-31 09:48:00,4,5232.86,0.15,CARD
S0060344,C05070,P00664,ST037,2026-11-04 00:59:00,7,2596.83,0.05,UPI
S0060345,C01066,P01098,ST022,2027-01-27 14:16:00,1,4792.84,0.00,UPI
S0060346,C05473,P00664,ST046,2027-05-23 03:28:00,6,2596.83,0.00,CARD
S0060347,C01828,P00741,ST015,2026-12-02 19:42:00,4,14542.74,0.10,COD
S0060348,C01706,P00901,ST025,2027-01-17 23:41:00,5,11518.70,0.00,NET_BANKING
S0060349,C00558,P00869,ST046,2026-09-20 17:18:00,8,5521.33,0.15,NET_BANKING
S0060350,C02382,P01155,ST026,2026-10-04 16:52:00,5,4769.39,0.05,WALLET
S0060351,C03092,P00076,ST031,2027-01-02 13:34:00,6,2643.86,0.10,UPI
S0060352,C00943,P00326,ST006,2026-12-14 14:40:00,5,13983.47,0.10,CARD
S0060353,C02220,P00051,ST019,2026-10-13 14:51:00,4,8015.72,0.10,WALLET
S0060354,C05553,P00008,ST050,2026-09-28 05:43:00,1,1347.12,0.05,WALLET
S0060355,C02953,P00068,ST032,2026-10-29 00:30:00,7,2033.40,0.15,COD
S0060356,C04232,P00464,ST024,2026-12-16 07:14:00,5,6498.78,0.10,COD
S0060357,C03309,P00619,ST033,2027-02-08 17:34:00,6,14183.29,0.05,UPI
S0060358,C04356,P00681,ST025,2026-12-02 20:43:00,2,10247.66,0.00,WALLET
S0060359,C03240,P00470,ST033,2026-10-05 00:12:00,4,2213.98,0.10,UPI
S0060360,C03249,P00318,ST030,2027-05-29 02:10:00,3,10232.53,0.05,UPI
S0060361,C02103,P00372,ST003,2027-01-02 20:52:00,5,8947.17,0.00,UPI
S0060362,C05673,P00621,ST034,2027-01-11 22:28:00,5,12280.84,0.05,NET_BANKING
S0060363,C00434,P00174,ST023,2026-11-20 15:01:00,7,322.73,0.00,WALLET
S0060364,C05999,P00174,ST004,2027-01-18 19:47:00,4,322.73,0.10,COD
S0060365,C00236,P00133,ST032,2026-12-20 19:05:00,3,12379.20,0.10,CARD
S0060366,C05702,P00270,ST050,2027-01-11 19:57:00,6,12684.63,0.05,NET_BANKING
S0060367,C02934,P00428,ST025,2027-01-07 05:44:00,7,11541.27,0.05,WALLET
S0060368,C04876,P00276,ST050,2027-01-19 18:11:00,8,6865.96,0.10,UPI
S0060369,C05108,P00793,ST015,2026-09-18 17:04:00,8,9165.88,0.10,COD
S0060370,C00968,P01032,ST011,2026-12-27 00:49:00,5,4458.07,0.05,UPI
S0060371,C05309,P00283,ST010,2027-03-08 10:47:00,4,6670.75,0.15,WALLET
S0060372,C00056,P01051,ST014,2027-05-31 13:35:00,4,3491.82,0.10,NET_BANKING
S0060373,C01688,P00761,ST016,2027-01-27 14:34:00,7,7126.90,0.10,WALLET
S0060374,C04679,P00528,ST026,2027-01-02 20:54:00,7,12190.45,0.00,NET_BANKING
S0060375,C03071,P00167,ST047,2026-10-10 18:48:00,4,9994.61,0.05,WALLET
S0060376,C00909,P00132,ST044,2027-02-13 10:31:00,7,661.50,0.15,COD
S0060377,C02108,P01196,ST014,2026-10-21 20:34:00,5,1248.28,0.15,NET_BANKING
S0060378,C03879,P00960,ST035,2026-09-19 22:26:00,4,6003.64,0.00,UPI
S0060379,C03162,P00455,ST047,2027-04-24 03:06:00,3,11331.19,0.15,NET_BANKING
S0060380,C04908,P00953,ST009,2026-12-09 11:00:00,4,11654.98,0.00,NET_BANKING
S0060381,C04282,P00219,ST046,2026-10-16 20:02:00,8,13496.03,0.15,COD
S0060382,C05627,P00025,ST045,2027-03-20 03:43:00,5,4571.56,0.05,COD
S0060383,C01583,P00703,ST007,2027-04-10 18:42:00,3,578.72,0.00,COD
S0060384,C04445,P00294,ST019,2027-03-05 20:48:00,7,9198.98,0.15,COD
S0060385,C00248,P01141,ST036,2027-05-03 05:09:00,6,854.44,0.00,WALLET
S0060386,C01580,P00853,ST047,2026-09-22 00:55:00,7,14567.44,0.00,UPI
S0060387,C01861,P00487,ST017,2026-09-18 20:18:00,7,5449.32,0.10,UPI
S0060388,C04051,P00954,ST043,2027-01-06 15:51:00,8,8183.55,0.10,NET_BANKING
S0060389,C05840,P00769,ST041,2027-01-28 23:29:00,2,14064.61,0.00,NET_BANKING
S0060390,C01489,P00311,ST022,2027-04-26 22:08:00,7,10510.03,0.00,NET_BANKING
S0060391,C02451,P00624,ST009,2027-02-20 10:50:00,3,10459.90,0.10,UPI
S0060392,C05947,P00393,ST042,2027-06-02 05:52:00,8,7337.73,0.05,COD
S0060393,C01987,P00294,ST021,2026-12-02 01:34:00,5,9198.98,0.05,UPI
S0060394,C03737,P01027,ST042,2026-09-22 09:04:00,5,661.89,0.00,WALLET
S0060395,C05006,P00298,ST031,2027-03-20 11:18:00,3,14106.08,0.05,CARD
S0060396,C01894,P00835,ST010,2027-02-03 11:43:00,3,14703.43,0.05,WALLET
S0060397,C03193,P01046,ST032,2027-05-26 10:25:00,3,253.07,0.00,UPI
S0060398,C00998,P00771,ST026,2026-11-30 17:05:00,8,9138.48,0.15,NET_BANKING
S0060399,C04323,P00831,ST005,2026-09-19 17:21:00,2,4958.66,0.05,NET_BANKING
S0060400,C04024,P00647,ST037,2027-02-25 06:53:00,4,8946.93,0.05,UPI
S0060401,C03122,P00805,ST036,2026-09-20 12:02:00,7,14921.08,0.00,CARD
S0060402,C02129,P01019,ST041,2027-05-20 07:05:00,6,4911.29,0.10,CARD
S0060403,C01627,P00919,ST049,2026-10-03 00:31:00,1,8906.88,0.05,UPI
S0060404,C04341,P00696,ST021,2026-09-24 18:49:00,5,444.90,0.00,NET_BANKING
S0060405,C00636,P01194,ST020,2026-11-21 17:10:00,6,1590.56,0.05,NET_BANKING
S0060406,C00208,P00898,ST026,2027-03-20 21:24:00,8,1340.84,0.10,UPI
S0060407,C02553,P00702,ST014,2027-04-01 14:26:00,2,10861.46,0.05,WALLET
S0060408,C02437,P00519,ST017,2026-10-19 06:54:00,6,3550.37,0.10,WALLET
S0060409,C01329,P00313,ST033,2027-05-31 16:08:00,8,7134.65,0.00,COD
S0060410,C04701,P00628,ST029,2026-10-08 02:03:00,2,11204.97,0.15,UPI
S0060411,C05468,P00582,ST007,2026-11-10 02:28:00,5,3449.31,0.15,NET_BANKING
S0060412,C01269,P00641,ST044,2027-04-17 19:50:00,2,6765.73,0.05,CARD
S0060413,C02249,P00166,ST002,2026-09-23 06:50:00,1,8032.81,0.00,UPI
S0060414,C01766,P00395,ST022,2026-12-26 15:50:00,3,4137.07,0.10,COD
S0060415,C00793,P00339,ST021,2026-11-28 17:08:00,4,2464.80,0.10,UPI
S0060416,C00976,P00604,ST020,2027-05-05 00:38:00,5,3876.20,0.00,NET_BANKING
S0060417,C02345,P00308,ST033,2026-09-18 07:58:00,7,8424.73,0.15,NET_BANKING
S0060418,C03551,P00153,ST043,2026-11-13 07:32:00,4,5456.59,0.05,CARD
S0060419,C02038,P00969,ST001,2026-12-01 09:08:00,4,3154.51,0.15,NET_BANKING
S0060420,C03746,P00541,ST040,2026-10-05 06:15:00,4,12514.58,0.10,NET_BANKING
S0060421,C02226,P00722,ST010,2026-09-22 04:05:00,3,2303.35,0.00,CARD
S0060422,C05570,P00209,ST023,2027-01-03 21:25:00,8,6800.00,0.15,COD
S0060423,C05923,P00158,ST031,2026-10-02 17:13:00,6,3652.82,0.15,COD
S0060424,C01236,P01132,ST049,2026-09-20 03:58:00,1,4527.32,0.10,CARD
S0060425,C02374,P00145,ST010,2027-02-03 08:42:00,7,10011.24,0.05,CARD
S0060426,C05760,P00027,ST011,2027-01-11 13:21:00,6,2538.93,0.10,CARD
S0060427,C04417,P00772,ST031,2026-11-06 15:18:00,8,13512.62,0.05,UPI
S0060428,C04726,P00456,ST050,2026-09-19 22:59:00,8,2960.04,0.00,COD
S0060429,C01184,P00309,ST005,2027-02-25 16:28:00,3,9944.41,0.10,WALLET
S0060430,C01314,P00968,ST002,2027-01-16 05:11:00,7,10372.46,0.10,COD
S0060431,C05208,P00104,ST034,2026-11-14 16:18:00,7,5175.58,0.05,COD
S0060432,C01526,P00647,ST016,2026-12-31 17:04:00,6,8946.93,0.05,COD
S0060433,C01916,P00333,ST016,2027-01-22 06:10:00,2,1647.52,0.10,CARD
S0060434,C02444,P00380,ST003,2026-12-01 14:27:00,7,10594.68,0.00,NET_BANKING
S0060435,C05722,P00987,ST025,2027-02-21 13:26:00,7,8796.88,0.10,NET_BANKING
S0060436,C01727,P00339,ST040,2026-09-17 10:05:00,7,2464.80,0.10,UPI
S0060437,C04393,P00909,ST042,2027-05-30 07:11:00,1,12153.06,0.00,UPI
S0060438,C01411,P00463,ST012,2026-11-10 20:29:00,6,13244.30,0.00,CARD
S0060439,C02670,P00760,ST014,2026-10-01 19:04:00,7,13523.24,0.00,CARD
S0060440,C04243,P00557,ST050,2026-11-17 11:28:00,3,9429.31,0.00,UPI
S0060441,C01372,P01017,ST007,2026-11-05 23:13:00,4,1824.14,0.00,CARD
S0060442,C03524,P00547,ST037,2026-12-17 02:47:00,8,68.05,0.15,NET_BANKING
S0060443,C00895,P00154,ST010,2026-11-20 12:01:00,1,3193.19,0.00,WALLET
S0060444,C03899,P00247,ST045,2027-01-08 02:35:00,7,3627.73,0.10,WALLET
S0060445,C00071,P00341,ST044,2026-11-28 16:45:00,8,12040.98,0.15,UPI
S0060446,C05430,P00369,ST041,2026-11-14 09:09:00,3,2410.82,0.10,WALLET
S0060447,C02411,P01107,ST031,2027-02-03 23:14:00,6,3023.49,0.15,WALLET
S0060448,C04595,P00002,ST044,2026-12-19 03:04:00,1,14309.77,0.00,WALLET
S0060449,C00267,P01068,ST006,2027-05-22 15:44:00,7,4392.32,0.00,COD
S0060450,C05707,P01140,ST041,2027-05-23 05:38:00,2,2346.84,0.15,UPI
S0060451,C00380,P00150,ST027,2026-12-04 21:34:00,6,10110.81,0.00,NET_BANKING
S0060452,C05095,P00788,ST050,2027-04-08 05:33:00,8,14058.06,0.15,CARD
S0060453,C05221,P00084,ST042,2026-10-14 07:11:00,4,9370.43,0.10,CARD
S0060454,C01873,P00865,ST018,2027-03-20 21:13:00,6,8660.01,0.00,UPI
S0060455,C02275,P00508,ST020,2026-10-10 02:01:00,1,14824.01,0.05,CARD
S0060456,C00991,P00617,ST044,2027-03-14 14:41:00,6,11028.99,0.00,WALLET
S0060457,C04660,P00860,ST034,2027-01-28 03:19:00,1,207.98,0.15,CARD
S0060458,C04163,P00757,ST018,2026-10-04 13:18:00,6,226.72,0.05,COD
S0060459,C04222,P00485,ST020,2027-02-17 02:19:00,2,2390.76,0.10,WALLET
S0060460,C01346,P00042,ST022,2027-04-03 20:14:00,4,14409.73,0.05,COD
S0060461,C03919,P00570,ST050,2027-04-23 22:50:00,7,8154.82,0.15,COD
S0060462,C04295,P00733,ST026,2027-03-31 23:37:00,4,7733.54,0.05,UPI
S0060463,C03827,P00983,ST025,2027-02-21 23:23:00,4,14539.34,0.05,WALLET
S0060464,C00256,P00266,ST001,2026-10-04 04:20:00,4,13447.25,0.15,COD
S0060465,C05233,P00274,ST028,2027-01-12 16:26:00,3,13222.64,0.15,NET_BANKING
S0060466,C03992,P01007,ST040,2026-10-23 07:50:00,1,1499.22,0.05,COD
S0060467,C02754,P00049,ST023,2027-04-01 13:27:00,6,856.91,0.00,WALLET
S0060468,C04960,P00582,ST006,2027-01-28 03:25:00,5,3449.31,0.00,WALLET
S0060469,C03883,P00991,ST021,2027-03-25 00:06:00,7,240.75,0.05,NET_BANKING
S0060470,C04983,P00524,ST017,2027-02-02 12:33:00,5,11462.06,0.10,WALLET
S0060471,C04505,P00106,ST009,2026-10-09 02:56:00,8,14238.90,0.00,UPI
S0060472,C00751,P00477,ST005,2026-11-02 22:12:00,1,3992.23,0.00,UPI
S0060473,C05932,P00455,ST021,2027-04-26 07:23:00,7,11331.19,0.05,UPI
S0060474,C02270,P00685,ST031,2027-01-09 14:27:00,4,2866.20,0.00,WALLET
S0060475,C05499,P00845,ST014,2027-04-17 23:50:00,2,596.43,0.10,CARD
S0060476,C02400,P00807,ST018,2027-04-18 05:15:00,1,3804.96,0.05,COD
S0060477,C01348,P00443,ST038,2027-04-15 05:25:00,7,10115.80,0.05,WALLET
S0060478,C04207,P01120,ST009,2026-12-03 04:49:00,5,159.53,0.05,NET_BANKING
S0060479,C05485,P00279,ST050,2026-11-05 17:39:00,1,7949.95,0.00,UPI
S0060480,C05001,P00167,ST021,2027-01-31 04:07:00,6,9994.61,0.00,COD
S0060481,C02643,P00267,ST001,2027-01-01 19:34:00,4,4567.81,0.10,CARD
S0060482,C04638,P00466,ST017,2026-10-29 00:33:00,7,4444.00,0.15,UPI
S0060483,C02443,P00607,ST018,2026-11-04 00:52:00,6,9830.20,0.05,CARD
S0060484,C04954,P01195,ST014,2027-01-21 05:06:00,8,1431.37,0.05,NET_BANKING
S0060485,C01825,P00552,ST019,2027-05-06 19:45:00,4,14232.88,0.15,WALLET
S0060486,C00697,P00689,ST004,2027-05-20 14:44:00,3,1747.51,0.10,COD
S0060487,C02769,P00320,ST039,2027-01-11 23:32:00,3,7970.92,0.00,CARD
S0060488,C02984,P00693,ST029,2027-05-05 00:17:00,3,10171.16,0.00,COD
S0060489,C02736,P00230,ST046,2027-02-18 15:01:00,1,9832.40,0.15,CARD
S0060490,C03998,P01102,ST019,2027-04-05 01:53:00,7,4066.39,0.00,UPI
S0060491,C03093,P00929,ST046,2027-04-15 21:21:00,6,6068.78,0.00,UPI
S0060492,C02587,P00149,ST032,2027-02-14 20:47:00,2,6470.19,0.00,UPI
S0060493,C05738,P00449,ST020,2027-02-06 12:32:00,4,4682.35,0.05,WALLET
S0060494,C00550,P00769,ST034,2027-03-09 06:35:00,2,14064.61,0.10,UPI
S0060495,C00970,P00745,ST016,2027-01-03 15:47:00,5,11887.46,0.00,COD
S0060496,C04959,P00606,ST004,2026-12-03 06:57:00,5,2062.87,0.05,COD
S0060497,C03178,P00267,ST024,2027-05-20 22:34:00,5,4567.81,0.05,CARD
S0060498,C04329,P00439,ST006,2027-01-25 15:13:00,2,11875.56,0.05,WALLET
S0060499,C01873,P00467,ST024,2027-03-13 01:36:00,5,8776.36,0.05,NET_BANKING
S0060500,C02631,P01022,ST012,2027-03-20 23:53:00,6,2961.91,0.00,WALLET
S0060501,C00359,P01056,ST031,2027-01-02 07:05:00,5,3349.98,0.15,NET_BANKING
S0060502,C00643,P00369,ST030,2027-01-14 07:42:00,6,2410.82,0.15,NET_BANKING
S0060503,C05760,P00809,ST037,2026-12-28 08:11:00,7,7203.83,0.10,NET_BANKING
S0060504,C01649,P00111,ST014,2027-04-12 19:15:00,1,7353.74,0.05,UPI
S0060505,C05586,P00411,ST025,2027-05-24 07:28:00,2,13165.10,0.00,UPI
S0060506,C01724,P00265,ST038,2027-05-08 02:49:00,8,11238.83,0.10,WALLET
S0060507,C04278,P00059,ST014,2027-01-27 07:15:00,1,14733.93,0.00,CARD
S0060508,C04953,P00441,ST019,2027-05-03 09:24:00,4,10328.32,0.10,UPI
S0060509,C00267,P01012,ST002,2026-09-22 08:49:00,3,3979.56,0.00,NET_BANKING
S0060510,C00236,P00307,ST047,2026-11-15 04:03:00,6,13759.94,0.00,UPI
S0060511,C04038,P00939,ST014,2027-02-20 19:50:00,2,7892.75,0.10,NET_BANKING
S0060512,C05116,P01080,ST046,2026-09-17 03:32:00,7,266.90,0.10,WALLET
S0060513,C05609,P01104,ST026,2026-09-26 16:31:00,8,1176.16,0.10,CARD
S0060514,C00738,P01172,ST029,2027-04-16 04:56:00,1,3279.78,0.05,CARD
S0060515,C04143,P00925,ST012,2026-11-10 14:43:00,2,9802.23,0.00,UPI
S0060516,C00966,P00175,ST032,2026-12-23 03:42:00,1,14956.51,0.10,NET_BANKING
S0060517,C05699,P00331,ST009,2027-04-03 10:33:00,2,9971.71,0.00,NET_BANKING
S0060518,C04819,P00861,ST043,2026-11-18 08:05:00,6,3963.47,0.15,UPI
S0060519,C01185,P00855,ST032,2027-05-17 15:39:00,3,3531.06,0.15,NET_BANKING
S0060520,C02694,P00757,ST029,2027-02-12 02:44:00,8,226.72,0.10,CARD
S0060521,C04290,P00233,ST041,2027-02-26 09:53:00,1,5834.21,0.00,WALLET
S0060522,C02904,P00570,ST013,2027-05-03 20:01:00,1,8154.82,0.00,WALLET
S0060523,C01661,P01113,ST027,2026-11-30 13:15:00,8,1283.27,0.00,COD
S0060524,C05631,P00483,ST026,2027-05-02 19:56:00,4,7759.25,0.00,UPI
S0060525,C04995,P00296,ST031,2026-11-24 01:15:00,7,4617.53,0.00,WALLET
S0060526,C00916,P00069,ST049,2027-04-16 13:32:00,8,2410.61,0.00,NET_BANKING
S0060527,C01999,P00627,ST034,2027-04-19 16:04:00,7,12769.96,0.00,UPI
S0060528,C04472,P01014,ST039,2027-03-08 12:02:00,5,911.44,0.10,NET_BANKING
S0060529,C04850,P01182,ST011,2027-04-15 08:34:00,5,616.86,0.15,NET_BANKING
S0060530,C02945,P00027,ST001,2027-05-31 16:52:00,2,2538.93,0.10,UPI
S0060531,C04113,P01039,ST005,2026-10-19 12:10:00,7,3705.29,0.05,COD
S0060532,C02818,P00033,ST012,2026-12-12 05:33:00,8,11598.07,0.05,COD
S0060533,C01896,P00698,ST002,2027-04-28 07:33:00,4,4891.44,0.00,WALLET
S0060534,C02700,P00324,ST046,2027-01-29 02:38:00,7,2603.61,0.15,UPI
S0060535,C04353,P00533,ST012,2027-03-13 23:47:00,5,13218.50,0.00,NET_BANKING
S0060536,C02244,P00792,ST029,2026-11-20 22:44:00,6,13052.60,0.00,COD
S0060537,C05680,P00366,ST029,2026-11-16 10:59:00,1,13188.09,0.05,COD
S0060538,C03867,P00647,ST050,2027-05-17 20:57:00,4,8946.93,0.05,UPI
S0060539,C01243,P00188,ST034,2027-01-29 01:46:00,7,6455.12,0.00,CARD
S0060540,C00623,P00882,ST032,2027-04-20 00:38:00,4,1160.87,0.10,COD
S0060541,C03608,P00879,ST045,2027-04-01 07:13:00,8,5207.36,0.00,CARD
S0060542,C00667,P00894,ST004,2026-11-12 13:52:00,3,12465.27,0.00,UPI
S0060543,C05713,P00691,ST035,2027-02-22 16:08:00,1,11997.97,0.15,UPI
S0060544,C01791,P01189,ST034,2027-04-21 21:21:00,6,803.37,0.15,COD
S0060545,C00597,P00052,ST023,2027-01-29 21:10:00,3,6138.64,0.00,COD
S0060546,C02041,P00722,ST004,2027-04-17 15:48:00,8,2303.35,0.00,WALLET
S0060547,C02888,P00691,ST006,2027-03-19 13:13:00,5,11997.97,0.00,WALLET
S0060548,C05394,P00965,ST023,2027-04-28 02:06:00,7,14887.52,0.05,WALLET
S0060549,C04218,P00168,ST007,2027-01-12 09:35:00,6,5532.44,0.15,UPI
S0060550,C00456,P00356,ST021,2026-10-01 06:03:00,3,6310.49,0.15,UPI
S0060551,C05678,P00416,ST016,2027-01-28 11:28:00,4,7537.51,0.05,UPI
S0060552,C01906,P00663,ST019,2027-04-17 01:26:00,4,4192.70,0.00,WALLET
S0060553,C02426,P00867,ST012,2027-01-11 10:34:00,7,5370.01,0.00,WALLET
S0060554,C01472,P00502,ST022,2027-01-26 00:25:00,5,5017.69,0.10,COD
S0060555,C04505,P00939,ST043,2027-01-25 23:29:00,5,7892.75,0.00,CARD
S0060556,C04202,P00446,ST004,2027-03-03 15:05:00,2,14903.24,0.00,WALLET
S0060557,C05996,P00909,ST016,2027-01-13 14:01:00,7,12153.06,0.10,COD
S0060558,C05627,P01032,ST041,2026-11-17 13:18:00,3,3324.93,0.10,UPI
S0060559,C04689,P00570,ST043,2026-12-07 09:59:00,2,8154.82,0.10,CARD
S0060560,C01804,P00511,ST001,2027-04-09 05:19:00,7,1704.19,0.10,COD
S0060561,C05207,P00868,ST014,2027-01-24 04:57:00,3,14973.26,0.10,CARD
S0060562,C03869,P00728,ST010,2026-12-25 10:50:00,8,2376.69,0.10,WALLET
S0060563,C05756,P01129,ST037,2026-10-03 23:09:00,5,1534.66,0.15,WALLET
S0060564,C04757,P00224,ST006,2027-02-01 15:23:00,3,2208.50,0.15,WALLET
S0060565,C00564,P00828,ST046,2027-02-12 22:46:00,1,6520.23,0.00,NET_BANKING
S0060566,C05734,P00558,ST037,2027-01-21 08:58:00,6,2884.27,0.00,WALLET
S0060567,C00650,P00223,ST009,2026-10-24 01:45:00,8,6560.58,0.00,COD
S0060568,C05716,P00326,ST048,2026-12-08 15:33:00,1,13983.47,0.05,COD
S0060569,C04391,P01075,ST036,2027-01-10 11:22:00,2,686.09,0.00,CARD
S0060570,C01323,P00589,ST013,2026-12-01 03:41:00,1,4410.37,0.15,WALLET
S0060571,C01647,P00633,ST027,2027-04-25 01:09:00,6,8834.04,0.15,NET_BANKING
S0060572,C03944,P00948,ST032,2026-09-16 20:38:00,3,7783.05,0.05,NET_BANKING
S0060573,C01336,P01075,ST020,2027-02-11 10:27:00,7,102.95,0.05,COD
S0060574,C02820,P00243,ST022,2027-03-07 19:49:00,6,6859.66,0.15,NET_BANKING
S0060575,C05518,P00788,ST019,2026-10-06 15:34:00,7,14058.06,0.00,COD
S0060576,C00319,P00580,ST034,2026-10-14 05:49:00,2,4489.50,0.05,NET_BANKING
S0060577,C04035,P01121,ST034,2026-11-15 07:35:00,5,3292.13,0.15,NET_BANKING
S0060578,C02737,P00220,ST040,2027-02-09 12:14:00,3,3145.53,0.05,CARD
S0060579,C05890,P01166,ST039,2027-05-18 00:06:00,2,4326.99,0.00,WALLET
S0060580,C00477,P00199,ST022,2027-05-14 08:37:00,6,10119.49,0.05,COD
S0060581,C03915,P00262,ST010,2027-01-10 18:11:00,3,4686.95,0.05,NET_BANKING
S0060582,C01654,P00225,ST016,2027-04-28 12:11:00,3,9830.38,0.00,NET_BANKING
S0060583,C02013,P00903,ST004,2026-11-14 15:06:00,1,4390.79,0.00,WALLET
S0060584,C03886,P01135,ST037,2027-03-02 20:25:00,1,1442.89,0.00,WALLET
S0060585,C04862,P00671,ST006,2026-12-17 19:18:00,1,12833.33,0.00,CARD
S0060586,C02051,P00529,ST040,2026-10-27 11:15:00,8,10534.37,0.10,NET_BANKING
S0060587,C02625,P00692,ST032,2027-02-07 23:53:00,3,3776.76,0.00,COD
S0060588,C01730,P00958,ST030,2026-10-31 04:55:00,5,6025.05,0.05,UPI
S0060589,C04996,P00635,ST018,2027-04-30 06:25:00,6,7089.77,0.10,WALLET
S0060590,C03204,P00230,ST012,2027-05-12 17:32:00,4,9832.40,0.00,UPI
S0060591,C03162,P00813,ST030,2027-02-24 04:23:00,4,9218.67,0.15,WALLET
S0060592,C03842,P00486,ST017,2027-05-04 16:15:00,3,10044.32,0.00,UPI
S0060593,C04143,P00352,ST039,2027-02-14 12:16:00,5,13564.85,0.00,CARD
S0060594,C03801,P00716,ST032,2027-03-29 01:39:00,8,3403.75,0.15,CARD
S0060595,C02592,P00530,ST013,2026-11-30 01:18:00,8,1909.30,0.05,UPI
S0060596,C00487,P01200,ST003,2026-11-22 08:23:00,1,4183.94,0.05,UPI
S0060597,C02217,P00711,ST045,2027-02-23 15:05:00,2,6883.58,0.00,WALLET
S0060598,C04156,P00893,ST001,2027-01-29 09:39:00,5,11968.39,0.00,COD
S0060599,C00521,P00179,ST040,2027-04-17 17:46:00,8,6066.21,0.05,CARD
S0060600,C04527,P00640,ST001,2027-01-02 17:33:00,3,9013.79,0.10,NET_BANKING
S0060601,C03916,P01064,ST006,2026-10-06 02:11:00,4,4564.93,0.15,UPI
S0060602,C01032,P00804,ST026,2026-10-18 02:24:00,1,13775.11,0.05,WALLET
S0060603,C03048,P01120,ST023,2026-11-17 12:37:00,4,853.41,0.00,WALLET
S0060604,C04126,P00324,ST010,2027-05-23 22:05:00,2,2603.61,0.15,COD
S0060605,C00145,P00024,ST009,2027-03-05 13:30:00,8,7530.12,0.10,COD
S0060606,C04160,P01116,ST043,2027-05-27 06:44:00,7,1548.90,0.10,CARD
S0060607,C03974,P00444,ST042,2027-05-05 23:56:00,7,910.78,0.15,UPI
S0060608,C05018,P00676,ST042,2027-01-11 19:02:00,1,13208.41,0.15,WALLET
S0060609,C04083,P00894,ST045,2027-05-25 11:27:00,6,12465.27,0.15,COD
S0060610,C02277,P00704,ST025,2027-04-24 23:05:00,8,3700.74,0.00,NET_BANKING
S0060611,C02765,P00546,ST039,2027-03-30 15:50:00,1,9420.65,0.15,WALLET
S0060612,C05136,P00462,ST043,2027-05-30 19:24:00,6,3972.80,0.00,UPI
S0060613,C05905,P01072,ST036,2027-02-07 14:50:00,4,2777.74,0.00,UPI
S0060614,C00304,P00646,ST017,2027-03-10 02:55:00,5,1788.47,0.00,NET_BANKING
S0060615,C02276,P01066,ST006,2026-11-13 08:25:00,3,4211.79,0.10,UPI
S0060616,C05796,P00142,ST029,2027-02-02 15:30:00,7,3934.33,0.05,NET_BANKING
S0060617,C03836,P00135,ST014,2026-11-22 18:20:00,1,4518.74,0.00,CARD
S0060618,C02717,P01143,ST049,2026-10-24 20:49:00,7,4887.43,0.05,UPI
S0060619,C03873,P00015,ST017,2026-12-30 02:42:00,5,6091.54,0.05,UPI
S0060620,C05039,P00681,ST011,2027-03-12 16:39:00,7,10247.66,0.00,NET_BANKING
S0060621,C03616,P00022,ST031,2026-09-27 02:24:00,4,4659.49,0.05,NET_BANKING
S0060622,C03605,P01182,ST012,2026-10-20 12:32:00,3,3441.69,0.15,CARD
S0060623,C05236,P00164,ST024,2027-04-08 09:01:00,7,6049.30,0.10,COD
S0060624,C02619,P00158,ST008,2026-12-15 07:53:00,2,3652.82,0.05,COD
S0060625,C03231,P00661,ST042,2026-10-02 23:20:00,8,12752.32,0.00,UPI
S0060626,C02615,P01159,ST011,2026-11-02 01:20:00,8,575.71,0.10,COD
S0060627,C05694,P00448,ST007,2027-04-20 08:38:00,1,9484.91,0.05,UPI
S0060628,C02442,P00947,ST033,2026-12-08 16:28:00,4,5493.18,0.10,COD
S0060629,C00363,P00759,ST016,2026-10-14 08:47:00,1,2675.60,0.00,NET_BANKING
S0060630,C01834,P00020,ST018,2027-05-24 02:21:00,4,3216.52,0.10,NET_BANKING
S0060631,C04296,P00028,ST003,2027-03-05 13:04:00,7,9694.84,0.15,CARD
S0060632,C04510,P00822,ST036,2027-05-05 11:20:00,8,11979.30,0.05,UPI
S0060633,C01787,P00608,ST045,2027-03-24 02:22:00,4,4112.16,0.10,CARD
S0060634,C03764,P00348,ST005,2026-09-27 03:47:00,8,6541.94,0.10,WALLET
S0060635,C02085,P00455,ST028,2026-12-07 20:07:00,8,11331.19,0.15,WALLET
S0060636,C02202,P00267,ST027,2027-01-17 18:12:00,1,4567.81,0.05,UPI
S0060637,C01014,P00229,ST010,2026-10-25 00:51:00,2,718.51,0.10,WALLET
S0060638,C03073,P00134,ST012,2027-01-08 17:40:00,4,9455.44,0.00,WALLET
S0060639,C01278,P00687,ST045,2027-03-24 22:13:00,2,10669.90,0.15,CARD
S0060640,C03517,P00827,ST033,2027-01-18 01:38:00,2,14075.22,0.00,UPI
S0060641,C01030,P01147,ST036,2026-12-22 15:50:00,6,177.15,0.15,COD
S0060642,C05828,P00919,ST024,2026-12-14 11:50:00,3,8906.88,0.05,CARD
S0060643,C04670,P00843,ST003,2027-01-08 16:41:00,3,13366.08,0.00,NET_BANKING
S0060644,C04811,P00381,ST027,2027-03-12 08:52:00,6,12953.05,0.10,CARD
S0060645,C03496,P00244,ST007,2027-02-16 11:20:00,6,12653.48,0.00,UPI
S0060646,C00697,P00787,ST010,2027-02-20 23:13:00,6,12290.08,0.10,NET_BANKING
S0060647,C02989,P01012,ST028,2026-12-24 03:57:00,4,3711.45,0.00,WALLET
S0060648,C01222,P00205,ST048,2026-12-08 16:36:00,6,2535.39,0.00,COD
S0060649,C04621,P01128,ST017,2027-05-03 18:20:00,3,4112.78,0.00,WALLET
S0060650,C04993,P00660,ST022,2026-11-11 14:44:00,3,7080.45,0.05,UPI
S0060651,C01165,P01175,ST021,2027-01-31 09:02:00,8,552.64,0.15,NET_BANKING
S0060652,C05287,P00614,ST024,2027-04-13 05:28:00,8,71.45,0.00,WALLET
S0060653,C01390,P00142,ST039,2026-11-11 20:38:00,3,3934.33,0.00,UPI
S0060654,C04653,P00706,ST044,2026-11-23 16:49:00,3,2797.24,0.00,COD
S0060655,C01937,P01110,ST029,2027-05-15 06:22:00,3,1131.96,0.10,COD
S0060656,C02214,P00013,ST011,2026-11-17 03:39:00,5,6028.43,0.05,NET_BANKING
S0060657,C05976,P00984,ST042,2027-05-25 00:06:00,4,7532.32,0.10,WALLET
S0060658,C03957,P00524,ST013,2026-12-07 02:15:00,6,11462.06,0.00,COD
S0060659,C05504,P01026,ST004,2027-04-20 03:50:00,5,2161.81,0.05,CARD
S0060660,C02494,P00502,ST003,2026-12-05 03:14:00,4,5017.69,0.00,CARD
S0060661,C01020,P00660,ST047,2026-11-28 14:44:00,5,7080.45,0.00,WALLET
S0060662,C04135,P00095,ST027,2026-10-16 18:00:00,1,5408.19,0.05,COD
S0060663,C05338,P00030,ST007,2027-03-02 20:20:00,6,7478.66,0.15,CARD
S0060664,C05692,P00850,ST038,2027-04-20 21:55:00,7,4390.79,0.10,COD
S0060665,C05914,P00763,ST014,2026-11-25 02:58:00,4,4853.30,0.00,COD
S0060666,C03600,P01192,ST011,2026-11-16 16:38:00,4,2618.20,0.00,WALLET
S0060667,C04618,P00095,ST048,2027-03-25 16:56:00,7,5408.19,0.10,UPI
S0060668,C00405,P00537,ST006,2027-05-20 22:54:00,3,9956.19,0.05,WALLET
S0060669,C01763,P01010,ST023,2026-12-01 11:24:00,3,4242.50,0.10,WALLET
S0060670,C04207,P00847,ST001,2027-02-19 17:19:00,6,11650.44,0.15,COD
S0060671,C00408,P00523,ST030,2027-04-08 04:54:00,1,3568.60,0.00,CARD
S0060672,C00908,P00287,ST043,2027-04-23 05:16:00,3,1326.71,0.15,CARD
S0060673,C05357,P01000,ST044,2027-05-25 16:52:00,5,3161.37,0.15,NET_BANKING
S0060674,C00197,P00573,ST050,2026-11-04 14:30:00,1,7520.25,0.00,UPI
S0060675,C04303,P00975,ST033,2027-04-25 04:56:00,1,14210.52,0.10,UPI
S0060676,C03513,P00823,ST049,2027-04-19 04:43:00,6,13235.97,0.00,NET_BANKING
S0060677,C03896,P00078,ST043,2026-12-21 15:28:00,1,6017.13,0.05,COD
S0060678,C00444,P01183,ST013,2026-11-29 10:43:00,6,1723.44,0.10,COD
S0060679,C00257,P00840,ST026,2027-05-10 13:17:00,3,4066.13,0.00,COD
S0060680,C00914,P00205,ST037,2027-05-14 07:53:00,4,2535.39,0.10,CARD
S0060681,C03918,P00193,ST014,2027-02-13 21:21:00,1,754.57,0.00,NET_BANKING
S0060682,C03697,P00198,ST005,2027-03-08 03:53:00,3,11526.28,0.00,NET_BANKING
S0060683,C00632,P00307,ST012,2026-12-29 21:25:00,3,13759.94,0.05,CARD
S0060684,C04617,P00266,ST030,2027-02-20 13:09:00,6,13447.25,0.00,CARD
S0060685,C04305,P00437,ST015,2026-10-21 18:03:00,7,9854.53,0.10,COD
S0060686,C01403,P00140,ST045,2027-03-03 03:39:00,2,343.17,0.05,NET_BANKING
S0060687,C04244,P00769,ST039,2027-02-05 06:59:00,3,14064.61,0.00,CARD
S0060688,C01796,P00210,ST023,2027-01-04 15:27:00,2,3260.81,0.00,UPI
S0060689,C00171,P00374,ST015,2027-03-28 12:27:00,8,688.46,0.05,NET_BANKING
S0060690,C03501,P00099,ST005,2027-05-21 05:15:00,5,7954.37,0.10,NET_BANKING
S0060691,C05752,P00724,ST015,2026-11-07 08:08:00,3,842.59,0.00,COD
S0060692,C00175,P00279,ST023,2027-03-25 16:48:00,4,7949.95,0.05,WALLET
S0060693,C04307,P00625,ST049,2027-03-31 02:45:00,4,12569.93,0.00,CARD
S0060694,C05341,P00013,ST001,2027-05-20 09:33:00,5,6028.43,0.00,WALLET
S0060695,C05128,P01084,ST037,2026-10-16 05:03:00,1,4105.37,0.15,CARD
S0060696,C04558,P00635,ST007,2026-11-28 16:33:00,7,7089.77,0.10,COD
S0060697,C01450,P00700,ST013,2027-05-29 18:25:00,1,7501.36,0.15,COD
S0060698,C05355,P00072,ST010,2027-03-29 23:29:00,1,2213.98,0.00,CARD
S0060699,C00132,P00079,ST014,2026-12-24 06:46:00,7,398.24,0.00,COD
S0060700,C01931,P00803,ST020,2026-12-01 22:02:00,2,4458.92,0.00,WALLET
S0060701,C01462,P00784,ST004,2027-03-13 03:52:00,3,13461.16,0.10,UPI
S0060702,C01354,P00448,ST039,2026-10-02 08:45:00,7,9484.91,0.05,WALLET
S0060703,C00844,P01150,ST030,2027-05-16 05:58:00,1,3834.99,0.10,WALLET
S0060704,C03414,P00898,ST045,2027-03-19 15:58:00,2,1340.84,0.15,WALLET
S0060705,C00956,P00539,ST020,2027-01-01 17:44:00,8,7157.77,0.15,COD
S0060706,C05556,P00241,ST039,2026-11-04 23:31:00,3,14291.38,0.00,COD
S0060707,C04996,P00285,ST040,2027-04-22 02:16:00,7,6123.71,0.15,UPI
S0060708,C02796,P00571,ST002,2026-10-26 03:59:00,3,4671.20,0.15,COD
S0060709,C05720,P00980,ST038,2027-03-05 20:00:00,2,8929.07,0.05,WALLET
S0060710,C05766,P00642,ST043,2027-05-18 08:28:00,3,4616.48,0.10,WALLET
S0060711,C02714,P01128,ST009,2026-10-03 19:37:00,2,218.01,0.05,COD
S0060712,C00634,P00904,ST042,2027-05-27 23:43:00,5,437.50,0.05,COD
S0060713,C04024,P00267,ST041,2026-11-11 07:40:00,2,4567.81,0.05,COD
S0060714,C00324,P00737,ST036,2027-05-06 04:29:00,4,69.58,0.10,NET_BANKING
S0060715,C05812,P01026,ST043,2027-01-15 07:57:00,4,4343.15,0.00,COD
S0060716,C03986,P01149,ST015,2026-11-12 03:57:00,5,2340.04,0.15,NET_BANKING
S0060717,C03255,P00972,ST045,2027-05-19 06:32:00,8,11724.34,0.10,WALLET
S0060718,C00374,P01038,ST041,2027-04-20 01:58:00,3,3939.09,0.05,WALLET
S0060719,C05836,P00644,ST029,2027-05-09 09:57:00,4,8264.91,0.00,NET_BANKING
S0060720,C01832,P00200,ST050,2027-03-22 20:19:00,5,12660.04,0.10,NET_BANKING
S0060721,C05737,P00103,ST024,2026-09-16 07:40:00,8,3719.77,0.00,UPI
S0060722,C05089,P00655,ST046,2027-04-17 21:29:00,3,8138.00,0.15,UPI
S0060723,C03313,P00696,ST028,2027-03-17 03:25:00,8,444.90,0.15,CARD
S0060724,C03598,P01151,ST020,2026-11-18 00:45:00,3,2427.64,0.00,NET_BANKING
S0060725,C00044,P01196,ST018,2027-02-27 11:36:00,7,2189.43,0.05,UPI
S0060726,C00237,P00084,ST005,2026-11-01 09:45:00,8,9370.43,0.05,COD
S0060727,C02919,P00210,ST037,2027-04-19 19:04:00,3,3260.81,0.05,NET_BANKING
S0060728,C02782,P00074,ST006,2027-04-04 20:57:00,4,9655.66,0.15,COD
S0060729,C02763,P01108,ST039,2027-02-04 08:33:00,6,1331.80,0.00,WALLET
S0060730,C04367,P00262,ST036,2027-05-30 00:32:00,4,4686.95,0.00,WALLET
S0060731,C01929,P00162,ST049,2027-01-04 17:20:00,6,12288.78,0.10,WALLET
S0060732,C03452,P01075,ST003,2027-02-08 01:46:00,3,4357.21,0.00,COD
S0060733,C03419,P00636,ST024,2026-10-06 11:10:00,8,12658.75,0.10,UPI
S0060734,C01723,P00529,ST005,2027-01-14 09:27:00,8,10534.37,0.05,CARD
S0060735,C05265,P01122,ST016,2027-03-20 16:36:00,3,4752.60,0.10,COD
S0060736,C02527,P00003,ST002,2027-01-19 17:41:00,5,9487.90,0.05,COD
S0060737,C00762,P01135,ST044,2026-12-16 16:53:00,7,2450.59,0.00,NET_BANKING
S0060738,C00953,P00707,ST049,2027-03-23 08:04:00,2,10164.19,0.00,WALLET
S0060739,C00881,P01138,ST007,2026-11-15 06:59:00,4,2405.44,0.00,COD
S0060740,C05708,P00119,ST048,2026-12-08 06:50:00,6,794.81,0.05,WALLET
S0060741,C05316,P00646,ST012,2027-05-09 04:01:00,3,1788.47,0.05,COD
S0060742,C02121,P00909,ST039,2026-09-28 16:06:00,8,12153.06,0.00,UPI
S0060743,C01471,P00854,ST030,2027-01-18 04:08:00,6,6348.82,0.05,UPI
S0060744,C00071,P00027,ST018,2027-04-04 13:44:00,7,2538.93,0.10,CARD
S0060745,C01692,P01130,ST036,2026-12-05 01:12:00,5,4546.65,0.15,COD
S0060746,C04102,P01119,ST041,2027-02-11 10:45:00,1,3835.97,0.15,CARD
S0060747,C05798,P01142,ST017,2027-02-21 17:43:00,5,4359.64,0.10,CARD
S0060748,C03224,P00427,ST033,2026-11-13 14:18:00,2,7760.69,0.10,WALLET
S0060749,C04087,P01142,ST043,2027-01-07 20:41:00,3,107.03,0.15,UPI
S0060750,C05032,P00535,ST032,2027-02-22 04:47:00,3,11264.22,0.00,NET_BANKING
S0060751,C02547,P01164,ST022,2026-12-21 23:26:00,4,768.88,0.05,NET_BANKING
S0060752,C05908,P00463,ST018,2026-12-14 01:05:00,1,13244.30,0.05,CARD
S0060753,C04004,P00334,ST045,2026-12-04 19:57:00,7,10056.18,0.05,COD
S0060754,C01931,P00736,ST017,2027-04-27 09:21:00,8,10626.28,0.10,COD
S0060755,C00466,P00792,ST046,2027-02-03 05:26:00,4,13052.60,0.15,CARD
S0060756,C03007,P00747,ST008,2026-11-10 16:40:00,8,91.31,0.05,NET_BANKING
S0060757,C04201,P00554,ST049,2027-04-12 09:46:00,3,14870.16,0.00,COD
S0060758,C01534,P00870,ST013,2027-04-16 13:40:00,5,12131.34,0.00,UPI
S0060759,C01958,P00221,ST050,2027-06-01 17:25:00,7,7251.17,0.05,UPI
S0060760,C00790,P00733,ST003,2026-12-17 17:47:00,3,7733.54,0.05,WALLET
S0060761,C03366,P01080,ST026,2026-12-03 08:34:00,5,1151.20,0.05,WALLET
S0060762,C05363,P00474,ST024,2027-04-05 16:05:00,8,2329.87,0.00,UPI
S0060763,C04170,P00756,ST023,2027-01-16 15:30:00,6,7470.61,0.00,UPI
S0060764,C01612,P00758,ST039,2026-11-21 17:05:00,2,8501.92,0.10,COD
S0060765,C02644,P00327,ST047,2027-04-19 11:47:00,5,7639.94,0.15,WALLET
S0060766,C05212,P00061,ST013,2027-02-17 05:10:00,3,9979.10,0.05,WALLET
S0060767,C00523,P00392,ST039,2026-11-21 20:34:00,8,1926.43,0.00,UPI
S0060768,C01961,P00755,ST039,2027-01-06 19:48:00,8,13881.05,0.15,NET_BANKING
S0060769,C02033,P00017,ST029,2027-05-31 03:37:00,7,3528.42,0.00,WALLET
S0060770,C02395,P00761,ST035,2026-09-25 20:21:00,1,7126.90,0.00,NET_BANKING
S0060771,C02483,P00370,ST019,2026-12-13 15:12:00,7,9728.34,0.00,NET_BANKING
S0060772,C02327,P00165,ST044,2027-03-28 06:54:00,5,14497.74,0.15,WALLET
S0060773,C00040,P00498,ST007,2026-09-22 11:52:00,7,302.97,0.00,CARD
S0060774,C04717,P00243,ST012,2026-12-06 02:03:00,7,6859.66,0.05,NET_BANKING
S0060775,C02432,P00360,ST047,2027-05-23 11:48:00,8,8928.80,0.00,COD
S0060776,C01875,P00497,ST024,2027-06-02 09:53:00,2,9469.60,0.00,NET_BANKING
S0060777,C03877,P00350,ST047,2026-09-21 08:17:00,2,12905.92,0.15,NET_BANKING
S0060778,C03194,P00406,ST021,2027-01-10 12:02:00,3,1162.78,0.05,COD
S0060779,C03694,P01072,ST020,2026-10-13 22:08:00,3,1253.91,0.10,NET_BANKING
S0060780,C02921,P00319,ST030,2026-10-18 00:47:00,6,5444.74,0.05,CARD
S0060781,C01310,P00979,ST001,2027-05-04 01:36:00,4,5063.99,0.15,COD
S0060782,C01555,P00929,ST028,2026-12-09 22:21:00,4,6068.78,0.10,WALLET
S0060783,C04447,P00067,ST039,2026-09-19 06:23:00,6,3494.40,0.00,NET_BANKING
S0060784,C04780,P01149,ST006,2027-01-01 17:46:00,3,3642.90,0.00,UPI
S0060785,C01178,P00831,ST044,2027-04-16 17:49:00,5,4958.66,0.05,NET_BANKING
S0060786,C04590,P00024,ST023,2026-12-02 13:22:00,3,7530.12,0.10,COD
S0060787,C05276,P00437,ST019,2026-12-21 08:38:00,3,9854.53,0.00,WALLET
S0060788,C01947,P00031,ST003,2027-03-13 15:38:00,1,13784.17,0.00,CARD
S0060789,C05827,P00069,ST009,2027-04-16 03:38:00,6,2410.61,0.05,CARD
S0060790,C02910,P00976,ST019,2027-04-04 14:58:00,3,3815.57,0.00,COD
S0060791,C01276,P00159,ST029,2027-05-25 20:48:00,1,6984.00,0.00,UPI
S0060792,C05907,P00289,ST044,2026-10-08 21:31:00,4,535.61,0.00,NET_BANKING
S0060793,C05905,P00326,ST021,2027-04-17 17:04:00,2,13983.47,0.00,NET_BANKING
S0060794,C04430,P01070,ST037,2027-01-15 22:27:00,8,1063.14,0.15,WALLET
S0060795,C02508,P00719,ST033,2027-05-05 00:41:00,4,6837.75,0.15,UPI
S0060796,C02964,P00148,ST046,2027-02-01 17:39:00,7,4636.94,0.00,WALLET
S0060797,C04171,P00173,ST025,2026-09-25 23:01:00,1,2556.28,0.00,NET_BANKING
S0060798,C03843,P00943,ST033,2027-02-21 06:22:00,5,12935.87,0.00,WALLET
S0060799,C01797,P00644,ST009,2026-10-27 11:42:00,8,8264.91,0.00,NET_BANKING
S0060800,C00934,P00409,ST007,2026-11-24 15:37:00,5,2349.95,0.00,NET_BANKING
S0060801,C04252,P00264,ST003,2026-12-25 10:12:00,3,3453.32,0.10,WALLET
S0060802,C05417,P00615,ST002,2026-12-08 05:07:00,5,5873.54,0.15,CARD
S0060803,C03622,P00528,ST050,2027-04-21 13:38:00,6,12190.45,0.00,CARD
S0060804,C04160,P00408,ST028,2026-11-07 19:15:00,6,61.60,0.05,WALLET
S0060805,C00058,P00837,ST019,2026-11-28 23:01:00,4,11678.05,0.15,WALLET
S0060806,C04809,P01176,ST024,2027-05-14 14:43:00,6,944.07,0.10,UPI
S0060807,C02153,P00699,ST023,2026-10-12 01:40:00,6,14544.40,0.00,NET_BANKING
S0060808,C03687,P00434,ST012,2027-03-14 14:30:00,7,11454.78,0.00,COD
S0060809,C03306,P00270,ST033,2026-12-16 20:42:00,2,12684.63,0.00,UPI
S0060810,C02882,P01184,ST048,2027-01-20 05:41:00,8,3850.13,0.10,WALLET
S0060811,C03591,P01161,ST006,2027-01-03 23:36:00,2,1867.90,0.00,COD
S0060812,C00717,P00777,ST037,2027-04-25 20:36:00,4,7574.57,0.00,COD
S0060813,C03215,P00441,ST017,2026-09-18 05:25:00,7,10328.32,0.00,CARD
S0060814,C02943,P00761,ST025,2027-05-19 00:34:00,4,7126.90,0.00,WALLET
S0060815,C03336,P00636,ST013,2027-03-06 22:37:00,3,12658.75,0.00,UPI
S0060816,C05971,P00731,ST038,2027-02-27 05:46:00,1,6650.71,0.00,CARD
S0060817,C01830,P00397,ST005,2026-11-02 19:57:00,6,12844.97,0.10,WALLET
S0060818,C00855,P01106,ST050,2026-10-06 18:45:00,1,4975.97,0.15,UPI
S0060819,C01259,P00368,ST007,2026-12-19 06:43:00,5,14776.53,0.10,NET_BANKING
S0060820,C01014,P00076,ST007,2026-11-15 00:10:00,8,2643.86,0.10,CARD
S0060821,C02986,P00926,ST005,2027-05-24 06:13:00,8,11337.89,0.05,NET_BANKING
S0060822,C00697,P00940,ST018,2026-09-28 12:17:00,2,10304.16,0.00,COD
S0060823,C04507,P00341,ST035,2026-09-20 23:03:00,2,12040.98,0.00,COD
S0060824,C02593,P00608,ST022,2026-11-02 02:13:00,3,4112.16,0.10,COD
S0060825,C02856,P00876,ST004,2027-03-28 22:34:00,5,13453.44,0.00,NET_BANKING
S0060826,C00735,P00616,ST021,2027-02-10 11:45:00,6,114.05,0.00,UPI
S0060827,C02172,P00140,ST006,2027-04-10 07:40:00,6,343.17,0.00,CARD
S0060828,C05620,P00339,ST020,2026-11-09 10:18:00,8,2464.80,0.00,WALLET
S0060829,C01409,P00365,ST003,2027-05-28 16:19:00,4,14402.02,0.05,COD
S0060830,C00300,P00571,ST035,2027-05-01 19:00:00,5,4671.20,0.00,UPI
S0060831,C02805,P00114,ST009,2027-01-27 22:07:00,7,1848.49,0.10,COD
S0060832,C00789,P00897,ST025,2027-02-14 05:28:00,2,3588.17,0.00,WALLET
S0060833,C01720,P00614,ST020,2026-11-01 08:07:00,2,71.45,0.10,CARD
S0060834,C02845,P00077,ST027,2027-01-08 03:33:00,4,5411.25,0.00,WALLET
S0060835,C04184,P00673,ST019,2026-12-27 14:36:00,1,7917.40,0.10,COD
S0060836,C03064,P00189,ST023,2027-02-14 20:43:00,8,10563.30,0.15,UPI
S0060837,C04296,P00088,ST033,2026-10-22 01:41:00,2,8857.37,0.15,UPI
S0060838,C02206,P00552,ST005,2027-03-20 09:16:00,7,14232.88,0.00,WALLET
S0060839,C02560,P00972,ST042,2027-03-30 09:55:00,5,11724.34,0.00,UPI
S0060840,C02706,P01179,ST049,2027-03-04 22:27:00,1,2812.46,0.05,CARD
S0060841,C04463,P01026,ST030,2026-11-19 10:54:00,8,418.03,0.00,UPI
S0060842,C02467,P01056,ST026,2027-02-28 14:36:00,2,2405.76,0.00,COD
S0060843,C02689,P00169,ST021,2026-09-15 05:11:00,4,11639.94,0.10,CARD
S0060844,C00286,P00858,ST026,2027-05-30 07:24:00,1,2715.82,0.15,NET_BANKING
S0060845,C03222,P00464,ST004,2026-10-23 14:26:00,2,6498.78,0.05,CARD
S0060846,C02743,P00605,ST008,2026-09-28 12:20:00,5,10366.72,0.00,COD
S0060847,C04415,P00836,ST025,2026-10-03 15:58:00,7,8199.84,0.10,COD
S0060848,C01083,P00501,ST027,2026-11-05 17:21:00,3,591.28,0.00,WALLET
S0060849,C02743,P01181,ST042,2027-03-15 00:18:00,2,2013.15,0.05,COD
S0060850,C03151,P00187,ST035,2027-05-01 01:03:00,8,6392.10,0.00,UPI
S0060851,C01901,P01120,ST039,2027-01-19 19:11:00,8,511.05,0.00,UPI
S0060852,C01076,P00190,ST003,2027-04-10 07:04:00,2,6844.10,0.00,UPI
S0060853,C02842,P01162,ST047,2026-11-07 16:30:00,5,3484.83,0.00,CARD
S0060854,C00473,P00053,ST026,2027-02-14 18:11:00,6,4727.29,0.05,WALLET
S0060855,C03328,P01186,ST049,2027-03-13 16:31:00,3,2852.45,0.00,WALLET
S0060856,C04321,P00166,ST045,2026-11-07 02:19:00,3,8032.81,0.15,UPI
S0060857,C05312,P00016,ST013,2027-03-09 05:08:00,6,9646.46,0.15,UPI
S0060858,C00216,P00471,ST012,2027-03-04 18:06:00,7,8186.09,0.15,COD
S0060859,C00645,P00028,ST012,2027-05-13 07:14:00,8,9694.84,0.05,NET_BANKING
S0060860,C02992,P00410,ST020,2026-10-25 02:40:00,8,12139.70,0.00,COD
S0060861,C01798,P00654,ST010,2026-11-30 05:26:00,6,12742.05,0.15,UPI
S0060862,C03128,P00706,ST036,2026-11-05 04:08:00,4,2797.24,0.05,NET_BANKING
S0060863,C05286,P00497,ST045,2026-10-06 05:12:00,5,9469.60,0.00,CARD
S0060864,C03133,P00231,ST032,2026-10-26 03:59:00,5,4512.73,0.15,CARD
S0060865,C00752,P00515,ST039,2027-05-03 06:34:00,6,6743.70,0.00,CARD
S0060866,C01368,P01027,ST043,2026-09-16 02:43:00,6,1696.17,0.05,WALLET
S0060867,C01615,P00180,ST017,2027-01-26 09:40:00,8,12378.45,0.00,WALLET
S0060868,C05709,P00856,ST025,2026-10-14 22:59:00,3,4490.45,0.10,NET_BANKING
S0060869,C04260,P00809,ST031,2026-11-09 21:51:00,4,7203.83,0.00,NET_BANKING
S0060870,C05665,P00276,ST017,2027-04-26 18:59:00,3,6865.96,0.05,WALLET
S0060871,C01280,P00380,ST003,2027-05-20 22:43:00,2,10594.68,0.10,UPI
S0060872,C02986,P00765,ST040,2026-12-26 03:10:00,1,9252.17,0.15,CARD
S0060873,C00780,P00716,ST048,2026-12-09 05:48:00,3,3403.75,0.05,NET_BANKING
S0060874,C01536,P00492,ST026,2026-10-13 16:15:00,4,14651.91,0.00,NET_BANKING
S0060875,C00611,P00878,ST039,2026-12-20 16:45:00,6,13136.21,0.10,COD
S0060876,C05019,P01012,ST028,2027-04-02 03:31:00,4,3170.11,0.10,CARD
S0060877,C00030,P00518,ST037,2027-04-21 11:35:00,5,7226.67,0.00,NET_BANKING
S0060878,C00445,P00285,ST005,2027-05-12 14:42:00,5,6123.71,0.05,WALLET
S0060879,C04699,P00175,ST010,2026-12-30 10:23:00,1,14956.51,0.05,UPI
S0060880,C00545,P00345,ST046,2027-03-12 04:20:00,5,1997.78,0.05,COD
S0060881,C04673,P00534,ST043,2027-04-27 21:56:00,1,5928.36,0.00,WALLET
S0060882,C01421,P00728,ST034,2026-12-25 12:12:00,8,2376.69,0.05,UPI
S0060883,C02889,P00029,ST019,2027-01-10 01:25:00,1,10510.24,0.15,NET_BANKING
S0060884,C00272,P01015,ST027,2026-10-31 13:11:00,6,1425.08,0.00,COD
S0060885,C04861,P00231,ST016,2027-04-09 06:57:00,4,4512.73,0.10,CARD
S0060886,C05560,P00462,ST017,2026-10-24 20:13:00,8,3972.80,0.05,NET_BANKING
S0060887,C04266,P00136,ST018,2027-03-10 15:25:00,3,2339.70,0.15,NET_BANKING
S0060888,C00905,P00261,ST004,2026-09-15 19:24:00,4,6561.97,0.15,NET_BANKING
S0060889,C02825,P00584,ST039,2027-04-20 05:40:00,2,1058.35,0.00,CARD
S0060890,C01965,P00020,ST038,2026-10-19 14:36:00,7,1375.01,0.15,COD
S0060891,C03709,P00348,ST049,2027-05-03 10:55:00,7,6541.94,0.00,COD
S0060892,C03980,P00898,ST005,2027-01-28 22:25:00,7,1340.84,0.15,UPI
S0060893,C01415,P00820,ST039,2027-01-14 02:02:00,4,1994.37,0.05,NET_BANKING
S0060894,C03261,P00454,ST022,2026-09-15 04:40:00,4,8517.58,0.00,NET_BANKING
S0060895,C01189,P00719,ST026,2026-12-01 03:38:00,5,6837.75,0.05,WALLET
S0060896,C03286,P00067,ST037,2027-04-20 02:11:00,1,3494.40,0.00,CARD
S0060897,C00886,P00127,ST006,2027-04-20 02:57:00,6,11914.83,0.00,UPI
S0060898,C04738,P01161,ST041,2027-05-21 17:19:00,3,4717.33,0.00,UPI
S0060899,C04334,P00470,ST042,2027-04-21 21:55:00,2,2213.98,0.10,WALLET
S0060900,C04509,P00887,ST036,2027-05-21 17:57:00,3,6975.28,0.05,UPI
S0060901,C00248,P00825,ST011,2026-11-22 22:07:00,7,4481.95,0.00,UPI
S0060902,C05045,P00389,ST044,2027-01-14 12:31:00,6,7161.01,0.10,COD
S0060903,C03584,P00762,ST011,2027-05-29 17:36:00,5,9970.99,0.05,CARD
S0060904,C03517,P00075,ST009,2027-03-31 00:21:00,4,288.24,0.00,NET_BANKING
S0060905,C05784,P00692,ST038,2027-03-31 11:20:00,6,3776.76,0.00,WALLET
S0060906,C00452,P00689,ST050,2027-05-18 08:31:00,2,1747.51,0.05,WALLET
S0060907,C05911,P00333,ST001,2027-03-05 01:43:00,4,1647.52,0.00,WALLET
S0060908,C02659,P00859,ST035,2027-01-26 23:35:00,2,4987.90,0.00,WALLET
S0060909,C05796,P00528,ST032,2027-01-25 18:19:00,1,12190.45,0.10,COD
S0060910,C04302,P00772,ST019,2026-09-28 17:08:00,6,13512.62,0.15,WALLET
S0060911,C00335,P00564,ST002,2027-01-01 07:49:00,3,13288.39,0.00,UPI
S0060912,C05171,P00179,ST003,2026-10-11 16:32:00,4,6066.21,0.15,WALLET
S0060913,C01381,P00853,ST034,2026-10-04 00:33:00,1,14567.44,0.05,COD
S0060914,C04909,P00560,ST048,2027-04-06 15:53:00,7,9161.86,0.00,WALLET
S0060915,C03466,P00190,ST028,2026-11-29 04:15:00,5,6844.10,0.00,WALLET
S0060916,C01913,P00417,ST006,2026-12-15 07:08:00,1,4251.66,0.05,CARD
S0060917,C03283,P00508,ST046,2026-11-29 17:04:00,5,14824.01,0.00,COD
S0060918,C03214,P00570,ST043,2026-12-05 14:19:00,4,8154.82,0.00,UPI
S0060919,C00020,P00277,ST050,2027-03-15 13:44:00,8,4475.85,0.05,NET_BANKING
S0060920,C01491,P01084,ST046,2027-02-08 13:20:00,1,4881.23,0.15,COD
S0060921,C02754,P00725,ST023,2027-03-15 03:47:00,1,5516.84,0.00,WALLET
S0060922,C00333,P00339,ST007,2027-04-28 22:06:00,4,2464.80,0.15,NET_BANKING
S0060923,C01360,P00943,ST030,2026-11-01 18:39:00,3,12935.87,0.00,CARD
S0060924,C00121,P00779,ST010,2027-01-18 05:54:00,6,9277.18,0.15,UPI
S0060925,C03417,P00223,ST030,2026-10-23 15:29:00,3,6560.58,0.00,COD
S0060926,C04646,P01135,ST026,2027-02-23 18:43:00,2,677.97,0.10,NET_BANKING
S0060927,C04021,P00610,ST019,2026-12-24 22:12:00,3,2166.11,0.10,CARD
S0060928,C03356,P00059,ST023,2026-10-04 13:01:00,3,14733.93,0.10,NET_BANKING
S0060929,C05685,P00775,ST041,2026-10-24 14:29:00,6,7767.36,0.00,COD
S0060930,C00679,P00809,ST016,2027-05-10 02:24:00,5,7203.83,0.10,UPI
S0060931,C05129,P00843,ST027,2026-11-07 17:18:00,2,13366.08,0.00,WALLET
S0060932,C03777,P00638,ST029,2027-03-14 19:56:00,3,8964.05,0.05,UPI
S0060933,C00566,P00861,ST019,2026-12-29 15:26:00,1,3963.47,0.00,CARD
S0060934,C02400,P01032,ST022,2027-02-16 09:45:00,7,4506.76,0.10,NET_BANKING
S0060935,C04404,P00005,ST011,2027-05-02 17:43:00,1,3720.45,0.05,NET_BANKING
S0060936,C02654,P00053,ST002,2027-01-29 23:30:00,3,4727.29,0.10,NET_BANKING
S0060937,C04006,P00888,ST011,2026-12-27 06:49:00,1,2165.37,0.10,UPI
S0060938,C03184,P00174,ST016,2026-11-21 13:17:00,3,322.73,0.05,UPI
S0060939,C03481,P01030,ST026,2027-05-23 04:05:00,2,125.39,0.15,CARD
S0060940,C01376,P00836,ST023,2026-11-14 02:18:00,8,8199.84,0.00,NET_BANKING
S0060941,C01537,P00367,ST021,2027-02-08 14:32:00,3,13780.17,0.05,COD
S0060942,C02638,P00679,ST007,2027-03-11 16:10:00,1,10688.41,0.10,COD
S0060943,C02616,P00134,ST001,2027-03-02 22:36:00,8,9455.44,0.15,NET_BANKING
S0060944,C04594,P00833,ST005,2027-02-25 14:45:00,8,1413.00,0.00,NET_BANKING
S0060945,C03073,P01112,ST003,2027-05-03 11:45:00,1,848.18,0.00,WALLET
S0060946,C00788,P01012,ST038,2027-04-07 19:03:00,3,3456.36,0.10,NET_BANKING
S0060947,C03260,P01120,ST047,2027-01-16 07:07:00,7,3654.25,0.05,CARD
S0060948,C00544,P01034,ST047,2027-03-19 01:34:00,5,1335.56,0.00,NET_BANKING
S0060949,C02009,P00517,ST025,2026-11-30 15:27:00,3,13887.99,0.10,WALLET
S0060950,C03075,P01167,ST004,2027-01-26 03:44:00,7,3925.98,0.00,WALLET
S0060951,C01407,P00829,ST033,2027-05-23 12:56:00,7,5882.19,0.10,COD
S0060952,C04130,P00441,ST001,2026-10-26 22:23:00,6,10328.32,0.15,NET_BANKING
S0060953,C00144,P00763,ST015,2027-03-22 09:40:00,3,4853.30,0.15,NET_BANKING
S0060954,C01143,P01085,ST033,2026-11-08 10:28:00,8,3021.18,0.15,COD
S0060955,C02482,P00580,ST027,2027-01-22 21:57:00,5,4489.50,0.00,NET_BANKING
S0060956,C05192,P00673,ST050,2027-03-07 13:51:00,4,7917.40,0.05,CARD
S0060957,C00855,P00571,ST023,2026-09-30 07:34:00,1,4671.20,0.10,CARD
S0060958,C03377,P00389,ST013,2026-12-16 11:54:00,1,7161.01,0.05,NET_BANKING
S0060959,C05665,P01021,ST043,2026-09-26 22:49:00,8,713.30,0.10,CARD
S0060960,C05103,P00429,ST022,2027-03-17 19:17:00,6,8780.62,0.00,NET_BANKING
S0060961,C04951,P00141,ST005,2026-10-18 03:49:00,4,8257.89,0.10,UPI
S0060962,C04304,P00931,ST015,2026-09-24 17:01:00,1,10365.83,0.10,CARD
S0060963,C03099,P00721,ST047,2026-10-29 14:05:00,5,2539.40,0.00,CARD
S0060964,C03538,P00503,ST037,2026-10-04 18:13:00,2,5972.66,0.05,CARD
S0060965,C01774,P00227,ST020,2027-03-13 07:23:00,5,7877.11,0.00,UPI
S0060966,C03653,P00845,ST043,2027-05-11 02:39:00,2,596.43,0.00,UPI
S0060967,C00714,P01191,ST018,2027-04-13 06:23:00,4,3713.26,0.10,COD
S0060968,C04290,P01079,ST038,2026-11-16 10:44:00,5,1445.43,0.10,WALLET
S0060969,C02666,P00751,ST025,2026-10-02 11:49:00,3,4310.47,0.15,COD
S0060970,C04349,P00088,ST007,2026-12-26 22:07:00,5,8857.37,0.05,NET_BANKING
S0060971,C04449,P01149,ST004,2027-02-26 13:17:00,7,1875.60,0.00,WALLET
S0060972,C01048,P00930,ST040,2027-05-23 18:24:00,1,3721.19,0.05,COD
S0060973,C00938,P01133,ST046,2027-02-27 08:23:00,7,4311.85,0.15,COD
S0060974,C01107,P00556,ST040,2027-05-10 01:29:00,4,4347.03,0.00,NET_BANKING
S0060975,C05760,P00979,ST020,2026-09-26 19:42:00,4,5063.99,0.00,UPI
S0060976,C00677,P00470,ST015,2027-02-04 01:02:00,7,2213.98,0.05,NET_BANKING
S0060977,C03439,P00017,ST034,2027-03-07 02:41:00,6,3528.42,0.05,CARD
S0060978,C03177,P00056,ST001,2027-02-23 06:07:00,5,12872.42,0.15,CARD
S0060979,C02395,P00309,ST007,2027-05-24 19:35:00,5,9944.41,0.00,NET_BANKING
S0060980,C01411,P00711,ST048,2027-01-21 15:20:00,1,6883.58,0.00,CARD
S0060981,C04090,P00672,ST029,2027-05-24 12:29:00,5,7478.34,0.05,CARD
S0060982,C03584,P00591,ST017,2027-02-09 08:37:00,1,11159.58,0.10,WALLET
S0060983,C00573,P00911,ST034,2026-12-27 02:57:00,4,10076.98,0.05,CARD
S0060984,C03738,P00818,ST028,2027-04-03 18:34:00,8,9748.07,0.00,COD
S0060985,C02662,P00309,ST040,2027-03-22 11:26:00,4,9944.41,0.15,NET_BANKING
S0060986,C05573,P00894,ST030,2027-05-03 22:08:00,7,12465.27,0.05,NET_BANKING
S0060987,C04620,P00086,ST036,2027-03-12 22:55:00,1,394.30,0.10,UPI
S0060988,C01259,P00256,ST008,2026-12-06 11:04:00,2,1987.06,0.10,COD
S0060989,C03063,P00428,ST033,2027-03-30 09:09:00,6,11541.27,0.10,WALLET
S0060990,C04627,P00651,ST016,2027-03-03 13:04:00,8,1796.64,0.05,COD
S0060991,C05377,P00368,ST038,2027-05-13 01:26:00,4,14776.53,0.10,UPI
S0060992,C00831,P00695,ST042,2027-02-03 12:55:00,8,13599.96,0.05,UPI
S0060993,C04958,P01095,ST011,2027-03-08 01:53:00,1,666.75,0.15,COD
S0060994,C02233,P00839,ST040,2027-03-26 19:43:00,4,14909.42,0.00,CARD
S0060995,C00754,P00697,ST003,2026-09-17 09:56:00,1,10439.87,0.15,UPI
S0060996,C02640,P00826,ST002,2027-02-14 23:34:00,8,8287.08,0.00,WALLET
S0060997,C02970,P00397,ST007,2027-04-21 16:13:00,7,12844.97,0.10,CARD
S0060998,C04274,P00347,ST045,2026-12-11 14:34:00,2,13728.26,0.05,CARD
S0060999,C02673,P00221,ST041,2027-03-11 17:30:00,7,7251.17,0.05,WALLET
S0061000,C04001,P00476,ST015,2026-11-20 07:40:00,7,10059.57,0.05,NET_BANKING
S0061001,C02223,P00415,ST034,2026-10-21 02:14:00,8,3287.41,0.00,COD
S0061002,C05364,P01142,ST012,2026-12-13 14:04:00,2,1196.39,0.00,NET_BANKING
S0061003,C02944,P01064,ST010,2027-01-09 02:15:00,5,591.86,0.10,CARD
S0061004,C04580,P00039,ST028,2027-03-09 19:13:00,4,11380.58,0.10,UPI
S0061005,C00316,P01034,ST015,2027-04-21 19:25:00,8,591.18,0.00,CARD
S0061006,C05112,P00017,ST014,2026-09-30 13:55:00,4,3528.42,0.00,CARD
S0061007,C05289,P01011,ST006,2026-09-25 17:29:00,1,3388.29,0.15,COD
S0061008,C05785,P00428,ST035,2026-09-23 05:48:00,2,11541.27,0.10,WALLET
S0061009,C01048,P00348,ST049,2026-10-23 12:56:00,6,6541.94,0.00,UPI
S0061010,C00784,P00674,ST016,2026-09-15 08:03:00,1,12623.07,0.05,UPI
S0061011,C02950,P01144,ST046,2026-12-22 14:51:00,7,3393.46,0.15,CARD
S0061012,C05410,P00799,ST019,2027-03-29 02:19:00,5,5194.85,0.10,CARD
S0061013,C03714,P00338,ST039,2026-09-21 16:06:00,8,9729.31,0.05,WALLET
S0061014,C04079,P00449,ST002,2027-04-04 00:57:00,7,4682.35,0.00,NET_BANKING
S0061015,C01370,P00236,ST021,2026-12-31 00:28:00,1,10256.02,0.10,WALLET
S0061016,C04481,P00030,ST026,2026-10-19 15:28:00,5,7478.66,0.00,UPI
S0061017,C01479,P00595,ST033,2027-02-27 00:34:00,1,6648.58,0.00,CARD
S0061018,C03979,P00581,ST013,2026-12-23 10:03:00,3,5203.27,0.10,NET_BANKING
S0061019,C03492,P01194,ST018,2026-12-12 00:01:00,2,1104.22,0.00,CARD
S0061020,C02051,P00508,ST007,2027-03-13 02:58:00,3,14824.01,0.15,CARD
S0061021,C00997,P01119,ST003,2027-01-17 08:34:00,3,3774.11,0.10,CARD
S0061022,C04968,P00473,ST040,2027-01-05 09:56:00,1,671.21,0.00,WALLET
S0061023,C03854,P00695,ST022,2026-10-17 22:29:00,7,13599.96,0.15,UPI
S0061024,C02900,P01068,ST020,2026-09-25 12:12:00,8,214.87,0.05,NET_BANKING
S0061025,C02760,P00925,ST013,2026-09-25 04:19:00,5,9802.23,0.10,CARD
S0061026,C01968,P01140,ST023,2026-09-26 19:33:00,6,1762.38,0.05,NET_BANKING
S0061027,C02846,P00064,ST029,2027-05-09 00:51:00,5,9773.23,0.10,UPI
S0061028,C04052,P01151,ST013,2027-01-24 19:33:00,7,4677.59,0.05,NET_BANKING
S0061029,C01365,P00248,ST003,2027-01-12 16:50:00,7,13778.23,0.00,UPI
S0061030,C01600,P00180,ST037,2026-10-07 22:36:00,7,12378.45,0.15,CARD
S0061031,C01283,P00417,ST006,2027-02-09 00:30:00,1,4251.66,0.05,WALLET
S0061032,C00156,P00794,ST043,2027-04-20 10:32:00,8,9152.31,0.05,UPI
S0061033,C02018,P00498,ST037,2027-05-17 13:20:00,3,302.97,0.10,CARD
S0061034,C05289,P00765,ST020,2026-10-25 09:00:00,4,9252.17,0.00,CARD
S0061035,C00196,P00321,ST007,2026-10-07 12:33:00,6,1068.85,0.00,CARD
S0061036,C02827,P00906,ST022,2026-09-29 02:44:00,1,12896.50,0.10,COD
S0061037,C00934,P00527,ST042,2026-10-16 20:03:00,7,14547.75,0.00,UPI
S0061038,C01415,P00012,ST005,2027-01-23 01:00:00,8,50.90,0.15,UPI
S0061039,C05594,P00454,ST048,2027-05-06 18:43:00,7,8517.58,0.00,WALLET
S0061040,C00079,P00266,ST022,2026-11-22 03:32:00,5,13447.25,0.15,NET_BANKING
S0061041,C03627,P00004,ST026,2026-09-26 18:01:00,7,7022.90,0.00,COD
S0061042,C01512,P00365,ST036,2026-10-18 17:10:00,3,14402.02,0.15,UPI
S0061043,C00794,P00759,ST048,2026-10-30 09:33:00,2,2675.60,0.00,WALLET
S0061044,C05743,P00708,ST026,2026-10-23 14:04:00,6,605.04,0.05,NET_BANKING
S0061045,C00382,P01161,ST028,2026-12-30 09:02:00,4,1314.61,0.00,WALLET
S0061046,C00675,P01049,ST005,2026-10-22 14:18:00,3,913.44,0.00,UPI
S0061047,C02022,P01008,ST001,2026-12-12 20:52:00,6,3922.18,0.05,UPI
S0061048,C01925,P00885,ST042,2027-05-09 03:48:00,5,2276.62,0.10,CARD
S0061049,C05913,P00201,ST003,2026-10-31 12:45:00,8,7729.31,0.00,NET_BANKING
S0061050,C00874,P01168,ST034,2027-04-16 21:53:00,3,1031.81,0.10,UPI
S0061051,C04151,P00549,ST008,2026-09-30 08:04:00,5,8615.76,0.15,UPI
S0061052,C01551,P01099,ST028,2027-05-12 04:36:00,7,4293.19,0.00,CARD
S0061053,C04898,P00690,ST048,2026-12-12 03:40:00,5,4018.76,0.00,CARD
S0061054,C01816,P00802,ST036,2027-05-12 00:58:00,1,4433.25,0.05,UPI
S0061055,C05349,P01001,ST023,2026-10-31 23:10:00,6,3408.52,0.10,COD
S0061056,C01975,P00085,ST039,2027-04-28 00:02:00,8,14386.77,0.05,COD
S0061057,C00121,P00609,ST036,2027-05-18 07:39:00,3,12112.83,0.05,UPI
S0061058,C03459,P00851,ST029,2027-05-01 09:37:00,8,10520.35,0.00,WALLET
S0061059,C05829,P00285,ST010,2027-03-01 17:10:00,2,6123.71,0.00,CARD
S0061060,C01591,P01103,ST037,2026-10-12 14:15:00,5,1196.62,0.00,WALLET
S0061061,C01689,P00245,ST016,2026-10-27 17:02:00,1,8201.28,0.15,UPI
S0061062,C03559,P00174,ST034,2026-12-28 10:30:00,7,322.73,0.10,UPI
S0061063,C04625,P00345,ST026,2027-02-04 01:32:00,6,1997.78,0.00,CARD
S0061064,C05352,P00741,ST036,2027-03-03 09:44:00,4,14542.74,0.00,COD
S0061065,C04401,P00551,ST035,2027-02-18 23:14:00,4,9996.39,0.00,NET_BANKING
S0061066,C02434,P00209,ST033,2026-10-18 13:02:00,4,6800.00,0.05,UPI
S0061067,C01633,P00903,ST009,2027-03-25 20:16:00,3,4390.79,0.10,NET_BANKING
S0061068,C01698,P00031,ST039,2027-06-02 07:40:00,2,13784.17,0.10,COD
S0061069,C01154,P01087,ST049,2026-11-19 20:39:00,2,3273.46,0.15,CARD
S0061070,C01881,P00903,ST017,2027-02-11 15:31:00,7,4390.79,0.00,NET_BANKING
S0061071,C03762,P01144,ST027,2027-03-12 10:25:00,3,1806.17,0.00,WALLET
S0061072,C02777,P00059,ST049,2026-09-16 05:59:00,2,14733.93,0.10,UPI
S0061073,C05725,P00003,ST038,2027-05-09 12:33:00,4,9487.90,0.10,UPI
S0061074,C03714,P01097,ST001,2026-12-25 23:01:00,2,1706.00,0.00,NET_BANKING
S0061075,C02057,P00938,ST047,2026-12-25 23:27:00,2,9016.69,0.00,NET_BANKING
S0061076,C03005,P01040,ST009,2027-02-16 13:51:00,3,2414.65,0.00,CARD
S0061077,C01016,P01132,ST011,2027-05-07 15:16:00,4,453.27,0.00,WALLET
S0061078,C00737,P01118,ST046,2026-09-25 01:06:00,4,4733.78,0.00,WALLET
S0061079,C02530,P00570,ST009,2026-10-01 14:56:00,4,8154.82,0.00,COD
S0061080,C03506,P00110,ST041,2027-02-02 06:57:00,8,11820.01,0.00,COD
S0061081,C00712,P00043,ST016,2027-02-01 15:00:00,5,3923.78,0.05,COD
S0061082,C05125,P00424,ST048,2027-04-17 16:23:00,7,12370.62,0.10,WALLET
S0061083,C03878,P00450,ST043,2026-11-01 12:13:00,5,11985.09,0.15,UPI
S0061084,C05605,P00476,ST023,2026-10-10 07:36:00,7,10059.57,0.00,CARD
S0061085,C04623,P00110,ST025,2026-11-24 11:52:00,4,11820.01,0.00,WALLET
S0061086,C05413,P00867,ST035,2027-02-07 12:09:00,1,5370.01,0.05,CARD
S0061087,C01520,P00442,ST036,2027-01-31 08:11:00,6,12602.76,0.00,WALLET
S0061088,C03887,P00556,ST020,2027-03-30 15:06:00,1,4347.03,0.05,COD
S0061089,C01761,P00098,ST006,2027-03-13 20:09:00,6,3874.92,0.00,UPI
S0061090,C03401,P00368,ST035,2027-01-29 06:44:00,1,14776.53,0.00,CARD
S0061091,C01365,P00715,ST006,2026-10-01 10:04:00,7,9749.53,0.05,UPI
S0061092,C00827,P00333,ST031,2026-12-26 04:03:00,4,1647.52,0.10,UPI
S0061093,C02242,P00930,ST042,2027-03-06 07:11:00,7,3721.19,0.10,NET_BANKING
S0061094,C04963,P00867,ST025,2027-05-19 01:31:00,3,5370.01,0.10,NET_BANKING
S0061095,C03681,P01181,ST042,2026-10-13 03:05:00,6,1440.39,0.15,CARD
S0061096,C00807,P01124,ST018,2027-05-06 02:14:00,6,1739.80,0.10,CARD
S0061097,C04331,P00900,ST034,2027-04-07 10:56:00,5,10665.28,0.00,COD
S0061098,C02391,P00712,ST016,2026-11-18 08:16:00,3,2775.71,0.00,UPI
S0061099,C05519,P00420,ST012,2027-05-12 19:28:00,7,13992.32,0.10,NET_BANKING
S0061100,C03908,P00676,ST007,2027-05-20 07:24:00,8,13208.41,0.10,NET_BANKING
S0061101,C00572,P00987,ST011,2027-05-01 01:58:00,1,8796.88,0.10,CARD
S0061102,C03835,P00634,ST007,2027-04-27 09:34:00,3,13541.02,0.05,UPI
S0061103,C01368,P00821,ST015,2026-10-07 02:59:00,1,7398.56,0.05,NET_BANKING
S0061104,C01898,P00286,ST021,2027-01-10 06:12:00,6,2796.88,0.00,CARD
S0061105,C02871,P00865,ST024,2027-01-04 18:57:00,7,8660.01,0.10,UPI
S0061106,C03929,P00466,ST033,2027-03-08 11:49:00,7,4444.00,0.05,UPI
S0061107,C04353,P00938,ST033,2027-05-09 12:44:00,8,9016.69,0.00,WALLET
S0061108,C04890,P00311,ST004,2026-11-25 12:33:00,1,10510.03,0.15,COD
S0061109,C03898,P00721,ST045,2027-01-20 06:40:00,1,2539.40,0.00,CARD
S0061110,C03358,P00690,ST037,2027-05-31 23:01:00,3,4018.76,0.15,WALLET
S0061111,C00950,P00993,ST033,2026-10-20 14:15:00,6,11078.12,0.05,WALLET
S0061112,C03781,P00952,ST017,2027-04-20 15:42:00,6,7725.11,0.05,UPI
S0061113,C02000,P01133,ST016,2026-12-08 15:10:00,3,1800.84,0.00,CARD
S0061114,C00666,P00652,ST041,2027-05-25 19:43:00,2,7213.51,0.00,CARD
S0061115,C03038,P01043,ST020,2026-09-29 06:54:00,2,2861.66,0.00,CARD
S0061116,C01291,P00814,ST022,2026-10-12 05:05:00,3,1576.96,0.00,NET_BANKING
S0061117,C00608,P00283,ST037,2026-12-25 12:19:00,4,6670.75,0.00,NET_BANKING
S0061118,C03451,P00284,ST042,2026-11-26 06:50:00,6,7052.39,0.15,NET_BANKING
S0061119,C04123,P00907,ST044,2026-09-15 12:37:00,4,14264.28,0.00,CARD
S0061120,C00266,P01057,ST004,2026-09-22 06:37:00,6,2701.05,0.10,NET_BANKING
S0061121,C04939,P01059,ST049,2027-04-19 17:04:00,7,239.90,0.00,UPI
S0061122,C00813,P00633,ST046,2026-09-21 10:06:00,1,8834.04,0.10,UPI
S0061123,C00941,P00802,ST012,2026-11-04 12:40:00,8,4433.25,0.10,NET_BANKING
S0061124,C05479,P01036,ST043,2027-01-30 09:28:00,3,1997.23,0.00,UPI
S0061125,C04170,P00261,ST036,2027-03-06 00:36:00,4,6561.97,0.05,UPI
S0061126,C04211,P00494,ST006,2027-05-13 11:44:00,7,4019.59,0.10,UPI
S0061127,C03231,P01000,ST047,2027-04-18 11:55:00,6,3161.37,0.00,NET_BANKING
S0061128,C02567,P01041,ST039,2026-12-25 23:09:00,1,878.89,0.00,WALLET
S0061129,C03339,P00309,ST039,2026-12-17 01:47:00,3,9944.41,0.15,CARD
S0061130,C01555,P00797,ST046,2026-10-23 23:11:00,7,13199.71,0.00,UPI
S0061131,C04585,P00264,ST014,2027-01-24 02:58:00,1,3453.32,0.05,WALLET
S0061132,C00715,P01094,ST044,2026-11-03 19:41:00,4,4868.77,0.00,WALLET
S0061133,C04018,P00015,ST004,2027-05-14 09:59:00,2,6091.54,0.15,COD
S0061134,C01537,P00619,ST038,2026-10-26 03:37:00,1,14183.29,0.10,CARD
S0061135,C02816,P00450,ST037,2027-02-20 01:16:00,4,11985.09,0.05,COD
S0061136,C01511,P00790,ST015,2027-04-22 17:34:00,4,14518.69,0.15,WALLET
S0061137,C05203,P00513,ST013,2026-12-21 12:31:00,1,2594.81,0.00,COD
S0061138,C02768,P00985,ST025,2027-02-26 08:25:00,7,12971.94,0.05,UPI
S0061139,C00993,P00970,ST041,2027-04-15 07:32:00,6,11802.25,0.05,COD
S0061140,C04468,P00939,ST028,2027-04-25 22:55:00,2,7892.75,0.15,COD
S0061141,C01791,P00542,ST008,2026-09-22 00:11:00,7,13862.55,0.15,WALLET
S0061142,C03140,P00453,ST021,2027-01-16 08:01:00,1,7401.19,0.05,CARD
S0061143,C05722,P00435,ST043,2027-05-22 21:18:00,1,6495.05,0.15,COD
S0061144,C02684,P00117,ST009,2027-01-12 13:04:00,8,9637.83,0.05,WALLET
S0061145,C00801,P00205,ST045,2027-02-16 09:01:00,6,2535.39,0.00,NET_BANKING
S0061146,C05235,P00100,ST015,2027-05-08 01:43:00,8,2281.28,0.00,COD
S0061147,C05655,P00235,ST002,2026-10-27 11:13:00,3,5077.58,0.00,COD
S0061148,C00005,P00373,ST008,2027-05-30 08:48:00,7,11139.22,0.00,COD
S0061149,C00054,P00590,ST044,2026-10-15 21:47:00,1,265.48,0.00,UPI
S0061150,C03283,P00507,ST035,2026-10-18 04:25:00,7,13477.84,0.15,CARD
S0061151,C01710,P00465,ST044,2026-10-23 13:43:00,8,2736.41,0.00,WALLET
S0061152,C01453,P00201,ST015,2027-03-06 19:41:00,1,7729.31,0.10,COD
S0061153,C05380,P00589,ST040,2027-01-31 09:45:00,5,4410.37,0.10,CARD
S0061154,C03389,P00895,ST014,2027-04-18 12:47:00,6,8765.77,0.00,COD
S0061155,C04911,P01048,ST009,2027-03-13 14:46:00,5,1981.48,0.05,WALLET
S0061156,C04816,P01154,ST047,2027-03-29 02:42:00,6,4602.55,0.10,COD
S0061157,C03703,P00170,ST019,2026-12-12 23:37:00,4,4556.11,0.15,UPI
S0061158,C00029,P00919,ST043,2027-01-03 21:19:00,1,8906.88,0.10,NET_BANKING
S0061159,C04904,P00569,ST040,2027-01-10 09:56:00,3,11413.80,0.10,COD
S0061160,C03396,P00265,ST025,2026-11-12 02:40:00,8,11238.83,0.15,NET_BANKING
S0061161,C05891,P00078,ST002,2027-02-14 14:37:00,3,6017.13,0.10,CARD
S0061162,C04639,P00637,ST043,2027-03-25 11:05:00,1,14361.31,0.15,WALLET
S0061163,C02910,P00944,ST008,2027-04-11 16:04:00,6,13637.69,0.00,CARD
S0061164,C00486,P00483,ST033,2027-05-28 11:47:00,4,7759.25,0.00,UPI
S0061165,C01745,P00320,ST005,2027-01-03 07:09:00,2,7970.92,0.15,COD
S0061166,C04721,P00884,ST002,2027-01-18 10:47:00,8,13619.78,0.00,NET_BANKING
S0061167,C02620,P00469,ST031,2027-01-24 04:14:00,4,12189.67,0.15,NET_BANKING
S0061168,C02322,P01070,ST005,2026-10-26 00:12:00,5,488.08,0.05,UPI
S0061169,C01381,P01146,ST017,2027-01-31 12:23:00,6,4488.07,0.00,WALLET
S0061170,C00464,P00596,ST046,2026-10-04 23:59:00,5,8194.29,0.10,CARD
S0061171,C02365,P00931,ST043,2026-12-18 13:40:00,1,10365.83,0.00,UPI
S0061172,C01526,P00532,ST009,2026-11-22 15:11:00,3,13097.07,0.00,NET_BANKING
S0061173,C03465,P00775,ST020,2027-02-20 00:05:00,7,7767.36,0.15,WALLET
S0061174,C01264,P00645,ST031,2026-11-22 14:18:00,7,11979.98,0.00,WALLET
S0061175,C01361,P00162,ST028,2026-10-25 17:00:00,5,12288.78,0.00,NET_BANKING
S0061176,C00892,P01192,ST001,2027-03-29 14:48:00,1,3591.99,0.10,COD
S0061177,C00280,P00301,ST048,2026-11-09 12:28:00,5,2542.44,0.15,COD
S0061178,C03861,P00348,ST021,2026-11-19 03:57:00,3,6541.94,0.00,WALLET
S0061179,C04338,P00323,ST045,2027-02-02 17:41:00,3,2608.20,0.10,UPI
S0061180,C00055,P00534,ST049,2027-01-04 07:29:00,2,5928.36,0.10,WALLET
S0061181,C00814,P00865,ST008,2026-09-16 19:51:00,7,8660.01,0.10,WALLET
S0061182,C04485,P00600,ST022,2027-01-27 07:17:00,4,6476.74,0.00,WALLET
S0061183,C01137,P00540,ST018,2027-03-10 06:39:00,1,8768.71,0.00,WALLET
S0061184,C02166,P00912,ST044,2026-10-26 03:18:00,7,12258.78,0.15,WALLET
S0061185,C00068,P00841,ST005,2027-04-18 06:35:00,7,8077.31,0.05,NET_BANKING
S0061186,C03405,P00174,ST017,2027-01-14 01:54:00,3,322.73,0.05,UPI
S0061187,C03687,P00992,ST029,2027-05-15 01:32:00,5,9363.29,0.15,UPI
S0061188,C02475,P00344,ST033,2026-12-20 12:32:00,8,12170.01,0.00,CARD
S0061189,C00815,P00833,ST041,2026-11-21 17:46:00,6,1413.00,0.00,UPI
S0061190,C02134,P00131,ST045,2027-02-28 23:48:00,7,13217.23,0.05,CARD
S0061191,C02171,P00798,ST005,2026-11-21 14:46:00,8,2788.26,0.00,UPI
S0061192,C01687,P01124,ST002,2026-12-14 06:54:00,5,434.14,0.10,WALLET
S0061193,C03643,P00896,ST044,2027-03-04 23:57:00,1,9136.34,0.00,WALLET
S0061194,C05486,P00479,ST041,2026-12-12 22:21:00,3,1921.66,0.15,NET_BANKING
S0061195,C04233,P00508,ST047,2027-02-26 11:45:00,8,14824.01,0.00,CARD
S0061196,C04019,P01026,ST041,2026-10-27 03:17:00,6,68.91,0.10,UPI
S0061197,C04722,P00693,ST047,2027-04-15 20:29:00,5,10171.16,0.00,UPI
S0061198,C05454,P01109,ST016,2026-09-20 12:44:00,2,4596.66,0.10,NET_BANKING
S0061199,C04571,P01147,ST050,2027-03-06 23:55:00,5,2460.89,0.00,COD
S0061200,C05862,P00899,ST042,2027-02-21 10:48:00,6,12008.75,0.10,WALLET
S0061201,C04181,P00144,ST049,2027-05-19 21:03:00,7,9162.18,0.00,NET_BANKING
S0061202,C04478,P00048,ST022,2026-12-23 03:16:00,4,5018.49,0.00,COD
S0061203,C03695,P00315,ST046,2026-12-26 16:04:00,5,8151.43,0.05,CARD
S0061204,C05159,P00528,ST027,2027-01-01 13:23:00,7,12190.45,0.15,CARD
S0061205,C00974,P00035,ST010,2027-03-04 18:12:00,2,1827.96,0.00,CARD
S0061206,C05039,P00463,ST006,2026-12-27 06:51:00,3,13244.30,0.00,CARD
S0061207,C05098,P00614,ST044,2026-09-20 02:20:00,3,71.45,0.00,CARD
S0061208,C02148,P00558,ST050,2026-10-10 20:03:00,4,2884.27,0.15,COD
S0061209,C01635,P00101,ST007,2027-01-22 07:44:00,4,8045.20,0.05,UPI
S0061210,C05465,P00072,ST035,2027-03-11 03:47:00,2,2213.98,0.10,NET_BANKING
S0061211,C04777,P00272,ST041,2027-04-14 23:28:00,2,13352.08,0.15,WALLET
S0061212,C02031,P00573,ST005,2027-05-31 13:25:00,2,7520.25,0.00,COD
S0061213,C00106,P00373,ST027,2026-11-23 11:32:00,3,11139.22,0.10,WALLET
S0061214,C00022,P00703,ST035,2027-04-15 20:27:00,6,578.72,0.10,CARD
S0061215,C01929,P00094,ST007,2027-02-05 07:55:00,5,3538.71,0.05,WALLET
S0061216,C00035,P00772,ST015,2027-04-22 00:45:00,2,13512.62,0.00,NET_BANKING
S0061217,C05249,P00628,ST010,2026-12-17 21:13:00,3,11204.97,0.15,COD
S0061218,C00497,P01089,ST016,2026-10-13 01:35:00,3,1624.15,0.00,CARD
S0061219,C01681,P00417,ST030,2027-04-11 05:49:00,6,4251.66,0.10,UPI
S0061220,C01338,P01132,ST019,2026-10-11 05:05:00,4,149.69,0.00,CARD
S0061221,C03929,P00350,ST025,2027-05-16 04:51:00,1,12905.92,0.15,WALLET
S0061222,C04714,P00949,ST031,2026-10-16 19:51:00,2,5923.78,0.15,UPI
S0061223,C02853,P00791,ST003,2027-02-28 15:03:00,6,5011.64,0.15,WALLET
S0061224,C03039,P00863,ST038,2027-01-12 14:03:00,4,6218.08,0.15,WALLET
S0061225,C04230,P00209,ST043,2026-12-09 01:18:00,1,6800.00,0.10,WALLET
S0061226,C02723,P01182,ST028,2026-12-13 13:46:00,2,456.06,0.10,WALLET
S0061227,C03292,P01082,ST048,2027-03-01 08:00:00,7,829.88,0.10,COD
S0061228,C05364,P00271,ST036,2027-02-03 14:37:00,1,11702.78,0.10,NET_BANKING
S0061229,C02484,P00674,ST018,2027-05-21 19:24:00,5,12623.07,0.05,CARD
S0061230,C05934,P00082,ST014,2027-03-19 08:53:00,4,3347.34,0.00,CARD
S0061231,C03009,P00687,ST024,2027-02-12 20:17:00,5,10669.90,0.10,COD
S0061232,C02940,P00614,ST033,2027-03-14 08:13:00,4,71.45,0.00,COD
S0061233,C04491,P01129,ST012,2026-10-20 16:16:00,2,3455.74,0.15,UPI
S0061234,C01373,P00998,ST026,2027-03-16 01:10:00,4,2576.28,0.00,COD
S0061235,C05364,P00208,ST013,2027-01-24 13:44:00,7,9299.51,0.05,NET_BANKING
S0061236,C03803,P00071,ST043,2027-03-29 16:15:00,7,11038.49,0.00,NET_BANKING
S0061237,C02469,P01127,ST030,2027-03-17 11:04:00,4,2406.03,0.00,WALLET
S0061238,C04226,P00397,ST050,2027-03-24 02:09:00,5,12844.97,0.05,WALLET
S0061239,C00119,P00680,ST005,2027-04-04 19:46:00,6,6161.56,0.00,UPI
S0061240,C04096,P00959,ST048,2027-05-28 05:29:00,8,9477.36,0.00,UPI
S0061241,C01727,P00930,ST047,2026-11-15 09:16:00,8,3721.19,0.05,COD
S0061242,C03428,P00724,ST018,2026-11-30 15:47:00,5,842.59,0.00,NET_BANKING
S0061243,C01848,P00837,ST028,2026-11-21 07:20:00,4,11678.05,0.00,COD
S0061244,C02525,P00879,ST047,2026-10-31 06:07:00,8,5207.36,0.15,NET_BANKING
S0061245,C05741,P00124,ST034,2026-12-15 00:24:00,2,9023.03,0.15,UPI
S0061246,C04926,P00673,ST015,2027-02-08 23:28:00,8,7917.40,0.05,UPI
S0061247,C00546,P00687,ST047,2027-01-02 06:40:00,6,10669.90,0.00,NET_BANKING
S0061248,C04813,P00481,ST032,2027-04-28 16:15:00,1,10052.76,0.05,NET_BANKING
S0061249,C01145,P00543,ST020,2026-09-25 15:06:00,3,1249.06,0.15,CARD
S0061250,C01732,P00391,ST006,2026-10-29 17:05:00,3,3490.76,0.15,NET_BANKING
S0061251,C05258,P00634,ST041,2026-11-27 07:02:00,7,13541.02,0.05,COD
S0061252,C02759,P00871,ST041,2027-03-25 17:07:00,7,9556.52,0.00,WALLET
S0061253,C01889,P01070,ST041,2027-04-18 18:38:00,5,3980.67,0.05,NET_BANKING
S0061254,C03375,P01040,ST023,2027-01-11 14:22:00,4,882.92,0.00,UPI
S0061255,C01414,P00999,ST042,2026-11-28 12:14:00,1,6110.48,0.10,CARD
S0061256,C01811,P00983,ST022,2026-10-16 18:20:00,5,14539.34,0.10,NET_BANKING
S0061257,C03533,P01173,ST007,2027-01-16 00:30:00,7,1533.97,0.05,NET_BANKING
S0061258,C03712,P01144,ST030,2027-05-12 14:49:00,7,97.01,0.00,WALLET
S0061259,C02002,P01182,ST021,2027-03-10 17:09:00,7,793.78,0.05,NET_BANKING
S0061260,C02241,P00533,ST021,2026-12-15 04:40:00,7,13218.50,0.15,WALLET
S0061261,C02843,P00836,ST023,2027-02-24 09:12:00,5,8199.84,0.00,CARD
S0061262,C05898,P00666,ST031,2027-02-03 15:07:00,7,12463.65,0.00,UPI
S0061263,C03001,P00885,ST033,2026-09-17 23:18:00,5,2276.62,0.00,NET_BANKING
S0061264,C01614,P00699,ST020,2027-01-15 00:49:00,4,14544.40,0.05,NET_BANKING
S0061265,C02105,P00815,ST031,2027-01-30 11:34:00,7,9553.20,0.00,COD
S0061266,C05683,P00476,ST023,2027-02-04 22:08:00,1,10059.57,0.00,NET_BANKING
S0061267,C00071,P00601,ST040,2027-05-14 07:11:00,3,9389.35,0.15,UPI
S0061268,C00445,P00224,ST042,2026-11-25 12:57:00,1,2208.50,0.05,WALLET
S0061269,C00759,P00274,ST014,2027-04-21 01:10:00,2,13222.64,0.05,NET_BANKING
S0061270,C04718,P00395,ST002,2027-02-21 05:03:00,5,4137.07,0.15,CARD
S0061271,C05055,P00723,ST042,2027-04-05 16:20:00,1,11150.41,0.00,WALLET
S0061272,C00047,P00003,ST033,2027-03-02 00:12:00,3,9487.90,0.10,WALLET
S0061273,C03704,P00439,ST041,2027-04-03 23:26:00,4,11875.56,0.15,NET_BANKING
S0061274,C00453,P01009,ST033,2027-05-17 11:59:00,8,2911.56,0.00,COD
S0061275,C01838,P01123,ST031,2027-05-20 22:02:00,3,3477.83,0.15,NET_BANKING
S0061276,C05726,P00770,ST027,2026-09-27 06:45:00,5,6385.04,0.00,WALLET
S0061277,C02460,P00659,ST035,2027-01-29 03:31:00,1,3678.56,0.15,WALLET
S0061278,C03290,P00152,ST040,2027-03-20 21:14:00,6,5290.05,0.00,WALLET
S0061279,C02556,P01104,ST032,2027-01-10 08:27:00,6,3618.47,0.15,CARD
S0061280,C02154,P00896,ST024,2026-12-06 20:46:00,3,9136.34,0.15,CARD
S0061281,C01905,P00296,ST014,2027-01-08 10:17:00,1,4617.53,0.10,COD
S0061282,C04485,P00448,ST019,2027-04-27 20:29:00,1,9484.91,0.05,UPI
S0061283,C05077,P00410,ST024,2026-11-04 20:41:00,1,12139.70,0.05,WALLET
S0061284,C00501,P00199,ST003,2027-04-26 06:53:00,4,10119.49,0.00,UPI
S0061285,C03862,P00214,ST018,2027-03-19 12:42:00,7,8311.62,0.15,WALLET
S0061286,C00681,P00227,ST045,2027-02-25 06:43:00,6,7877.11,0.10,NET_BANKING
S0061287,C05089,P00239,ST050,2027-01-20 15:09:00,5,2668.52,0.15,UPI
S0061288,C02583,P00580,ST001,2027-02-09 17:08:00,3,4489.50,0.00,UPI
S0061289,C00285,P00501,ST047,2027-01-17 18:38:00,5,591.28,0.00,UPI
S0061290,C04141,P00602,ST010,2027-04-07 04:03:00,2,10282.25,0.10,NET_BANKING
S0061291,C01015,P00092,ST033,2026-10-25 15:50:00,3,8564.59,0.10,UPI
S0061292,C00213,P01079,ST050,2026-10-19 02:21:00,3,4249.37,0.15,NET_BANKING
S0061293,C04403,P01137,ST002,2027-03-08 17:16:00,6,4982.87,0.05,COD
S0061294,C00460,P00033,ST039,2026-11-23 12:04:00,8,11598.07,0.05,COD
S0061295,C00819,P00896,ST050,2026-12-18 21:16:00,1,9136.34,0.10,NET_BANKING
S0061296,C02911,P00572,ST037,2027-03-08 09:21:00,1,413.41,0.15,WALLET
S0061297,C04457,P00918,ST013,2027-05-02 13:18:00,2,11736.74,0.05,NET_BANKING
S0061298,C01968,P00347,ST023,2027-03-20 21:36:00,5,13728.26,0.00,WALLET
S0061299,C01267,P01092,ST035,2026-09-23 06:07:00,8,4531.37,0.10,COD
S0061300,C00012,P00578,ST014,2026-09-15 12:36:00,8,2566.07,0.05,WALLET
S0061301,C01180,P00348,ST026,2027-05-15 00:21:00,2,6541.94,0.00,WALLET
S0061302,C01842,P00835,ST027,2026-11-12 06:20:00,2,14703.43,0.00,NET_BANKING
S0061303,C01456,P00294,ST037,2026-10-26 08:37:00,2,9198.98,0.10,CARD
S0061304,C03235,P00643,ST026,2026-11-22 17:47:00,8,13117.03,0.10,WALLET
S0061305,C05697,P01060,ST001,2026-09-23 01:29:00,8,1717.74,0.05,COD
S0061306,C01043,P00993,ST016,2026-10-13 10:58:00,4,11078.12,0.00,UPI
S0061307,C00310,P00266,ST044,2027-01-21 18:40:00,5,13447.25,0.00,NET_BANKING
S0061308,C04511,P00102,ST009,2027-05-16 04:46:00,3,8070.99,0.00,UPI
S0061309,C04649,P00879,ST036,2027-02-13 14:37:00,3,5207.36,0.00,UPI
S0061310,C01893,P01139,ST039,2026-10-01 01:16:00,3,4300.74,0.10,WALLET
S0061311,C00584,P00695,ST023,2027-02-23 04:40:00,6,13599.96,0.15,UPI
S0061312,C02466,P00336,ST001,2027-03-16 22:52:00,2,10827.01,0.15,WALLET
S0061313,C03105,P01163,ST041,2027-01-20 15:29:00,1,4844.32,0.05,UPI
S0061314,C01534,P00265,ST017,2026-11-20 22:35:00,3,11238.83,0.00,UPI
S0061315,C02566,P01043,ST043,2026-12-25 23:58:00,2,3875.60,0.00,COD
S0061316,C00993,P00018,ST031,2026-11-14 13:28:00,7,10580.36,0.05,WALLET
S0061317,C04703,P00287,ST009,2026-10-22 02:23:00,5,1326.71,0.15,CARD
S0061318,C01270,P00445,ST012,2026-12-12 07:34:00,7,9889.85,0.00,COD
S0061319,C05480,P00754,ST003,2026-12-12 06:55:00,8,4946.47,0.00,WALLET
S0061320,C00249,P01001,ST021,2027-01-15 08:58:00,4,1595.71,0.05,UPI
S0061321,C04508,P01006,ST025,2027-03-25 03:49:00,2,3508.28,0.15,UPI
S0061322,C05705,P01169,ST007,2026-10-09 10:34:00,6,3919.10,0.05,WALLET
S0061323,C04656,P00200,ST038,2026-10-13 10:09:00,6,12660.04,0.00,WALLET
S0061324,C02068,P00253,ST026,2026-12-10 02:06:00,2,12129.99,0.05,CARD
S0061325,C04832,P00452,ST024,2026-11-23 17:28:00,1,3389.85,0.15,COD
S0061326,C01331,P01001,ST027,2026-12-27 13:20:00,6,473.63,0.10,WALLET
S0061327,C03442,P00860,ST008,2027-01-28 00:44:00,6,207.98,0.15,UPI
S0061328,C02561,P01142,ST032,2027-02-12 10:48:00,6,3620.31,0.10,NET_BANKING
S0061329,C00231,P00123,ST023,2027-02-08 14:34:00,7,4247.43,0.10,COD
S0061330,C04512,P00907,ST031,2026-10-10 21:06:00,3,14264.28,0.00,WALLET
S0061331,C02271,P00508,ST049,2027-03-08 20:34:00,7,14824.01,0.05,UPI
S0061332,C00524,P00487,ST006,2027-03-28 06:22:00,8,5449.32,0.10,UPI
S0061333,C03771,P00741,ST025,2027-02-09 00:20:00,2,14542.74,0.00,CARD
S0061334,C03988,P00949,ST044,2027-04-13 11:57:00,1,5923.78,0.10,WALLET
S0061335,C03806,P00836,ST005,2027-04-18 21:54:00,8,8199.84,0.15,CARD
S0061336,C00094,P00931,ST008,2026-10-07 18:02:00,8,10365.83,0.05,NET_BANKING
S0061337,C01175,P00668,ST048,2027-02-22 00:59:00,3,9801.28,0.15,WALLET
S0061338,C05969,P00127,ST014,2027-02-25 23:38:00,3,11914.83,0.05,UPI
S0061339,C03949,P00085,ST048,2026-12-19 14:24:00,4,14386.77,0.10,WALLET
S0061340,C01343,P00945,ST034,2026-12-05 11:32:00,7,12625.76,0.10,NET_BANKING
S0061341,C04308,P01129,ST003,2026-12-14 16:15:00,3,4907.93,0.00,WALLET
S0061342,C02612,P00467,ST020,2026-10-27 21:54:00,4,8776.36,0.00,COD
S0061343,C04280,P00967,ST039,2026-12-10 19:38:00,5,14531.68,0.15,COD
S0061344,C01839,P00182,ST034,2027-05-20 01:07:00,6,11258.08,0.15,WALLET
S0061345,C04131,P00103,ST027,2027-03-29 10:00:00,5,3719.77,0.10,UPI
S0061346,C00688,P00314,ST048,2027-02-08 16:35:00,6,1767.09,0.15,UPI
S0061347,C03188,P00937,ST015,2027-01-08 09:54:00,5,2930.83,0.15,UPI
S0061348,C04750,P00559,ST034,2026-12-05 19:50:00,6,9132.88,0.15,COD
S0061349,C02719,P00585,ST011,2026-11-07 21:37:00,1,4078.01,0.00,NET_BANKING
S0061350,C05207,P01109,ST045,2026-11-22 12:01:00,8,1900.54,0.00,WALLET
S0061351,C04672,P01010,ST020,2026-12-25 12:27:00,3,3403.93,0.10,UPI
S0061352,C03753,P00690,ST049,2027-03-08 14:01:00,1,4018.76,0.15,UPI
S0061353,C03424,P00281,ST021,2027-04-04 20:20:00,2,12950.39,0.05,CARD
S0061354,C04802,P00394,ST019,2027-04-06 12:48:00,7,12895.03,0.05,WALLET
S0061355,C02694,P01027,ST037,2027-02-16 09:41:00,6,2588.07,0.00,UPI
S0061356,C03110,P00762,ST029,2026-12-09 12:14:00,7,9970.99,0.05,CARD
S0061357,C01714,P00511,ST029,2027-03-05 01:12:00,1,1704.19,0.00,UPI
S0061358,C02847,P00333,ST022,2027-05-09 17:44:00,1,1647.52,0.00,UPI
S0061359,C03277,P00308,ST012,2027-05-30 00:10:00,2,8424.73,0.15,WALLET
S0061360,C01241,P00653,ST014,2026-12-15 21:43:00,2,13600.13,0.05,UPI
S0061361,C01395,P00811,ST044,2027-04-02 12:11:00,7,12059.60,0.05,CARD
S0061362,C04890,P00601,ST007,2027-03-16 03:13:00,8,9389.35,0.10,UPI
S0061363,C03162,P00559,ST026,2026-10-18 10:28:00,2,9132.88,0.15,CARD
S0061364,C01814,P00898,ST006,2027-05-08 16:35:00,3,1340.84,0.15,NET_BANKING
S0061365,C02676,P01123,ST007,2026-10-24 11:15:00,8,1146.59,0.05,WALLET
S0061366,C04745,P01040,ST046,2027-03-29 09:23:00,3,2538.85,0.10,UPI
S0061367,C02927,P00244,ST032,2026-10-24 12:10:00,7,12653.48,0.10,UPI
S0061368,C00398,P00255,ST028,2027-03-06 18:18:00,8,6191.54,0.05,UPI
S0061369,C03301,P00019,ST014,2027-06-02 21:25:00,5,4767.41,0.05,UPI
S0061370,C01073,P00593,ST047,2027-06-01 11:08:00,4,3386.42,0.10,UPI
S0061371,C02124,P00018,ST035,2027-05-23 04:18:00,5,10580.36,0.00,WALLET
S0061372,C02553,P00444,ST024,2026-12-19 21:49:00,8,910.78,0.00,CARD
S0061373,C04754,P00111,ST010,2027-03-13 00:10:00,5,7353.74,0.15,COD
S0061374,C05705,P00978,ST014,2026-09-24 01:59:00,1,12166.54,0.15,NET_BANKING
S0061375,C05417,P01012,ST024,2027-05-06 19:11:00,3,455.65,0.15,COD
S0061376,C02585,P00590,ST028,2027-05-02 10:45:00,5,265.48,0.10,CARD
S0061377,C03364,P00314,ST021,2026-11-26 02:00:00,3,1767.09,0.15,CARD
S0061378,C00972,P00239,ST046,2026-11-24 22:02:00,8,2668.52,0.00,COD
S0061379,C02384,P01025,ST043,2027-04-10 14:02:00,3,2138.12,0.15,COD
S0061380,C00431,P00949,ST008,2027-04-01 05:36:00,5,5923.78,0.00,UPI
S0061381,C02985,P01106,ST017,2027-04-17 08:11:00,2,4723.20,0.10,COD
S0061382,C03207,P00026,ST030,2027-04-28 00:41:00,8,3973.71,0.05,NET_BANKING
S0061383,C01839,P00221,ST008,2026-09-29 03:30:00,3,7251.17,0.00,NET_BANKING
S0061384,C02236,P00596,ST040,2026-12-03 05:08:00,2,8194.29,0.05,WALLET
S0061385,C05382,P00191,ST048,2026-11-06 00:40:00,7,11697.40,0.00,COD
S0061386,C03741,P00508,ST009,2026-10-22 12:11:00,8,14824.01,0.05,UPI
S0061387,C04908,P00304,ST050,2027-01-17 13:12:00,6,8379.11,0.10,UPI
S0061388,C04682,P00678,ST027,2027-05-19 12:00:00,7,5849.17,0.00,WALLET
S0061389,C04090,P00171,ST050,2027-03-17 09:37:00,6,6161.32,0.15,COD
S0061390,C01313,P00870,ST009,2026-09-20 16:30:00,4,12131.34,0.05,WALLET
S0061391,C04162,P00392,ST043,2027-02-03 17:05:00,6,1926.43,0.10,WALLET
S0061392,C05660,P00704,ST018,2026-09-21 18:39:00,2,3700.74,0.15,CARD
S0061393,C01653,P01040,ST028,2026-09-25 23:43:00,1,2400.18,0.15,WALLET
S0061394,C01065,P00317,ST003,2027-01-21 09:59:00,4,4717.68,0.00,CARD
S0061395,C00619,P00263,ST050,2026-12-17 06:51:00,4,12638.42,0.15,CARD
S0061396,C02045,P00660,ST042,2027-05-30 14:09:00,1,7080.45,0.05,NET_BANKING
S0061397,C02682,P01119,ST043,2026-12-02 15:31:00,3,2353.30,0.10,CARD
S0061398,C02439,P00916,ST022,2027-04-06 16:09:00,4,1771.51,0.10,UPI
S0061399,C03608,P00048,ST049,2026-12-04 07:29:00,5,5018.49,0.15,COD
S0061400,C04005,P01032,ST003,2027-05-14 09:40:00,1,3609.81,0.10,NET_BANKING
S0061401,C01734,P00608,ST033,2027-01-11 14:36:00,8,4112.16,0.10,WALLET
S0061402,C01203,P00980,ST020,2027-01-18 10:46:00,6,8929.07,0.15,NET_BANKING
S0061403,C03457,P00878,ST024,2027-03-10 17:46:00,1,13136.21,0.05,WALLET
S0061404,C03184,P00187,ST019,2026-12-28 02:45:00,1,6392.10,0.00,CARD
S0061405,C01058,P00246,ST008,2027-01-25 15:22:00,6,9342.29,0.05,UPI
S0061406,C01948,P00015,ST046,2027-05-29 22:01:00,8,6091.54,0.00,UPI
S0061407,C04569,P00639,ST023,2026-09-30 10:33:00,5,5321.74,0.05,WALLET
S0061408,C04556,P01154,ST013,2027-01-29 17:17:00,7,3477.91,0.10,WALLET
S0061409,C05610,P00769,ST041,2027-03-01 07:34:00,4,14064.61,0.15,NET_BANKING
S0061410,C00884,P00636,ST035,2026-11-29 10:55:00,5,12658.75,0.00,WALLET
S0061411,C01826,P00152,ST001,2026-09-21 16:24:00,5,5290.05,0.00,WALLET
S0061412,C00896,P00600,ST045,2027-02-16 23:07:00,2,6476.74,0.15,UPI
S0061413,C02685,P00570,ST023,2027-05-03 01:56:00,3,8154.82,0.00,CARD
S0061414,C01694,P00258,ST001,2026-12-01 14:53:00,1,9537.16,0.00,UPI
S0061415,C04104,P00561,ST011,2026-11-07 15:12:00,7,4145.03,0.00,COD
S0061416,C03130,P00243,ST035,2027-01-25 14:28:00,5,6859.66,0.00,CARD
S0061417,C02132,P00543,ST038,2026-12-15 00:56:00,1,1249.06,0.00,WALLET
S0061418,C00536,P01174,ST008,2026-12-19 22:02:00,7,3868.42,0.15,UPI
S0061419,C05816,P00214,ST046,2026-09-23 11:09:00,2,8311.62,0.10,CARD
S0061420,C04675,P00954,ST015,2026-11-20 22:28:00,2,8183.55,0.00,UPI
S0061421,C04535,P00767,ST001,2026-11-02 05:17:00,2,11689.48,0.10,WALLET
S0061422,C01468,P00565,ST046,2026-11-29 11:54:00,6,2663.33,0.00,NET_BANKING
S0061423,C03538,P00317,ST016,2027-05-09 06:32:00,7,4717.68,0.00,COD
S0061424,C01851,P01113,ST028,2026-09-19 18:47:00,8,112.02,0.10,CARD
S0061425,C00115,P00113,ST038,2027-04-19 10:20:00,5,13315.47,0.00,NET_BANKING
S0061426,C01672,P00859,ST041,2027-04-30 20:09:00,6,4987.90,0.00,COD
S0061427,C04935,P00653,ST050,2027-04-20 12:09:00,8,13600.13,0.00,WALLET
S0061428,C00174,P00276,ST025,2027-01-17 05:40:00,6,6865.96,0.00,WALLET
S0061429,C01812,P01147,ST021,2027-05-19 10:34:00,1,1599.79,0.15,UPI
S0061430,C00503,P00580,ST050,2027-01-09 20:20:00,8,4489.50,0.10,COD
S0061431,C00344,P00466,ST021,2027-01-19 19:05:00,7,4444.00,0.05,NET_BANKING
S0061432,C04699,P00216,ST022,2027-05-28 12:49:00,3,1540.77,0.00,CARD
S0061433,C04461,P01049,ST024,2026-12-01 23:36:00,6,3127.41,0.00,CARD
S0061434,C02504,P00321,ST039,2027-01-15 02:49:00,8,1068.85,0.00,CARD
S0061435,C04747,P01125,ST046,2027-03-16 06:14:00,7,2972.84,0.05,UPI
S0061436,C00302,P00717,ST040,2027-01-21 08:34:00,2,679.75,0.05,CARD
S0061437,C02678,P00889,ST043,2026-12-07 11:18:00,1,10263.87,0.05,NET_BANKING
S0061438,C05602,P00351,ST019,2027-03-22 05:13:00,5,9073.84,0.10,CARD
S0061439,C02425,P00555,ST029,2026-10-23 05:53:00,2,3239.18,0.10,UPI
S0061440,C04237,P00140,ST046,2026-10-04 03:08:00,5,343.17,0.00,UPI
S0061441,C05874,P00777,ST040,2026-12-31 22:50:00,2,7574.57,0.00,CARD
S0061442,C00779,P00025,ST006,2027-05-15 15:51:00,4,4571.56,0.00,COD
S0061443,C02453,P00173,ST049,2027-04-23 23:39:00,8,2556.28,0.15,WALLET
S0061444,C05802,P00328,ST024,2027-04-09 00:48:00,1,3281.70,0.00,WALLET
S0061445,C03340,P00532,ST025,2027-05-15 02:43:00,5,13097.07,0.05,COD
S0061446,C01495,P00037,ST030,2026-10-29 07:03:00,5,11915.11,0.10,CARD
S0061447,C05491,P01084,ST008,2026-12-25 16:32:00,8,2752.35,0.05,UPI
S0061448,C04333,P00775,ST016,2026-10-14 11:48:00,4,7767.36,0.00,UPI
S0061449,C03287,P00624,ST047,2027-01-10 14:13:00,4,10459.90,0.05,COD
S0061450,C05250,P00844,ST004,2026-10-05 02:37:00,7,12073.09,0.00,CARD
S0061451,C01446,P00526,ST021,2027-01-21 05:11:00,4,8424.35,0.10,WALLET
S0061452,C00707,P00824,ST024,2027-01-30 23:15:00,4,5681.80,0.00,CARD
S0061453,C01271,P01182,ST016,2026-10-16 10:06:00,7,2423.67,0.15,UPI
S0061454,C04916,P00284,ST001,2026-11-28 15:49:00,4,7052.39,0.10,UPI
S0061455,C05042,P01199,ST030,2026-09-18 05:23:00,4,2605.15,0.00,WALLET
S0061456,C01055,P00980,ST023,2027-03-06 04:50:00,3,8929.07,0.05,NET_BANKING
S0061457,C01356,P00477,ST013,2026-09-15 05:05:00,7,3992.23,0.10,NET_BANKING
S0061458,C00917,P00469,ST025,2027-03-05 15:24:00,3,12189.67,0.15,WALLET
S0061459,C00634,P00728,ST016,2027-05-17 19:48:00,6,2376.69,0.10,WALLET
S0061460,C02879,P00127,ST021,2027-04-25 05:26:00,1,11914.83,0.00,UPI
S0061461,C00187,P01038,ST029,2026-11-02 22:09:00,3,484.70,0.10,CARD
S0061462,C00086,P00420,ST017,2027-03-24 14:35:00,6,13992.32,0.10,WALLET
S0061463,C01654,P00154,ST039,2027-03-19 16:32:00,7,3193.19,0.15,CARD
S0061464,C00264,P01036,ST005,2027-02-08 16:26:00,8,4361.21,0.05,COD
S0061465,C05822,P00234,ST002,2026-12-28 08:52:00,1,10659.34,0.05,NET_BANKING
S0061466,C00422,P00896,ST002,2027-01-14 03:56:00,2,9136.34,0.10,COD
S0061467,C03787,P00548,ST045,2026-12-17 18:35:00,6,11468.53,0.15,WALLET
S0061468,C04712,P00151,ST041,2026-12-15 20:55:00,1,9961.31,0.15,NET_BANKING
S0061469,C00441,P00514,ST047,2027-01-13 10:43:00,2,14174.96,0.00,COD
S0061470,C00847,P00399,ST042,2027-04-18 08:46:00,2,12674.98,0.05,UPI
S0061471,C05839,P00847,ST031,2027-05-30 11:50:00,5,11650.44,0.00,NET_BANKING
S0061472,C00319,P00049,ST004,2026-10-01 03:24:00,5,856.91,0.00,CARD
S0061473,C00982,P00366,ST014,2026-11-06 10:27:00,5,13188.09,0.05,COD
S0061474,C02832,P00652,ST004,2027-02-25 15:07:00,1,7213.51,0.00,UPI
S0061475,C00851,P00578,ST048,2026-10-01 14:24:00,7,2566.07,0.00,WALLET
S0061476,C04076,P01019,ST050,2027-03-17 01:38:00,7,1962.73,0.15,WALLET
S0061477,C00378,P00938,ST033,2027-01-20 00:52:00,1,9016.69,0.15,WALLET
S0061478,C03885,P00946,ST043,2027-03-13 14:12:00,3,536.50,0.00,COD
S0061479,C02797,P00996,ST023,2027-05-16 07:44:00,4,12724.73,0.00,NET_BANKING
S0061480,C00959,P00629,ST030,2027-05-31 00:53:00,3,11585.25,0.05,UPI
S0061481,C02387,P00258,ST015,2027-04-28 08:14:00,1,9537.16,0.05,UPI
S0061482,C04744,P01148,ST021,2027-05-18 20:12:00,1,4801.19,0.10,UPI
S0061483,C00505,P00608,ST031,2026-11-14 23:52:00,3,4112.16,0.00,UPI
S0061484,C02628,P00215,ST010,2027-01-14 18:22:00,7,3285.00,0.05,COD
S0061485,C04467,P01079,ST050,2027-04-16 09:03:00,5,3884.40,0.10,WALLET
S0061486,C01557,P00751,ST006,2027-05-11 20:36:00,5,4310.47,0.15,CARD
S0061487,C02503,P00210,ST005,2027-03-08 06:29:00,1,3260.81,0.05,WALLET
S0061488,C03772,P01102,ST008,2027-04-05 19:52:00,8,1828.75,0.15,CARD
S0061489,C01513,P00054,ST026,2027-01-24 03:43:00,6,6510.78,0.00,CARD
S0061490,C03334,P00119,ST039,2027-04-04 21:19:00,7,794.81,0.05,NET_BANKING
S0061491,C03904,P00380,ST007,2027-02-15 00:02:00,2,10594.68,0.15,COD
S0061492,C02556,P00704,ST030,2027-03-27 22:20:00,8,3700.74,0.00,COD
S0061493,C01397,P00961,ST035,2026-12-02 05:02:00,4,13877.25,0.05,COD
S0061494,C00638,P00450,ST036,2026-12-15 16:49:00,3,11985.09,0.05,CARD
S0061495,C05235,P00078,ST025,2026-10-31 03:32:00,6,6017.13,0.00,CARD
S0061496,C01963,P00467,ST015,2027-01-27 23:45:00,6,8776.36,0.00,UPI
S0061497,C02812,P00983,ST016,2027-04-20 01:26:00,5,14539.34,0.00,UPI
S0061498,C03632,P00824,ST018,2026-12-26 10:04:00,5,5681.80,0.05,NET_BANKING
S0061499,C03481,P01000,ST004,2027-04-13 19:47:00,1,3161.37,0.05,COD
S0061500,C00416,P00306,ST006,2026-10-30 18:49:00,3,8871.87,0.00,COD
S0061501,C03179,P00589,ST016,2027-04-23 22:15:00,2,4410.37,0.10,CARD
S0061502,C05299,P00724,ST013,2027-02-10 13:42:00,6,842.59,0.15,COD
S0061503,C02688,P00524,ST016,2027-05-01 04:00:00,6,11462.06,0.15,UPI
S0061504,C00737,P00340,ST044,2027-04-12 23:12:00,8,13721.56,0.05,NET_BANKING
S0061505,C05309,P01152,ST045,2026-11-20 02:21:00,8,4632.84,0.05,COD
S0061506,C05103,P00881,ST022,2027-01-26 06:09:00,4,13418.59,0.10,CARD
S0061507,C04438,P00188,ST011,2027-02-27 14:26:00,2,6455.12,0.00,NET_BANKING
S0061508,C04762,P01163,ST034,2027-03-01 14:29:00,3,3327.88,0.00,WALLET
S0061509,C03083,P00340,ST013,2026-10-07 13:53:00,1,13721.56,0.15,COD
S0061510,C02582,P00436,ST016,2026-09-30 02:18:00,2,14953.84,0.10,WALLET
S0061511,C02964,P00482,ST049,2027-01-18 09:25:00,8,3964.41,0.10,UPI
S0061512,C05860,P00150,ST006,2027-01-26 06:11:00,7,10110.81,0.00,UPI
S0061513,C01463,P00313,ST027,2027-02-05 06:07:00,2,7134.65,0.10,COD
S0061514,C04801,P00567,ST044,2027-03-31 01:54:00,8,2522.97,0.00,COD
S0061515,C05880,P00596,ST014,2027-01-06 18:22:00,1,8194.29,0.15,COD
S0061516,C05323,P00430,ST045,2026-10-15 21:20:00,1,5232.86,0.10,UPI
S0061517,C03913,P00989,ST009,2026-12-22 14:36:00,4,6367.31,0.05,NET_BANKING
S0061518,C04425,P00010,ST016,2026-12-06 03:11:00,8,10965.99,0.10,CARD
S0061519,C02190,P00703,ST014,2027-03-06 08:48:00,8,578.72,0.10,NET_BANKING
S0061520,C04677,P01062,ST049,2027-01-07 08:33:00,7,516.40,0.00,CARD
S0061521,C05553,P00669,ST030,2026-12-21 13:10:00,7,14324.33,0.00,UPI
S0061522,C01119,P00649,ST021,2026-10-06 23:47:00,3,9552.52,0.15,COD
S0061523,C04075,P00630,ST017,2027-05-30 20:45:00,3,12265.22,0.00,COD
S0061524,C00927,P00622,ST001,2026-11-13 19:34:00,2,6264.75,0.00,CARD
S0061525,C01389,P01194,ST041,2027-04-20 02:40:00,2,912.90,0.00,UPI
S0061526,C00184,P01190,ST035,2027-02-13 09:02:00,4,3335.23,0.05,NET_BANKING
S0061527,C04887,P00187,ST042,2026-11-16 08:52:00,1,6392.10,0.15,NET_BANKING
S0061528,C05625,P00029,ST014,2026-12-15 16:04:00,7,10510.24,0.00,CARD
S0061529,C04690,P00566,ST027,2026-10-20 07:33:00,1,9094.95,0.05,NET_BANKING
S0061530,C05540,P00781,ST014,2026-12-24 00:34:00,5,8887.88,0.10,NET_BANKING
S0061531,C01946,P00239,ST005,2027-03-04 21:10:00,7,2668.52,0.00,CARD
S0061532,C02481,P00382,ST036,2026-10-12 10:14:00,5,14341.57,0.00,WALLET
S0061533,C04880,P00585,ST041,2027-02-08 02:38:00,4,4078.01,0.10,NET_BANKING
S0061534,C03034,P00590,ST021,2027-01-08 14:20:00,3,265.48,0.10,CARD
S0061535,C04026,P01158,ST002,2027-04-17 20:17:00,3,2864.24,0.10,NET_BANKING
S0061536,C00919,P00401,ST010,2027-01-13 22:56:00,6,14612.89,0.05,NET_BANKING
S0061537,C05406,P00666,ST021,2026-12-20 14:17:00,2,12463.65,0.10,NET_BANKING
S0061538,C00482,P00257,ST027,2027-01-06 17:47:00,1,14449.49,0.15,NET_BANKING
S0061539,C04088,P00224,ST005,2027-01-23 03:43:00,1,2208.50,0.15,WALLET
S0061540,C04677,P00307,ST012,2027-04-14 23:07:00,6,13759.94,0.05,WALLET
S0061541,C05951,P00090,ST041,2026-12-17 00:19:00,1,1862.74,0.15,NET_BANKING
S0061542,C04132,P00210,ST026,2027-01-09 06:45:00,3,3260.81,0.00,CARD
S0061543,C00173,P00250,ST032,2027-02-10 13:42:00,4,4598.66,0.05,UPI
S0061544,C04519,P00742,ST031,2027-03-08 23:01:00,4,7019.87,0.00,UPI
S0061545,C00555,P00950,ST005,2026-10-03 13:12:00,4,3458.38,0.10,NET_BANKING
S0061546,C02913,P00401,ST032,2027-04-02 11:49:00,3,14612.89,0.00,UPI
S0061547,C02134,P00266,ST026,2027-01-22 18:16:00,4,13447.25,0.05,NET_BANKING
S0061548,C02925,P00298,ST014,2026-10-12 20:26:00,6,14106.08,0.15,CARD
S0061549,C00648,P00210,ST033,2027-02-02 17:06:00,6,3260.81,0.00,WALLET
S0061550,C04240,P00774,ST042,2026-10-07 14:45:00,4,12009.08,0.10,COD
S0061551,C01100,P00861,ST013,2027-02-08 13:21:00,5,3963.47,0.10,COD
S0061552,C05802,P01012,ST003,2026-12-29 10:48:00,6,3475.39,0.00,WALLET
S0061553,C04983,P00601,ST019,2026-09-22 01:07:00,8,9389.35,0.10,NET_BANKING
S0061554,C03909,P01193,ST038,2027-03-27 05:23:00,4,3329.41,0.10,NET_BANKING
S0061555,C05805,P00501,ST032,2027-02-16 16:02:00,1,591.28,0.00,WALLET
S0061556,C01165,P00901,ST028,2027-04-19 21:24:00,1,11518.70,0.10,UPI
S0061557,C01909,P01126,ST037,2027-03-21 04:41:00,7,2747.04,0.15,NET_BANKING
S0061558,C01865,P00316,ST010,2026-11-03 02:20:00,5,4896.51,0.10,COD
S0061559,C03698,P01056,ST031,2027-05-25 04:49:00,3,1602.93,0.10,COD
S0061560,C05950,P00248,ST021,2026-10-26 18:08:00,8,13778.23,0.05,NET_BANKING
S0061561,C02423,P00273,ST042,2026-12-12 18:56:00,8,1657.16,0.00,WALLET
S0061562,C00603,P01134,ST037,2026-09-22 06:05:00,8,1385.42,0.15,UPI
S0061563,C03159,P01045,ST006,2026-12-10 18:27:00,4,4536.67,0.00,NET_BANKING
S0061564,C01294,P00119,ST041,2027-04-03 02:26:00,2,794.81,0.05,NET_BANKING
S0061565,C02070,P00227,ST008,2027-04-30 23:15:00,1,7877.11,0.00,COD
S0061566,C02115,P01156,ST004,2027-05-26 09:43:00,7,4193.71,0.05,COD
S0061567,C05355,P00673,ST042,2027-03-29 10:32:00,8,7917.40,0.00,WALLET
S0061568,C05995,P00198,ST040,2027-04-24 07:32:00,2,11526.28,0.15,NET_BANKING
S0061569,C02052,P00693,ST011,2027-02-24 23:15:00,7,10171.16,0.10,WALLET
S0061570,C02025,P00373,ST022,2026-09-23 07:06:00,4,11139.22,0.15,UPI
S0061571,C00517,P00115,ST019,2027-05-21 07:45:00,7,7420.65,0.10,WALLET
S0061572,C01295,P01116,ST044,2027-05-12 09:16:00,7,626.14,0.05,WALLET
S0061573,C03859,P00791,ST028,2027-04-27 10:14:00,8,5011.64,0.05,UPI
S0061574,C02910,P01182,ST050,2026-12-08 06:52:00,3,1169.89,0.00,COD
S0061575,C05911,P00853,ST041,2026-12-28 00:29:00,4,14567.44,0.05,CARD
S0061576,C03669,P00736,ST011,2027-01-04 05:32:00,3,10626.28,0.00,WALLET
S0061577,C04167,P01099,ST005,2026-10-17 09:46:00,2,4128.81,0.00,NET_BANKING
S0061578,C02046,P01129,ST015,2027-05-25 23:58:00,5,1317.17,0.15,COD
S0061579,C03848,P00337,ST012,2027-04-06 19:18:00,2,14544.49,0.15,COD
S0061580,C02845,P00979,ST034,2027-05-29 06:53:00,8,5063.99,0.10,NET_BANKING
S0061581,C03742,P00555,ST036,2026-11-04 00:57:00,1,3239.18,0.05,WALLET
S0061582,C04860,P00240,ST011,2027-02-08 20:39:00,1,9582.36,0.15,COD
S0061583,C00411,P00554,ST017,2026-10-31 11:10:00,7,14870.16,0.00,WALLET
S0061584,C05097,P00486,ST023,2026-10-19 21:36:00,8,10044.32,0.00,NET_BANKING
S0061585,C04869,P00755,ST026,2026-10-31 09:44:00,2,13881.05,0.15,COD
S0061586,C01647,P00210,ST036,2027-02-07 01:56:00,4,3260.81,0.00,COD
S0061587,C04841,P00609,ST031,2027-03-29 08:54:00,3,12112.83,0.00,CARD
S0061588,C02183,P00295,ST020,2026-12-15 00:13:00,1,8088.40,0.00,NET_BANKING
S0061589,C00066,P00170,ST036,2027-04-04 12:41:00,6,4556.11,0.10,CARD
S0061590,C00515,P00915,ST017,2026-10-28 15:00:00,3,12880.95,0.00,NET_BANKING
S0061591,C03070,P00147,ST027,2027-05-21 15:34:00,5,8610.17,0.00,NET_BANKING
S0061592,C02310,P00550,ST034,2027-02-14 14:23:00,6,1961.46,0.15,COD
S0061593,C05345,P00818,ST017,2027-03-08 21:35:00,8,9748.07,0.00,NET_BANKING
S0061594,C03850,P00975,ST038,2027-02-20 05:13:00,5,14210.52,0.00,UPI
S0061595,C02223,P00860,ST048,2027-01-04 23:29:00,4,207.98,0.05,CARD
S0061596,C00816,P01024,ST003,2027-01-09 01:00:00,1,3934.94,0.00,WALLET
S0061597,C03630,P00877,ST029,2027-02-27 23:06:00,1,9491.54,0.05,UPI
S0061598,C00358,P00074,ST033,2026-11-18 08:21:00,7,9655.66,0.10,CARD
S0061599,C00123,P00343,ST024,2027-04-18 02:09:00,5,4575.42,0.05,NET_BANKING
S0061600,C01065,P00362,ST045,2026-10-23 04:27:00,7,9461.46,0.10,NET_BANKING
S0061601,C02732,P00684,ST036,2027-05-27 12:54:00,1,9364.88,0.15,CARD
S0061602,C05573,P00754,ST026,2026-10-25 05:27:00,7,4946.47,0.10,NET_BANKING
S0061603,C01653,P00955,ST019,2026-09-28 05:58:00,5,5719.71,0.15,WALLET
S0061604,C04568,P00971,ST014,2027-03-26 04:54:00,5,9483.16,0.10,NET_BANKING
S0061605,C04271,P00657,ST023,2027-04-26 04:28:00,5,5978.63,0.05,WALLET
S0061606,C01984,P01178,ST003,2026-10-29 20:44:00,3,4623.42,0.00,UPI
S0061607,C01341,P00359,ST039,2027-01-26 18:40:00,2,6112.49,0.10,COD
S0061608,C03981,P00072,ST041,2026-12-07 19:23:00,1,2213.98,0.15,NET_BANKING
S0061609,C00434,P00287,ST023,2027-05-07 18:41:00,6,1326.71,0.00,UPI
S0061610,C02230,P00900,ST010,2027-03-11 05:48:00,5,10665.28,0.10,CARD
S0061611,C01167,P00314,ST033,2027-04-03 05:20:00,6,1767.09,0.00,CARD
S0061612,C00503,P00586,ST006,2027-05-14 08:00:00,4,3287.74,0.00,UPI
S0061613,C02717,P01131,ST041,2026-12-26 12:53:00,4,2581.77,0.05,NET_BANKING
S0061614,C03094,P00089,ST048,2027-01-04 05:10:00,3,9250.21,0.00,UPI
S0061615,C03272,P00560,ST029,2027-01-16 17:43:00,1,9161.86,0.00,UPI
S0061616,C04663,P00495,ST039,2027-02-07 11:42:00,1,105.46,0.10,COD
S0061617,C01240,P00809,ST028,2027-01-18 13:50:00,3,7203.83,0.05,COD
S0061618,C03270,P00623,ST047,2026-11-07 08:55:00,5,2478.31,0.05,COD
S0061619,C02032,P00634,ST015,2027-04-25 00:13:00,2,13541.02,0.00,UPI
S0061620,C00941,P00766,ST014,2026-09-24 07:55:00,7,889.54,0.10,NET_BANKING
S0061621,C05471,P00237,ST022,2027-01-10 07:21:00,7,5637.77,0.00,COD
S0061622,C04185,P00974,ST041,2026-10-14 04:23:00,3,2875.19,0.00,CARD
S0061623,C01968,P00067,ST048,2026-11-17 08:36:00,3,3494.40,0.10,COD
S0061624,C00847,P00010,ST009,2026-11-14 06:28:00,2,10965.99,0.05,NET_BANKING
S0061625,C04978,P00976,ST048,2026-09-22 11:58:00,8,3815.57,0.10,COD
S0061626,C04161,P00824,ST007,2026-09-29 04:48:00,1,5681.80,0.05,NET_BANKING
S0061627,C00895,P01084,ST013,2027-04-14 06:50:00,8,3248.61,0.00,UPI
S0061628,C03835,P00699,ST018,2027-01-12 15:53:00,5,14544.40,0.10,UPI
S0061629,C04011,P00206,ST024,2027-05-02 17:14:00,6,12086.30,0.00,WALLET
S0061630,C05902,P00600,ST041,2027-04-09 19:24:00,3,6476.74,0.00,CARD
S0061631,C04530,P00118,ST009,2027-05-06 09:21:00,2,7964.36,0.15,COD
S0061632,C05084,P00484,ST001,2027-05-02 10:18:00,3,195.13,0.00,UPI
S0061633,C03483,P00518,ST043,2027-03-20 16:30:00,6,7226.67,0.00,NET_BANKING
S0061634,C02796,P00287,ST036,2026-10-10 06:31:00,2,1326.71,0.05,NET_BANKING
S0061635,C05886,P01041,ST034,2027-03-13 03:41:00,3,3090.24,0.15,COD
S0061636,C02968,P00063,ST035,2027-05-10 07:39:00,8,9510.65,0.10,CARD
S0061637,C03108,P00226,ST026,2026-12-18 02:53:00,4,14378.99,0.00,CARD
S0061638,C04896,P01164,ST041,2027-04-27 11:40:00,6,709.27,0.00,NET_BANKING
S0061639,C00346,P00071,ST022,2026-09-27 22:46:00,8,11038.49,0.10,CARD
S0061640,C04693,P01015,ST034,2026-11-07 06:59:00,4,2175.33,0.15,WALLET
S0061641,C00687,P00752,ST023,2027-05-03 04:26:00,2,10993.54,0.00,CARD
S0061642,C05926,P00546,ST021,2027-04-04 14:10:00,5,9420.65,0.00,WALLET
S0061643,C02587,P01126,ST020,2026-12-25 06:27:00,7,4091.91,0.15,WALLET
S0061644,C03304,P00500,ST005,2027-02-26 20:13:00,7,13885.62,0.00,WALLET
S0061645,C04972,P00825,ST002,2026-10-08 06:14:00,8,4481.95,0.15,NET_BANKING
S0061646,C00392,P00260,ST005,2027-05-30 21:39:00,4,11471.26,0.00,CARD
S0061647,C01958,P00387,ST041,2026-10-13 07:58:00,3,9454.62,0.00,WALLET
S0061648,C03450,P00780,ST049,2026-10-01 11:53:00,5,5639.59,0.00,WALLET
S0061649,C05342,P01096,ST044,2027-04-05 15:08:00,7,3050.86,0.10,CARD
S0061650,C03802,P00626,ST027,2026-10-10 15:30:00,5,4597.20,0.15,CARD
S0061651,C02041,P00977,ST022,2027-02-23 17:01:00,6,12203.63,0.00,NET_BANKING
S0061652,C03755,P00336,ST029,2027-03-16 15:51:00,5,10827.01,0.00,CARD
S0061653,C01406,P00401,ST039,2026-11-18 08:30:00,6,14612.89,0.10,CARD
S0061654,C03801,P01165,ST005,2026-12-13 18:02:00,6,1961.09,0.00,UPI
S0061655,C03500,P00366,ST018,2026-11-12 07:18:00,2,13188.09,0.05,COD
S0061656,C01063,P01104,ST049,2026-12-14 14:12:00,5,2559.20,0.05,CARD
S0061657,C03420,P00100,ST036,2027-02-01 06:26:00,5,2281.28,0.15,NET_BANKING
S0061658,C00480,P00914,ST036,2027-04-26 14:08:00,3,14608.30,0.00,CARD
S0061659,C00072,P00093,ST045,2026-11-14 07:19:00,1,1874.43,0.15,CARD
S0061660,C04482,P00938,ST037,2026-10-09 04:30:00,7,9016.69,0.00,NET_BANKING
S0061661,C05428,P00248,ST032,2026-10-02 22:46:00,6,13778.23,0.10,CARD
S0061662,C02615,P00532,ST001,2027-01-24 01:24:00,4,13097.07,0.10,COD
S0061663,C05439,P00693,ST020,2026-11-30 11:22:00,1,10171.16,0.10,WALLET
S0061664,C04093,P00302,ST025,2026-10-06 14:47:00,3,146.60,0.10,UPI
S0061665,C03739,P00031,ST048,2026-10-24 16:49:00,3,13784.17,0.10,CARD
S0061666,C04183,P00466,ST040,2027-05-11 15:28:00,7,4444.00,0.10,WALLET
S0061667,C03632,P00914,ST042,2026-10-05 09:11:00,2,14608.30,0.00,WALLET
S0061668,C01856,P00901,ST030,2026-09-27 09:49:00,5,11518.70,0.00,WALLET
S0061669,C05188,P00312,ST026,2026-11-25 01:05:00,2,5466.28,0.00,COD
S0061670,C03606,P00281,ST037,2027-04-19 08:54:00,8,12950.39,0.00,CARD
S0061671,C01910,P00849,ST017,2027-03-25 23:15:00,1,11840.46,0.00,COD
S0061672,C04451,P00487,ST032,2027-04-15 14:38:00,8,5449.32,0.05,CARD
S0061673,C03803,P01179,ST005,2027-04-07 03:34:00,1,719.88,0.10,CARD
S0061674,C03394,P00418,ST047,2026-11-17 21:04:00,3,7868.89,0.10,NET_BANKING
S0061675,C05789,P00475,ST003,2027-03-22 01:21:00,3,1870.66,0.10,UPI
S0061676,C03355,P00982,ST018,2027-03-15 08:30:00,2,1313.93,0.00,COD
S0061677,C00187,P00769,ST041,2027-03-21 18:30:00,7,14064.61,0.00,CARD
S0061678,C05938,P00950,ST019,2027-05-20 10:00:00,5,3458.38,0.05,CARD
S0061679,C03246,P00090,ST028,2026-10-01 00:48:00,6,1862.74,0.00,UPI
S0061680,C02676,P00267,ST022,2026-12-16 09:52:00,5,4567.81,0.10,COD
S0061681,C03431,P00834,ST047,2026-11-09 16:12:00,5,13773.56,0.15,UPI
S0061682,C01086,P00468,ST002,2027-05-14 13:18:00,8,2151.00,0.05,COD
S0061683,C00452,P01111,ST020,2027-05-31 13:00:00,6,239.35,0.15,UPI
S0061684,C05120,P00468,ST035,2026-09-15 01:48:00,5,2151.00,0.10,COD
S0061685,C00416,P01048,ST040,2026-10-14 07:25:00,2,2381.49,0.00,WALLET
S0061686,C05464,P00745,ST005,2027-01-23 00:58:00,1,11887.46,0.15,COD
S0061687,C03602,P00227,ST009,2027-05-02 03:35:00,8,7877.11,0.05,UPI
S0061688,C04345,P00821,ST026,2026-10-15 15:41:00,2,7398.56,0.10,NET_BANKING
S0061689,C04058,P00866,ST040,2026-11-05 02:48:00,8,7507.05,0.00,NET_BANKING
S0061690,C05692,P01114,ST044,2026-11-19 20:48:00,1,2420.63,0.00,NET_BANKING
S0061691,C02274,P00795,ST008,2026-12-28 14:03:00,4,123.55,0.00,CARD
S0061692,C00745,P00937,ST038,2026-10-29 00:09:00,5,2930.83,0.00,COD
S0061693,C01674,P00854,ST044,2027-02-28 22:33:00,8,6348.82,0.10,COD
S0061694,C03657,P00712,ST007,2027-05-12 22:52:00,8,2775.71,0.00,CARD
S0061695,C00440,P00650,ST020,2026-09-29 23:30:00,2,155.14,0.00,NET_BANKING
S0061696,C01811,P00883,ST011,2026-09-22 10:45:00,2,9173.36,0.10,NET_BANKING
S0061697,C04932,P00146,ST045,2026-10-30 13:43:00,8,1016.88,0.05,NET_BANKING
S0061698,C00195,P00510,ST007,2027-04-24 04:41:00,3,8953.00,0.00,CARD
S0061699,C02511,P01100,ST036,2027-04-12 12:56:00,1,3461.00,0.00,NET_BANKING
S0061700,C04346,P00814,ST045,2026-10-20 04:27:00,3,1576.96,0.00,CARD
S0061701,C05467,P01041,ST021,2026-10-30 22:42:00,1,3639.31,0.15,CARD
S0061702,C00732,P01052,ST038,2026-10-07 23:24:00,3,1340.22,0.05,NET_BANKING
S0061703,C03023,P00262,ST013,2027-05-16 02:05:00,5,4686.95,0.15,CARD
S0061704,C00329,P00173,ST041,2026-10-13 01:46:00,4,2556.28,0.15,COD
S0061705,C04759,P00515,ST020,2026-10-20 12:32:00,7,6743.70,0.00,NET_BANKING
S0061706,C02405,P00768,ST037,2027-03-15 02:03:00,6,11814.22,0.05,NET_BANKING
S0061707,C00522,P00309,ST034,2027-01-28 01:23:00,7,9944.41,0.00,NET_BANKING
S0061708,C04176,P00774,ST031,2027-02-01 08:11:00,6,12009.08,0.10,NET_BANKING
S0061709,C04252,P00870,ST010,2026-09-22 01:10:00,2,12131.34,0.15,CARD
S0061710,C03124,P00940,ST042,2027-01-12 08:07:00,1,10304.16,0.15,NET_BANKING
S0061711,C05649,P01173,ST046,2026-10-16 11:03:00,5,2478.16,0.00,WALLET
S0061712,C02805,P00917,ST020,2027-04-09 01:44:00,4,12206.45,0.00,NET_BANKING
S0061713,C01549,P00938,ST042,2027-03-08 01:11:00,2,9016.69,0.00,NET_BANKING
S0061714,C04327,P00961,ST022,2026-10-30 14:19:00,4,13877.25,0.00,COD
S0061715,C01941,P00230,ST009,2027-03-11 09:56:00,8,9832.40,0.00,NET_BANKING
S0061716,C01400,P00459,ST024,2027-02-21 14:51:00,8,608.46,0.05,UPI
S0061717,C02291,P00091,ST044,2026-10-06 11:04:00,8,11974.70,0.10,COD
S0061718,C04797,P01034,ST011,2026-12-21 07:33:00,5,1784.77,0.00,COD
S0061719,C04215,P00286,ST015,2026-11-11 10:34:00,2,2796.88,0.15,CARD
S0061720,C01352,P00651,ST025,2026-10-15 16:53:00,1,1796.64,0.00,COD
S0061721,C03518,P00419,ST032,2026-12-29 10:20:00,4,11021.19,0.00,UPI
S0061722,C04960,P00384,ST007,2027-03-07 16:01:00,1,2659.04,0.05,CARD
S0061723,C02418,P00253,ST032,2027-03-01 02:06:00,2,12129.99,0.00,WALLET
S0061724,C03399,P00647,ST023,2026-10-26 05:28:00,4,8946.93,0.15,CARD
S0061725,C04323,P00572,ST014,2026-11-11 14:08:00,3,413.41,0.10,WALLET
S0061726,C02017,P00283,ST020,2027-04-30 06:09:00,6,6670.75,0.00,UPI
S0061727,C02005,P01015,ST009,2026-11-01 12:29:00,1,1691.48,0.00,NET_BANKING
S0061728,C03110,P00217,ST015,2026-10-23 03:00:00,8,10077.87,0.00,COD
S0061729,C01901,P00583,ST035,2026-12-14 11:29:00,5,5417.09,0.05,CARD
S0061730,C05855,P01067,ST047,2026-11-11 17:07:00,4,4851.83,0.10,WALLET
S0061731,C05966,P00276,ST049,2026-11-23 20:34:00,7,6865.96,0.05,CARD
S0061732,C04939,P01125,ST009,2027-05-26 04:19:00,8,921.05,0.05,CARD
S0061733,C02139,P00541,ST025,2026-11-29 04:03:00,1,12514.58,0.05,CARD
S0061734,C00156,P00824,ST003,2027-03-18 16:05:00,3,5681.80,0.00,WALLET
S0061735,C00002,P00519,ST017,2027-04-04 23:38:00,8,3550.37,0.10,WALLET
S0061736,C03866,P00609,ST038,2027-01-30 14:27:00,1,12112.83,0.00,CARD
S0061737,C00638,P00084,ST012,2026-12-02 21:36:00,3,9370.43,0.15,WALLET
S0061738,C04376,P00880,ST034,2027-02-27 05:58:00,2,9958.92,0.05,WALLET
S0061739,C00630,P01127,ST009,2026-11-19 19:48:00,4,3711.42,0.00,NET_BANKING
S0061740,C04759,P00530,ST001,2027-01-21 02:43:00,6,1909.30,0.15,WALLET
S0061741,C03626,P00337,ST047,2027-02-14 14:31:00,7,14544.49,0.00,COD
S0061742,C01321,P00723,ST027,2026-10-09 02:49:00,6,11150.41,0.00,UPI
S0061743,C05617,P00095,ST028,2027-04-30 11:26:00,5,5408.19,0.00,NET_BANKING
S0061744,C04696,P01023,ST030,2027-02-21 13:21:00,4,1763.65,0.05,WALLET
S0061745,C00523,P00273,ST002,2027-01-30 08:15:00,7,1657.16,0.00,COD
S0061746,C04893,P00385,ST037,2027-05-20 02:08:00,3,6877.27,0.15,CARD
S0061747,C00665,P00637,ST008,2026-12-26 20:13:00,7,14361.31,0.15,UPI
S0061748,C05402,P00209,ST006,2027-01-19 16:29:00,4,6800.00,0.15,COD
S0061749,C00102,P00812,ST042,2027-04-09 23:23:00,6,13449.06,0.00,WALLET
S0061750,C00833,P00779,ST049,2026-11-21 17:28:00,3,9277.18,0.00,COD
S0061751,C00355,P00877,ST006,2027-05-03 02:30:00,3,9491.54,0.15,WALLET
S0061752,C05719,P01031,ST024,2026-10-26 16:29:00,7,963.08,0.00,WALLET
S0061753,C00197,P00730,ST023,2026-10-19 11:05:00,3,3796.60,0.00,UPI
S0061754,C05018,P00207,ST041,2026-10-12 06:29:00,2,9646.57,0.00,UPI
S0061755,C01912,P00610,ST017,2026-12-17 05:17:00,1,2166.11,0.00,CARD
S0061756,C03193,P00936,ST004,2027-04-06 09:00:00,6,4432.63,0.10,COD
S0061757,C03423,P00590,ST046,2027-04-15 18:10:00,2,265.48,0.10,CARD
S0061758,C03634,P00094,ST017,2026-12-18 09:34:00,4,3538.71,0.15,UPI
S0061759,C01656,P00385,ST004,2026-10-28 07:45:00,5,6877.27,0.00,WALLET
S0061760,C02581,P00392,ST002,2027-02-15 11:44:00,8,1926.43,0.00,COD
S0061761,C00630,P00619,ST047,2027-05-02 00:59:00,1,14183.29,0.05,NET_BANKING
S0061762,C02203,P00692,ST040,2027-05-15 11:14:00,4,3776.76,0.10,UPI
S0061763,C02151,P00624,ST039,2027-05-08 00:42:00,8,10459.90,0.00,CARD
S0061764,C00008,P00574,ST039,2027-03-23 19:54:00,4,8927.79,0.15,WALLET
S0061765,C04966,P00675,ST017,2027-01-05 21:46:00,5,10065.36,0.00,UPI
S0061766,C05547,P00949,ST009,2026-11-07 01:39:00,2,5923.78,0.10,UPI
S0061767,C01441,P00064,ST010,2026-09-28 10:00:00,8,9773.23,0.10,NET_BANKING
S0061768,C00830,P00038,ST032,2026-11-30 22:44:00,3,5447.04,0.00,CARD
S0061769,C04452,P01030,ST017,2026-09-28 21:45:00,3,3635.42,0.00,CARD
S0061770,C02518,P00632,ST043,2027-01-26 21:16:00,2,6057.90,0.00,UPI
S0061771,C05077,P00488,ST001,2027-01-16 15:25:00,8,764.11,0.05,COD
S0061772,C05804,P01091,ST050,2027-03-08 01:59:00,8,4980.92,0.00,CARD
S0061773,C05558,P00955,ST012,2026-10-04 22:13:00,4,5719.71,0.15,COD
S0061774,C03515,P00981,ST008,2026-10-17 13:46:00,8,5838.61,0.05,COD
S0061775,C01506,P00370,ST028,2027-05-15 10:11:00,3,9728.34,0.15,UPI
S0061776,C00579,P01162,ST021,2026-10-23 13:50:00,5,518.93,0.05,WALLET
S0061777,C04399,P01081,ST050,2027-01-10 16:04:00,5,2656.15,0.00,CARD
S0061778,C04592,P00956,ST033,2027-05-19 04:41:00,5,1818.03,0.15,UPI
S0061779,C05353,P00480,ST031,2026-10-11 23:58:00,3,2188.07,0.00,WALLET
S0061780,C02487,P00286,ST042,2027-05-05 03:28:00,6,2796.88,0.15,CARD
S0061781,C04156,P00830,ST011,2027-01-07 14:47:00,3,8076.01,0.10,UPI
S0061782,C02796,P00165,ST033,2027-03-27 13:16:00,7,14497.74,0.00,NET_BANKING
S0061783,C01098,P00982,ST009,2026-10-20 14:18:00,2,1313.93,0.00,WALLET
S0061784,C05582,P01198,ST034,2027-01-09 06:43:00,7,1947.83,0.15,WALLET
S0061785,C04570,P00006,ST014,2027-01-23 17:22:00,7,12375.85,0.15,CARD
S0061786,C00648,P00787,ST018,2027-01-13 02:03:00,8,12290.08,0.15,CARD
S0061787,C02582,P00047,ST039,2026-12-30 15:34:00,2,4471.06,0.10,COD
S0061788,C02575,P00352,ST036,2027-05-06 01:10:00,1,13564.85,0.00,WALLET
S0061789,C05352,P00842,ST017,2027-01-06 01:36:00,8,12208.32,0.15,CARD
S0061790,C05343,P01028,ST042,2027-01-25 11:03:00,5,1425.09,0.00,NET_BANKING
S0061791,C00358,P01071,ST009,2027-01-25 00:00:00,3,2209.79,0.00,UPI
S0061792,C04812,P00834,ST013,2027-02-01 21:43:00,3,13773.56,0.15,COD
S0061793,C03673,P01059,ST020,2026-10-16 01:58:00,6,4239.70,0.05,WALLET
S0061794,C00496,P00284,ST005,2027-05-12 03:40:00,2,7052.39,0.05,NET_BANKING
S0061795,C03464,P00814,ST036,2026-10-05 18:24:00,8,1576.96,0.15,COD
S0061796,C03163,P00587,ST006,2026-09-23 01:10:00,8,7939.21,0.05,WALLET
S0061797,C00281,P00457,ST008,2027-04-13 06:06:00,8,2393.60,0.15,UPI
S0061798,C01833,P00952,ST029,2026-10-17 15:03:00,6,7725.11,0.00,COD
S0061799,C05561,P00572,ST013,2026-10-16 15:45:00,2,413.41,0.00,UPI
S0061800,C05595,P00122,ST037,2027-02-25 11:09:00,6,9607.56,0.05,UPI
S0061801,C02661,P00272,ST046,2027-02-18 01:03:00,8,13352.08,0.00,WALLET
S0061802,C01821,P00677,ST002,2027-01-18 15:21:00,4,9646.68,0.15,UPI
S0061803,C03283,P00733,ST035,2027-01-14 22:58:00,3,7733.54,0.00,WALLET
S0061804,C05355,P00484,ST019,2026-10-02 09:26:00,8,195.13,0.10,COD
S0061805,C02854,P00040,ST045,2027-02-20 23:40:00,6,1501.66,0.15,WALLET
S0061806,C00713,P00835,ST038,2026-10-06 14:58:00,5,14703.43,0.00,NET_BANKING
S0061807,C01825,P00625,ST010,2027-05-09 19:01:00,1,12569.93,0.10,CARD
S0061808,C01533,P00587,ST020,2027-05-31 02:22:00,5,7939.21,0.05,WALLET
S0061809,C00416,P00012,ST011,2026-11-07 13:47:00,6,50.90,0.10,UPI
S0061810,C00125,P00912,ST031,2027-02-05 02:15:00,4,12258.78,0.10,UPI
S0061811,C05395,P00413,ST038,2027-01-24 13:29:00,5,8913.27,0.10,CARD
S0061812,C01062,P00108,ST035,2027-05-25 16:14:00,5,8643.88,0.10,WALLET
S0061813,C03026,P00684,ST009,2027-02-19 05:09:00,7,9364.88,0.00,NET_BANKING
S0061814,C02031,P00464,ST028,2027-04-13 12:27:00,8,6498.78,0.05,COD
S0061815,C03721,P00702,ST015,2027-05-16 21:11:00,8,10861.46,0.15,WALLET
S0061816,C04523,P00891,ST008,2026-10-08 14:08:00,3,2634.44,0.00,WALLET
S0061817,C05623,P01177,ST001,2027-03-15 10:55:00,2,704.02,0.00,COD
S0061818,C01014,P00793,ST042,2027-01-15 17:06:00,2,9165.88,0.05,NET_BANKING
S0061819,C01534,P00705,ST018,2026-10-04 06:43:00,4,12535.43,0.00,UPI
S0061820,C04631,P01112,ST030,2027-02-07 20:31:00,3,4203.68,0.10,NET_BANKING
S0061821,C03119,P01167,ST046,2026-12-25 15:02:00,1,646.71,0.00,COD
S0061822,C00164,P00712,ST040,2026-12-16 07:17:00,1,2775.71,0.15,UPI
S0061823,C01387,P00171,ST008,2027-01-10 21:56:00,7,6161.32,0.05,COD
S0061824,C04782,P00706,ST022,2027-01-21 08:48:00,5,2797.24,0.05,CARD
S0061825,C02913,P01013,ST002,2026-10-05 02:58:00,1,1433.26,0.00,WALLET
S0061826,C02401,P01152,ST027,2026-10-20 23:48:00,1,3759.52,0.15,WALLET
S0061827,C00533,P00372,ST009,2027-02-12 16:30:00,8,8947.17,0.05,NET_BANKING
S0061828,C04440,P01168,ST012,2027-01-22 09:44:00,6,4809.37,0.05,WALLET
S0061829,C01952,P00982,ST009,2027-01-02 08:35:00,3,1313.93,0.00,WALLET
S0061830,C02547,P00177,ST037,2026-12-15 03:51:00,7,5272.03,0.15,COD
S0061831,C05607,P00133,ST028,2027-03-14 06:42:00,5,12379.20,0.15,UPI
S0061832,C01799,P00781,ST010,2026-10-09 13:38:00,8,8887.88,0.00,NET_BANKING
S0061833,C00241,P00493,ST040,2026-09-15 21:46:00,2,10898.38,0.05,UPI
S0061834,C01649,P00345,ST045,2026-12-29 09:30:00,1,1997.78,0.00,NET_BANKING
S0061835,C03395,P00779,ST038,2027-04-28 20:26:00,8,9277.18,0.10,CARD
S0061836,C00181,P01038,ST048,2026-10-25 22:37:00,4,4675.08,0.00,UPI
S0061837,C01448,P01095,ST006,2026-10-08 18:02:00,3,1987.80,0.00,UPI
S0061838,C00020,P01041,ST007,2026-10-02 06:27:00,7,2351.36,0.15,NET_BANKING
S0061839,C02423,P01166,ST049,2027-01-16 07:51:00,8,2702.90,0.10,COD
S0061840,C02887,P00991,ST043,2027-03-22 17:04:00,8,240.75,0.00,CARD
S0061841,C02229,P00663,ST013,2027-05-02 23:26:00,6,4192.70,0.00,CARD
S0061842,C05526,P00453,ST033,2027-01-04 10:10:00,8,7401.19,0.15,WALLET
S0061843,C02586,P00505,ST023,2026-10-15 10:19:00,3,13158.37,0.05,UPI
S0061844,C02354,P00935,ST003,2026-09-28 06:18:00,1,12673.48,0.15,COD
S0061845,C04101,P00428,ST021,2027-02-03 16:21:00,4,11541.27,0.00,WALLET
S0061846,C05111,P00267,ST024,2026-12-13 15:10:00,1,4567.81,0.05,WALLET
S0061847,C05983,P00466,ST026,2027-04-06 07:42:00,7,4444.00,0.10,UPI
S0061848,C00773,P00121,ST046,2026-11-21 00:59:00,2,612.71,0.10,CARD
S0061849,C04683,P00822,ST001,2027-05-03 18:13:00,8,11979.30,0.00,WALLET
S0061850,C01158,P00175,ST006,2026-12-06 10:08:00,3,14956.51,0.00,WALLET
S0061851,C02140,P00018,ST023,2027-03-07 17:10:00,6,10580.36,0.10,CARD
S0061852,C04526,P00009,ST027,2027-01-04 01:27:00,2,14426.84,0.00,NET_BANKING
S0061853,C01963,P00354,ST029,2027-02-06 09:35:00,8,11455.34,0.00,UPI
S0061854,C03738,P01024,ST043,2026-11-23 23:06:00,6,3526.01,0.00,COD
S0061855,C03521,P00137,ST002,2027-02-09 12:22:00,5,9416.73,0.05,UPI
S0061856,C04369,P00601,ST023,2027-05-22 01:48:00,1,9389.35,0.05,WALLET
S0061857,C02125,P00141,ST038,2026-12-19 06:18:00,4,8257.89,0.15,CARD
S0061858,C02434,P00440,ST012,2027-03-30 11:18:00,8,11929.30,0.00,COD
S0061859,C05296,P00027,ST010,2027-05-19 08:02:00,5,2538.93,0.00,NET_BANKING
S0061860,C04960,P00385,ST028,2027-05-26 18:21:00,8,6877.27,0.10,NET_BANKING
S0061861,C01036,P00452,ST032,2026-12-17 16:23:00,3,3389.85,0.00,COD
S0061862,C03378,P00463,ST031,2026-11-10 00:09:00,4,13244.30,0.00,CARD
S0061863,C00312,P00410,ST013,2026-12-27 02:53:00,8,12139.70,0.05,NET_BANKING
S0061864,C03309,P00560,ST017,2027-05-06 13:26:00,2,9161.86,0.15,WALLET
S0061865,C05249,P00977,ST041,2027-03-05 15:02:00,3,12203.63,0.00,UPI
S0061866,C04288,P00329,ST046,2026-10-24 23:29:00,2,1364.47,0.05,WALLET
S0061867,C04066,P01159,ST032,2027-03-29 18:46:00,8,2633.08,0.00,CARD
S0061868,C03497,P00166,ST041,2027-02-18 16:57:00,5,8032.81,0.15,CARD
S0061869,C05859,P01191,ST015,2027-05-19 02:00:00,1,3040.80,0.15,NET_BANKING
S0061870,C05979,P00549,ST035,2026-10-26 09:07:00,2,8615.76,0.00,COD
S0061871,C04358,P00063,ST025,2026-09-19 01:59:00,3,9510.65,0.00,CARD
S0061872,C02631,P00681,ST025,2026-12-14 11:54:00,2,10247.66,0.00,CARD
S0061873,C04111,P00613,ST024,2027-01-20 10:04:00,4,10916.90,0.15,UPI
S0061874,C05802,P00409,ST001,2027-04-12 13:40:00,5,2349.95,0.10,COD
S0061875,C01521,P01096,ST017,2027-01-14 19:22:00,1,309.18,0.10,COD
S0061876,C01783,P00569,ST039,2027-04-26 05:46:00,6,11413.80,0.15,WALLET
S0061877,C01497,P00510,ST038,2027-05-27 22:21:00,3,8953.00,0.00,UPI
S0061878,C03260,P00632,ST047,2026-11-08 06:04:00,4,6057.90,0.15,COD
S0061879,C04290,P00752,ST045,2026-11-25 13:08:00,3,10993.54,0.10,NET_BANKING
S0061880,C04633,P00828,ST030,2027-01-27 02:20:00,1,6520.23,0.00,CARD
S0061881,C00591,P00331,ST020,2027-02-04 02:29:00,1,9971.71,0.00,COD
S0061882,C05899,P01107,ST027,2027-01-29 22:41:00,4,1754.44,0.00,NET_BANKING
S0061883,C05286,P00707,ST032,2027-03-11 22:59:00,8,10164.19,0.00,NET_BANKING
S0061884,C00529,P00629,ST030,2026-09-24 08:58:00,2,11585.25,0.00,COD
S0061885,C02426,P00509,ST028,2027-04-17 08:23:00,5,6695.51,0.15,UPI
S0061886,C04857,P00221,ST043,2027-02-21 03:24:00,5,7251.17,0.10,UPI
S0061887,C05848,P01091,ST041,2026-10-19 08:20:00,4,4754.48,0.15,WALLET
S0061888,C04639,P01186,ST047,2027-04-17 21:14:00,8,2140.91,0.15,WALLET
S0061889,C00336,P01081,ST047,2026-10-02 20:52:00,3,282.75,0.00,COD
S0061890,C01615,P00170,ST041,2027-03-05 14:50:00,8,4556.11,0.15,COD
S0061891,C04564,P00564,ST005,2027-05-22 18:07:00,6,13288.39,0.15,UPI
S0061892,C04983,P00986,ST038,2026-12-18 08:49:00,6,6941.31,0.00,COD
S0061893,C04500,P00090,ST010,2026-12-26 19:03:00,1,1862.74,0.00,NET_BANKING
S0061894,C03281,P00737,ST006,2027-02-07 17:49:00,5,69.58,0.00,COD
S0061895,C05473,P00571,ST001,2027-02-26 10:56:00,4,4671.20,0.00,UPI
S0061896,C05202,P00714,ST042,2027-04-15 18:43:00,1,12834.77,0.15,UPI
S0061897,C01794,P00810,ST014,2027-06-02 11:19:00,7,5274.62,0.10,CARD
S0061898,C02740,P00515,ST002,2026-09-24 01:08:00,6,6743.70,0.05,UPI
S0061899,C03873,P00723,ST023,2027-01-20 23:50:00,4,11150.41,0.05,WALLET
S0061900,C04505,P00934,ST035,2027-05-26 16:57:00,1,6341.80,0.00,WALLET
S0061901,C05832,P00235,ST031,2027-03-09 01:10:00,5,5077.58,0.00,COD
S0061902,C03926,P00652,ST042,2027-03-18 22:43:00,6,7213.51,0.15,COD
S0061903,C02637,P00582,ST018,2027-04-05 18:03:00,8,3449.31,0.15,COD
S0061904,C05873,P00313,ST045,2026-10-25 20:21:00,7,7134.65,0.15,WALLET
S0061905,C04094,P00794,ST007,2027-01-08 00:30:00,1,9152.31,0.05,CARD
S0061906,C03701,P00279,ST024,2027-01-20 03:40:00,3,7949.95,0.05,COD
S0061907,C00305,P01087,ST036,2027-03-20 10:16:00,5,3502.74,0.15,UPI
S0061908,C01036,P00519,ST019,2026-09-25 14:38:00,1,3550.37,0.00,UPI
S0061909,C01602,P00870,ST018,2026-09-29 01:48:00,3,12131.34,0.00,COD
S0061910,C04049,P00045,ST044,2026-12-27 08:24:00,5,3670.33,0.00,CARD
S0061911,C03808,P01136,ST003,2027-03-13 15:08:00,1,2410.54,0.10,WALLET
S0061912,C01164,P00510,ST045,2027-01-20 10:52:00,3,8953.00,0.00,COD
S0061913,C03321,P00824,ST006,2026-09-27 14:55:00,8,5681.80,0.00,CARD
S0061914,C00775,P00802,ST004,2026-09-19 14:35:00,1,4433.25,0.00,CARD
S0061915,C05167,P00792,ST046,2026-11-25 09:47:00,3,13052.60,0.00,UPI
S0061916,C02227,P00804,ST007,2027-02-06 23:21:00,4,13775.11,0.00,NET_BANKING
S0061917,C03728,P00653,ST024,2026-10-10 23:18:00,3,13600.13,0.15,UPI
S0061918,C05020,P00285,ST036,2026-11-11 19:47:00,3,6123.71,0.15,COD
S0061919,C02775,P00385,ST021,2027-01-27 05:05:00,2,6877.27,0.00,WALLET
S0061920,C03689,P00422,ST029,2026-12-22 00:05:00,2,8067.73,0.00,CARD
S0061921,C02333,P00196,ST029,2027-03-10 16:08:00,4,10921.34,0.05,NET_BANKING
S0061922,C02761,P00303,ST049,2027-05-05 14:59:00,4,14560.81,0.10,UPI
S0061923,C00684,P00336,ST006,2027-02-08 14:28:00,5,10827.01,0.00,WALLET
S0061924,C05847,P00339,ST042,2027-04-13 17:01:00,3,2464.80,0.15,NET_BANKING
S0061925,C05974,P00564,ST018,2027-03-31 04:59:00,2,13288.39,0.15,NET_BANKING
S0061926,C04327,P00201,ST015,2027-02-26 09:03:00,2,7729.31,0.15,UPI
S0061927,C04147,P00445,ST011,2026-11-17 02:40:00,1,9889.85,0.10,NET_BANKING
S0061928,C00860,P00131,ST040,2026-10-14 17:47:00,6,13217.23,0.00,UPI
S0061929,C00490,P00773,ST013,2027-03-22 13:30:00,5,11513.99,0.15,CARD
S0061930,C00617,P00866,ST036,2027-01-08 15:02:00,5,7507.05,0.10,UPI
S0061931,C04226,P00736,ST026,2027-02-28 04:52:00,7,10626.28,0.00,CARD
S0061932,C00829,P00173,ST013,2027-01-04 06:48:00,1,2556.28,0.10,WALLET
S0061933,C03423,P00997,ST021,2026-12-02 07:28:00,5,2288.79,0.15,COD
S0061934,C00458,P00705,ST045,2026-12-24 21:14:00,1,12535.43,0.15,WALLET
S0061935,C05218,P00378,ST008,2027-02-21 22:15:00,6,14078.19,0.10,NET_BANKING
S0061936,C04712,P00104,ST030,2027-03-18 02:54:00,8,5175.58,0.15,NET_BANKING
S0061937,C05053,P00053,ST014,2027-02-26 07:08:00,7,4727.29,0.15,NET_BANKING
S0061938,C03598,P01040,ST032,2027-05-29 09:57:00,4,3141.14,0.15,NET_BANKING
S0061939,C01518,P00803,ST008,2027-02-08 08:18:00,2,4458.92,0.15,NET_BANKING
S0061940,C02804,P00671,ST040,2027-01-23 16:04:00,7,12833.33,0.00,CARD
S0061941,C04745,P00979,ST021,2027-05-30 20:16:00,3,5063.99,0.00,COD
S0061942,C02687,P01151,ST017,2026-11-18 04:00:00,1,4630.17,0.10,WALLET
S0061943,C00389,P00679,ST050,2027-04-01 16:05:00,8,10688.41,0.15,COD
S0061944,C03714,P00966,ST034,2026-10-22 13:55:00,2,14692.30,0.10,WALLET
S0061945,C05711,P00347,ST048,2027-05-30 19:58:00,4,13728.26,0.00,WALLET
S0061946,C03420,P00123,ST032,2027-01-17 14:05:00,3,4247.43,0.05,WALLET
S0061947,C00678,P00202,ST010,2027-04-19 13:54:00,1,13459.06,0.00,WALLET
S0061948,C01274,P00667,ST001,2027-01-07 06:17:00,3,14053.41,0.10,WALLET
S0061949,C01893,P00119,ST007,2027-01-22 12:07:00,1,794.81,0.15,CARD
S0061950,C01687,P01000,ST036,2026-10-29 16:29:00,1,3161.37,0.15,CARD
S0061951,C01101,P00514,ST040,2027-04-25 13:52:00,3,14174.96,0.00,WALLET
S0061952,C04028,P00067,ST036,2026-10-28 01:42:00,2,3494.40,0.00,NET_BANKING
S0061953,C03880,P00097,ST043,2027-03-22 09:55:00,3,9879.74,0.00,COD
S0061954,C00936,P00110,ST005,2026-12-24 23:18:00,1,11820.01,0.10,CARD
S0061955,C00397,P00112,ST044,2027-03-15 19:57:00,1,1012.33,0.10,WALLET
S0061956,C03589,P01093,ST002,2027-01-01 01:14:00,4,3170.88,0.15,UPI
S0061957,C04094,P00577,ST028,2026-11-03 07:11:00,5,286.38,0.15,UPI
S0061958,C00889,P00686,ST028,2026-11-11 19:46:00,8,1168.81,0.05,COD
S0061959,C03276,P00043,ST050,2027-03-25 05:08:00,2,3923.78,0.10,WALLET
S0061960,C02467,P00515,ST043,2026-09-24 14:57:00,3,6743.70,0.10,NET_BANKING
S0061961,C03728,P00290,ST040,2027-01-15 18:05:00,3,3515.83,0.00,CARD
S0061962,C04646,P01128,ST048,2026-11-09 20:56:00,2,3550.11,0.00,WALLET
S0061963,C01626,P00547,ST012,2027-01-02 17:39:00,5,68.05,0.00,CARD
S0061964,C00661,P00801,ST003,2026-11-23 08:43:00,2,6852.19,0.00,CARD
S0061965,C04465,P00304,ST023,2027-04-14 06:17:00,3,8379.11,0.10,CARD
S0061966,C00851,P00610,ST030,2026-11-22 17:41:00,1,2166.11,0.05,CARD
S0061967,C05878,P00036,ST042,2026-12-30 00:52:00,6,9317.16,0.05,NET_BANKING
S0061968,C05266,P00435,ST016,2026-12-31 23:11:00,2,6495.05,0.15,NET_BANKING
S0061969,C01448,P00816,ST024,2026-12-21 17:12:00,3,12563.10,0.05,CARD
S0061970,C04455,P00124,ST018,2026-10-13 06:17:00,5,9023.03,0.05,NET_BANKING
S0061971,C02980,P00229,ST029,2027-03-05 17:37:00,5,718.51,0.00,WALLET
S0061972,C02185,P00154,ST016,2027-01-21 07:46:00,1,3193.19,0.10,NET_BANKING
S0061973,C04774,P00893,ST046,2026-12-25 09:59:00,6,11968.39,0.00,WALLET
S0061974,C03982,P00765,ST020,2027-04-09 05:10:00,7,9252.17,0.10,COD
S0061975,C01893,P00036,ST006,2026-09-18 04:45:00,8,9317.16,0.00,WALLET
S0061976,C05649,P00220,ST013,2027-01-24 13:56:00,5,3145.53,0.00,CARD
S0061977,C01627,P01144,ST009,2027-05-19 22:43:00,6,4719.25,0.00,UPI
S0061978,C01132,P00064,ST030,2027-06-02 03:08:00,1,9773.23,0.00,WALLET
S0061979,C00384,P00303,ST048,2026-12-22 04:24:00,8,14560.81,0.00,COD
S0061980,C04469,P00313,ST048,2027-05-04 13:06:00,2,7134.65,0.10,WALLET
S0061981,C04280,P00250,ST015,2026-11-23 14:31:00,6,4598.66,0.15,CARD
S0061982,C04129,P00560,ST039,2026-10-24 19:27:00,4,9161.86,0.10,WALLET
S0061983,C01664,P00929,ST030,2027-01-30 22:03:00,8,6068.78,0.05,NET_BANKING
S0061984,C01148,P00187,ST025,2027-05-10 08:36:00,6,6392.10,0.05,COD
S0061985,C02852,P00665,ST001,2026-11-30 11:40:00,2,13897.47,0.15,NET_BANKING
S0061986,C03349,P00664,ST050,2027-04-08 20:01:00,3,2596.83,0.10,UPI
S0061987,C02269,P00930,ST050,2026-12-07 00:03:00,7,3721.19,0.00,CARD
S0061988,C00072,P00199,ST023,2026-11-20 00:25:00,6,10119.49,0.00,UPI
S0061989,C02285,P00159,ST010,2026-10-07 23:12:00,3,6984.00,0.15,UPI
S0061990,C00158,P00592,ST008,2026-12-22 03:05:00,3,3828.55,0.10,COD
S0061991,C00456,P00146,ST033,2027-02-01 02:22:00,3,1016.88,0.10,COD
S0061992,C00125,P00254,ST005,2027-02-19 18:31:00,6,1267.62,0.00,CARD
S0061993,C01829,P01068,ST020,2027-03-02 05:01:00,5,3437.23,0.05,COD
S0061994,C01438,P00066,ST042,2026-10-31 14:18:00,3,13989.36,0.15,NET_BANKING
S0061995,C05518,P01002,ST018,2026-11-04 17:23:00,4,4951.54,0.00,CARD
S0061996,C02391,P00788,ST044,2027-01-24 00:41:00,1,14058.06,0.00,WALLET
S0061997,C01708,P00691,ST004,2026-11-10 19:59:00,5,11997.97,0.05,CARD
S0061998,C04703,P00740,ST034,2026-11-02 06:18:00,3,10365.11,0.00,COD
S0061999,C04923,P00337,ST014,2027-01-10 12:47:00,3,14544.49,0.10,CARD
S0062000,C03127,P00137,ST028,2027-02-09 06:25:00,7,9416.73,0.00,WALLET
S0062001,C05832,P00946,ST037,2027-04-20 08:51:00,6,536.50,0.00,COD
S0062002,C04014,P01192,ST021,2027-04-10 18:34:00,1,4395.88,0.15,NET_BANKING
S0062003,C01455,P00329,ST011,2027-04-18 07:14:00,6,1364.47,0.05,WALLET
S0062004,C03681,P00591,ST040,2027-02-28 18:55:00,8,11159.58,0.15,NET_BANKING
S0062005,C01349,P00757,ST017,2027-02-28 15:09:00,2,226.72,0.00,WALLET
S0062006,C03459,P01028,ST028,2027-01-15 23:16:00,5,3718.18,0.10,CARD
S0062007,C02808,P00512,ST015,2027-01-02 07:26:00,8,11395.40,0.00,CARD
S0062008,C03299,P00069,ST043,2026-09-23 04:58:00,5,2410.61,0.05,COD
S0062009,C04273,P00982,ST029,2027-03-20 23:43:00,7,1313.93,0.15,WALLET
S0062010,C01361,P00131,ST014,2026-11-17 05:58:00,3,13217.23,0.00,UPI
S0062011,C05615,P00553,ST049,2026-11-13 17:57:00,1,10883.36,0.10,CARD
S0062012,C05929,P00007,ST045,2026-09-18 16:57:00,3,8987.92,0.15,COD
S0062013,C00553,P00624,ST009,2027-03-31 02:18:00,4,10459.90,0.00,NET_BANKING
S0062014,C00812,P00909,ST003,2026-11-11 23:30:00,6,12153.06,0.00,NET_BANKING
S0062015,C04545,P00833,ST009,2026-09-29 07:45:00,8,1413.00,0.15,UPI
S0062016,C03393,P01144,ST047,2026-09-29 09:23:00,8,135.93,0.10,CARD
S0062017,C05649,P00428,ST019,2026-10-16 14:57:00,2,11541.27,0.00,UPI
S0062018,C05930,P00176,ST020,2027-04-21 16:39:00,7,10058.14,0.15,CARD
S0062019,C04900,P01053,ST014,2027-05-31 09:58:00,1,2635.56,0.10,COD
S0062020,C04600,P00891,ST026,2027-05-27 20:21:00,3,2634.44,0.10,UPI
S0062021,C04357,P00549,ST021,2026-12-28 10:54:00,3,8615.76,0.00,COD
S0062022,C04456,P00694,ST020,2026-11-29 12:10:00,6,11037.40,0.05,COD
S0062023,C00125,P00217,ST004,2027-02-12 22:15:00,7,10077.87,0.05,WALLET
S0062024,C01059,P00800,ST023,2027-04-04 04:53:00,8,14143.96,0.00,NET_BANKING
S0062025,C01587,P00565,ST031,2026-12-11 11:10:00,7,2663.33,0.05,WALLET
S0062026,C05319,P00013,ST048,2027-05-27 08:14:00,5,6028.43,0.05,COD
S0062027,C01265,P00319,ST028,2027-01-24 11:43:00,3,5444.74,0.15,WALLET
S0062028,C00477,P00518,ST004,2027-05-19 21:41:00,7,7226.67,0.15,UPI
S0062029,C01678,P00275,ST012,2027-05-08 21:34:00,1,6304.00,0.10,COD
S0062030,C05804,P00067,ST011,2027-04-21 01:20:00,7,3494.40,0.00,COD
S0062031,C03745,P00314,ST011,2027-02-20 05:07:00,4,1767.09,0.10,COD
S0062032,C03896,P00038,ST038,2026-10-07 03:25:00,6,5447.04,0.00,WALLET
S0062033,C03212,P00556,ST032,2026-11-02 22:53:00,6,4347.03,0.15,UPI
S0062034,C05186,P01021,ST029,2027-04-01 07:54:00,1,2400.50,0.05,COD
S0062035,C05057,P00014,ST014,2027-05-02 11:36:00,2,9230.95,0.10,UPI
S0062036,C00260,P00696,ST026,2026-10-15 19:41:00,8,444.90,0.00,NET_BANKING
S0062037,C04791,P00267,ST043,2027-02-20 09:56:00,6,4567.81,0.00,WALLET
S0062038,C01564,P01127,ST046,2026-11-23 05:43:00,5,2648.23,0.00,NET_BANKING
S0062039,C05364,P00061,ST014,2026-10-10 23:25:00,3,9979.10,0.05,WALLET
S0062040,C02590,P00064,ST014,2027-04-26 21:54:00,1,9773.23,0.15,NET_BANKING
S0062041,C04633,P00623,ST018,2027-02-22 08:43:00,3,2478.31,0.00,UPI
S0062042,C03769,P00680,ST011,2027-01-01 12:59:00,4,6161.56,0.00,WALLET
S0062043,C02730,P00472,ST026,2027-01-24 20:18:00,4,13031.18,0.05,WALLET
S0062044,C04164,P00423,ST047,2027-03-30 14:21:00,2,562.41,0.15,NET_BANKING
S0062045,C04107,P01043,ST013,2026-12-14 15:32:00,2,3694.39,0.05,WALLET
S0062046,C02689,P00697,ST018,2026-11-06 23:40:00,1,10439.87,0.10,WALLET
S0062047,C00262,P00249,ST003,2027-02-04 15:59:00,5,10604.98,0.00,WALLET
S0062048,C04909,P00753,ST042,2026-10-28 02:45:00,6,9739.34,0.10,CARD
S0062049,C04641,P00272,ST002,2026-10-15 11:30:00,5,13352.08,0.05,NET_BANKING
S0062050,C05062,P01032,ST049,2026-12-25 12:18:00,6,727.30,0.15,UPI
S0062051,C02245,P01096,ST036,2027-04-09 10:30:00,8,705.81,0.05,WALLET
S0062052,C04862,P00126,ST045,2026-10-16 21:03:00,2,787.25,0.15,CARD
S0062053,C04989,P00580,ST013,2026-11-04 08:18:00,8,4489.50,0.00,CARD
S0062054,C03214,P00301,ST049,2027-04-26 08:32:00,6,2542.44,0.00,COD
S0062055,C05394,P00850,ST041,2026-12-11 23:48:00,1,4390.79,0.00,UPI
S0062056,C01714,P01167,ST027,2027-02-19 01:33:00,3,2635.22,0.00,COD
S0062057,C03335,P00862,ST007,2027-05-24 03:56:00,8,12635.93,0.10,WALLET
S0062058,C02754,P00219,ST038,2027-02-13 00:03:00,3,13496.03,0.05,CARD
S0062059,C04573,P00789,ST010,2027-05-13 15:50:00,8,2259.56,0.15,WALLET
S0062060,C04798,P01198,ST033,2027-01-23 08:19:00,4,4796.72,0.05,NET_BANKING
S0062061,C00993,P00440,ST039,2026-11-17 10:13:00,3,11929.30,0.00,CARD
S0062062,C01791,P00647,ST030,2027-02-25 13:37:00,1,8946.93,0.10,WALLET
S0062063,C05794,P01013,ST009,2027-01-14 18:29:00,7,456.74,0.00,WALLET
S0062064,C05080,P00357,ST028,2026-10-17 04:45:00,4,4341.85,0.05,NET_BANKING
S0062065,C03053,P00097,ST012,2027-02-07 07:12:00,7,9879.74,0.00,NET_BANKING
S0062066,C03640,P00087,ST008,2027-04-18 07:20:00,6,2943.27,0.00,COD
S0062067,C03987,P00528,ST040,2027-04-29 07:24:00,1,12190.45,0.00,CARD
S0062068,C04182,P00490,ST043,2027-03-14 12:16:00,2,3009.09,0.15,UPI
S0062069,C00170,P00353,ST034,2026-11-24 11:14:00,6,10161.42,0.15,UPI
S0062070,C04612,P00248,ST042,2026-09-19 00:14:00,6,13778.23,0.00,WALLET
S0062071,C03084,P01061,ST012,2026-11-21 08:47:00,6,3564.75,0.05,NET_BANKING
S0062072,C00714,P01198,ST039,2027-06-02 00:45:00,3,4968.60,0.00,NET_BANKING
S0062073,C03095,P00769,ST044,2027-05-04 10:26:00,4,14064.61,0.10,UPI
S0062074,C00434,P00230,ST018,2027-03-14 18:33:00,5,9832.40,0.10,COD
S0062075,C00987,P00037,ST040,2027-03-14 05:18:00,6,11915.11,0.10,WALLET
S0062076,C01244,P00497,ST006,2027-04-17 06:15:00,6,9469.60,0.15,WALLET
S0062077,C03158,P00232,ST031,2026-12-29 10:54:00,8,10782.96,0.10,UPI
S0062078,C04424,P00706,ST039,2026-11-19 11:49:00,2,2797.24,0.00,COD
S0062079,C05206,P01188,ST017,2026-12-29 09:52:00,6,4153.17,0.00,UPI
S0062080,C04792,P00418,ST042,2027-01-13 04:41:00,7,7868.89,0.15,UPI
S0062081,C03590,P01167,ST001,2026-11-09 01:04:00,8,493.61,0.15,WALLET
S0062082,C00553,P00883,ST041,2027-05-31 01:44:00,4,9173.36,0.00,WALLET
S0062083,C04308,P00439,ST029,2026-10-27 11:38:00,6,11875.56,0.05,COD
S0062084,C01795,P01032,ST002,2027-01-12 03:59:00,3,434.00,0.00,WALLET
S0062085,C02664,P00752,ST049,2026-11-19 23:33:00,5,10993.54,0.10,NET_BANKING
S0062086,C02972,P00052,ST036,2026-10-15 12:41:00,2,6138.64,0.00,CARD
S0062087,C03491,P00050,ST007,2027-03-12 07:02:00,6,930.35,0.00,COD
S0062088,C05924,P00444,ST002,2026-12-09 03:37:00,2,910.78,0.10,UPI
S0062089,C00382,P00411,ST049,2027-03-08 16:50:00,2,13165.10,0.00,UPI
S0062090,C03556,P00653,ST031,2027-02-17 09:23:00,8,13600.13,0.05,CARD
S0062091,C03899,P00581,ST034,2027-04-24 05:13:00,8,5203.27,0.05,COD
S0062092,C02527,P00382,ST015,2026-11-28 21:02:00,7,14341.57,0.10,NET_BANKING
S0062093,C03475,P01136,ST025,2027-04-20 09:32:00,3,2703.10,0.05,CARD
S0062094,C05474,P00598,ST013,2027-02-09 07:31:00,5,4459.15,0.00,NET_BANKING
S0062095,C04631,P00596,ST005,2027-02-14 05:19:00,3,8194.29,0.05,UPI
S0062096,C00494,P01107,ST038,2027-04-12 06:06:00,5,3340.79,0.00,CARD
S0062097,C05620,P00017,ST046,2027-01-29 04:44:00,3,3528.42,0.00,CARD
S0062098,C04888,P00057,ST013,2026-10-10 06:56:00,3,6283.79,0.00,WALLET
S0062099,C01802,P00395,ST041,2026-10-15 17:05:00,6,4137.07,0.00,COD
S0062100,C00943,P01147,ST008,2027-01-18 01:02:00,1,1820.36,0.15,WALLET
S0062101,C05598,P00294,ST047,2027-04-22 15:53:00,2,9198.98,0.05,CARD
S0062102,C05661,P00132,ST024,2026-10-24 12:10:00,7,661.50,0.05,WALLET
S0062103,C00123,P00718,ST001,2026-12-24 06:44:00,4,3535.94,0.10,CARD
S0062104,C01239,P01012,ST036,2026-11-02 23:20:00,8,3147.38,0.05,COD
S0062105,C01679,P00650,ST011,2026-11-12 00:22:00,1,155.14,0.00,UPI
S0062106,C00044,P00637,ST048,2026-12-29 19:31:00,3,14361.31,0.10,COD
S0062107,C03024,P00282,ST007,2027-04-10 14:17:00,7,11737.73,0.15,COD
S0062108,C01133,P00783,ST048,2027-03-12 06:42:00,7,1108.76,0.00,NET_BANKING
S0062109,C02414,P01082,ST033,2026-11-16 14:37:00,4,3210.97,0.00,COD
S0062110,C05052,P00210,ST027,2026-10-22 23:50:00,7,3260.81,0.15,NET_BANKING
S0062111,C03087,P00789,ST023,2027-02-11 17:56:00,1,2259.56,0.00,CARD
S0062112,C02735,P00235,ST040,2027-05-19 21:23:00,3,5077.58,0.10,NET_BANKING
S0062113,C05362,P00937,ST003,2027-01-30 12:20:00,3,2930.83,0.00,COD
S0062114,C05679,P00395,ST017,2026-12-05 03:04:00,2,4137.07,0.10,CARD
S0062115,C01610,P00321,ST011,2027-05-03 13:09:00,4,1068.85,0.15,NET_BANKING
S0062116,C04847,P00724,ST009,2027-01-10 05:56:00,4,842.59,0.00,NET_BANKING
S0062117,C05954,P00043,ST032,2027-03-30 05:21:00,5,3923.78,0.00,UPI
S0062118,C04388,P00973,ST028,2027-04-29 18:11:00,6,13784.89,0.05,UPI
S0062119,C00216,P00293,ST015,2027-05-17 07:25:00,8,8511.68,0.00,WALLET
S0062120,C03512,P00162,ST041,2026-11-21 18:29:00,8,12288.78,0.15,WALLET
S0062121,C04200,P00825,ST028,2027-03-04 04:10:00,4,4481.95,0.15,WALLET
S0062122,C02383,P00584,ST011,2027-05-22 08:24:00,5,1058.35,0.00,COD
S0062123,C03844,P00265,ST014,2026-12-21 02:12:00,2,11238.83,0.00,UPI
S0062124,C02190,P00502,ST034,2027-03-26 19:31:00,7,5017.69,0.00,UPI
S0062125,C04720,P00165,ST016,2026-09-25 15:58:00,8,14497.74,0.15,CARD
S0062126,C05802,P01106,ST028,2027-01-14 10:09:00,3,3644.37,0.15,COD
S0062127,C05973,P00796,ST032,2027-05-09 03:55:00,7,7252.60,0.05,UPI
S0062128,C05807,P00396,ST012,2027-02-13 03:19:00,4,1114.54,0.00,WALLET
S0062129,C02592,P01131,ST028,2026-12-16 18:16:00,3,4268.29,0.00,CARD
S0062130,C01519,P00180,ST005,2026-10-02 04:18:00,2,12378.45,0.15,UPI
S0062131,C02856,P00621,ST017,2026-09-17 04:08:00,5,12280.84,0.05,UPI
S0062132,C05528,P00485,ST046,2027-02-08 01:36:00,2,2390.76,0.10,CARD
S0062133,C05730,P00768,ST047,2027-05-03 22:46:00,2,11814.22,0.15,WALLET
S0062134,C05184,P00895,ST046,2027-04-03 10:32:00,1,8765.77,0.15,UPI
S0062135,C02980,P00449,ST031,2026-12-11 00:23:00,1,4682.35,0.05,COD
S0062136,C05503,P00444,ST049,2026-11-25 08:40:00,2,910.78,0.05,WALLET
S0062137,C05045,P00112,ST038,2026-11-01 03:58:00,7,1012.33,0.10,CARD
S0062138,C05421,P00052,ST001,2026-12-11 10:36:00,3,6138.64,0.15,UPI
S0062139,C03511,P00811,ST015,2027-04-10 03:48:00,6,12059.60,0.10,WALLET
S0062140,C04117,P00304,ST001,2026-10-26 22:42:00,6,8379.11,0.00,COD
S0062141,C02196,P01173,ST013,2027-03-08 19:49:00,1,2314.93,0.10,UPI
S0062142,C05869,P01004,ST030,2026-12-01 09:32:00,6,1618.95,0.00,UPI
S0062143,C05341,P00983,ST044,2026-11-18 00:22:00,3,14539.34,0.00,NET_BANKING
S0062144,C01251,P00126,ST011,2027-03-04 15:59:00,6,787.25,0.10,COD
S0062145,C05211,P00491,ST033,2027-01-13 04:11:00,2,4754.80,0.00,UPI
S0062146,C05580,P00446,ST036,2026-09-17 11:01:00,5,14903.24,0.00,NET_BANKING
S0062147,C01719,P00691,ST033,2027-03-06 07:10:00,2,11997.97,0.00,WALLET
S0062148,C00045,P00166,ST001,2027-02-27 05:57:00,2,8032.81,0.10,WALLET
S0062149,C00532,P00823,ST049,2027-04-26 18:33:00,6,13235.97,0.15,CARD
S0062150,C00219,P00909,ST031,2026-12-01 15:44:00,1,12153.06,0.10,UPI
S0062151,C00303,P00048,ST016,2026-12-17 09:38:00,3,5018.49,0.05,UPI
S0062152,C04301,P00991,ST018,2027-01-31 16:50:00,5,240.75,0.00,COD
S0062153,C01052,P00012,ST020,2026-12-13 21:44:00,8,50.90,0.05,WALLET
S0062154,C02748,P00783,ST019,2027-02-09 06:45:00,6,1108.76,0.15,WALLET
S0062155,C04456,P01075,ST036,2027-03-22 21:58:00,7,1556.60,0.00,NET_BANKING
S0062156,C03943,P00175,ST013,2027-05-26 04:42:00,7,14956.51,0.05,NET_BANKING
S0062157,C05205,P00216,ST050,2027-02-10 10:38:00,7,1540.77,0.00,UPI
S0062158,C04727,P01076,ST023,2026-10-26 12:34:00,6,1643.78,0.15,WALLET
S0062159,C00961,P01074,ST005,2027-01-17 07:26:00,3,805.28,0.00,COD
S0062160,C00498,P00459,ST043,2027-04-16 19:33:00,5,608.46,0.00,UPI
S0062161,C00661,P00493,ST007,2027-05-07 02:33:00,5,10898.38,0.05,COD
S0062162,C03933,P00691,ST005,2027-01-16 18:13:00,2,11997.97,0.00,CARD
S0062163,C04147,P00864,ST037,2026-09-23 15:52:00,4,934.40,0.00,CARD
S0062164,C05292,P00475,ST028,2027-02-27 10:07:00,7,1870.66,0.15,COD
S0062165,C04971,P00947,ST032,2026-12-18 23:18:00,7,5493.18,0.00,CARD
S0062166,C04780,P00850,ST040,2026-09-15 22:05:00,6,4390.79,0.10,COD
S0062167,C03382,P00637,ST012,2027-05-13 11:34:00,1,14361.31,0.15,UPI
S0062168,C05093,P00236,ST031,2027-01-30 22:08:00,1,10256.02,0.05,UPI
S0062169,C03939,P00001,ST050,2027-02-11 07:07:00,8,14748.70,0.05,CARD
S0062170,C05491,P01091,ST007,2027-03-25 01:06:00,2,2485.49,0.05,COD
S0062171,C05284,P00091,ST006,2027-01-21 23:59:00,3,11974.70,0.10,COD
S0062172,C05214,P00532,ST043,2027-02-19 02:00:00,5,13097.07,0.15,UPI
S0062173,C05530,P01006,ST024,2026-12-15 02:42:00,3,4136.30,0.05,UPI
S0062174,C01321,P00318,ST029,2026-12-18 08:31:00,3,10232.53,0.15,COD
S0062175,C00629,P00046,ST038,2026-12-27 05:21:00,4,4750.20,0.00,UPI
S0062176,C05745,P00005,ST040,2026-09-22 16:22:00,5,3720.45,0.00,COD
S0062177,C04648,P01122,ST001,2026-11-22 05:07:00,5,3139.50,0.05,WALLET
S0062178,C02918,P01123,ST004,2026-10-14 08:22:00,8,59.75,0.15,UPI
S0062179,C00778,P00162,ST010,2027-04-23 20:19:00,3,12288.78,0.00,WALLET
S0062180,C01995,P00315,ST001,2026-11-23 12:47:00,2,8151.43,0.00,NET_BANKING
S0062181,C03844,P00887,ST012,2026-10-09 10:51:00,4,6975.28,0.15,COD
S0062182,C04943,P00299,ST015,2027-04-20 15:54:00,4,4344.66,0.05,UPI
S0062183,C00880,P00540,ST028,2027-05-09 00:03:00,1,8768.71,0.10,UPI
S0062184,C05757,P00747,ST023,2027-04-28 04:17:00,1,91.31,0.10,NET_BANKING
S0062185,C01397,P00543,ST010,2027-03-13 13:23:00,1,1249.06,0.10,WALLET
S0062186,C00940,P00984,ST001,2027-01-07 22:38:00,5,7532.32,0.05,UPI
S0062187,C00686,P00178,ST025,2027-02-19 13:27:00,3,10707.38,0.10,NET_BANKING
S0062188,C05440,P00771,ST016,2027-05-16 03:12:00,1,9138.48,0.05,UPI
S0062189,C01106,P00595,ST046,2026-12-14 04:33:00,6,6648.58,0.05,WALLET
S0062190,C00448,P00427,ST049,2026-11-20 18:37:00,1,7760.69,0.10,CARD
S0062191,C01992,P00656,ST022,2027-02-02 01:34:00,8,5514.15,0.15,WALLET
S0062192,C03041,P00847,ST050,2026-11-22 20:04:00,8,11650.44,0.05,WALLET
S0062193,C02591,P00924,ST002,2027-05-02 18:42:00,1,2977.90,0.00,CARD
S0062194,C04207,P00143,ST037,2027-03-07 04:55:00,3,7704.38,0.00,WALLET
S0062195,C01888,P00396,ST009,2027-03-21 11:35:00,5,1114.54,0.15,UPI
S0062196,C03916,P00899,ST009,2026-10-15 22:56:00,7,12008.75,0.10,CARD
S0062197,C02551,P00836,ST038,2026-12-18 02:16:00,1,8199.84,0.00,CARD
S0062198,C00667,P00892,ST029,2027-02-26 16:29:00,5,12540.67,0.10,CARD
S0062199,C04918,P00605,ST041,2027-01-23 15:47:00,2,10366.72,0.05,WALLET
S0062200,C00669,P00308,ST008,2027-01-29 04:09:00,5,8424.73,0.05,WALLET
S0062201,C02105,P00393,ST017,2026-10-02 12:13:00,2,7337.73,0.00,COD
S0062202,C01140,P00985,ST002,2026-11-06 03:13:00,6,12971.94,0.00,NET_BANKING
S0062203,C05435,P00160,ST050,2027-05-17 13:40:00,4,1889.89,0.15,CARD
S0062204,C01378,P01103,ST019,2026-11-05 15:52:00,5,3876.34,0.00,NET_BANKING
S0062205,C03587,P00665,ST043,2026-11-11 15:23:00,5,13897.47,0.10,CARD
S0062206,C00734,P00769,ST018,2026-10-11 10:17:00,5,14064.61,0.00,UPI
S0062207,C05859,P00370,ST041,2027-01-10 05:21:00,2,9728.34,0.00,NET_BANKING
S0062208,C01485,P01083,ST037,2027-04-24 12:14:00,1,187.08,0.05,NET_BANKING
S0062209,C02723,P01087,ST030,2027-01-07 05:26:00,7,4286.52,0.10,WALLET
S0062210,C05883,P00769,ST045,2027-05-07 00:43:00,7,14064.61,0.15,WALLET
S0062211,C02731,P00313,ST030,2027-06-02 23:15:00,6,7134.65,0.05,UPI
S0062212,C02656,P00153,ST017,2027-02-15 10:18:00,3,5456.59,0.15,NET_BANKING
S0062213,C00681,P01164,ST012,2026-09-21 07:56:00,4,4713.85,0.10,COD
S0062214,C02162,P01014,ST037,2027-03-07 19:56:00,5,838.42,0.15,NET_BANKING
S0062215,C01698,P00265,ST037,2026-10-28 17:44:00,2,11238.83,0.05,NET_BANKING
S0062216,C05968,P01104,ST039,2026-12-11 15:16:00,6,4308.69,0.15,WALLET
S0062217,C03354,P00680,ST036,2026-11-16 21:49:00,8,6161.56,0.00,UPI
S0062218,C01752,P00846,ST002,2027-05-05 22:01:00,2,5378.97,0.15,UPI
S0062219,C01510,P00345,ST043,2027-03-16 02:32:00,2,1997.78,0.10,CARD
S0062220,C05000,P00864,ST045,2026-10-11 09:19:00,8,934.40,0.05,UPI
S0062221,C03148,P00038,ST020,2026-12-03 20:43:00,5,5447.04,0.15,COD
S0062222,C04932,P00200,ST005,2027-05-01 07:28:00,2,12660.04,0.00,UPI
S0062223,C03604,P00555,ST004,2027-03-23 05:59:00,1,3239.18,0.00,COD
S0062224,C03707,P00833,ST009,2027-04-21 21:16:00,8,1413.00,0.10,WALLET
S0062225,C02892,P00636,ST022,2027-03-11 01:32:00,2,12658.75,0.00,WALLET
S0062226,C04476,P00644,ST016,2027-01-25 20:41:00,1,8264.91,0.00,CARD
S0062227,C01404,P00333,ST027,2026-09-28 00:12:00,3,1647.52,0.15,CARD
S0062228,C04540,P00523,ST023,2027-04-20 08:15:00,6,3568.60,0.15,WALLET
S0062229,C02669,P00282,ST047,2026-12-03 14:35:00,4,11737.73,0.15,COD
S0062230,C03793,P00713,ST027,2026-12-10 04:40:00,5,3603.18,0.05,UPI
S0062231,C00546,P00387,ST017,2026-11-04 05:51:00,2,9454.62,0.00,CARD
S0062232,C00298,P00704,ST011,2026-11-16 04:03:00,5,3700.74,0.00,WALLET
S0062233,C03561,P00021,ST042,2026-10-25 04:13:00,7,3921.58,0.00,COD
S0062234,C00026,P00679,ST001,2026-09-23 03:00:00,8,10688.41,0.00,UPI
S0062235,C01636,P00054,ST024,2027-03-03 16:01:00,4,6510.78,0.00,COD
S0062236,C01405,P00545,ST010,2027-02-22 09:39:00,6,2928.27,0.15,WALLET
S0062237,C05029,P00365,ST015,2026-12-06 17:50:00,7,14402.02,0.05,UPI
S0062238,C03192,P01022,ST018,2026-10-02 22:30:00,5,4284.72,0.00,WALLET
S0062239,C01963,P00324,ST028,2027-05-30 18:09:00,8,2603.61,0.00,WALLET
S0062240,C00371,P00579,ST031,2026-10-19 03:28:00,5,10886.45,0.05,CARD
S0062241,C05443,P00801,ST020,2027-01-07 10:09:00,3,6852.19,0.05,CARD
S0062242,C04441,P00777,ST009,2027-04-26 16:00:00,2,7574.57,0.00,WALLET
S0062243,C00838,P00124,ST014,2026-10-11 06:47:00,8,9023.03,0.10,UPI
S0062244,C03413,P00349,ST002,2027-01-27 08:27:00,7,4491.15,0.00,UPI
S0062245,C04384,P00309,ST027,2027-05-02 12:34:00,1,9944.41,0.00,NET_BANKING
S0062246,C03109,P00132,ST012,2027-04-27 01:15:00,8,661.50,0.15,COD
S0062247,C02902,P00625,ST049,2027-04-24 13:38:00,7,12569.93,0.05,NET_BANKING
S0062248,C03454,P00576,ST044,2027-05-10 22:21:00,3,829.35,0.00,CARD
S0062249,C00193,P00609,ST016,2026-11-06 08:16:00,7,12112.83,0.00,CARD
S0062250,C05367,P00149,ST019,2027-04-17 05:35:00,7,6470.19,0.15,NET_BANKING
S0062251,C05554,P01062,ST025,2026-11-13 19:54:00,3,1657.60,0.00,COD
S0062252,C03318,P01112,ST022,2027-03-03 22:02:00,6,4093.50,0.05,COD
S0062253,C05717,P00933,ST011,2027-01-13 10:20:00,8,7457.39,0.10,WALLET
S0062254,C02276,P00373,ST008,2027-01-17 13:49:00,1,11139.22,0.00,CARD
S0062255,C05203,P00800,ST032,2026-10-02 11:11:00,1,14143.96,0.00,COD
S0062256,C04259,P00245,ST017,2027-04-25 09:32:00,4,8201.28,0.05,COD
S0062257,C01653,P00079,ST019,2027-01-17 14:23:00,6,398.24,0.00,UPI
S0062258,C02020,P00696,ST007,2027-02-10 16:12:00,8,444.90,0.10,WALLET
S0062259,C04703,P00476,ST010,2027-03-06 08:27:00,2,10059.57,0.00,UPI
S0062260,C00963,P01046,ST049,2026-10-11 22:08:00,2,1868.86,0.00,COD
S0062261,C04186,P01085,ST036,2027-04-29 14:08:00,3,1540.88,0.10,WALLET
S0062262,C04364,P00349,ST023,2027-01-07 06:06:00,7,4491.15,0.00,UPI
S0062263,C03127,P00784,ST036,2027-03-09 15:17:00,1,13461.16,0.15,CARD
S0062264,C02482,P00020,ST044,2027-05-06 11:52:00,8,1297.48,0.00,UPI
S0062265,C04751,P01174,ST049,2027-03-24 11:33:00,8,2236.37,0.15,UPI
S0062266,C05091,P00266,ST045,2026-11-21 07:39:00,7,13447.25,0.00,UPI
S0062267,C03188,P00917,ST042,2026-10-15 13:42:00,8,12206.45,0.00,NET_BANKING
S0062268,C05045,P01176,ST012,2027-05-30 22:48:00,4,503.46,0.10,COD
S0062269,C01923,P00991,ST020,2026-09-23 06:57:00,2,240.75,0.00,CARD
S0062270,C01272,P00023,ST013,2027-04-23 07:37:00,2,8298.86,0.00,NET_BANKING
S0062271,C03942,P00215,ST021,2027-04-10 02:48:00,1,3285.00,0.00,CARD
S0062272,C05927,P00285,ST043,2026-12-24 00:15:00,4,6123.71,0.00,CARD
S0062273,C02040,P00105,ST009,2027-01-30 18:16:00,6,7300.13,0.10,NET_BANKING
S0062274,C00900,P00046,ST003,2027-05-21 17:40:00,1,4750.20,0.05,WALLET
S0062275,C04384,P00037,ST028,2027-03-24 07:19:00,5,11915.11,0.15,CARD
S0062276,C00954,P00448,ST018,2027-01-19 21:13:00,1,9484.91,0.05,NET_BANKING
S0062277,C02041,P00829,ST035,2027-05-26 06:28:00,4,5882.19,0.10,COD
S0062278,C02232,P01105,ST006,2027-05-26 11:26:00,4,2746.13,0.10,WALLET
S0062279,C00546,P00794,ST022,2027-01-15 00:56:00,3,9152.31,0.00,CARD
S0062280,C01419,P00242,ST001,2027-02-04 02:11:00,6,6380.48,0.00,CARD
S0062281,C00322,P00999,ST017,2026-11-02 04:21:00,1,6110.48,0.00,CARD
S0062282,C02257,P00513,ST043,2026-12-19 09:43:00,2,2594.81,0.00,NET_BANKING
S0062283,C03675,P01104,ST043,2027-03-24 09:46:00,8,568.81,0.10,WALLET
S0062284,C00275,P00958,ST012,2026-10-10 22:30:00,6,6025.05,0.05,WALLET
S0062285,C00183,P00892,ST012,2027-03-13 21:09:00,1,12540.67,0.00,WALLET
S0062286,C02789,P00505,ST029,2027-05-10 03:36:00,3,13158.37,0.15,CARD
S0062287,C05860,P00876,ST038,2026-10-18 17:46:00,4,13453.44,0.00,COD
S0062288,C00408,P01159,ST022,2026-10-30 01:38:00,7,2043.71,0.15,WALLET
S0062289,C01769,P00756,ST023,2027-02-21 20:44:00,3,7470.61,0.15,NET_BANKING
S0062290,C02075,P00695,ST020,2026-11-23 17:31:00,7,13599.96,0.00,WALLET
S0062291,C03151,P00966,ST009,2026-12-09 07:53:00,1,14692.30,0.15,UPI
S0062292,C00470,P00908,ST030,2027-03-19 23:39:00,4,10685.50,0.05,UPI
S0062293,C01048,P00438,ST023,2027-01-27 07:20:00,8,2063.81,0.05,CARD
S0062294,C05801,P00549,ST012,2027-05-11 01:58:00,7,8615.76,0.15,UPI
S0062295,C05590,P00682,ST028,2027-01-08 04:03:00,7,14995.19,0.00,WALLET
S0062296,C00581,P00902,ST044,2027-01-14 21:11:00,1,6441.41,0.10,UPI
S0062297,C00224,P00531,ST030,2027-02-17 00:59:00,4,137.66,0.05,WALLET
S0062298,C01987,P00413,ST039,2027-01-01 22:45:00,8,8913.27,0.00,NET_BANKING
S0062299,C03655,P01142,ST021,2027-04-10 13:45:00,4,3255.80,0.15,UPI
S0062300,C00560,P00951,ST002,2026-12-12 09:06:00,2,6661.86,0.15,CARD
S0062301,C03352,P00695,ST017,2026-10-29 12:49:00,8,13599.96,0.15,WALLET
S0062302,C00443,P00084,ST027,2027-05-23 15:23:00,8,9370.43,0.05,NET_BANKING
S0062303,C05634,P01103,ST041,2027-01-11 09:11:00,5,2483.24,0.10,UPI
S0062304,C04574,P00921,ST004,2026-10-31 20:02:00,3,10747.60,0.00,CARD
S0062305,C05973,P00401,ST042,2026-10-21 06:28:00,4,14612.89,0.15,CARD
S0062306,C03485,P00517,ST028,2026-12-04 22:03:00,2,13887.99,0.10,CARD
S0062307,C05637,P01026,ST002,2027-02-08 04:33:00,5,1861.40,0.10,NET_BANKING
S0062308,C03951,P00543,ST037,2027-03-26 19:16:00,5,1249.06,0.10,WALLET
S0062309,C03633,P00395,ST035,2026-12-20 05:02:00,6,4137.07,0.00,COD
S0062310,C05987,P01002,ST035,2026-12-09 03:54:00,6,2157.73,0.00,UPI
S0062311,C03079,P00531,ST040,2027-02-15 00:22:00,4,137.66,0.00,NET_BANKING
S0062312,C05777,P00655,ST048,2027-01-21 14:33:00,3,8138.00,0.10,COD
S0062313,C04190,P00943,ST020,2026-10-18 07:53:00,7,12935.87,0.15,CARD
S0062314,C05956,P01155,ST010,2027-04-27 11:21:00,4,4366.02,0.00,WALLET
S0062315,C02681,P00001,ST005,2027-03-10 06:07:00,8,14748.70,0.00,NET_BANKING
S0062316,C04915,P00947,ST038,2026-12-30 16:38:00,3,5493.18,0.05,UPI
S0062317,C00009,P00986,ST039,2027-04-11 21:46:00,2,6941.31,0.00,WALLET
S0062318,C03608,P01066,ST014,2026-11-13 09:25:00,2,391.51,0.10,COD
S0062319,C02962,P00963,ST038,2027-02-22 09:13:00,7,9496.66,0.00,COD
S0062320,C04092,P00061,ST032,2026-11-14 07:59:00,2,9979.10,0.10,NET_BANKING
S0062321,C02207,P00632,ST001,2026-11-06 05:33:00,7,6057.90,0.00,CARD
S0062322,C05614,P00745,ST039,2027-03-02 04:47:00,6,11887.46,0.10,NET_BANKING
S0062323,C04884,P00028,ST032,2027-04-02 20:28:00,2,9694.84,0.15,WALLET
S0062324,C02839,P00422,ST049,2027-05-26 12:18:00,8,8067.73,0.05,UPI
S0062325,C03017,P00386,ST025,2027-01-09 12:34:00,7,344.42,0.00,COD
S0062326,C01984,P00349,ST041,2027-03-07 20:33:00,3,4491.15,0.00,NET_BANKING
S0062327,C00248,P01198,ST026,2026-09-21 13:18:00,3,3860.31,0.05,CARD
S0062328,C02927,P00789,ST016,2027-01-15 18:09:00,8,2259.56,0.15,WALLET
S0062329,C04550,P00819,ST012,2026-10-28 07:28:00,2,5314.55,0.10,NET_BANKING
S0062330,C04032,P00658,ST007,2026-12-29 00:37:00,1,3910.13,0.15,NET_BANKING
S0062331,C05217,P01016,ST032,2026-11-25 01:31:00,3,1948.34,0.00,WALLET
S0062332,C03001,P00951,ST044,2027-03-22 22:17:00,6,6661.86,0.10,CARD
S0062333,C03725,P00591,ST035,2027-03-01 16:44:00,1,11159.58,0.05,COD
S0062334,C01820,P00661,ST014,2026-12-07 19:42:00,5,12752.32,0.00,CARD
S0062335,C04407,P00845,ST016,2027-03-03 03:59:00,6,596.43,0.00,CARD
S0062336,C00377,P00813,ST043,2027-04-28 04:56:00,4,9218.67,0.00,WALLET
S0062337,C01531,P00104,ST048,2027-02-08 04:05:00,7,5175.58,0.00,NET_BANKING
S0062338,C02211,P00319,ST048,2027-05-30 07:22:00,6,5444.74,0.10,NET_BANKING
S0062339,C03103,P00350,ST019,2027-05-20 05:24:00,6,12905.92,0.15,NET_BANKING
S0062340,C03587,P01170,ST025,2027-04-11 15:22:00,1,423.03,0.10,WALLET
S0062341,C01199,P00706,ST012,2027-01-11 15:40:00,6,2797.24,0.05,NET_BANKING
S0062342,C04844,P00402,ST031,2026-11-02 16:42:00,5,7483.33,0.00,NET_BANKING
S0062343,C03714,P00043,ST044,2026-10-20 06:38:00,4,3923.78,0.05,CARD
S0062344,C01885,P00437,ST046,2027-03-22 22:33:00,3,9854.53,0.00,UPI
S0062345,C04650,P01137,ST030,2027-02-10 17:53:00,3,4775.28,0.00,WALLET
S0062346,C00127,P00771,ST011,2027-03-06 04:34:00,6,9138.48,0.15,NET_BANKING
S0062347,C04144,P00924,ST030,2026-10-30 00:57:00,1,2977.90,0.15,UPI
S0062348,C05128,P00147,ST015,2027-02-16 07:34:00,4,8610.17,0.00,WALLET
S0062349,C01211,P00750,ST009,2027-03-26 20:32:00,8,10881.74,0.00,CARD
S0062350,C05790,P00449,ST012,2027-04-09 21:11:00,8,4682.35,0.15,UPI
S0062351,C04757,P00075,ST012,2027-02-08 12:22:00,2,288.24,0.00,COD
S0062352,C00228,P00768,ST007,2027-02-17 17:12:00,3,11814.22,0.15,CARD
S0062353,C04651,P00740,ST029,2027-02-28 00:21:00,1,10365.11,0.00,NET_BANKING
S0062354,C03935,P00814,ST023,2026-10-22 14:13:00,7,1576.96,0.00,UPI
S0062355,C03211,P01075,ST050,2026-12-28 07:44:00,4,1317.78,0.00,WALLET
S0062356,C01757,P00216,ST010,2026-09-26 14:49:00,7,1540.77,0.10,CARD
S0062357,C03950,P01174,ST004,2027-01-23 01:09:00,2,3449.34,0.00,NET_BANKING
S0062358,C00255,P00117,ST041,2027-04-08 06:35:00,1,9637.83,0.10,NET_BANKING
S0062359,C02698,P00555,ST045,2026-09-19 09:03:00,3,3239.18,0.00,UPI
S0062360,C03242,P00677,ST048,2027-03-08 07:14:00,5,9646.68,0.05,UPI
S0062361,C04721,P00312,ST038,2027-01-17 12:42:00,2,5466.28,0.00,CARD
S0062362,C02001,P00453,ST009,2027-05-21 10:00:00,6,7401.19,0.15,NET_BANKING
S0062363,C03890,P00968,ST050,2027-03-12 01:40:00,4,10372.46,0.15,WALLET
S0062364,C00237,P00277,ST034,2027-02-10 00:27:00,8,4475.85,0.15,UPI
S0062365,C01303,P00129,ST043,2027-04-29 21:50:00,1,5652.18,0.15,CARD
S0062366,C04377,P00491,ST044,2027-03-19 03:55:00,6,4754.80,0.10,UPI
S0062367,C01399,P00388,ST017,2026-09-28 07:17:00,4,6375.35,0.00,CARD
S0062368,C02726,P00565,ST019,2027-01-09 17:40:00,1,2663.33,0.00,UPI
S0062369,C05459,P00422,ST027,2026-11-25 13:04:00,5,8067.73,0.10,WALLET
S0062370,C03273,P00141,ST019,2027-03-22 03:16:00,7,8257.89,0.10,UPI
S0062371,C05794,P00432,ST025,2026-11-21 17:11:00,3,578.01,0.00,COD
S0062372,C03198,P00107,ST022,2027-01-28 13:01:00,2,7220.47,0.00,COD
S0062373,C02745,P00966,ST032,2027-02-24 15:30:00,5,14692.30,0.00,WALLET
S0062374,C03271,P00431,ST026,2027-01-16 05:11:00,3,13380.90,0.10,NET_BANKING
S0062375,C00896,P00750,ST016,2027-04-26 12:34:00,6,10881.74,0.00,UPI
S0062376,C03748,P00928,ST036,2027-03-17 23:52:00,4,6951.77,0.00,UPI
S0062377,C00086,P00916,ST030,2027-04-21 09:33:00,5,1771.51,0.00,COD
S0062378,C03921,P00800,ST014,2027-05-20 01:10:00,3,14143.96,0.10,NET_BANKING
S0062379,C00768,P00040,ST044,2026-11-12 07:24:00,4,1501.66,0.15,NET_BANKING
S0062380,C02563,P00125,ST049,2026-11-16 11:18:00,7,8537.50,0.00,UPI
S0062381,C01808,P01054,ST008,2027-01-04 22:09:00,4,4815.33,0.00,WALLET
S0062382,C02346,P01062,ST016,2027-03-18 14:48:00,3,860.19,0.05,COD
S0062383,C00326,P00962,ST032,2027-01-14 12:34:00,2,12113.97,0.05,CARD
S0062384,C04778,P00638,ST012,2027-02-21 10:31:00,1,8964.05,0.00,CARD
S0062385,C05602,P00830,ST005,2027-04-14 18:16:00,2,8076.01,0.00,COD
S0062386,C02815,P00090,ST040,2027-04-11 02:22:00,2,1862.74,0.00,CARD
S0062387,C02689,P00034,ST016,2027-02-12 15:16:00,6,14038.19,0.05,WALLET
S0062388,C05905,P00635,ST020,2026-10-13 23:19:00,1,7089.77,0.10,CARD
S0062389,C04222,P00801,ST026,2027-05-29 06:55:00,1,6852.19,0.00,COD
S0062390,C01330,P00710,ST024,2027-02-02 00:32:00,3,3147.74,0.15,COD
S0062391,C05774,P00245,ST041,2027-02-22 09:43:00,8,8201.28,0.15,UPI
S0062392,C04374,P00236,ST013,2026-09-22 00:22:00,1,10256.02,0.15,UPI
S0062393,C03872,P00279,ST030,2027-03-02 12:23:00,1,7949.95,0.00,WALLET
S0062394,C01854,P00448,ST037,2027-04-29 13:50:00,1,9484.91,0.00,COD
S0062395,C05461,P00443,ST016,2026-12-20 14:35:00,1,10115.80,0.15,UPI
S0062396,C00305,P00632,ST042,2027-01-05 03:06:00,8,6057.90,0.00,UPI
S0062397,C03184,P00633,ST015,2026-10-17 22:27:00,6,8834.04,0.10,COD
S0062398,C04257,P00875,ST040,2027-03-15 01:49:00,6,9193.50,0.15,CARD
S0062399,C02128,P01172,ST045,2026-11-28 13:58:00,5,3262.23,0.15,UPI
S0062400,C03040,P01182,ST031,2026-12-11 14:57:00,5,2410.50,0.00,CARD
S0062401,C02861,P00433,ST004,2026-11-01 16:30:00,4,6296.95,0.00,CARD
S0062402,C01267,P00220,ST015,2027-06-02 07:12:00,5,3145.53,0.00,NET_BANKING
S0062403,C05861,P00421,ST039,2026-12-30 06:30:00,5,9929.53,0.00,NET_BANKING
S0062404,C05132,P00352,ST025,2026-11-05 17:27:00,8,13564.85,0.10,UPI
S0062405,C02962,P00295,ST025,2026-12-18 15:25:00,7,8088.40,0.00,COD
S0062406,C05510,P00061,ST024,2027-05-31 17:42:00,5,9979.10,0.15,WALLET
S0062407,C01576,P00490,ST020,2027-01-23 02:03:00,3,3009.09,0.15,WALLET
S0062408,C01318,P00264,ST041,2026-10-11 05:04:00,8,3453.32,0.10,CARD
S0062409,C03837,P00879,ST003,2026-10-14 04:16:00,4,5207.36,0.00,CARD
S0062410,C01888,P00744,ST023,2027-04-04 17:37:00,5,3611.42,0.05,UPI
S0062411,C00347,P01179,ST050,2026-10-30 22:31:00,5,2997.56,0.10,WALLET
S0062412,C02999,P00019,ST037,2026-09-27 03:58:00,3,4767.41,0.05,WALLET
S0062413,C03098,P01141,ST024,2027-04-04 09:13:00,6,3009.25,0.10,UPI
S0062414,C04725,P00246,ST004,2026-12-12 18:40:00,3,9342.29,0.00,UPI
S0062415,C04668,P00059,ST020,2027-02-14 07:30:00,3,14733.93,0.00,WALLET
S0062416,C05687,P00363,ST024,2026-10-20 08:28:00,7,7028.08,0.00,CARD
S0062417,C01890,P00934,ST002,2027-04-05 15:08:00,3,6341.80,0.05,COD
S0062418,C01282,P00283,ST029,2027-04-16 08:15:00,6,6670.75,0.15,UPI
S0062419,C01568,P00676,ST006,2027-02-01 17:19:00,6,13208.41,0.00,COD
S0062420,C02436,P01045,ST008,2026-10-24 09:59:00,2,4334.90,0.15,UPI
S0062421,C05020,P00700,ST026,2027-03-18 00:07:00,6,7501.36,0.00,NET_BANKING
S0062422,C02929,P00934,ST003,2027-04-17 12:43:00,4,6341.80,0.00,WALLET
S0062423,C03575,P01160,ST020,2026-12-17 10:08:00,8,2143.83,0.00,CARD
S0062424,C04729,P00894,ST003,2027-03-01 06:33:00,2,12465.27,0.15,WALLET
S0062425,C03814,P01067,ST049,2027-05-17 02:25:00,4,1635.15,0.00,NET_BANKING
S0062426,C02891,P00402,ST043,2027-02-22 05:38:00,1,7483.33,0.00,NET_BANKING
S0062427,C05778,P00880,ST024,2027-05-23 04:44:00,4,9958.92,0.05,CARD
S0062428,C00290,P01196,ST029,2027-03-16 21:48:00,7,953.07,0.15,CARD
S0062429,C00215,P00662,ST005,2027-04-15 11:08:00,6,6965.19,0.10,CARD
S0062430,C05552,P00766,ST004,2027-03-30 20:49:00,2,889.54,0.00,UPI
S0062431,C01510,P00098,ST022,2027-03-27 14:14:00,4,3874.92,0.15,NET_BANKING
S0062432,C04454,P00429,ST034,2026-10-07 23:42:00,3,8780.62,0.05,COD
S0062433,C05402,P00162,ST047,2026-09-27 22:28:00,5,12288.78,0.10,NET_BANKING
S0062434,C02105,P01089,ST014,2026-10-28 03:35:00,5,560.76,0.15,COD
S0062435,C03093,P01028,ST049,2027-01-12 21:57:00,1,66.73,0.10,NET_BANKING
S0062436,C02039,P00053,ST040,2027-02-28 15:33:00,5,4727.29,0.15,COD
S0062437,C05774,P01034,ST023,2027-04-25 15:26:00,7,2620.91,0.00,UPI
S0062438,C03867,P00442,ST049,2026-09-25 07:19:00,1,12602.76,0.00,CARD
S0062439,C02983,P00572,ST022,2027-04-21 15:31:00,1,413.41,0.00,UPI
S0062440,C04961,P00460,ST029,2027-03-02 12:36:00,5,11166.19,0.05,UPI
S0062441,C00165,P00890,ST017,2027-05-20 20:04:00,3,2569.54,0.00,UPI
S0062442,C00186,P00706,ST009,2026-10-31 07:18:00,5,2797.24,0.00,UPI
S0062443,C05500,P01001,ST027,2027-05-28 21:07:00,5,3828.07,0.15,COD
S0062444,C00910,P01088,ST026,2027-01-27 19:32:00,3,4432.60,0.10,COD
S0062445,C05317,P00606,ST009,2027-05-21 05:21:00,5,2062.87,0.15,COD
S0062446,C02214,P00940,ST029,2026-11-04 18:20:00,3,10304.16,0.05,WALLET
S0062447,C01867,P01121,ST022,2027-04-07 03:28:00,8,1046.43,0.00,NET_BANKING
S0062448,C04415,P00037,ST044,2027-03-03 12:26:00,7,11915.11,0.10,COD
S0062449,C01455,P00084,ST049,2026-10-15 21:06:00,1,9370.43,0.15,NET_BANKING
S0062450,C02355,P00887,ST015,2027-05-23 04:19:00,1,6975.28,0.05,CARD
S0062451,C03315,P00324,ST040,2027-02-10 20:13:00,6,2603.61,0.15,UPI
S0062452,C02618,P01061,ST038,2027-01-29 20:44:00,7,4422.46,0.15,NET_BANKING
S0062453,C01329,P00308,ST038,2026-11-28 05:15:00,3,8424.73,0.05,NET_BANKING
S0062454,C02655,P00452,ST014,2027-05-17 17:10:00,3,3389.85,0.00,NET_BANKING
S0062455,C03537,P00001,ST009,2026-11-26 06:39:00,5,14748.70,0.15,COD
S0062456,C05815,P00748,ST025,2027-04-04 20:54:00,3,7740.82,0.00,UPI
S0062457,C01383,P00725,ST005,2027-03-06 07:02:00,3,5516.84,0.15,COD
S0062458,C01500,P00954,ST046,2026-10-01 05:26:00,1,8183.55,0.15,UPI
S0062459,C04858,P00668,ST016,2027-02-08 20:04:00,8,9801.28,0.15,COD
S0062460,C00070,P00267,ST047,2027-04-12 03:12:00,2,4567.81,0.15,UPI
S0062461,C00308,P01140,ST022,2027-02-07 00:01:00,2,4796.32,0.10,NET_BANKING
S0062462,C03912,P00266,ST003,2026-09-17 04:02:00,6,13447.25,0.15,WALLET
S0062463,C01861,P00549,ST049,2026-12-27 16:29:00,8,8615.76,0.15,NET_BANKING
S0062464,C02341,P00533,ST044,2027-02-03 10:21:00,5,13218.50,0.00,COD
S0062465,C01943,P00264,ST003,2027-01-27 01:47:00,8,3453.32,0.00,COD
S0062466,C01405,P01047,ST015,2027-05-09 10:51:00,4,3355.65,0.05,UPI
S0062467,C03199,P00447,ST008,2026-12-04 09:49:00,3,13780.12,0.05,NET_BANKING
S0062468,C05096,P01126,ST039,2027-05-04 07:20:00,8,4449.78,0.05,COD
S0062469,C04334,P00088,ST030,2026-11-23 23:41:00,2,8857.37,0.10,UPI
S0062470,C00701,P00270,ST033,2026-11-09 12:21:00,4,12684.63,0.00,UPI
S0062471,C02912,P00634,ST001,2027-05-13 09:20:00,2,13541.02,0.15,WALLET
S0062472,C00631,P01027,ST035,2027-03-31 09:32:00,3,700.98,0.00,WALLET
S0062473,C01879,P00592,ST013,2026-10-08 21:45:00,5,3828.55,0.00,UPI
S0062474,C03450,P00850,ST039,2027-02-06 20:23:00,3,4390.79,0.00,NET_BANKING
S0062475,C04524,P01162,ST029,2026-12-17 17:11:00,3,4929.32,0.00,NET_BANKING
S0062476,C05605,P00170,ST039,2026-09-24 23:41:00,7,4556.11,0.10,CARD
S0062477,C05268,P00045,ST032,2026-10-01 15:23:00,6,3670.33,0.10,CARD
S0062478,C04948,P00098,ST004,2027-05-18 03:42:00,8,3874.92,0.00,UPI
S0062479,C02627,P01129,ST001,2026-10-05 12:53:00,2,3367.09,0.15,UPI
S0062480,C04824,P01050,ST016,2027-01-20 07:47:00,2,2577.31,0.05,UPI
S0062481,C04134,P00398,ST023,2027-03-26 04:24:00,8,12199.29,0.05,COD
S0062482,C03747,P01137,ST006,2026-11-22 18:08:00,4,2271.46,0.10,CARD
S0062483,C01713,P00013,ST028,2027-04-14 01:37:00,4,6028.43,0.05,NET_BANKING
S0062484,C04995,P00526,ST006,2026-09-24 20:42:00,5,8424.35,0.00,UPI
S0062485,C01381,P00088,ST033,2027-02-08 18:58:00,3,8857.37,0.05,COD
S0062486,C03834,P00816,ST034,2027-02-15 08:05:00,3,12563.10,0.10,UPI
S0062487,C02020,P00566,ST006,2026-12-04 18:53:00,6,9094.95,0.00,UPI
S0062488,C04502,P00710,ST001,2026-11-16 00:19:00,8,3147.74,0.05,NET_BANKING
S0062489,C05418,P01016,ST044,2026-11-05 01:55:00,3,4999.65,0.10,COD
S0062490,C00028,P00943,ST016,2026-09-19 17:35:00,4,12935.87,0.10,NET_BANKING
S0062491,C05110,P00640,ST004,2027-04-05 06:07:00,1,9013.79,0.15,UPI
S0062492,C03785,P01058,ST039,2027-01-28 14:54:00,5,108.75,0.00,WALLET
S0062493,C03113,P00353,ST003,2026-11-02 09:38:00,3,10161.42,0.15,UPI
S0062494,C04626,P00527,ST042,2026-09-23 14:44:00,3,14547.75,0.05,CARD
S0062495,C04184,P00714,ST031,2026-11-20 00:57:00,8,12834.77,0.15,UPI
S0062496,C02111,P01054,ST014,2026-10-19 17:55:00,4,4422.19,0.10,COD
S0062497,C05474,P00123,ST003,2026-11-30 20:40:00,3,4247.43,0.00,WALLET
S0062498,C01040,P00844,ST025,2026-12-25 12:55:00,1,12073.09,0.00,CARD
S0062499,C05644,P00522,ST005,2027-02-17 09:01:00,7,1719.44,0.00,CARD
S0062500,C01780,P00587,ST028,2027-03-04 00:37:00,4,7939.21,0.15,WALLET
S0062501,C01404,P00481,ST025,2027-02-27 13:02:00,5,10052.76,0.00,UPI
S0062502,C00687,P00612,ST025,2027-05-26 03:17:00,8,12611.50,0.05,COD
S0062503,C01236,P00374,ST016,2027-01-02 19:29:00,8,688.46,0.05,WALLET
S0062504,C04865,P00059,ST013,2027-05-21 19:47:00,8,14733.93,0.05,WALLET
S0062505,C01604,P00812,ST048,2027-01-21 01:20:00,3,13449.06,0.05,CARD
S0062506,C05935,P00259,ST025,2026-12-21 05:37:00,6,5808.51,0.05,WALLET
S0062507,C01515,P00564,ST008,2026-11-26 12:50:00,3,13288.39,0.05,UPI
S0062508,C01076,P00801,ST005,2027-01-03 17:17:00,2,6852.19,0.15,CARD
S0062509,C05062,P00541,ST035,2027-02-16 14:20:00,4,12514.58,0.05,NET_BANKING
S0062510,C01757,P00034,ST047,2026-10-30 05:35:00,7,14038.19,0.15,UPI
S0062511,C03677,P00456,ST032,2026-12-14 09:10:00,2,2960.04,0.00,WALLET
S0062512,C05099,P00677,ST004,2026-10-09 16:43:00,8,9646.68,0.15,CARD
S0062513,C01088,P00439,ST047,2027-05-04 01:33:00,8,11875.56,0.10,CARD
S0062514,C04304,P01110,ST047,2027-05-07 10:49:00,2,2165.94,0.00,UPI
S0062515,C02938,P01011,ST017,2026-11-24 01:04:00,5,925.25,0.10,CARD
S0062516,C03988,P00707,ST045,2026-10-27 16:26:00,6,10164.19,0.00,NET_BANKING
S0062517,C02199,P00244,ST018,2027-05-08 06:15:00,2,12653.48,0.05,NET_BANKING
S0062518,C02968,P01189,ST048,2027-01-05 19:40:00,7,4550.83,0.00,COD
S0062519,C02030,P01141,ST040,2027-05-29 18:02:00,4,213.55,0.00,COD
S0062520,C05934,P00772,ST006,2027-02-16 19:27:00,5,13512.62,0.10,COD
S0062521,C05942,P00743,ST017,2027-02-09 20:35:00,4,11438.19,0.00,CARD
S0062522,C04197,P01146,ST033,2027-05-24 06:17:00,8,3688.34,0.05,WALLET
S0062523,C00837,P01135,ST022,2026-10-14 15:23:00,2,3209.21,0.15,CARD
S0062524,C03200,P00817,ST038,2026-10-18 15:14:00,6,11269.31,0.00,NET_BANKING
S0062525,C04018,P00641,ST005,2026-10-28 00:33:00,2,6765.73,0.00,NET_BANKING
S0062526,C04296,P00723,ST028,2027-01-11 15:20:00,6,11150.41,0.15,CARD
S0062527,C04209,P00456,ST004,2027-03-08 17:27:00,7,2960.04,0.15,UPI
S0062528,C00158,P00548,ST022,2027-02-25 16:14:00,8,11468.53,0.05,COD
S0062529,C02705,P00740,ST039,2027-04-22 10:02:00,2,10365.11,0.05,CARD
S0062530,C02112,P00884,ST034,2027-03-11 21:32:00,8,13619.78,0.05,CARD
S0062531,C02898,P00200,ST036,2026-11-16 19:38:00,3,12660.04,0.15,CARD
S0062532,C05562,P00810,ST034,2027-05-21 20:30:00,6,5274.62,0.00,WALLET
S0062533,C03527,P00749,ST019,2027-02-05 06:11:00,6,5536.94,0.15,NET_BANKING
S0062534,C02905,P00223,ST021,2026-11-16 17:42:00,2,6560.58,0.05,NET_BANKING
S0062535,C03880,P00539,ST002,2027-05-29 18:11:00,3,7157.77,0.00,NET_BANKING
S0062536,C03630,P00785,ST006,2027-05-28 02:33:00,2,8966.99,0.10,CARD
S0062537,C03753,P00229,ST017,2027-01-04 14:30:00,8,718.51,0.00,CARD
S0062538,C03281,P00300,ST040,2027-04-19 00:23:00,4,14429.61,0.05,UPI
S0062539,C01204,P00793,ST032,2026-11-08 15:15:00,5,9165.88,0.00,UPI
S0062540,C04033,P00338,ST020,2027-03-07 01:37:00,4,9729.31,0.00,COD
S0062541,C03189,P01120,ST019,2027-03-13 05:15:00,1,3959.37,0.00,UPI
S0062542,C05695,P00901,ST046,2026-12-20 02:01:00,1,11518.70,0.00,WALLET
S0062543,C00118,P00470,ST045,2027-05-16 22:23:00,7,2213.98,0.00,WALLET
S0062544,C04035,P00305,ST012,2026-11-03 22:04:00,8,8188.13,0.15,WALLET
S0062545,C04659,P00999,ST032,2026-10-17 08:24:00,7,6110.48,0.05,CARD
S0062546,C05609,P00727,ST001,2027-01-03 22:03:00,1,12337.64,0.15,WALLET
S0062547,C03244,P00908,ST010,2026-09-22 07:35:00,7,10685.50,0.00,WALLET
S0062548,C02109,P00897,ST006,2027-01-06 23:00:00,8,3588.17,0.00,UPI
S0062549,C01414,P00110,ST019,2026-12-14 11:08:00,4,11820.01,0.00,NET_BANKING
S0062550,C01006,P00605,ST018,2026-11-02 13:39:00,1,10366.72,0.00,COD
S0062551,C01721,P00283,ST022,2026-12-13 20:13:00,8,6670.75,0.00,UPI
S0062552,C03927,P00166,ST048,2027-04-25 23:47:00,3,8032.81,0.00,WALLET
S0062553,C05485,P00825,ST017,2026-10-03 21:57:00,5,4481.95,0.05,NET_BANKING
S0062554,C03998,P00050,ST031,2026-10-19 10:39:00,3,930.35,0.00,WALLET
S0062555,C03976,P00318,ST046,2027-01-16 12:33:00,2,10232.53,0.00,WALLET
S0062556,C00399,P00666,ST011,2026-10-11 10:36:00,6,12463.65,0.10,WALLET
S0062557,C00763,P00777,ST031,2027-05-09 13:02:00,4,7574.57,0.05,COD
S0062558,C03073,P01070,ST033,2027-05-03 21:37:00,8,1003.38,0.05,COD
S0062559,C05163,P00924,ST016,2027-03-15 04:33:00,6,2977.90,0.15,UPI
S0062560,C00314,P00282,ST023,2027-02-24 22:57:00,2,11737.73,0.15,UPI
S0062561,C04494,P00707,ST024,2026-09-19 08:38:00,8,10164.19,0.15,UPI
S0062562,C05933,P00537,ST034,2026-11-09 17:39:00,2,9956.19,0.15,WALLET
S0062563,C02432,P00315,ST027,2026-12-21 06:46:00,3,8151.43,0.00,WALLET
S0062564,C02682,P00643,ST002,2027-01-23 00:02:00,1,13117.03,0.00,NET_BANKING
S0062565,C03351,P00629,ST029,2027-01-19 10:32:00,6,11585.25,0.00,NET_BANKING
S0062566,C02250,P00351,ST015,2026-12-30 00:28:00,7,9073.84,0.00,COD
S0062567,C03246,P00362,ST019,2026-11-02 01:55:00,7,9461.46,0.10,CARD
S0062568,C05009,P00265,ST032,2027-02-02 06:31:00,3,11238.83,0.00,UPI
S0062569,C04091,P01179,ST006,2026-12-11 18:56:00,7,1674.60,0.10,WALLET
S0062570,C04618,P00946,ST034,2026-10-15 20:29:00,3,536.50,0.00,CARD
S0062571,C02072,P00270,ST007,2027-05-15 08:00:00,4,12684.63,0.00,WALLET
S0062572,C04939,P00836,ST010,2026-12-23 19:19:00,7,8199.84,0.00,NET_BANKING
S0062573,C04580,P01158,ST008,2026-11-23 21:59:00,7,898.41,0.00,WALLET
S0062574,C01640,P00725,ST023,2027-04-29 13:08:00,5,5516.84,0.15,COD
S0062575,C03859,P00127,ST035,2027-04-06 19:18:00,4,11914.83,0.00,COD
S0062576,C00984,P01090,ST038,2026-12-27 14:43:00,1,1751.67,0.00,CARD
S0062577,C05912,P00771,ST046,2027-05-22 05:23:00,1,9138.48,0.00,UPI
S0062578,C02275,P00994,ST038,2027-01-17 05:07:00,6,14986.15,0.00,CARD
S0062579,C05016,P00195,ST042,2027-02-11 18:25:00,8,10101.96,0.05,COD
S0062580,C02479,P00819,ST007,2027-05-19 02:17:00,2,5314.55,0.00,WALLET
S0062581,C05948,P00509,ST007,2027-01-23 21:35:00,3,6695.51,0.05,NET_BANKING
S0062582,C03533,P01116,ST007,2026-10-13 19:09:00,2,4931.54,0.10,UPI
S0062583,C02267,P01113,ST048,2027-03-18 23:44:00,5,590.13,0.00,COD
S0062584,C05571,P00642,ST015,2027-01-20 02:41:00,6,4616.48,0.15,NET_BANKING
S0062585,C01234,P00758,ST037,2026-10-28 11:48:00,2,8501.92,0.05,CARD
S0062586,C04656,P00056,ST005,2027-01-15 03:00:00,3,12872.42,0.00,CARD
S0062587,C01990,P01029,ST028,2026-10-27 00:46:00,2,4681.33,0.00,COD
S0062588,C05645,P00959,ST005,2026-10-10 15:35:00,7,9477.36,0.00,COD
S0062589,C05171,P01069,ST001,2026-12-08 18:42:00,3,1966.59,0.15,NET_BANKING
S0062590,C05297,P00941,ST012,2027-03-12 01:27:00,4,4779.66,0.00,WALLET
S0062591,C03573,P00868,ST027,2026-11-06 10:05:00,4,14973.26,0.15,UPI
S0062592,C02588,P00616,ST043,2027-03-15 19:08:00,1,114.05,0.05,WALLET
S0062593,C04814,P00326,ST039,2027-02-06 11:43:00,1,13983.47,0.00,CARD
S0062594,C05332,P01137,ST014,2027-01-13 10:28:00,8,1366.26,0.10,WALLET
S0062595,C04331,P00868,ST002,2027-05-25 10:21:00,1,14973.26,0.05,WALLET
S0062596,C05869,P00331,ST012,2027-05-17 23:04:00,4,9971.71,0.10,UPI
S0062597,C03927,P00242,ST012,2027-04-01 22:57:00,5,6380.48,0.15,CARD
S0062598,C05119,P01063,ST047,2026-12-10 08:28:00,1,854.63,0.00,CARD
S0062599,C00045,P00131,ST043,2027-01-08 23:47:00,4,13217.23,0.00,WALLET
S0062600,C02729,P00638,ST004,2027-02-13 03:25:00,7,8964.05,0.15,CARD
S0062601,C01040,P00668,ST020,2027-04-22 07:18:00,1,9801.28,0.15,CARD
S0062602,C01231,P00818,ST049,2027-04-09 13:30:00,8,9748.07,0.10,NET_BANKING
S0062603,C03477,P00669,ST028,2027-03-27 22:18:00,4,14324.33,0.10,COD
S0062604,C02407,P00514,ST023,2027-02-10 09:00:00,2,14174.96,0.05,WALLET
S0062605,C01239,P01188,ST001,2027-01-05 06:10:00,5,2006.42,0.00,WALLET
S0062606,C03931,P00314,ST017,2026-11-09 16:05:00,7,1767.09,0.15,CARD
S0062607,C03602,P01092,ST040,2027-05-07 06:01:00,8,4268.17,0.10,NET_BANKING
S0062608,C00985,P00398,ST020,2027-01-22 04:32:00,7,12199.29,0.10,COD
S0062609,C04122,P00062,ST012,2026-09-25 16:57:00,1,6290.18,0.05,NET_BANKING
S0062610,C01039,P01128,ST008,2027-02-21 02:48:00,4,4217.97,0.00,CARD
S0062611,C03994,P00026,ST017,2027-05-01 18:14:00,5,3973.71,0.05,NET_BANKING
S0062612,C04259,P00370,ST028,2027-03-08 20:11:00,5,9728.34,0.00,WALLET
S0062613,C00658,P00040,ST025,2027-01-04 06:06:00,7,1501.66,0.15,NET_BANKING
S0062614,C04638,P00602,ST047,2026-10-11 23:03:00,7,10282.25,0.10,NET_BANKING
S0062615,C01383,P00009,ST004,2027-01-30 07:26:00,4,14426.84,0.05,WALLET
S0062616,C01381,P01167,ST026,2026-12-27 15:17:00,8,1148.14,0.00,CARD
S0062617,C05561,P00459,ST020,2027-05-27 11:53:00,7,608.46,0.00,UPI
S0062618,C03385,P00605,ST006,2027-01-08 13:24:00,4,10366.72,0.15,UPI
S0062619,C03142,P00767,ST015,2026-10-04 15:02:00,2,11689.48,0.15,NET_BANKING
S0062620,C03370,P00094,ST019,2027-01-24 10:49:00,3,3538.71,0.15,COD
S0062621,C05837,P00306,ST029,2026-12-13 04:18:00,7,8871.87,0.05,COD
S0062622,C00921,P00949,ST009,2026-09-18 15:04:00,1,5923.78,0.10,COD
S0062623,C00618,P00330,ST026,2027-05-13 06:57:00,4,3475.34,0.10,UPI
S0062624,C02019,P00474,ST050,2027-01-23 12:58:00,1,2329.87,0.00,UPI
S0062625,C04611,P01063,ST018,2027-03-14 02:53:00,7,1287.75,0.10,CARD
S0062626,C04512,P00005,ST029,2026-10-01 09:50:00,3,3720.45,0.00,UPI
S0062627,C03570,P00545,ST021,2027-05-12 04:20:00,1,2928.27,0.00,WALLET
S0062628,C03372,P00624,ST048,2027-02-02 04:27:00,7,10459.90,0.10,COD
S0062629,C05122,P01100,ST044,2026-11-15 05:21:00,4,3493.13,0.15,COD
S0062630,C01544,P00212,ST008,2026-12-12 08:15:00,7,13581.02,0.05,UPI
S0062631,C01930,P01012,ST033,2027-03-04 02:59:00,6,3038.72,0.15,WALLET
S0062632,C03433,P00541,ST029,2026-11-02 17:23:00,7,12514.58,0.10,WALLET
S0062633,C03717,P00633,ST011,2027-03-25 17:37:00,8,8834.04,0.05,WALLET
S0062634,C00036,P00197,ST009,2026-12-20 03:26:00,8,14262.88,0.05,CARD
S0062635,C03597,P00785,ST018,2027-05-09 19:15:00,2,8966.99,0.00,WALLET
S0062636,C03191,P00346,ST042,2026-11-17 00:55:00,6,10411.85,0.00,WALLET
S0062637,C05185,P00442,ST012,2027-03-16 10:31:00,4,12602.76,0.15,NET_BANKING
S0062638,C03943,P00320,ST019,2026-09-19 05:16:00,3,7970.92,0.00,WALLET
S0062639,C02326,P00911,ST037,2027-05-30 08:28:00,2,10076.98,0.05,NET_BANKING
S0062640,C01031,P00314,ST040,2026-10-03 17:44:00,1,1767.09,0.00,NET_BANKING
S0062641,C00622,P00479,ST010,2027-05-05 17:03:00,8,1921.66,0.00,UPI
S0062642,C03165,P01125,ST045,2027-04-08 00:08:00,5,3307.13,0.00,COD
S0062643,C03425,P00588,ST049,2027-02-13 20:41:00,7,12949.54,0.05,NET_BANKING
S0062644,C03382,P00767,ST010,2027-02-28 23:46:00,1,11689.48,0.00,UPI
S0062645,C04914,P00632,ST017,2026-11-11 12:30:00,3,6057.90,0.15,COD
S0062646,C03160,P01083,ST026,2027-01-30 07:28:00,1,1191.99,0.10,CARD
S0062647,C01212,P00302,ST039,2027-02-10 04:34:00,8,146.60,0.10,WALLET
S0062648,C04446,P00858,ST049,2026-10-20 21:16:00,4,2715.82,0.05,UPI
S0062649,C03741,P00151,ST025,2026-09-22 15:40:00,2,9961.31,0.15,UPI
S0062650,C03977,P01003,ST015,2027-02-05 19:57:00,1,3435.43,0.05,CARD
S0062651,C04754,P00717,ST010,2026-11-06 05:50:00,1,679.75,0.10,NET_BANKING
S0062652,C01166,P00995,ST038,2027-01-26 15:35:00,7,10497.82,0.15,COD
S0062653,C03882,P00283,ST015,2026-12-13 17:24:00,8,6670.75,0.00,WALLET
S0062654,C02341,P00483,ST037,2027-01-07 15:21:00,4,7759.25,0.15,WALLET
S0062655,C05566,P00266,ST016,2027-03-02 10:35:00,1,13447.25,0.10,WALLET
S0062656,C03292,P01084,ST018,2027-03-17 21:02:00,5,791.59,0.05,WALLET
S0062657,C00853,P00704,ST007,2027-01-22 02:09:00,2,3700.74,0.05,NET_BANKING
S0062658,C01508,P00901,ST048,2027-05-06 09:38:00,1,11518.70,0.15,CARD
S0062659,C02951,P00759,ST041,2027-02-04 07:55:00,2,2675.60,0.10,WALLET
S0062660,C04085,P00009,ST016,2026-11-19 23:08:00,8,14426.84,0.00,UPI
S0062661,C02224,P00648,ST026,2027-01-10 18:32:00,4,4120.80,0.10,CARD
S0062662,C04039,P00765,ST029,2027-01-01 23:21:00,8,9252.17,0.10,COD
S0062663,C00162,P01184,ST001,2027-01-14 02:31:00,6,359.70,0.00,UPI
S0062664,C02439,P00685,ST031,2026-11-03 00:16:00,2,2866.20,0.10,CARD
S0062665,C03840,P00924,ST029,2026-12-28 22:22:00,4,2977.90,0.10,NET_BANKING
S0062666,C01510,P00683,ST038,2027-01-27 14:43:00,8,6906.08,0.00,COD
S0062667,C05065,P00045,ST024,2027-04-28 14:44:00,8,3670.33,0.15,COD
S0062668,C03547,P00361,ST015,2026-09-26 07:43:00,1,3502.39,0.05,COD
S0062669,C02461,P01191,ST027,2026-09-28 13:54:00,7,3550.94,0.00,COD
S0062670,C00126,P00800,ST007,2026-11-17 01:44:00,4,14143.96,0.05,COD
S0062671,C04209,P00119,ST045,2027-01-26 13:03:00,6,794.81,0.15,NET_BANKING
S0062672,C01553,P01028,ST041,2027-01-30 06:14:00,2,1418.64,0.05,NET_BANKING
S0062673,C01938,P00347,ST031,2026-12-04 01:13:00,1,13728.26,0.00,NET_BANKING
S0062674,C00359,P00146,ST036,2026-10-07 13:33:00,6,1016.88,0.00,CARD
S0062675,C01083,P00713,ST038,2026-12-17 23:00:00,7,3603.18,0.15,NET_BANKING
S0062676,C01871,P00517,ST003,2027-05-04 13:09:00,4,13887.99,0.10,COD
S0062677,C01946,P00166,ST048,2026-11-28 07:14:00,6,8032.81,0.00,WALLET
S0062678,C02648,P00166,ST047,2027-02-25 12:44:00,8,8032.81,0.10,COD
S0062679,C04580,P00180,ST019,2026-09-22 20:52:00,3,12378.45,0.00,NET_BANKING
S0062680,C05973,P00952,ST007,2027-03-18 04:20:00,1,7725.11,0.05,CARD
S0062681,C05973,P00720,ST045,2027-03-03 18:34:00,6,4896.05,0.15,CARD
S0062682,C04062,P00228,ST049,2027-05-22 08:24:00,4,4532.08,0.00,CARD
S0062683,C02169,P00136,ST006,2027-06-01 11:48:00,5,2339.70,0.00,COD
S0062684,C02835,P00940,ST034,2026-10-28 04:15:00,1,10304.16,0.00,COD
S0062685,C00520,P01060,ST027,2026-09-24 13:34:00,6,218.99,0.00,WALLET
S0062686,C01610,P00012,ST001,2027-03-06 21:14:00,1,50.90,0.05,NET_BANKING
S0062687,C00933,P00829,ST001,2027-01-14 22:41:00,1,5882.19,0.10,NET_BANKING
S0062688,C04714,P00748,ST040,2027-01-18 06:18:00,2,7740.82,0.10,CARD
S0062689,C04305,P00655,ST020,2026-09-28 13:45:00,1,8138.00,0.00,NET_BANKING
S0062690,C03148,P00526,ST042,2026-12-05 05:43:00,1,8424.35,0.10,UPI
S0062691,C02118,P00052,ST020,2027-01-01 08:39:00,3,6138.64,0.10,COD
S0062692,C02350,P00128,ST021,2027-03-05 01:25:00,6,12585.65,0.00,UPI
S0062693,C02699,P00568,ST037,2027-03-12 03:45:00,2,11436.07,0.05,UPI
S0062694,C03274,P00832,ST032,2026-11-23 14:56:00,6,12604.04,0.00,COD
S0062695,C00036,P00850,ST032,2026-12-06 13:59:00,8,4390.79,0.15,CARD
S0062696,C04132,P00138,ST023,2026-12-10 14:57:00,7,11081.05,0.05,NET_BANKING
S0062697,C00019,P00875,ST020,2026-09-22 23:07:00,1,9193.50,0.00,UPI
S0062698,C05836,P00652,ST023,2026-12-16 13:40:00,7,7213.51,0.10,UPI
S0062699,C03164,P01033,ST017,2027-01-23 11:50:00,6,2036.72,0.00,CARD
S0062700,C00929,P00769,ST024,2027-01-18 12:51:00,5,14064.61,0.00,NET_BANKING
S0062701,C04974,P00747,ST012,2027-01-21 16:33:00,3,91.31,0.10,CARD
S0062702,C05040,P00775,ST045,2026-12-09 14:06:00,8,7767.36,0.15,COD
S0062703,C04508,P00057,ST019,2026-12-18 16:46:00,8,6283.79,0.10,NET_BANKING
S0062704,C00753,P01033,ST029,2027-05-11 15:49:00,5,927.73,0.00,CARD
S0062705,C05421,P00773,ST019,2026-12-20 03:56:00,6,11513.99,0.00,COD
S0062706,C00253,P01019,ST030,2026-11-23 20:57:00,4,2241.05,0.10,CARD
S0062707,C04078,P00539,ST015,2027-02-18 15:22:00,7,7157.77,0.15,COD
S0062708,C04024,P00782,ST006,2027-03-31 23:48:00,6,13670.11,0.15,WALLET
S0062709,C05971,P00051,ST043,2027-02-16 04:32:00,8,8015.72,0.00,UPI
S0062710,C01118,P00278,ST004,2026-12-19 10:09:00,1,3088.10,0.00,UPI
S0062711,C04279,P01068,ST015,2026-10-16 10:22:00,8,3370.12,0.00,CARD
S0062712,C05547,P01128,ST022,2026-10-14 11:27:00,1,2435.93,0.00,UPI
S0062713,C00089,P00865,ST009,2027-03-16 14:37:00,5,8660.01,0.00,COD
S0062714,C02010,P00051,ST038,2027-04-21 08:03:00,1,8015.72,0.00,COD
S0062715,C01584,P00458,ST010,2027-04-11 08:19:00,1,9495.95,0.05,COD
S0062716,C03319,P00762,ST024,2027-04-23 18:18:00,1,9970.99,0.05,COD
S0062717,C03667,P00899,ST035,2027-05-12 15:10:00,4,12008.75,0.00,NET_BANKING
S0062718,C00831,P00572,ST040,2027-02-24 05:25:00,1,413.41,0.00,WALLET
S0062719,C04463,P00257,ST017,2027-02-09 01:23:00,4,14449.49,0.00,COD
S0062720,C03274,P00896,ST014,2026-12-11 08:41:00,2,9136.34,0.00,UPI
S0062721,C01004,P01172,ST027,2027-03-23 08:33:00,1,1625.54,0.05,UPI
S0062722,C03646,P00680,ST018,2027-03-14 08:54:00,7,6161.56,0.00,NET_BANKING
S0062723,C02651,P00892,ST024,2027-04-22 21:24:00,7,12540.67,0.00,NET_BANKING
S0062724,C02743,P00123,ST001,2027-02-08 16:57:00,6,4247.43,0.05,NET_BANKING
S0062725,C02755,P00689,ST021,2027-04-22 17:28:00,4,1747.51,0.00,UPI
S0062726,C00248,P00655,ST038,2026-12-11 03:35:00,5,8138.00,0.05,UPI
S0062727,C05387,P00350,ST030,2026-12-06 03:46:00,3,12905.92,0.05,WALLET
S0062728,C03030,P00077,ST050,2026-10-26 00:49:00,3,5411.25,0.15,CARD
S0062729,C05331,P00509,ST008,2027-04-14 01:39:00,5,6695.51,0.15,NET_BANKING
S0062730,C02770,P00463,ST039,2027-02-20 22:04:00,2,13244.30,0.00,NET_BANKING
S0062731,C05336,P00779,ST039,2027-05-23 04:31:00,4,9277.18,0.00,NET_BANKING
S0062732,C00464,P00010,ST013,2027-01-21 03:25:00,7,10965.99,0.15,UPI
S0062733,C00657,P01002,ST033,2026-09-29 23:49:00,4,4442.29,0.15,UPI
S0062734,C04372,P00407,ST042,2026-11-03 18:29:00,4,6517.00,0.00,CARD
S0062735,C02622,P00769,ST004,2027-04-17 07:03:00,1,14064.61,0.00,UPI
S0062736,C02698,P00165,ST021,2027-05-20 14:52:00,2,14497.74,0.15,WALLET
S0062737,C02380,P00504,ST040,2026-11-06 13:39:00,4,6640.14,0.15,COD
S0062738,C00881,P01168,ST036,2027-05-23 11:18:00,1,1131.00,0.00,COD
S0062739,C01692,P00682,ST001,2026-10-06 09:23:00,5,14995.19,0.00,WALLET
S0062740,C01146,P00356,ST014,2026-10-17 00:55:00,1,6310.49,0.10,WALLET
S0062741,C00409,P01194,ST046,2026-12-27 16:30:00,1,3758.50,0.00,UPI
S0062742,C03733,P00244,ST040,2026-11-27 18:35:00,6,12653.48,0.00,UPI
S0062743,C02029,P00823,ST039,2026-11-13 02:48:00,4,13235.97,0.00,WALLET
S0062744,C02169,P00730,ST009,2026-12-14 11:44:00,3,3796.60,0.15,WALLET
S0062745,C02439,P01008,ST049,2027-03-15 14:01:00,3,2627.92,0.05,CARD
S0062746,C03823,P00417,ST024,2027-02-21 03:24:00,7,4251.66,0.10,UPI
S0062747,C05975,P00579,ST043,2027-03-16 13:34:00,1,10886.45,0.05,UPI
S0062748,C04357,P00320,ST021,2026-12-05 04:21:00,2,7970.92,0.10,CARD
S0062749,C02688,P00738,ST025,2026-11-20 21:17:00,6,14125.52,0.10,WALLET
S0062750,C05173,P00726,ST022,2027-02-13 23:11:00,1,7391.49,0.00,NET_BANKING
S0062751,C02891,P00632,ST015,2027-02-24 01:51:00,5,6057.90,0.00,UPI
S0062752,C02613,P00621,ST007,2026-09-16 11:53:00,2,12280.84,0.00,CARD
S0062753,C01328,P00014,ST007,2027-04-09 07:13:00,5,9230.95,0.00,UPI
S0062754,C05691,P00187,ST006,2027-03-18 10:50:00,4,6392.10,0.15,COD
S0062755,C05335,P00133,ST006,2027-04-02 01:28:00,5,12379.20,0.05,UPI
S0062756,C00386,P00245,ST046,2027-01-16 00:09:00,8,8201.28,0.00,NET_BANKING
S0062757,C05860,P00055,ST020,2027-04-04 21:17:00,6,8397.51,0.10,UPI
S0062758,C05199,P00001,ST024,2027-01-26 05:23:00,8,14748.70,0.00,WALLET
S0062759,C01407,P00285,ST003,2027-02-06 16:24:00,2,6123.71,0.00,NET_BANKING
S0062760,C01922,P00954,ST025,2027-05-10 00:10:00,4,8183.55,0.00,COD
S0062761,C04069,P00831,ST046,2027-04-14 23:41:00,6,4958.66,0.00,NET_BANKING
S0062762,C03211,P01069,ST025,2027-04-10 05:43:00,6,723.58,0.00,CARD
S0062763,C03883,P00882,ST023,2027-03-03 22:30:00,1,1160.87,0.00,UPI
S0062764,C04035,P00944,ST022,2026-09-29 09:22:00,8,13637.69,0.00,WALLET
S0062765,C05377,P01161,ST023,2027-04-14 22:06:00,8,4856.82,0.00,COD
S0062766,C02176,P00218,ST012,2027-03-18 22:39:00,4,7857.30,0.00,UPI
S0062767,C04068,P00835,ST022,2027-01-01 12:55:00,3,14703.43,0.05,WALLET
S0062768,C03421,P00588,ST017,2027-03-22 04:21:00,4,12949.54,0.15,WALLET
S0062769,C00162,P01004,ST010,2027-05-08 05:08:00,1,4589.64,0.15,CARD
S0062770,C00467,P00228,ST014,2026-12-22 01:24:00,8,4532.08,0.10,UPI
S0062771,C00708,P00168,ST037,2027-01-29 23:24:00,7,5532.44,0.15,COD
S0062772,C04815,P00364,ST026,2026-12-26 09:01:00,2,12302.90,0.00,WALLET
S0062773,C04491,P00693,ST048,2027-05-08 08:52:00,4,10171.16,0.10,UPI
S0062774,C02497,P00581,ST001,2027-04-03 00:40:00,5,5203.27,0.10,WALLET
S0062775,C04563,P00593,ST006,2027-03-14 11:07:00,7,3386.42,0.15,UPI
S0062776,C04843,P00376,ST027,2026-10-18 00:08:00,8,6826.58,0.00,WALLET
S0062777,C02772,P00293,ST019,2027-04-03 03:43:00,6,8511.68,0.15,UPI
S0062778,C01069,P00360,ST027,2027-01-20 19:53:00,1,8928.80,0.00,NET_BANKING
S0062779,C05859,P01127,ST040,2026-09-30 08:05:00,2,1296.62,0.00,UPI
S0062780,C03602,P00205,ST029,2027-03-18 21:09:00,2,2535.39,0.15,COD
S0062781,C03205,P00504,ST013,2027-06-02 01:53:00,5,6640.14,0.10,COD
S0062782,C02281,P00856,ST039,2026-10-13 13:47:00,8,4490.45,0.00,NET_BANKING
S0062783,C04871,P00603,ST013,2026-10-08 12:15:00,4,7723.35,0.05,UPI
S0062784,C05935,P00758,ST014,2027-02-26 20:58:00,7,8501.92,0.00,WALLET
S0062785,C05303,P00428,ST045,2027-03-15 13:46:00,5,11541.27,0.10,COD
S0062786,C04333,P00644,ST009,2027-01-10 08:32:00,6,8264.91,0.00,UPI
S0062787,C03579,P00447,ST027,2027-05-01 01:14:00,1,13780.12,0.10,WALLET
S0062788,C01729,P00119,ST010,2027-05-17 02:17:00,1,794.81,0.10,WALLET
S0062789,C04598,P01196,ST046,2027-04-23 00:27:00,3,2041.35,0.05,UPI
S0062790,C01162,P00122,ST037,2027-04-24 11:55:00,7,9607.56,0.05,CARD
S0062791,C02108,P00271,ST033,2026-10-01 01:24:00,3,11702.78,0.05,CARD
S0062792,C02749,P00859,ST028,2027-01-02 08:54:00,5,4987.90,0.00,COD
S0062793,C01670,P00982,ST050,2027-03-18 13:26:00,1,1313.93,0.05,UPI
S0062794,C03042,P01166,ST048,2027-05-12 06:57:00,1,637.09,0.05,CARD
S0062795,C00548,P00720,ST037,2027-02-20 19:41:00,7,4896.05,0.00,WALLET
S0062796,C01938,P00019,ST050,2027-01-23 22:40:00,5,4767.41,0.00,UPI
S0062797,C00994,P00334,ST014,2026-10-03 08:07:00,3,10056.18,0.05,UPI
S0062798,C01889,P00199,ST049,2027-01-09 18:11:00,8,10119.49,0.00,NET_BANKING
S0062799,C00888,P00865,ST043,2027-01-17 08:37:00,3,8660.01,0.00,WALLET
S0062800,C01938,P00981,ST050,2027-01-03 04:39:00,3,5838.61,0.15,WALLET
S0062801,C01160,P00232,ST012,2026-12-05 03:13:00,5,10782.96,0.15,CARD
S0062802,C02087,P00874,ST049,2027-05-02 01:40:00,2,13474.71,0.10,CARD
S0062803,C05847,P00210,ST007,2027-04-21 23:14:00,2,3260.81,0.00,CARD
S0062804,C00574,P00574,ST002,2027-03-13 17:45:00,6,8927.79,0.05,UPI
S0062805,C02132,P00296,ST007,2026-11-07 06:30:00,5,4617.53,0.15,CARD
S0062806,C02641,P00771,ST041,2027-04-17 08:34:00,1,9138.48,0.00,COD
S0062807,C05920,P00681,ST030,2027-04-07 18:24:00,5,10247.66,0.15,UPI
S0062808,C03921,P00589,ST006,2027-04-28 20:30:00,3,4410.37,0.15,COD
S0062809,C00160,P01007,ST042,2027-01-04 16:24:00,1,718.72,0.00,WALLET
S0062810,C03833,P00068,ST022,2026-09-22 08:30:00,5,2033.40,0.10,COD
S0062811,C03506,P00342,ST009,2027-01-11 11:03:00,1,2514.86,0.10,CARD
S0062812,C01081,P00500,ST029,2027-01-01 05:37:00,6,13885.62,0.10,WALLET
S0062813,C01160,P01139,ST007,2026-11-21 14:12:00,3,4011.79,0.05,NET_BANKING
S0062814,C02046,P00680,ST032,2027-03-04 20:32:00,8,6161.56,0.15,COD
S0062815,C00053,P00896,ST041,2027-03-02 15:39:00,8,9136.34,0.00,CARD
S0062816,C01172,P00728,ST044,2026-09-24 22:12:00,1,2376.69,0.15,WALLET
S0062817,C05538,P00163,ST002,2027-01-25 23:56:00,8,2045.70,0.00,UPI
S0062818,C03854,P00253,ST011,2027-05-08 23:44:00,3,12129.99,0.15,NET_BANKING
S0062819,C05426,P01055,ST003,2026-11-09 07:46:00,7,1001.75,0.15,NET_BANKING
S0062820,C01113,P00232,ST040,2027-02-06 18:18:00,1,10782.96,0.00,CARD
S0062821,C05718,P00715,ST001,2027-01-24 17:49:00,3,9749.53,0.10,WALLET
S0062822,C00396,P00168,ST015,2027-01-04 07:33:00,5,5532.44,0.10,UPI
S0062823,C00557,P00970,ST015,2027-03-04 16:24:00,6,11802.25,0.05,UPI
S0062824,C05956,P00206,ST034,2027-04-05 21:35:00,4,12086.30,0.15,WALLET
S0062825,C01745,P00862,ST015,2027-01-05 00:47:00,7,12635.93,0.15,UPI
S0062826,C03081,P00794,ST040,2026-10-31 21:27:00,5,9152.31,0.00,CARD
S0062827,C00560,P01036,ST024,2026-12-17 10:51:00,7,613.81,0.00,WALLET
S0062828,C01593,P01161,ST023,2026-12-27 00:44:00,2,4103.60,0.00,UPI
S0062829,C00812,P00546,ST031,2026-12-10 10:31:00,3,9420.65,0.10,CARD
S0062830,C05857,P01153,ST038,2027-02-17 16:05:00,7,2599.55,0.00,UPI
S0062831,C02021,P00118,ST008,2027-05-28 19:17:00,8,7964.36,0.05,NET_BANKING
S0062832,C03498,P00189,ST039,2027-03-04 13:02:00,4,10563.30,0.05,NET_BANKING
S0062833,C00517,P00843,ST031,2026-12-11 05:45:00,1,13366.08,0.05,WALLET
S0062834,C03067,P00042,ST020,2027-01-14 12:23:00,8,14409.73,0.05,UPI
S0062835,C04524,P00106,ST022,2026-11-19 22:31:00,7,14238.90,0.10,NET_BANKING
S0062836,C05786,P00130,ST009,2027-02-05 23:49:00,1,1609.69,0.05,UPI
S0062837,C04690,P00541,ST034,2026-12-20 18:16:00,2,12514.58,0.15,NET_BANKING
S0062838,C00506,P00615,ST050,2027-04-14 06:40:00,2,5873.54,0.15,NET_BANKING
S0062839,C02183,P00144,ST001,2026-12-09 03:11:00,3,9162.18,0.15,CARD
S0062840,C02876,P00498,ST003,2027-05-23 09:49:00,8,302.97,0.00,CARD
S0062841,C05869,P00671,ST031,2027-01-10 05:37:00,3,12833.33,0.15,WALLET
S0062842,C03047,P00033,ST007,2027-03-10 18:40:00,1,11598.07,0.10,NET_BANKING
S0062843,C01132,P00486,ST040,2027-04-25 17:52:00,5,10044.32,0.15,NET_BANKING
S0062844,C05423,P00267,ST041,2027-01-16 11:14:00,2,4567.81,0.15,COD
S0062845,C03190,P00457,ST021,2027-05-27 21:48:00,1,2393.60,0.00,NET_BANKING
S0062846,C00348,P01004,ST010,2027-04-01 11:50:00,5,95.71,0.15,CARD
S0062847,C05597,P00707,ST045,2026-10-17 06:56:00,7,10164.19,0.00,UPI
S0062848,C02945,P00837,ST049,2027-05-16 10:53:00,1,11678.05,0.10,WALLET
S0062849,C01084,P00825,ST001,2026-12-02 19:18:00,7,4481.95,0.05,COD
S0062850,C03482,P00861,ST038,2027-02-02 12:23:00,3,3963.47,0.05,NET_BANKING
S0062851,C05564,P00624,ST037,2026-11-21 04:11:00,1,10459.90,0.00,COD
S0062852,C01602,P00478,ST042,2027-01-03 21:04:00,6,1905.90,0.00,UPI
S0062853,C03752,P00529,ST028,2026-11-12 07:38:00,1,10534.37,0.00,COD
S0062854,C01452,P00265,ST025,2027-04-05 13:45:00,1,11238.83,0.10,WALLET
S0062855,C04797,P00410,ST018,2026-11-11 17:49:00,3,12139.70,0.10,COD
S0062856,C01789,P00852,ST029,2027-04-04 00:16:00,5,9756.12,0.00,UPI
S0062857,C04598,P00161,ST015,2026-11-12 09:27:00,1,3469.31,0.15,NET_BANKING
S0062858,C03690,P00820,ST013,2027-02-23 12:06:00,4,1994.37,0.10,UPI
S0062859,C02902,P00397,ST016,2026-11-19 02:11:00,8,12844.97,0.05,NET_BANKING
S0062860,C03492,P00557,ST041,2027-05-09 10:40:00,5,9429.31,0.10,CARD
S0062861,C05728,P00665,ST016,2026-11-19 13:14:00,6,13897.47,0.00,CARD
S0062862,C00708,P00730,ST029,2027-05-20 05:15:00,1,3796.60,0.10,COD
S0062863,C03949,P01045,ST007,2026-10-28 11:30:00,6,4281.82,0.10,NET_BANKING
S0062864,C05812,P00767,ST026,2026-10-31 20:49:00,1,11689.48,0.15,UPI
S0062865,C01501,P01120,ST008,2026-10-03 09:21:00,5,2119.44,0.05,COD
S0062866,C01958,P00562,ST026,2027-03-22 19:25:00,3,10013.06,0.15,CARD
S0062867,C04623,P01113,ST022,2026-09-20 08:15:00,1,2262.47,0.15,NET_BANKING
S0062868,C02606,P00326,ST028,2027-03-07 01:35:00,7,13983.47,0.05,WALLET
S0062869,C00321,P00873,ST038,2027-03-31 20:19:00,1,9917.75,0.15,NET_BANKING
S0062870,C00346,P01182,ST046,2027-01-22 11:31:00,7,3095.25,0.00,NET_BANKING
S0062871,C02883,P00560,ST044,2027-05-02 19:37:00,1,9161.86,0.15,COD
S0062872,C01720,P00198,ST008,2026-12-20 12:28:00,3,11526.28,0.10,UPI
S0062873,C00910,P01113,ST038,2027-05-06 06:53:00,1,4866.43,0.05,NET_BANKING
S0062874,C01170,P00136,ST024,2026-11-10 06:02:00,7,2339.70,0.10,WALLET
S0062875,C01725,P00406,ST026,2027-05-07 22:54:00,7,1162.78,0.15,NET_BANKING
S0062876,C04128,P00534,ST039,2026-12-28 05:33:00,6,5928.36,0.10,UPI
S0062877,C00057,P00678,ST036,2027-05-10 04:16:00,5,5849.17,0.05,NET_BANKING
S0062878,C00534,P00243,ST008,2027-01-04 00:39:00,1,6859.66,0.05,COD
S0062879,C00235,P00225,ST015,2027-03-22 16:19:00,4,9830.38,0.00,WALLET
S0062880,C04733,P00385,ST024,2027-03-23 21:51:00,4,6877.27,0.00,WALLET
S0062881,C03695,P00416,ST013,2027-04-19 19:49:00,1,7537.51,0.00,COD
S0062882,C03083,P01137,ST012,2026-12-30 02:43:00,7,672.46,0.15,UPI
S0062883,C00676,P00137,ST018,2027-03-18 21:39:00,7,9416.73,0.15,UPI
S0062884,C01109,P01079,ST042,2027-03-20 10:29:00,5,3398.62,0.15,COD
S0062885,C02260,P00829,ST041,2026-11-18 11:44:00,6,5882.19,0.05,UPI
S0062886,C05966,P00639,ST005,2026-09-27 19:37:00,5,5321.74,0.15,CARD
S0062887,C03767,P00965,ST005,2027-03-27 06:03:00,5,14887.52,0.00,NET_BANKING
S0062888,C03227,P00640,ST018,2026-12-18 03:36:00,1,9013.79,0.00,COD
S0062889,C00894,P00316,ST039,2026-11-25 14:01:00,2,4896.51,0.05,WALLET
S0062890,C04538,P00691,ST022,2027-02-26 15:31:00,5,11997.97,0.10,CARD
S0062891,C03940,P00314,ST018,2027-04-07 16:16:00,4,1767.09,0.10,COD
S0062892,C01173,P00987,ST027,2026-12-25 14:50:00,6,8796.88,0.15,CARD
S0062893,C02369,P00226,ST003,2026-12-09 09:19:00,3,14378.99,0.00,UPI
S0062894,C04759,P00997,ST018,2027-02-02 00:20:00,8,2288.79,0.05,COD
S0062895,C01209,P00094,ST043,2026-12-12 04:57:00,8,3538.71,0.15,WALLET
S0062896,C04730,P00369,ST022,2027-02-10 08:06:00,7,2410.82,0.15,COD
S0062897,C05364,P00483,ST008,2026-09-23 02:17:00,2,7759.25,0.00,UPI
S0062898,C01373,P00925,ST048,2027-03-17 01:08:00,6,9802.23,0.00,COD
S0062899,C02181,P00571,ST028,2027-03-05 10:09:00,8,4671.20,0.00,NET_BANKING
S0062900,C03222,P00633,ST010,2027-05-22 03:04:00,4,8834.04,0.15,UPI
S0062901,C04331,P00859,ST013,2026-11-23 01:42:00,1,4987.90,0.15,UPI
S0062902,C01926,P00747,ST044,2026-10-06 02:29:00,6,91.31,0.00,COD
S0062903,C03257,P00837,ST048,2027-03-18 20:46:00,5,11678.05,0.15,CARD
S0062904,C04117,P00096,ST014,2027-04-19 20:44:00,8,891.62,0.00,UPI
S0062905,C03649,P00951,ST003,2027-05-16 18:14:00,4,6661.86,0.15,NET_BANKING
S0062906,C05761,P00341,ST011,2027-01-07 05:32:00,1,12040.98,0.10,COD
S0062907,C05964,P01142,ST049,2026-12-26 21:27:00,3,4681.95,0.05,COD
S0062908,C03090,P00912,ST050,2026-11-27 11:03:00,7,12258.78,0.05,CARD
S0062909,C05993,P00343,ST010,2026-12-19 11:55:00,8,4575.42,0.15,UPI
S0062910,C04684,P00094,ST046,2026-10-10 16:31:00,3,3538.71,0.05,NET_BANKING
S0062911,C00050,P01084,ST023,2026-11-16 17:44:00,3,1164.04,0.10,COD
S0062912,C03365,P00109,ST026,2027-04-27 00:18:00,7,9560.87,0.10,UPI
S0062913,C01341,P00600,ST027,2026-09-25 03:23:00,7,6476.74,0.15,CARD
S0062914,C03011,P00363,ST039,2026-12-21 09:02:00,1,7028.08,0.00,CARD
S0062915,C03775,P00230,ST035,2027-03-25 03:04:00,3,9832.40,0.00,NET_BANKING
S0062916,C01385,P00258,ST032,2027-05-21 05:48:00,5,9537.16,0.10,UPI
S0062917,C05008,P00799,ST044,2027-03-29 12:38:00,7,5194.85,0.15,COD
S0062918,C03430,P00553,ST047,2027-01-25 13:07:00,3,10883.36,0.15,WALLET
S0062919,C01240,P00865,ST035,2026-11-21 04:18:00,4,8660.01,0.15,COD
S0062920,C05087,P01174,ST047,2027-05-18 22:23:00,5,712.59,0.05,WALLET
S0062921,C04472,P00029,ST044,2026-12-30 06:16:00,5,10510.24,0.00,UPI
S0062922,C00563,P00846,ST039,2026-12-26 19:13:00,6,5378.97,0.10,NET_BANKING
S0062923,C00408,P00953,ST036,2027-03-05 10:53:00,2,11654.98,0.05,UPI
S0062924,C05564,P00051,ST046,2026-12-29 09:27:00,5,8015.72,0.10,UPI
S0062925,C04545,P00296,ST019,2027-01-19 03:30:00,1,4617.53,0.15,NET_BANKING
S0062926,C03395,P00483,ST032,2027-02-08 17:36:00,1,7759.25,0.15,CARD
S0062927,C02004,P00911,ST043,2027-01-12 08:07:00,1,10076.98,0.00,UPI
S0062928,C00743,P00793,ST047,2026-10-28 03:42:00,1,9165.88,0.00,UPI
S0062929,C02632,P00256,ST012,2027-05-19 23:38:00,6,1987.06,0.05,WALLET
S0062930,C04994,P00686,ST039,2027-02-11 07:20:00,1,1168.81,0.00,WALLET
S0062931,C01532,P00206,ST004,2027-05-12 18:48:00,7,12086.30,0.00,WALLET
S0062932,C04067,P01179,ST038,2026-12-18 08:39:00,6,724.20,0.05,COD
S0062933,C02106,P00484,ST013,2027-03-16 10:50:00,5,195.13,0.00,WALLET
S0062934,C05923,P00570,ST025,2026-11-13 02:13:00,1,8154.82,0.00,UPI
S0062935,C05277,P00422,ST006,2026-10-21 20:43:00,2,8067.73,0.00,UPI
S0062936,C03282,P00607,ST026,2027-04-29 04:45:00,4,9830.20,0.05,WALLET
S0062937,C01807,P00920,ST015,2027-03-07 03:05:00,3,13420.77,0.05,COD
S0062938,C03683,P00837,ST044,2027-03-18 11:03:00,1,11678.05,0.10,UPI
S0062939,C03919,P00303,ST006,2027-05-29 19:32:00,6,14560.81,0.10,NET_BANKING
S0062940,C00800,P00866,ST026,2027-04-02 08:57:00,5,7507.05,0.00,WALLET
S0062941,C00178,P00427,ST045,2027-01-07 11:47:00,1,7760.69,0.00,UPI
S0062942,C01601,P00188,ST006,2026-12-04 13:50:00,8,6455.12,0.15,CARD
S0062943,C02113,P00049,ST006,2027-04-08 07:35:00,6,856.91,0.05,NET_BANKING
S0062944,C04849,P00719,ST001,2026-10-10 06:00:00,1,6837.75,0.00,WALLET
S0062945,C03111,P00796,ST021,2027-05-22 04:37:00,3,7252.60,0.00,COD
S0062946,C02996,P00445,ST010,2026-12-17 12:36:00,1,9889.85,0.05,CARD
S0062947,C00482,P00888,ST034,2026-12-21 10:51:00,5,2165.37,0.00,CARD
S0062948,C03686,P01087,ST003,2026-11-30 02:05:00,3,1652.40,0.10,WALLET
S0062949,C03150,P00306,ST026,2027-02-06 11:59:00,4,8871.87,0.10,NET_BANKING
S0062950,C05947,P00443,ST021,2027-03-28 20:42:00,6,10115.80,0.15,NET_BANKING
S0062951,C02594,P00149,ST049,2026-10-28 10:30:00,4,6470.19,0.00,UPI
S0062952,C02774,P01098,ST001,2027-04-03 06:37:00,3,1737.77,0.00,CARD
S0062953,C05151,P00344,ST010,2026-09-30 14:49:00,7,12170.01,0.15,WALLET
S0062954,C05086,P01000,ST039,2027-05-09 11:14:00,2,3161.37,0.05,WALLET
S0062955,C05865,P00858,ST013,2027-05-22 16:02:00,8,2715.82,0.10,COD
S0062956,C00270,P00560,ST009,2027-05-17 10:30:00,4,9161.86,0.10,CARD
S0062957,C01831,P00226,ST010,2027-02-26 03:29:00,6,14378.99,0.00,NET_BANKING
S0062958,C00748,P00372,ST002,2026-12-08 10:13:00,2,8947.17,0.05,COD
S0062959,C04731,P00019,ST030,2026-11-04 02:23:00,2,4767.41,0.05,CARD
S0062960,C04878,P00396,ST035,2027-03-14 22:14:00,2,1114.54,0.00,WALLET
S0062961,C03745,P00361,ST013,2027-02-02 19:30:00,4,3502.39,0.00,COD
S0062962,C03356,P00434,ST046,2026-12-11 08:32:00,2,11454.78,0.05,UPI
S0062963,C00704,P00877,ST024,2026-11-18 02:21:00,7,9491.54,0.05,COD
S0062964,C02626,P00987,ST030,2027-04-23 02:24:00,8,8796.88,0.00,CARD
S0062965,C02968,P00714,ST031,2027-04-09 21:34:00,4,12834.77,0.00,CARD
S0062966,C02189,P01053,ST018,2026-12-17 13:22:00,7,3189.37,0.00,CARD
S0062967,C01370,P01179,ST003,2027-01-25 11:20:00,7,519.73,0.05,NET_BANKING
S0062968,C02414,P00038,ST037,2027-05-02 07:03:00,6,5447.04,0.00,COD
S0062969,C00417,P00631,ST032,2027-03-30 00:22:00,7,2764.58,0.10,CARD
S0062970,C01563,P00124,ST045,2027-02-26 03:16:00,6,9023.03,0.00,WALLET
S0062971,C00348,P01026,ST033,2027-04-21 06:11:00,5,4540.85,0.10,CARD
S0062972,C05640,P01002,ST041,2026-10-08 04:48:00,4,4216.41,0.15,COD
S0062973,C04648,P00835,ST049,2027-01-22 11:26:00,5,14703.43,0.05,UPI
S0062974,C02942,P01143,ST002,2027-04-11 21:04:00,3,4448.84,0.15,NET_BANKING
S0062975,C01579,P01112,ST001,2027-01-13 10:19:00,8,1039.38,0.00,COD
S0062976,C05221,P00320,ST026,2027-04-04 03:16:00,1,7970.92,0.15,NET_BANKING
S0062977,C00471,P00759,ST049,2027-03-05 04:24:00,1,2675.60,0.00,WALLET
S0062978,C05040,P01133,ST022,2026-10-17 17:24:00,5,1907.40,0.00,UPI
S0062979,C03190,P00465,ST027,2026-10-12 10:08:00,7,2736.41,0.00,COD
S0062980,C05103,P01148,ST033,2027-01-02 22:24:00,8,4772.23,0.05,COD
S0062981,C05447,P00982,ST013,2026-11-19 23:14:00,4,1313.93,0.15,COD
S0062982,C04940,P00844,ST016,2027-05-04 19:49:00,1,12073.09,0.05,WALLET
S0062983,C05606,P00338,ST001,2027-02-10 16:55:00,6,9729.31,0.10,NET_BANKING
S0062984,C04671,P00835,ST013,2027-03-06 16:31:00,1,14703.43,0.15,CARD
S0062985,C01102,P00039,ST016,2027-02-18 17:40:00,5,11380.58,0.05,WALLET
S0062986,C04379,P00516,ST032,2026-12-30 10:02:00,2,7808.79,0.10,COD
S0062987,C01360,P00457,ST038,2027-02-10 04:56:00,1,2393.60,0.00,WALLET
S0062988,C00097,P00792,ST043,2027-05-23 08:12:00,3,13052.60,0.05,NET_BANKING
S0062989,C05148,P00655,ST030,2027-03-15 12:36:00,5,8138.00,0.00,UPI
S0062990,C01674,P00268,ST038,2027-04-16 18:32:00,7,4586.89,0.00,COD
S0062991,C01447,P00107,ST050,2027-05-31 19:50:00,3,7220.47,0.05,UPI
S0062992,C02622,P00399,ST011,2027-01-22 06:13:00,7,12674.98,0.05,UPI
S0062993,C05444,P00517,ST028,2026-12-09 10:31:00,1,13887.99,0.00,NET_BANKING
S0062994,C05491,P00232,ST017,2027-03-15 05:43:00,2,10782.96,0.05,NET_BANKING
S0062995,C03600,P00836,ST005,2027-04-08 18:10:00,6,8199.84,0.15,CARD
S0062996,C00037,P01053,ST025,2027-03-20 05:25:00,2,2437.10,0.00,COD
S0062997,C04857,P00080,ST029,2026-10-17 05:19:00,7,4990.71,0.05,WALLET
S0062998,C01816,P00486,ST012,2027-05-10 18:11:00,3,10044.32,0.00,UPI
S0062999,C03994,P01109,ST030,2026-12-25 01:09:00,2,3488.99,0.00,WALLET
S0063000,C05394,P00585,ST018,2027-02-27 04:08:00,1,4078.01,0.00,WALLET
S0063001,C02013,P00576,ST041,2026-12-27 12:37:00,3,829.35,0.00,COD
S0063002,C00845,P00022,ST002,2027-03-11 19:46:00,2,4659.49,0.15,WALLET
S0063003,C03191,P00646,ST027,2027-04-28 05:39:00,8,1788.47,0.00,UPI
S0063004,C01164,P00547,ST034,2027-04-28 23:48:00,2,68.05,0.00,UPI
S0063005,C05615,P00342,ST003,2026-10-26 17:43:00,5,2514.86,0.10,UPI
S0063006,C02952,P00550,ST023,2027-02-06 13:52:00,6,1961.46,0.05,UPI
S0063007,C01891,P00766,ST017,2027-04-15 16:42:00,2,889.54,0.10,WALLET
S0063008,C01643,P00512,ST009,2027-03-30 20:14:00,2,11395.40,0.10,WALLET
S0063009,C00064,P00224,ST045,2026-09-22 09:39:00,7,2208.50,0.15,WALLET
S0063010,C02062,P00076,ST023,2027-04-23 02:27:00,7,2643.86,0.10,CARD
S0063011,C04989,P00085,ST044,2027-04-27 10:52:00,8,14386.77,0.15,CARD
S0063012,C05893,P00169,ST047,2026-11-04 01:42:00,4,11639.94,0.10,CARD
S0063013,C05613,P00651,ST045,2027-01-14 06:10:00,3,1796.64,0.05,UPI
S0063014,C04586,P00657,ST040,2026-12-24 11:24:00,4,5978.63,0.15,UPI
S0063015,C04389,P00401,ST038,2026-10-18 03:35:00,7,14612.89,0.10,CARD
S0063016,C05454,P00849,ST009,2027-04-03 08:11:00,6,11840.46,0.10,UPI
S0063017,C03560,P00177,ST011,2027-02-26 00:23:00,8,5272.03,0.15,WALLET
S0063018,C01320,P00899,ST041,2027-02-08 00:18:00,1,12008.75,0.00,COD
S0063019,C01291,P00254,ST044,2027-05-03 19:29:00,4,1267.62,0.10,CARD
S0063020,C02343,P00887,ST006,2027-04-14 16:48:00,7,6975.28,0.10,COD
S0063021,C00438,P00207,ST002,2027-04-19 16:51:00,3,9646.57,0.05,WALLET
S0063022,C05958,P01187,ST017,2027-03-17 11:43:00,7,2843.99,0.00,NET_BANKING
S0063023,C01118,P00070,ST023,2027-04-29 03:03:00,1,13697.39,0.10,NET_BANKING
S0063024,C03458,P00385,ST034,2026-11-22 17:57:00,7,6877.27,0.00,WALLET
S0063025,C03920,P00480,ST049,2026-10-09 22:24:00,2,2188.07,0.00,UPI
S0063026,C04124,P00609,ST027,2027-03-06 05:41:00,5,12112.83,0.00,CARD
S0063027,C05448,P00072,ST041,2027-05-16 18:51:00,6,2213.98,0.00,COD
S0063028,C04558,P01047,ST034,2027-02-13 08:57:00,6,4225.43,0.00,UPI
S0063029,C00702,P01096,ST038,2027-01-13 12:24:00,8,1174.52,0.05,CARD
S0063030,C00581,P00667,ST042,2027-02-06 11:35:00,7,14053.41,0.00,WALLET
S0063031,C00279,P01187,ST041,2026-10-31 19:38:00,2,1968.21,0.00,COD
S0063032,C04908,P01010,ST013,2027-05-04 02:25:00,4,2055.76,0.00,COD
S0063033,C02904,P00260,ST017,2027-01-05 15:15:00,1,11471.26,0.00,WALLET
S0063034,C03165,P00221,ST025,2027-01-03 04:43:00,6,7251.17,0.05,COD
S0063035,C00987,P01078,ST039,2026-11-28 06:40:00,5,4974.51,0.00,CARD
S0063036,C03056,P00780,ST049,2026-11-08 05:01:00,5,5639.59,0.05,UPI
S0063037,C04968,P00394,ST013,2027-02-18 10:59:00,7,12895.03,0.00,CARD
S0063038,C02298,P00506,ST028,2026-09-17 22:18:00,1,4110.78,0.15,WALLET
S0063039,C05124,P00312,ST035,2027-02-26 20:27:00,2,5466.28,0.00,WALLET
S0063040,C00826,P00385,ST045,2027-03-04 01:58:00,2,6877.27,0.00,WALLET
S0063041,C01742,P01107,ST033,2026-12-03 05:32:00,1,4353.17,0.00,COD
S0063042,C03003,P00485,ST009,2027-04-15 11:01:00,4,2390.76,0.05,NET_BANKING
S0063043,C05688,P00382,ST032,2026-11-18 07:49:00,3,14341.57,0.00,CARD
S0063044,C00143,P00162,ST020,2027-05-28 15:15:00,4,12288.78,0.05,WALLET
S0063045,C03218,P00433,ST026,2027-04-19 17:08:00,4,6296.95,0.00,UPI
S0063046,C05553,P00466,ST019,2026-11-22 08:16:00,7,4444.00,0.05,WALLET
S0063047,C03769,P01040,ST003,2026-10-29 16:45:00,3,4937.27,0.00,UPI
S0063048,C04450,P01048,ST006,2027-05-11 20:21:00,1,798.34,0.00,NET_BANKING
S0063049,C00438,P00842,ST031,2026-10-22 03:24:00,4,12208.32,0.05,CARD
S0063050,C03499,P00816,ST035,2027-02-15 19:09:00,7,12563.10,0.15,WALLET
S0063051,C00804,P00618,ST016,2027-03-23 05:18:00,4,9855.53,0.15,COD
S0063052,C02487,P00661,ST040,2027-03-07 23:54:00,5,12752.32,0.00,NET_BANKING
S0063053,C05000,P00885,ST015,2026-10-25 14:24:00,1,2276.62,0.05,NET_BANKING
S0063054,C03642,P00765,ST011,2027-04-17 18:16:00,4,9252.17,0.00,COD
S0063055,C02792,P00107,ST041,2026-11-13 19:52:00,5,7220.47,0.10,CARD
S0063056,C05074,P00058,ST040,2027-03-30 12:29:00,1,1589.53,0.00,UPI
S0063057,C02780,P00421,ST035,2027-05-22 23:10:00,5,9929.53,0.00,WALLET
S0063058,C04498,P00324,ST017,2027-04-24 07:25:00,3,2603.61,0.05,COD
S0063059,C01751,P01155,ST009,2026-12-23 23:36:00,5,2724.84,0.15,UPI
S0063060,C05114,P00320,ST002,2026-12-08 12:33:00,1,7970.92,0.05,CARD
S0063061,C00131,P00661,ST026,2026-10-05 16:48:00,5,12752.32,0.05,UPI
S0063062,C00733,P01134,ST011,2026-10-05 13:27:00,6,708.83,0.10,UPI
S0063063,C04754,P00909,ST013,2026-10-18 10:03:00,5,12153.06,0.05,UPI
S0063064,C03484,P00617,ST001,2027-05-19 23:27:00,4,11028.99,0.00,NET_BANKING
S0063065,C03270,P00601,ST010,2027-02-10 06:42:00,2,9389.35,0.00,CARD
S0063066,C04215,P01119,ST028,2027-05-24 03:12:00,3,3512.22,0.00,CARD
S0063067,C02715,P00779,ST017,2026-12-12 13:00:00,4,9277.18,0.00,WALLET
S0063068,C04193,P00621,ST008,2027-04-25 10:33:00,8,12280.84,0.15,WALLET
S0063069,C03497,P00508,ST006,2027-05-14 18:52:00,7,14824.01,0.10,WALLET
S0063070,C02830,P00776,ST043,2026-10-26 18:45:00,2,571.16,0.00,WALLET
S0063071,C00648,P00429,ST047,2027-02-16 18:42:00,6,8780.62,0.10,UPI
S0063072,C00448,P00808,ST049,2026-11-28 12:37:00,6,2340.21,0.05,UPI
S0063073,C05994,P00452,ST036,2026-09-19 10:00:00,3,3389.85,0.00,CARD
S0063074,C04231,P00353,ST007,2027-04-07 00:42:00,6,10161.42,0.05,UPI
S0063075,C00094,P01198,ST022,2027-04-07 16:56:00,4,3229.84,0.00,NET_BANKING
S0063076,C05089,P00657,ST040,2026-09-25 03:50:00,4,5978.63,0.10,CARD
S0063077,C00344,P01161,ST017,2027-01-17 06:07:00,7,1797.10,0.10,COD
S0063078,C03377,P00162,ST011,2026-10-06 10:42:00,1,12288.78,0.00,COD
S0063079,C00907,P00884,ST024,2027-01-08 19:16:00,2,13619.78,0.00,NET_BANKING
S0063080,C02498,P00663,ST001,2026-12-20 20:57:00,1,4192.70,0.15,NET_BANKING
S0063081,C02026,P00565,ST039,2026-11-08 17:08:00,3,2663.33,0.05,WALLET
S0063082,C04601,P00431,ST026,2027-01-03 12:15:00,8,13380.90,0.00,WALLET
S0063083,C01094,P00651,ST045,2027-04-05 01:34:00,4,1796.64,0.00,UPI
S0063084,C03496,P00909,ST032,2027-04-08 08:35:00,6,12153.06,0.00,WALLET
S0063085,C03924,P00464,ST020,2026-11-05 02:08:00,2,6498.78,0.00,NET_BANKING
S0063086,C01003,P01142,ST033,2027-03-31 13:02:00,4,4783.41,0.05,CARD
S0063087,C05500,P00119,ST006,2027-01-17 08:42:00,2,794.81,0.00,NET_BANKING
S0063088,C01584,P00617,ST039,2027-05-03 22:46:00,2,11028.99,0.00,CARD
S0063089,C03851,P00341,ST043,2026-12-06 11:19:00,4,12040.98,0.15,UPI
S0063090,C00225,P00467,ST002,2027-03-13 19:22:00,3,8776.36,0.15,NET_BANKING
S0063091,C05747,P00268,ST043,2027-05-24 20:29:00,4,4586.89,0.05,NET_BANKING
S0063092,C04632,P00696,ST034,2026-12-12 01:00:00,4,444.90,0.05,NET_BANKING
S0063093,C04816,P00245,ST029,2026-12-26 17:32:00,3,8201.28,0.00,WALLET
S0063094,C02097,P00346,ST026,2027-05-08 19:05:00,4,10411.85,0.00,UPI
S0063095,C04175,P00950,ST017,2027-03-17 21:16:00,3,3458.38,0.00,UPI
S0063096,C05036,P00953,ST027,2027-05-27 03:41:00,6,11654.98,0.15,WALLET
S0063097,C03650,P01170,ST009,2027-05-03 22:25:00,6,908.74,0.05,UPI
S0063098,C00263,P00044,ST040,2026-12-12 15:16:00,7,10352.60,0.10,UPI
S0063099,C02149,P00183,ST029,2026-10-06 09:25:00,6,4082.17,0.15,WALLET
S0063100,C04723,P00046,ST046,2027-04-22 18:29:00,5,4750.20,0.05,UPI
S0063101,C04843,P00181,ST046,2026-10-01 15:54:00,1,9255.83,0.00,UPI
S0063102,C03104,P01048,ST014,2026-12-23 04:39:00,1,4970.95,0.00,NET_BANKING
S0063103,C02057,P00454,ST040,2027-05-02 02:57:00,5,8517.58,0.05,COD
S0063104,C00215,P01125,ST020,2027-04-16 19:13:00,6,2766.31,0.10,COD
S0063105,C04906,P00164,ST019,2027-03-26 05:25:00,4,6049.30,0.10,WALLET
S0063106,C04304,P00525,ST023,2027-01-24 17:09:00,3,10778.97,0.05,WALLET
S0063107,C00916,P00427,ST004,2026-11-07 18:17:00,6,7760.69,0.00,NET_BANKING
S0063108,C02666,P01101,ST029,2026-10-17 04:14:00,5,2898.28,0.00,UPI
S0063109,C00323,P00721,ST021,2026-11-11 17:53:00,2,2539.40,0.10,WALLET
S0063110,C05052,P00516,ST037,2026-11-08 15:37:00,6,7808.79,0.15,CARD
S0063111,C03620,P00285,ST004,2027-01-13 19:09:00,5,6123.71,0.00,UPI
S0063112,C05369,P00734,ST031,2027-05-08 14:06:00,8,2368.19,0.00,COD
S0063113,C00448,P00099,ST029,2026-12-03 22:30:00,4,7954.37,0.00,UPI
S0063114,C05917,P00218,ST027,2027-01-26 14:48:00,7,7857.30,0.15,WALLET
S0063115,C03594,P00918,ST037,2026-10-09 04:29:00,5,11736.74,0.15,COD
S0063116,C04294,P00508,ST045,2026-10-01 01:23:00,7,14824.01,0.15,WALLET
S0063117,C04838,P00138,ST012,2027-03-09 00:36:00,1,11081.05,0.00,WALLET
S0063118,C05776,P00856,ST024,2027-05-13 23:35:00,3,4490.45,0.05,CARD
S0063119,C02292,P01106,ST043,2027-01-08 22:43:00,3,3584.36,0.10,UPI
S0063120,C01231,P01097,ST003,2026-11-14 08:54:00,6,4382.35,0.10,WALLET
S0063121,C02586,P00197,ST038,2027-01-15 10:36:00,7,14262.88,0.00,NET_BANKING
S0063122,C05685,P00707,ST017,2027-01-26 06:38:00,7,10164.19,0.00,UPI
S0063123,C01386,P00551,ST015,2026-11-09 18:47:00,1,9996.39,0.10,NET_BANKING
S0063124,C01405,P00881,ST017,2027-03-05 05:46:00,3,13418.59,0.05,COD
S0063125,C05240,P01101,ST048,2027-01-22 08:26:00,4,1394.58,0.05,NET_BANKING
S0063126,C01678,P00024,ST030,2026-11-03 00:50:00,5,7530.12,0.00,CARD
S0063127,C02430,P01049,ST010,2026-10-31 02:36:00,1,2516.23,0.15,UPI
S0063128,C00904,P00004,ST043,2027-04-28 16:46:00,2,7022.90,0.10,CARD
S0063129,C05891,P00064,ST025,2027-02-27 02:44:00,2,9773.23,0.05,NET_BANKING
S0063130,C04824,P00451,ST030,2027-04-18 07:09:00,2,10085.19,0.10,UPI
S0063131,C00046,P00283,ST028,2027-01-02 00:26:00,7,6670.75,0.15,COD
S0063132,C05527,P00175,ST031,2026-11-22 13:56:00,7,14956.51,0.00,WALLET
S0063133,C03199,P00333,ST015,2027-01-21 02:21:00,6,1647.52,0.00,WALLET
S0063134,C00654,P01012,ST028,2026-10-25 23:55:00,7,1612.30,0.10,WALLET
S0063135,C00545,P00835,ST044,2026-09-18 23:48:00,3,14703.43,0.00,WALLET
S0063136,C05295,P00255,ST009,2026-10-29 17:29:00,5,6191.54,0.00,NET_BANKING
S0063137,C00902,P00818,ST009,2026-11-10 16:04:00,6,9748.07,0.00,COD
S0063138,C01486,P00371,ST011,2027-04-14 02:46:00,1,7245.43,0.00,UPI
S0063139,C01968,P01014,ST027,2027-02-08 13:37:00,2,159.31,0.10,NET_BANKING
S0063140,C00545,P00035,ST029,2027-01-12 07:24:00,3,1827.96,0.15,NET_BANKING
S0063141,C04638,P00479,ST020,2027-04-28 01:06:00,6,1921.66,0.15,WALLET
S0063142,C05346,P00754,ST003,2027-01-03 17:05:00,8,4946.47,0.05,NET_BANKING
S0063143,C04897,P00686,ST014,2026-09-30 09:19:00,5,1168.81,0.05,COD
S0063144,C02416,P00874,ST046,2027-05-05 09:21:00,2,13474.71,0.10,UPI
S0063145,C00681,P00477,ST006,2027-02-02 07:52:00,7,3992.23,0.00,COD
S0063146,C01897,P00233,ST025,2026-10-13 21:55:00,7,5834.21,0.05,CARD
S0063147,C02810,P00873,ST013,2026-10-15 07:32:00,6,9917.75,0.10,COD
S0063148,C03164,P00945,ST011,2026-10-18 05:59:00,3,12625.76,0.10,COD
S0063149,C02875,P00714,ST030,2027-01-14 01:09:00,2,12834.77,0.10,UPI
S0063150,C01509,P00280,ST021,2026-09-24 01:49:00,4,5715.39,0.05,WALLET
S0063151,C05076,P00577,ST035,2026-09-21 02:57:00,7,286.38,0.05,UPI
S0063152,C05294,P01046,ST017,2027-03-11 18:50:00,2,2515.66,0.00,UPI
S0063153,C00622,P00608,ST044,2026-12-28 04:09:00,3,4112.16,0.00,NET_BANKING
S0063154,C05545,P01080,ST037,2026-11-05 05:49:00,7,3495.28,0.00,WALLET
S0063155,C01893,P00497,ST002,2027-03-09 11:04:00,8,9469.60,0.00,CARD
S0063156,C05471,P00217,ST034,2027-05-03 02:17:00,7,10077.87,0.00,COD
S0063157,C05388,P00215,ST041,2027-03-23 23:20:00,1,3285.00,0.15,UPI
S0063158,C02330,P00283,ST028,2027-01-05 15:04:00,8,6670.75,0.15,CARD
S0063159,C04315,P00663,ST012,2027-02-14 17:52:00,4,4192.70,0.00,CARD
S0063160,C01329,P00465,ST025,2027-04-26 05:32:00,1,2736.41,0.15,NET_BANKING
S0063161,C02998,P00117,ST015,2027-01-09 02:51:00,6,9637.83,0.00,COD
S0063162,C00382,P01021,ST048,2026-12-06 16:08:00,5,3742.26,0.00,WALLET
S0063163,C04935,P00950,ST023,2026-11-10 10:54:00,7,3458.38,0.00,UPI
S0063164,C00390,P00964,ST044,2026-10-19 07:57:00,6,5344.88,0.15,NET_BANKING
S0063165,C02209,P01162,ST022,2026-11-16 17:30:00,3,597.72,0.00,WALLET
S0063166,C03602,P00270,ST043,2027-01-31 05:25:00,2,12684.63,0.15,COD
S0063167,C05132,P00705,ST037,2026-09-18 07:42:00,5,12535.43,0.05,NET_BANKING
S0063168,C02977,P00035,ST023,2026-10-25 06:20:00,2,1827.96,0.05,UPI
S0063169,C02982,P01098,ST026,2026-09-15 15:11:00,2,603.57,0.00,UPI
S0063170,C03331,P00762,ST010,2026-11-28 22:43:00,8,9970.99,0.00,NET_BANKING
S0063171,C05901,P00227,ST042,2026-11-19 00:39:00,6,7877.11,0.15,UPI
S0063172,C01309,P00853,ST009,2027-03-18 21:49:00,1,14567.44,0.05,COD
S0063173,C02584,P00717,ST047,2026-12-17 01:22:00,1,679.75,0.15,UPI
S0063174,C05489,P00496,ST037,2026-12-05 23:53:00,2,3469.95,0.10,NET_BANKING
S0063175,C04662,P00535,ST017,2027-01-26 23:17:00,6,11264.22,0.00,CARD
S0063176,C01550,P00613,ST017,2027-05-16 22:56:00,6,10916.90,0.00,WALLET
S0063177,C02205,P00891,ST011,2027-04-20 14:00:00,6,2634.44,0.15,COD
S0063178,C00731,P00754,ST020,2026-11-23 16:01:00,4,4946.47,0.05,COD
S0063179,C05588,P00056,ST020,2027-01-26 17:36:00,7,12872.42,0.00,UPI
S0063180,C01368,P00763,ST045,2027-01-28 14:00:00,8,4853.30,0.15,COD
S0063181,C00430,P00319,ST022,2027-04-13 17:40:00,1,5444.74,0.05,COD
S0063182,C05688,P01080,ST014,2026-11-06 04:24:00,6,2421.41,0.15,CARD
S0063183,C00109,P00511,ST018,2027-02-26 10:31:00,7,1704.19,0.05,COD
S0063184,C03060,P01142,ST047,2027-04-28 14:32:00,3,4408.61,0.00,CARD
S0063185,C04086,P01025,ST012,2027-02-07 16:13:00,1,3398.77,0.00,COD
S0063186,C01925,P00062,ST005,2026-09-21 09:26:00,1,6290.18,0.00,CARD
S0063187,C03710,P00773,ST013,2027-01-24 18:49:00,6,11513.99,0.05,NET_BANKING
S0063188,C00417,P01166,ST013,2027-06-01 02:38:00,1,3949.26,0.10,WALLET
S0063189,C04763,P00473,ST043,2027-04-13 12:54:00,7,671.21,0.05,WALLET
S0063190,C04459,P00315,ST019,2026-12-09 09:22:00,2,8151.43,0.00,COD
S0063191,C00145,P00401,ST020,2026-12-26 07:53:00,1,14612.89,0.05,NET_BANKING
S0063192,C01473,P00041,ST002,2026-10-08 20:46:00,7,1420.91,0.05,WALLET
S0063193,C01436,P01068,ST037,2027-04-03 08:54:00,4,2679.70,0.15,COD
S0063194,C04817,P00873,ST001,2027-02-09 08:19:00,1,9917.75,0.00,NET_BANKING
S0063195,C04074,P00393,ST050,2026-11-24 14:28:00,5,7337.73,0.10,UPI
S0063196,C03881,P01034,ST015,2027-01-05 07:26:00,3,2163.41,0.00,CARD
S0063197,C04771,P00984,ST019,2026-10-03 23:48:00,4,7532.32,0.10,COD
S0063198,C04651,P00434,ST042,2026-10-08 00:15:00,8,11454.78,0.00,WALLET
S0063199,C00073,P01004,ST034,2027-04-23 11:21:00,5,1862.95,0.15,CARD
S0063200,C02545,P00290,ST031,2027-04-27 18:38:00,3,3515.83,0.00,NET_BANKING
S0063201,C01562,P00354,ST040,2027-05-12 00:13:00,5,11455.34,0.10,WALLET
S0063202,C02458,P00315,ST003,2026-09-21 18:47:00,8,8151.43,0.05,UPI
S0063203,C00843,P00488,ST011,2027-05-19 19:39:00,8,764.11,0.05,CARD
S0063204,C00728,P01131,ST050,2026-12-08 12:54:00,4,4679.54,0.00,WALLET
S0063205,C02129,P01160,ST032,2027-04-16 03:03:00,3,2971.55,0.00,WALLET
S0063206,C00572,P00527,ST046,2027-03-09 20:47:00,3,14547.75,0.00,WALLET
S0063207,C04306,P00808,ST001,2026-12-05 02:57:00,6,2340.21,0.10,COD
S0063208,C02396,P00160,ST045,2027-02-12 04:40:00,3,1889.89,0.05,NET_BANKING
S0063209,C00499,P00332,ST017,2026-12-19 02:26:00,4,9532.30,0.10,NET_BANKING
S0063210,C04773,P00879,ST033,2027-04-19 13:59:00,8,5207.36,0.00,COD
S0063211,C01873,P00566,ST039,2027-03-27 21:26:00,4,9094.95,0.10,COD
S0063212,C05510,P00687,ST005,2027-02-19 16:20:00,6,10669.90,0.00,UPI
S0063213,C00863,P01200,ST022,2027-04-23 20:16:00,2,216.97,0.00,CARD
S0063214,C01185,P00484,ST033,2027-04-11 17:15:00,7,195.13,0.15,WALLET
S0063215,C01040,P00650,ST011,2027-01-19 17:58:00,8,155.14,0.00,WALLET
S0063216,C02558,P00532,ST018,2027-05-14 14:26:00,4,13097.07,0.00,NET_BANKING
S0063217,C01092,P00833,ST019,2026-12-03 15:43:00,3,1413.00,0.10,COD
S0063218,C03310,P00980,ST019,2026-11-19 06:34:00,7,8929.07,0.05,NET_BANKING
S0063219,C01244,P00798,ST020,2027-04-13 21:24:00,5,2788.26,0.00,WALLET
S0063220,C01705,P00547,ST033,2026-10-30 18:55:00,1,68.05,0.00,COD
S0063221,C05477,P00672,ST041,2027-05-23 19:42:00,8,7478.34,0.15,COD
S0063222,C01038,P00439,ST004,2027-03-17 00:55:00,5,11875.56,0.15,WALLET
S0063223,C01071,P01120,ST035,2026-10-15 12:49:00,6,2957.64,0.05,UPI
S0063224,C04684,P00782,ST012,2026-12-08 19:17:00,5,13670.11,0.00,UPI
S0063225,C00486,P00883,ST021,2027-05-22 13:52:00,6,9173.36,0.00,COD
S0063226,C05953,P00210,ST008,2027-03-04 14:50:00,3,3260.81,0.15,NET_BANKING
S0063227,C04410,P00535,ST027,2027-02-15 23:04:00,1,11264.22,0.00,CARD
S0063228,C05839,P00405,ST015,2026-11-02 21:44:00,3,11768.32,0.05,WALLET
S0063229,C03814,P00830,ST033,2026-10-16 18:49:00,8,8076.01,0.00,UPI
S0063230,C03117,P00420,ST005,2026-10-14 10:41:00,6,13992.32,0.00,WALLET
S0063231,C04966,P00157,ST026,2027-05-31 13:32:00,2,8754.83,0.10,WALLET
S0063232,C03870,P00787,ST030,2027-04-23 16:28:00,1,12290.08,0.05,CARD
S0063233,C05861,P00658,ST015,2027-02-19 01:49:00,2,3910.13,0.10,COD
S0063234,C03243,P00526,ST038,2026-11-11 09:55:00,6,8424.35,0.15,WALLET
S0063235,C04896,P00383,ST030,2027-04-30 23:16:00,3,4193.79,0.00,NET_BANKING
S0063236,C03729,P00406,ST015,2026-10-03 02:07:00,5,1162.78,0.00,CARD
S0063237,C01056,P00904,ST029,2027-01-24 03:41:00,8,437.50,0.00,WALLET
S0063238,C05689,P00406,ST013,2026-10-04 12:53:00,6,1162.78,0.15,NET_BANKING
S0063239,C04267,P00480,ST014,2027-01-26 11:12:00,8,2188.07,0.05,CARD
S0063240,C05237,P00969,ST001,2026-10-07 16:29:00,7,3154.51,0.05,WALLET
S0063241,C05566,P01120,ST034,2026-12-08 06:44:00,7,3283.12,0.10,CARD
S0063242,C04213,P01184,ST047,2027-03-03 09:55:00,6,4229.22,0.00,UPI
S0063243,C01566,P00148,ST017,2027-01-05 05:24:00,3,4636.94,0.00,CARD
S0063244,C05256,P00430,ST005,2026-10-16 01:46:00,7,5232.86,0.10,CARD
S0063245,C02479,P00064,ST040,2027-03-19 14:16:00,6,9773.23,0.15,COD
S0063246,C00793,P00752,ST018,2026-09-27 00:05:00,4,10993.54,0.00,NET_BANKING
S0063247,C05352,P01159,ST018,2027-05-23 07:37:00,1,3067.39,0.05,NET_BANKING
S0063248,C01895,P00273,ST005,2026-11-15 07:17:00,8,1657.16,0.15,UPI
S0063249,C02585,P01001,ST014,2027-02-27 01:57:00,4,1351.58,0.00,WALLET
S0063250,C05414,P00537,ST006,2027-01-27 20:18:00,6,9956.19,0.05,NET_BANKING
S0063251,C02842,P00018,ST013,2027-03-19 00:53:00,8,10580.36,0.00,UPI
S0063252,C02274,P00420,ST048,2027-05-08 17:56:00,6,13992.32,0.10,COD
S0063253,C01819,P00380,ST016,2026-12-06 05:00:00,8,10594.68,0.15,NET_BANKING
S0063254,C00799,P00455,ST031,2027-02-03 15:47:00,5,11331.19,0.15,UPI
S0063255,C00553,P00877,ST034,2027-04-12 02:42:00,5,9491.54,0.10,UPI
S0063256,C02403,P00240,ST023,2027-01-18 11:38:00,2,9582.36,0.00,UPI
S0063257,C05944,P00868,ST037,2027-01-31 17:38:00,8,14973.26,0.00,NET_BANKING
S0063258,C05334,P01182,ST011,2026-12-29 00:59:00,2,4008.47,0.05,WALLET
S0063259,C00162,P00429,ST027,2027-05-24 09:57:00,7,8780.62,0.00,COD
S0063260,C04007,P00823,ST004,2026-10-27 20:31:00,2,13235.97,0.05,WALLET
S0063261,C00794,P01152,ST038,2027-05-10 02:28:00,8,525.02,0.10,WALLET
S0063262,C04393,P00823,ST042,2026-09-21 23:53:00,1,13235.97,0.15,COD
S0063263,C03515,P00607,ST014,2027-02-07 04:44:00,7,9830.20,0.00,CARD
S0063264,C02821,P00249,ST045,2027-05-10 00:28:00,6,10604.98,0.00,WALLET
S0063265,C03226,P00312,ST025,2026-09-17 16:50:00,7,5466.28,0.00,UPI
S0063266,C00756,P00547,ST017,2027-02-09 04:13:00,1,68.05,0.00,CARD
S0063267,C04463,P01172,ST027,2027-05-25 11:49:00,7,4527.23,0.10,CARD
S0063268,C04443,P00960,ST038,2026-12-31 04:38:00,8,6003.64,0.00,COD
S0063269,C02930,P00741,ST023,2026-10-29 00:37:00,5,14542.74,0.00,COD
S0063270,C02029,P00451,ST007,2027-05-17 14:14:00,5,10085.19,0.00,UPI
S0063271,C00510,P00266,ST026,2027-01-02 05:57:00,5,13447.25,0.15,UPI
S0063272,C05927,P00640,ST035,2027-02-24 14:39:00,3,9013.79,0.05,NET_BANKING
S0063273,C00949,P00980,ST038,2026-10-14 07:43:00,7,8929.07,0.10,NET_BANKING
S0063274,C04314,P00557,ST029,2026-11-07 18:02:00,5,9429.31,0.15,UPI
S0063275,C04174,P00312,ST022,2027-05-23 10:11:00,6,5466.28,0.15,COD
S0063276,C04244,P00207,ST024,2027-05-24 06:04:00,2,9646.57,0.00,UPI
S0063277,C02112,P00231,ST026,2027-05-19 12:35:00,5,4512.73,0.15,CARD
S0063278,C03491,P01181,ST010,2027-03-25 01:30:00,8,2888.58,0.00,CARD
S0063279,C01008,P00848,ST045,2026-12-24 21:06:00,3,12246.43,0.00,UPI
S0063280,C00507,P01097,ST016,2027-04-02 01:18:00,1,987.90,0.10,CARD
S0063281,C02151,P00521,ST033,2027-03-05 00:40:00,6,6093.07,0.05,UPI
S0063282,C02254,P00144,ST023,2027-02-02 17:19:00,1,9162.18,0.05,NET_BANKING
S0063283,C03383,P00566,ST050,2027-03-28 23:03:00,2,9094.95,0.00,WALLET
S0063284,C04277,P00907,ST018,2027-01-30 07:29:00,6,14264.28,0.00,UPI
S0063285,C05704,P00117,ST038,2027-03-04 23:36:00,8,9637.83,0.05,CARD
S0063286,C03564,P00047,ST023,2027-05-15 14:22:00,4,4471.06,0.00,COD
S0063287,C00801,P00485,ST039,2026-09-18 04:26:00,2,2390.76,0.05,UPI
S0063288,C04116,P00259,ST032,2027-04-23 21:13:00,3,5808.51,0.00,CARD
S0063289,C05225,P00356,ST047,2026-11-19 23:11:00,8,6310.49,0.00,WALLET
S0063290,C05959,P00973,ST008,2027-04-19 13:18:00,8,13784.89,0.15,COD
S0063291,C05259,P00560,ST022,2026-10-12 14:39:00,4,9161.86,0.05,WALLET
S0063292,C02560,P00996,ST007,2027-04-16 23:54:00,7,12724.73,0.05,COD
S0063293,C01228,P01147,ST039,2026-12-18 14:33:00,2,3340.15,0.00,NET_BANKING
S0063294,C04617,P00526,ST025,2026-12-18 17:10:00,2,8424.35,0.10,CARD
S0063295,C02183,P00457,ST039,2027-03-17 14:47:00,4,2393.60,0.00,WALLET
S0063296,C05537,P00092,ST049,2027-04-22 11:53:00,4,8564.59,0.00,NET_BANKING
S0063297,C05735,P00255,ST003,2026-11-10 23:22:00,6,6191.54,0.00,WALLET
S0063298,C02357,P00380,ST036,2026-09-24 06:13:00,1,10594.68,0.05,WALLET
S0063299,C04233,P00207,ST022,2026-12-02 14:38:00,1,9646.57,0.05,UPI
S0063300,C04882,P01075,ST001,2026-11-14 17:30:00,5,101.26,0.15,UPI
S0063301,C02095,P00882,ST018,2026-11-02 21:15:00,4,1160.87,0.05,NET_BANKING
S0063302,C00493,P01153,ST018,2026-10-18 00:19:00,1,2735.82,0.10,UPI
S0063303,C04411,P00985,ST022,2027-03-26 04:44:00,5,12971.94,0.00,CARD
S0063304,C04962,P00462,ST034,2026-11-07 02:44:00,1,3972.80,0.00,WALLET
S0063305,C00993,P00393,ST040,2026-12-30 23:21:00,2,7337.73,0.10,WALLET
S0063306,C05110,P00757,ST030,2026-12-31 13:23:00,6,226.72,0.10,COD
S0063307,C05047,P00383,ST022,2027-03-15 09:56:00,8,4193.79,0.15,NET_BANKING
S0063308,C04137,P00838,ST019,2026-12-16 02:42:00,4,11094.78,0.15,WALLET
S0063309,C04159,P01006,ST044,2027-03-11 20:56:00,1,4512.96,0.15,COD
S0063310,C03876,P00040,ST022,2027-03-03 23:42:00,7,1501.66,0.00,COD
S0063311,C02283,P00767,ST001,2027-01-22 16:08:00,5,11689.48,0.00,UPI
S0063312,C03256,P00690,ST010,2027-04-18 00:43:00,8,4018.76,0.00,UPI
S0063313,C04811,P00087,ST008,2027-02-04 18:08:00,8,2943.27,0.00,COD
S0063314,C05596,P00614,ST045,2026-10-10 01:26:00,7,71.45,0.00,WALLET
S0063315,C04387,P00310,ST020,2026-10-06 13:57:00,7,7286.34,0.05,UPI
S0063316,C03723,P00896,ST019,2027-04-02 04:39:00,2,9136.34,0.00,UPI
S0063317,C01993,P01184,ST007,2027-03-24 12:33:00,1,2937.46,0.05,NET_BANKING
S0063318,C02633,P00874,ST025,2027-02-24 01:26:00,5,13474.71,0.05,NET_BANKING
S0063319,C01055,P00503,ST031,2027-02-26 17:57:00,4,5972.66,0.00,UPI
S0063320,C03925,P00465,ST007,2027-02-18 11:01:00,6,2736.41,0.00,COD
S0063321,C05421,P00330,ST005,2026-09-26 00:50:00,1,3475.34,0.00,CARD
S0063322,C00025,P00082,ST038,2027-02-09 14:11:00,2,3347.34,0.05,WALLET
S0063323,C05448,P00677,ST038,2026-12-30 08:06:00,4,9646.68,0.05,NET_BANKING
S0063324,C02945,P00138,ST013,2027-02-07 03:03:00,5,11081.05,0.15,COD
S0063325,C05965,P00649,ST025,2027-01-20 20:05:00,6,9552.52,0.00,NET_BANKING
S0063326,C05056,P00571,ST031,2026-12-08 07:30:00,5,4671.20,0.00,COD
S0063327,C01438,P01152,ST047,2026-11-09 10:48:00,3,922.50,0.05,WALLET
S0063328,C00230,P00244,ST020,2027-03-02 02:25:00,4,12653.48,0.00,WALLET
S0063329,C01721,P00809,ST048,2026-12-06 03:18:00,7,7203.83,0.05,WALLET
S0063330,C00553,P01196,ST031,2027-02-25 15:08:00,7,4005.90,0.10,CARD
S0063331,C03936,P01061,ST043,2027-06-02 16:21:00,2,2703.14,0.00,COD
S0063332,C02956,P01189,ST037,2027-03-06 01:52:00,4,3808.58,0.05,NET_BANKING
S0063333,C01521,P00448,ST039,2026-10-04 08:46:00,7,9484.91,0.00,COD
S0063334,C00349,P01038,ST039,2027-02-15 18:11:00,2,2188.43,0.05,WALLET
S0063335,C04166,P00195,ST028,2027-01-20 23:11:00,3,10101.96,0.05,NET_BANKING
S0063336,C05119,P00635,ST007,2026-11-30 13:50:00,8,7089.77,0.15,WALLET
S0063337,C05997,P00150,ST022,2026-09-18 16:40:00,3,10110.81,0.00,CARD
S0063338,C05660,P01051,ST007,2027-05-12 17:24:00,5,2903.91,0.00,NET_BANKING
S0063339,C03008,P00547,ST005,2027-02-15 14:44:00,7,68.05,0.00,WALLET
S0063340,C00362,P00964,ST034,2026-10-12 17:45:00,6,5344.88,0.10,UPI
S0063341,C05606,P00106,ST024,2027-02-18 05:56:00,6,14238.90,0.10,NET_BANKING
S0063342,C05873,P00753,ST003,2027-03-06 06:02:00,7,9739.34,0.15,NET_BANKING
S0063343,C02493,P00483,ST015,2026-12-27 02:18:00,3,7759.25,0.05,WALLET
S0063344,C05731,P00358,ST020,2026-11-18 17:18:00,4,7269.79,0.00,WALLET
S0063345,C02713,P00459,ST035,2027-05-10 05:54:00,5,608.46,0.00,WALLET
S0063346,C04854,P00258,ST002,2027-01-31 19:13:00,2,9537.16,0.10,WALLET
S0063347,C00420,P00179,ST004,2027-05-16 11:27:00,1,6066.21,0.15,COD
S0063348,C03476,P00114,ST037,2026-09-29 17:07:00,5,1848.49,0.00,CARD
S0063349,C02896,P00444,ST031,2027-04-25 23:56:00,2,910.78,0.00,NET_BANKING
S0063350,C01281,P00732,ST035,2026-12-04 05:41:00,3,7048.14,0.15,WALLET
S0063351,C05381,P00403,ST018,2026-10-31 19:45:00,7,6512.03,0.10,CARD
S0063352,C03192,P01014,ST039,2027-03-29 17:23:00,8,4891.86,0.00,COD
S0063353,C00858,P01007,ST042,2027-05-30 18:25:00,8,2624.53,0.10,WALLET
S0063354,C05168,P01161,ST001,2026-10-23 15:10:00,3,4364.31,0.00,WALLET
S0063355,C02927,P00172,ST021,2026-10-04 22:24:00,1,13640.80,0.00,WALLET
S0063356,C03431,P00819,ST040,2026-11-25 00:55:00,4,5314.55,0.00,CARD
S0063357,C01510,P00627,ST017,2027-05-11 11:48:00,3,12769.96,0.00,CARD
S0063358,C00760,P01158,ST006,2026-10-28 21:33:00,8,4194.86,0.15,COD
S0063359,C02581,P00458,ST036,2027-05-08 03:40:00,7,9495.95,0.10,WALLET
S0063360,C00217,P00728,ST038,2026-11-08 07:17:00,7,2376.69,0.15,UPI
S0063361,C02242,P00991,ST042,2026-11-24 09:51:00,8,240.75,0.15,CARD
S0063362,C03823,P00338,ST007,2027-01-20 17:34:00,6,9729.31,0.00,NET_BANKING
S0063363,C03482,P01079,ST024,2026-11-22 19:55:00,7,798.99,0.00,COD
S0063364,C03106,P01061,ST005,2027-03-02 21:59:00,5,1291.10,0.10,NET_BANKING
S0063365,C04861,P00121,ST016,2027-03-02 13:26:00,3,612.71,0.00,COD
S0063366,C00086,P00962,ST018,2026-12-30 04:10:00,3,12113.97,0.10,CARD
S0063367,C01843,P00865,ST045,2027-03-04 18:00:00,1,8660.01,0.00,CARD
S0063368,C00495,P00542,ST028,2027-03-14 07:10:00,7,13862.55,0.10,NET_BANKING
S0063369,C03129,P00128,ST030,2026-11-03 07:57:00,4,12585.65,0.15,WALLET
S0063370,C04877,P00908,ST030,2027-05-04 22:35:00,4,10685.50,0.15,WALLET
S0063371,C02350,P00844,ST041,2027-05-12 05:33:00,6,12073.09,0.10,WALLET
S0063372,C00475,P00916,ST009,2027-04-09 16:09:00,5,1771.51,0.15,WALLET
S0063373,C03561,P00599,ST017,2027-01-03 04:42:00,8,1086.85,0.05,UPI
S0063374,C01882,P00779,ST014,2027-04-02 15:54:00,2,9277.18,0.05,CARD
S0063375,C03648,P00973,ST002,2026-10-15 22:08:00,1,13784.89,0.00,CARD
S0063376,C05465,P00953,ST014,2027-03-06 11:22:00,1,11654.98,0.00,WALLET
S0063377,C02373,P00412,ST009,2027-01-03 13:36:00,4,14467.07,0.05,WALLET
S0063378,C01473,P00530,ST032,2027-03-29 06:04:00,3,1909.30,0.10,COD
S0063379,C01319,P00170,ST008,2027-01-27 15:14:00,1,4556.11,0.15,CARD
S0063380,C03495,P00425,ST037,2027-03-31 12:13:00,5,14157.41,0.00,CARD
S0063381,C01856,P00780,ST047,2026-10-01 14:06:00,3,5639.59,0.05,COD
S0063382,C04532,P00256,ST004,2027-04-15 06:41:00,4,1987.06,0.05,COD
S0063383,C05923,P00417,ST014,2027-01-26 10:02:00,3,4251.66,0.15,COD
S0063384,C03008,P01116,ST034,2026-10-06 02:30:00,8,2950.46,0.05,COD
S0063385,C00255,P00701,ST040,2027-01-21 14:24:00,2,9710.18,0.00,UPI
S0063386,C03691,P00780,ST012,2026-12-16 08:19:00,3,5639.59,0.00,UPI
S0063387,C02975,P00214,ST012,2027-01-30 09:21:00,4,8311.62,0.05,COD
S0063388,C00687,P00076,ST026,2026-10-01 05:14:00,2,2643.86,0.15,NET_BANKING
S0063389,C03477,P00822,ST042,2027-01-27 13:18:00,7,11979.30,0.15,NET_BANKING
S0063390,C05023,P01195,ST031,2027-04-04 00:00:00,5,3925.06,0.15,NET_BANKING
S0063391,C05520,P00128,ST038,2026-10-15 21:13:00,5,12585.65,0.15,NET_BANKING
S0063392,C05616,P00912,ST045,2027-05-09 13:24:00,5,12258.78,0.05,COD
S0063393,C01101,P00800,ST005,2027-02-07 22:20:00,2,14143.96,0.00,WALLET
S0063394,C02390,P00435,ST044,2026-11-08 23:41:00,6,6495.05,0.05,UPI
S0063395,C00563,P00247,ST044,2027-03-21 03:23:00,4,3627.73,0.00,COD
S0063396,C05493,P01038,ST044,2027-05-29 20:53:00,2,4367.35,0.00,UPI
S0063397,C00746,P00387,ST022,2026-10-06 09:18:00,2,9454.62,0.00,UPI
S0063398,C05559,P00906,ST022,2027-05-21 02:59:00,2,12896.50,0.15,UPI
S0063399,C03381,P00371,ST028,2027-01-28 03:07:00,3,7245.43,0.00,NET_BANKING
S0063400,C04631,P00075,ST019,2027-05-04 22:13:00,8,288.24,0.05,CARD
S0063401,C05216,P00459,ST037,2027-01-27 17:37:00,3,608.46,0.05,UPI
S0063402,C04150,P00561,ST016,2027-01-14 11:57:00,2,4145.03,0.15,UPI
S0063403,C03208,P01021,ST023,2027-04-20 13:15:00,1,3188.03,0.00,WALLET
S0063404,C02106,P00129,ST031,2026-10-15 05:29:00,1,5652.18,0.00,CARD
S0063405,C05954,P00695,ST003,2026-12-26 04:47:00,6,13599.96,0.15,UPI
S0063406,C04927,P01087,ST020,2027-01-20 22:30:00,4,3619.38,0.10,CARD
S0063407,C03384,P00900,ST040,2026-10-13 05:13:00,6,10665.28,0.15,NET_BANKING
S0063408,C05525,P00254,ST048,2027-03-22 13:42:00,5,1267.62,0.10,CARD
S0063409,C04001,P00218,ST046,2027-02-17 13:29:00,3,7857.30,0.00,COD
S0063410,C05183,P01062,ST026,2026-11-15 07:22:00,5,2587.62,0.10,CARD
S0063411,C03420,P00196,ST050,2026-11-21 03:21:00,8,10921.34,0.10,WALLET
S0063412,C01417,P00910,ST002,2027-05-09 05:22:00,4,1660.00,0.00,UPI
S0063413,C00464,P00059,ST022,2027-04-05 20:16:00,6,14733.93,0.00,NET_BANKING
S0063414,C00129,P01091,ST036,2026-11-02 07:11:00,5,3760.88,0.15,COD
S0063415,C00617,P00418,ST014,2026-11-27 09:40:00,2,7868.89,0.00,UPI
S0063416,C05086,P00837,ST038,2027-04-27 02:02:00,8,11678.05,0.10,NET_BANKING
S0063417,C03594,P00629,ST049,2027-02-08 07:25:00,3,11585.25,0.00,UPI
S0063418,C03400,P01194,ST020,2027-02-26 19:26:00,3,2641.46,0.00,NET_BANKING
S0063419,C00564,P00582,ST002,2027-02-13 12:51:00,6,3449.31,0.05,UPI
S0063420,C05849,P01176,ST046,2027-01-02 21:12:00,1,3113.43,0.00,UPI
S0063421,C03687,P00069,ST035,2027-04-11 08:45:00,1,2410.61,0.05,WALLET
S0063422,C03261,P00645,ST029,2027-02-20 09:49:00,5,11979.98,0.05,COD
S0063423,C00263,P00416,ST020,2027-05-25 19:27:00,8,7537.51,0.15,NET_BANKING
S0063424,C03412,P00891,ST031,2026-12-05 20:44:00,6,2634.44,0.15,UPI
S0063425,C04319,P00774,ST023,2026-10-23 19:19:00,7,12009.08,0.10,COD
S0063426,C01853,P00426,ST041,2027-02-04 09:35:00,7,6898.62,0.00,COD
S0063427,C00894,P00289,ST042,2026-12-02 03:51:00,1,535.61,0.15,NET_BANKING
S0063428,C02617,P00008,ST028,2027-03-01 14:22:00,1,1347.12,0.00,CARD
S0063429,C00430,P01167,ST048,2027-04-18 02:57:00,1,4623.04,0.00,WALLET
S0063430,C01830,P00976,ST029,2026-11-15 04:17:00,7,3815.57,0.00,NET_BANKING
S0063431,C04558,P01179,ST010,2026-12-26 00:46:00,8,1349.85,0.05,WALLET
S0063432,C00975,P01097,ST042,2027-04-14 04:13:00,1,695.84,0.00,NET_BANKING
S0063433,C03502,P00897,ST011,2027-05-24 20:30:00,1,3588.17,0.10,CARD
S0063434,C00443,P00527,ST002,2026-12-23 11:22:00,2,14547.75,0.00,CARD
S0063435,C05880,P00303,ST043,2027-04-02 15:37:00,6,14560.81,0.05,NET_BANKING
S0063436,C05616,P00275,ST044,2027-02-05 17:22:00,4,6304.00,0.15,COD
S0063437,C02074,P00456,ST037,2026-09-26 17:59:00,4,2960.04,0.10,WALLET
S0063438,C05928,P00485,ST032,2027-04-10 04:35:00,3,2390.76,0.00,UPI
S0063439,C00565,P00287,ST020,2027-05-18 20:21:00,7,1326.71,0.15,NET_BANKING
S0063440,C03061,P00700,ST007,2026-12-02 01:00:00,3,7501.36,0.10,WALLET
S0063441,C05196,P00934,ST002,2026-10-26 15:11:00,2,6341.80,0.10,CARD
S0063442,C03694,P00854,ST034,2027-04-26 06:44:00,6,6348.82,0.00,CARD
S0063443,C00755,P00274,ST043,2026-12-02 11:00:00,1,13222.64,0.10,UPI
S0063444,C01771,P00882,ST043,2027-04-07 22:42:00,1,1160.87,0.00,NET_BANKING
S0063445,C04166,P00026,ST037,2027-04-08 15:04:00,5,3973.71,0.15,COD
S0063446,C03459,P00925,ST045,2026-10-23 11:59:00,1,9802.23,0.00,WALLET
S0063447,C01450,P00803,ST045,2027-01-28 22:44:00,1,4458.92,0.00,COD
S0063448,C03869,P00712,ST021,2026-12-02 13:17:00,4,2775.71,0.05,CARD
S0063449,C01340,P01065,ST014,2026-10-03 06:23:00,2,3560.69,0.05,WALLET
S0063450,C05684,P00096,ST034,2026-10-28 03:34:00,8,891.62,0.05,CARD
S0063451,C00605,P00196,ST043,2027-03-01 13:37:00,2,10921.34,0.00,NET_BANKING
S0063452,C02882,P00397,ST018,2027-01-25 07:01:00,7,12844.97,0.05,CARD
S0063453,C01896,P00563,ST045,2027-02-11 09:02:00,4,2736.29,0.00,WALLET
S0063454,C01911,P00559,ST011,2027-03-22 11:55:00,8,9132.88,0.10,CARD
S0063455,C05846,P00770,ST016,2027-01-14 19:08:00,6,6385.04,0.10,CARD
S0063456,C03445,P00081,ST044,2026-09-22 06:02:00,7,13513.67,0.05,NET_BANKING
S0063457,C05413,P00668,ST018,2027-02-01 16:08:00,5,9801.28,0.15,WALLET
S0063458,C03275,P00386,ST045,2027-01-13 19:30:00,7,344.42,0.15,WALLET
S0063459,C01965,P01039,ST032,2026-11-05 11:57:00,1,633.24,0.10,UPI
S0063460,C01386,P00488,ST020,2026-11-02 13:42:00,2,764.11,0.05,CARD
S0063461,C05348,P00079,ST036,2027-02-05 09:58:00,1,398.24,0.10,CARD
S0063462,C05172,P00997,ST040,2027-05-05 07:21:00,7,2288.79,0.10,COD
S0063463,C05084,P00994,ST018,2026-11-10 20:06:00,5,14986.15,0.10,NET_BANKING
S0063464,C04480,P00392,ST046,2026-11-27 00:20:00,1,1926.43,0.10,WALLET
S0063465,C01961,P00242,ST012,2026-10-17 05:09:00,7,6380.48,0.00,WALLET
S0063466,C00496,P01093,ST025,2026-11-24 08:55:00,6,255.94,0.05,COD
S0063467,C05534,P00697,ST005,2026-10-19 06:07:00,4,10439.87,0.00,NET_BANKING
S0063468,C05518,P00244,ST026,2027-05-26 13:21:00,3,12653.48,0.05,WALLET
S0063469,C04997,P00402,ST021,2027-02-27 17:41:00,4,7483.33,0.10,CARD
S0063470,C03057,P00821,ST001,2027-04-05 17:31:00,1,7398.56,0.15,WALLET
S0063471,C00603,P00795,ST018,2027-03-27 20:23:00,8,123.55,0.00,UPI
S0063472,C03683,P00862,ST047,2027-03-11 15:56:00,1,12635.93,0.00,NET_BANKING
S0063473,C04331,P01084,ST025,2027-03-10 10:08:00,1,654.44,0.00,UPI
S0063474,C02254,P00565,ST044,2027-01-28 15:42:00,4,2663.33,0.00,NET_BANKING
S0063475,C00264,P00445,ST031,2026-12-03 09:36:00,6,9889.85,0.00,UPI
S0063476,C05012,P00254,ST043,2027-02-23 07:55:00,3,1267.62,0.10,NET_BANKING
S0063477,C03083,P00037,ST039,2027-04-30 22:01:00,4,11915.11,0.10,COD
S0063478,C03710,P00622,ST049,2026-10-09 13:01:00,6,6264.75,0.00,COD
S0063479,C04632,P00340,ST016,2026-11-08 06:33:00,4,13721.56,0.05,COD
S0063480,C01173,P00075,ST001,2027-04-18 15:07:00,1,288.24,0.00,NET_BANKING
S0063481,C04039,P00558,ST012,2027-04-03 15:30:00,6,2884.27,0.00,CARD
S0063482,C04603,P00515,ST042,2027-01-06 13:30:00,7,6743.70,0.10,WALLET
S0063483,C00437,P00741,ST015,2027-02-25 23:00:00,4,14542.74,0.15,UPI
S0063484,C02087,P00948,ST025,2026-11-12 23:24:00,3,7783.05,0.00,UPI
S0063485,C00925,P00868,ST002,2026-12-25 09:14:00,8,14973.26,0.05,CARD
S0063486,C05653,P00203,ST014,2027-03-06 22:33:00,7,1071.23,0.05,UPI
S0063487,C04260,P00989,ST034,2026-11-25 17:18:00,7,6367.31,0.15,UPI
S0063488,C03505,P00692,ST024,2027-03-25 12:02:00,6,3776.76,0.15,COD
S0063489,C03717,P00058,ST047,2026-11-01 11:20:00,5,1589.53,0.05,WALLET
S0063490,C05055,P01013,ST023,2027-05-16 13:11:00,1,4027.46,0.05,COD
S0063491,C01480,P00412,ST019,2027-05-17 05:22:00,5,14467.07,0.00,UPI
S0063492,C00545,P01184,ST031,2027-01-24 03:34:00,6,3973.94,0.00,UPI
S0063493,C02462,P00894,ST030,2026-11-04 16:16:00,5,12465.27,0.15,COD
S0063494,C00919,P00393,ST038,2027-01-01 23:52:00,6,7337.73,0.00,COD
S0063495,C01083,P00748,ST041,2027-03-19 06:49:00,3,7740.82,0.15,CARD
S0063496,C02459,P00678,ST014,2026-10-02 06:19:00,7,5849.17,0.00,UPI
S0063497,C02778,P00858,ST039,2027-03-22 06:37:00,3,2715.82,0.10,UPI
S0063498,C04197,P00643,ST016,2027-05-22 18:27:00,8,13117.03,0.00,NET_BANKING
S0063499,C02795,P00455,ST017,2026-12-31 01:54:00,2,11331.19,0.15,NET_BANKING
S0063500,C00380,P00298,ST041,2027-04-14 00:28:00,4,14106.08,0.10,COD
S0063501,C00197,P00724,ST037,2027-02-16 02:05:00,6,842.59,0.05,WALLET
S0063502,C03005,P00429,ST009,2026-10-30 13:12:00,4,8780.62,0.05,CARD
S0063503,C05371,P00695,ST011,2027-03-16 19:54:00,3,13599.96,0.10,UPI
S0063504,C00989,P00777,ST050,2026-10-12 00:02:00,2,7574.57,0.15,COD
S0063505,C02725,P00673,ST019,2026-10-12 22:41:00,8,7917.40,0.10,CARD
S0063506,C03334,P00170,ST018,2027-02-02 21:25:00,5,4556.11,0.00,COD
S0063507,C05223,P01034,ST025,2026-10-03 05:50:00,1,4965.96,0.15,UPI
S0063508,C00807,P01088,ST015,2026-10-09 22:08:00,8,1930.68,0.10,WALLET
S0063509,C01026,P00228,ST020,2027-05-20 00:45:00,4,4532.08,0.15,NET_BANKING
S0063510,C01680,P00331,ST015,2027-04-16 12:53:00,1,9971.71,0.10,CARD
S0063511,C04576,P00415,ST019,2026-12-23 11:13:00,7,3287.41,0.05,WALLET
S0063512,C00213,P00293,ST026,2027-05-28 00:03:00,3,8511.68,0.00,CARD
S0063513,C04033,P00113,ST034,2027-01-08 02:33:00,3,13315.47,0.00,COD
S0063514,C01958,P00848,ST016,2026-11-05 23:04:00,5,12246.43,0.05,CARD
S0063515,C02037,P00079,ST010,2027-02-15 03:48:00,4,398.24,0.00,NET_BANKING
S0063516,C01267,P00516,ST005,2026-11-21 16:37:00,4,7808.79,0.05,CARD
S0063517,C01506,P00636,ST024,2026-12-08 07:28:00,8,12658.75,0.10,UPI
S0063518,C02196,P00151,ST005,2026-11-08 07:41:00,4,9961.31,0.15,NET_BANKING
S0063519,C01488,P00568,ST048,2026-10-31 19:56:00,2,11436.07,0.15,NET_BANKING
S0063520,C05061,P00634,ST043,2027-02-08 12:08:00,5,13541.02,0.10,UPI
S0063521,C00151,P00837,ST007,2026-09-29 17:35:00,4,11678.05,0.00,UPI
S0063522,C03745,P01037,ST027,2027-02-21 15:49:00,7,2392.28,0.00,WALLET
S0063523,C01528,P00731,ST042,2026-11-13 07:49:00,7,6650.71,0.10,COD
S0063524,C03514,P00138,ST005,2026-11-13 22:36:00,5,11081.05,0.15,COD
S0063525,C03199,P00796,ST030,2027-04-08 04:54:00,3,7252.60,0.05,WALLET
S0063526,C01635,P00457,ST003,2027-05-28 07:17:00,6,2393.60,0.15,UPI
S0063527,C00089,P00238,ST018,2027-02-12 05:13:00,1,2175.91,0.00,NET_BANKING
S0063528,C02564,P00952,ST043,2026-11-04 03:36:00,8,7725.11,0.05,NET_BANKING
S0063529,C01944,P00855,ST010,2027-02-12 23:56:00,4,3531.06,0.00,WALLET
S0063530,C00790,P00236,ST039,2027-03-29 16:48:00,3,10256.02,0.15,CARD
S0063531,C02671,P00671,ST047,2026-09-15 23:01:00,3,12833.33,0.10,WALLET
S0063532,C05560,P01096,ST005,2027-02-01 05:33:00,5,1008.14,0.15,UPI
S0063533,C04155,P00291,ST027,2026-12-12 07:25:00,3,3274.34,0.00,CARD
S0063534,C04620,P00298,ST041,2027-04-16 17:28:00,6,14106.08,0.15,CARD
S0063535,C05121,P00906,ST001,2026-11-26 18:03:00,8,12896.50,0.00,UPI
S0063536,C05129,P00487,ST036,2027-03-14 02:57:00,6,5449.32,0.05,UPI
S0063537,C03128,P01131,ST021,2027-04-22 09:05:00,3,4972.67,0.00,COD
S0063538,C03563,P00556,ST048,2026-12-14 03:41:00,3,4347.03,0.05,CARD
S0063539,C02284,P00143,ST038,2027-04-12 21:58:00,3,7704.38,0.05,NET_BANKING
S0063540,C04239,P00010,ST013,2026-12-04 13:12:00,2,10965.99,0.15,CARD
S0063541,C05368,P00799,ST004,2027-01-09 23:42:00,2,5194.85,0.00,CARD
S0063542,C00332,P00450,ST035,2027-04-03 13:57:00,7,11985.09,0.00,CARD
S0063543,C03854,P00107,ST041,2026-11-09 00:53:00,3,7220.47,0.10,COD
S0063544,C02218,P00028,ST007,2026-11-18 18:31:00,1,9694.84,0.10,CARD
S0063545,C03859,P01079,ST003,2026-11-22 21:22:00,7,2604.01,0.15,UPI
S0063546,C01772,P00109,ST045,2026-12-19 16:21:00,1,9560.87,0.05,COD
S0063547,C00090,P01060,ST044,2026-12-19 00:22:00,7,220.08,0.00,CARD
S0063548,C00652,P00814,ST012,2027-04-30 13:54:00,6,1576.96,0.00,CARD
S0063549,C01362,P00140,ST020,2027-04-05 19:21:00,3,343.17,0.15,CARD
S0063550,C01610,P00611,ST038,2026-10-26 20:56:00,5,13074.44,0.00,WALLET
S0063551,C04031,P01102,ST004,2027-03-03 23:02:00,7,3998.99,0.15,WALLET
S0063552,C03525,P01115,ST012,2026-11-03 11:52:00,1,4514.11,0.00,WALLET
S0063553,C04537,P00224,ST014,2027-03-21 16:29:00,7,2208.50,0.15,WALLET
S0063554,C01035,P00031,ST032,2027-05-13 18:40:00,7,13784.17,0.00,COD
S0063555,C00656,P00341,ST014,2027-03-04 21:08:00,2,12040.98,0.00,CARD
S0063556,C01797,P00003,ST031,2026-12-01 10:22:00,3,9487.90,0.15,COD
S0063557,C03283,P00455,ST015,2026-11-25 06:50:00,6,11331.19,0.05,CARD
S0063558,C01695,P00726,ST044,2027-02-01 14:07:00,3,7391.49,0.05,UPI
S0063559,C02753,P00778,ST021,2027-01-24 20:20:00,3,5364.50,0.05,WALLET
S0063560,C03744,P00644,ST042,2027-02-07 05:31:00,2,8264.91,0.00,UPI
S0063561,C00348,P00162,ST022,2027-04-30 09:27:00,3,12288.78,0.10,WALLET
S0063562,C01791,P00023,ST030,2026-11-12 13:33:00,8,8298.86,0.00,NET_BANKING
S0063563,C03246,P00157,ST042,2027-02-21 21:50:00,7,8754.83,0.10,WALLET
S0063564,C02349,P00066,ST031,2026-11-04 01:03:00,1,13989.36,0.15,WALLET
S0063565,C03333,P00833,ST005,2027-03-31 16:00:00,2,1413.00,0.00,CARD
S0063566,C04748,P00919,ST019,2027-02-10 11:14:00,8,8906.88,0.05,COD
S0063567,C02326,P00949,ST021,2026-10-21 10:13:00,6,5923.78,0.00,COD
S0063568,C02014,P00711,ST010,2026-11-14 17:42:00,7,6883.58,0.00,WALLET
S0063569,C05585,P00078,ST029,2026-10-21 23:50:00,3,6017.13,0.10,COD
S0063570,C04490,P00056,ST026,2026-11-24 22:24:00,1,12872.42,0.00,WALLET
S0063571,C01087,P00009,ST044,2027-03-27 09:06:00,3,14426.84,0.00,UPI
S0063572,C02914,P00834,ST045,2026-12-26 02:08:00,5,13773.56,0.05,COD
S0063573,C02086,P00690,ST018,2027-02-19 20:34:00,5,4018.76,0.10,WALLET
S0063574,C04103,P00003,ST038,2027-05-11 17:30:00,5,9487.90,0.05,NET_BANKING
S0063575,C01677,P00007,ST046,2026-12-13 17:04:00,5,8987.92,0.00,UPI
S0063576,C01162,P00479,ST030,2027-05-19 10:35:00,2,1921.66,0.00,CARD
S0063577,C01620,P00251,ST021,2026-12-08 06:20:00,2,1347.37,0.00,CARD
S0063578,C03254,P00805,ST046,2027-01-16 02:17:00,7,14921.08,0.15,UPI
S0063579,C01993,P00747,ST035,2026-11-16 19:48:00,1,91.31,0.15,CARD
S0063580,C04647,P00033,ST035,2026-10-19 11:37:00,4,11598.07,0.05,CARD
S0063581,C03952,P00462,ST047,2026-12-24 16:19:00,6,3972.80,0.00,WALLET
S0063582,C05385,P00062,ST019,2027-05-20 22:49:00,2,6290.18,0.15,COD
S0063583,C03188,P00144,ST003,2026-09-23 09:54:00,7,9162.18,0.10,COD
S0063584,C00339,P01016,ST028,2027-05-03 13:05:00,7,4723.52,0.00,COD
S0063585,C02352,P01045,ST005,2026-11-04 18:50:00,6,1971.66,0.05,COD
S0063586,C02124,P00534,ST022,2027-04-03 10:25:00,1,5928.36,0.10,CARD
S0063587,C02556,P01123,ST050,2027-01-02 13:12:00,7,3957.63,0.15,COD
S0063588,C02426,P00947,ST045,2026-12-09 09:06:00,2,5493.18,0.00,COD
S0063589,C01002,P00049,ST019,2027-02-23 18:05:00,2,856.91,0.00,CARD
S0063590,C02756,P00897,ST046,2027-01-04 09:07:00,5,3588.17,0.15,CARD
S0063591,C01178,P00488,ST028,2027-05-24 13:52:00,8,764.11,0.00,WALLET
S0063592,C00955,P00405,ST049,2026-11-29 16:15:00,5,11768.32,0.15,NET_BANKING
S0063593,C03167,P00323,ST041,2027-01-21 18:11:00,3,2608.20,0.00,CARD
S0063594,C02525,P00136,ST008,2027-01-20 08:50:00,4,2339.70,0.05,COD
S0063595,C00365,P00021,ST016,2026-12-13 19:31:00,7,4001.39,0.00,UPI
S0063596,C04787,P00155,ST035,2027-02-20 00:19:00,1,7087.72,0.10,CARD
S0063597,C03098,P00388,ST025,2027-04-05 08:41:00,7,6375.35,0.10,UPI
S0063598,C02381,P00553,ST003,2026-10-05 04:56:00,6,10883.36,0.00,WALLET
S0063599,C01424,P00952,ST042,2026-10-29 07:12:00,1,7725.11,0.00,COD
S0063600,C02824,P00528,ST019,2027-05-06 03:47:00,3,12190.45,0.05,WALLET
S0063601,C01045,P00623,ST043,2026-09-27 06:10:00,4,2478.31,0.10,COD
S0063602,C02019,P00005,ST022,2027-06-02 22:42:00,8,3720.45,0.05,UPI
S0063603,C01083,P00188,ST016,2027-03-30 12:40:00,1,6455.12,0.05,WALLET
S0063604,C03039,P00444,ST039,2027-05-28 12:58:00,2,910.78,0.15,UPI
S0063605,C02696,P01026,ST035,2027-03-08 18:30:00,6,1342.24,0.00,UPI
S0063606,C03280,P01014,ST032,2027-01-25 18:16:00,6,4967.31,0.05,UPI
S0063607,C05961,P00853,ST044,2026-12-16 00:05:00,6,14567.44,0.00,WALLET
S0063608,C05122,P00303,ST029,2027-05-18 13:39:00,6,14560.81,0.15,WALLET
S0063609,C04046,P00374,ST024,2027-03-07 04:43:00,3,688.46,0.00,COD
S0063610,C03546,P01025,ST028,2026-09-25 13:52:00,4,3759.88,0.05,CARD
S0063611,C00042,P00157,ST006,2026-10-10 03:23:00,1,8754.83,0.05,UPI
S0063612,C01965,P00659,ST048,2026-12-24 05:59:00,1,3678.56,0.00,NET_BANKING
S0063613,C00233,P00338,ST042,2026-10-17 03:54:00,5,9729.31,0.00,UPI
S0063614,C00433,P00409,ST033,2027-03-31 05:00:00,2,2349.95,0.00,NET_BANKING
S0063615,C00546,P01017,ST024,2027-03-31 02:35:00,6,4884.05,0.15,WALLET
S0063616,C02323,P00020,ST041,2026-09-19 22:13:00,6,3345.18,0.15,COD
S0063617,C04925,P00409,ST031,2027-03-25 10:59:00,3,2349.95,0.15,UPI
S0063618,C01352,P00751,ST048,2027-01-16 15:11:00,2,4310.47,0.00,WALLET
S0063619,C02354,P00742,ST028,2027-01-09 09:41:00,2,7019.87,0.00,WALLET
S0063620,C01464,P01141,ST013,2026-09-28 08:27:00,2,2515.39,0.00,UPI
S0063621,C03651,P00241,ST049,2027-03-25 11:05:00,3,14291.38,0.00,UPI
S0063622,C00664,P01023,ST039,2027-04-05 10:40:00,8,1066.02,0.15,COD
S0063623,C04414,P00562,ST007,2027-05-27 23:07:00,1,10013.06,0.15,WALLET
S0063624,C03767,P00579,ST046,2027-01-19 22:25:00,7,10886.45,0.00,COD
S0063625,C03662,P00375,ST023,2027-01-26 22:44:00,4,8641.01,0.15,CARD
S0063626,C01183,P01144,ST035,2026-11-01 00:34:00,1,4698.64,0.00,WALLET
S0063627,C03839,P01169,ST039,2027-05-03 18:18:00,4,3058.14,0.15,NET_BANKING
S0063628,C05092,P00925,ST028,2027-01-05 23:46:00,5,9802.23,0.00,COD
S0063629,C04893,P00141,ST018,2026-12-25 19:40:00,2,8257.89,0.00,COD
S0063630,C04836,P00564,ST015,2027-04-14 19:48:00,1,13288.39,0.10,COD
S0063631,C03106,P00525,ST013,2026-11-08 08:19:00,5,10778.97,0.00,NET_BANKING
S0063632,C02135,P00718,ST023,2026-10-15 07:33:00,2,3535.94,0.05,WALLET
S0063633,C05979,P01182,ST034,2027-05-23 06:38:00,7,1888.95,0.10,NET_BANKING
S0063634,C05748,P00487,ST042,2026-11-22 04:32:00,6,5449.32,0.00,WALLET
S0063635,C01509,P01125,ST038,2026-10-13 07:43:00,1,1810.63,0.05,CARD
S0063636,C05420,P00427,ST034,2026-09-16 18:48:00,2,7760.69,0.10,NET_BANKING
S0063637,C02708,P00316,ST007,2027-01-29 05:07:00,3,4896.51,0.05,COD
S0063638,C05710,P00064,ST023,2027-05-07 07:38:00,6,9773.23,0.10,COD
S0063639,C05903,P00861,ST041,2027-01-18 14:26:00,7,3963.47,0.15,UPI
S0063640,C05142,P00978,ST037,2027-04-30 10:09:00,7,12166.54,0.15,UPI
S0063641,C00528,P00758,ST037,2026-10-23 13:37:00,4,8501.92,0.10,UPI
S0063642,C04070,P00220,ST048,2027-03-10 16:17:00,5,3145.53,0.10,UPI
S0063643,C05075,P00970,ST026,2027-03-25 10:49:00,2,11802.25,0.05,WALLET
S0063644,C01302,P00666,ST028,2027-05-31 18:33:00,6,12463.65,0.10,CARD
S0063645,C05234,P00595,ST018,2027-02-24 21:01:00,7,6648.58,0.10,WALLET
S0063646,C01295,P00145,ST017,2026-10-28 09:24:00,1,10011.24,0.00,COD
S0063647,C00837,P00182,ST004,2026-12-25 14:35:00,6,11258.08,0.00,WALLET
S0063648,C02588,P00349,ST043,2027-05-02 00:06:00,5,4491.15,0.05,CARD
S0063649,C01339,P00816,ST046,2027-03-13 04:31:00,6,12563.10,0.15,WALLET
S0063650,C01706,P01099,ST013,2027-02-08 12:56:00,2,697.68,0.10,CARD
S0063651,C04460,P00824,ST024,2027-02-07 06:42:00,4,5681.80,0.05,WALLET
S0063652,C01002,P01117,ST043,2026-10-31 08:56:00,6,2080.66,0.05,COD
S0063653,C00128,P01024,ST042,2026-09-30 14:31:00,7,1499.43,0.05,WALLET
S0063654,C00273,P00292,ST011,2027-01-02 02:21:00,6,387.24,0.00,CARD
S0063655,C01501,P00731,ST012,2026-09-19 23:40:00,2,6650.71,0.05,NET_BANKING
S0063656,C00651,P00075,ST044,2026-10-03 02:35:00,2,288.24,0.15,WALLET
S0063657,C02691,P00633,ST021,2027-03-14 19:45:00,7,8834.04,0.00,COD
S0063658,C00375,P00784,ST050,2026-11-10 15:30:00,7,13461.16,0.10,COD
S0063659,C05653,P00410,ST036,2027-04-03 22:57:00,5,12139.70,0.00,NET_BANKING
S0063660,C05284,P00023,ST006,2027-04-01 10:55:00,4,8298.86,0.00,UPI
S0063661,C03276,P01165,ST029,2027-03-06 06:55:00,6,3871.60,0.15,COD
S0063662,C02528,P00936,ST016,2027-04-16 21:41:00,3,4432.63,0.00,NET_BANKING
S0063663,C04936,P01045,ST031,2027-01-09 11:51:00,2,492.07,0.05,COD
S0063664,C03393,P00912,ST032,2027-02-10 22:27:00,6,12258.78,0.10,NET_BANKING
S0063665,C00174,P00346,ST009,2026-10-06 13:00:00,3,10411.85,0.00,COD
S0063666,C03023,P00496,ST042,2027-01-14 13:41:00,7,3469.95,0.15,NET_BANKING
S0063667,C03572,P00120,ST004,2027-01-16 22:47:00,4,2796.10,0.15,CARD
S0063668,C03916,P00603,ST031,2026-12-04 00:00:00,4,7723.35,0.15,COD
S0063669,C01503,P00195,ST044,2027-02-26 03:49:00,4,10101.96,0.00,UPI
S0063670,C04768,P00543,ST005,2026-12-30 23:19:00,2,1249.06,0.10,COD
S0063671,C04685,P00798,ST033,2026-12-20 02:44:00,5,2788.26,0.15,UPI
S0063672,C02147,P00728,ST044,2027-02-09 20:10:00,1,2376.69,0.00,CARD
S0063673,C01113,P00188,ST043,2026-12-31 17:58:00,7,6455.12,0.15,UPI
S0063674,C02100,P00025,ST035,2026-09-27 17:05:00,8,4571.56,0.05,UPI
S0063675,C01653,P00859,ST002,2026-11-16 03:17:00,6,4987.90,0.15,CARD
S0063676,C04223,P00403,ST024,2027-03-19 02:05:00,1,6512.03,0.15,WALLET
S0063677,C05331,P00092,ST045,2027-04-09 04:09:00,7,8564.59,0.15,WALLET
S0063678,C03732,P01196,ST018,2026-12-11 22:39:00,8,3811.94,0.05,WALLET
S0063679,C03521,P00148,ST035,2027-05-30 19:25:00,2,4636.94,0.15,NET_BANKING
S0063680,C05592,P00829,ST027,2027-02-03 13:36:00,4,5882.19,0.15,CARD
S0063681,C05414,P00180,ST038,2026-10-03 01:48:00,5,12378.45,0.00,CARD
S0063682,C01784,P00256,ST013,2027-01-03 13:27:00,2,1987.06,0.05,UPI
S0063683,C04632,P00691,ST033,2026-12-08 21:59:00,8,11997.97,0.15,NET_BANKING
S0063684,C05477,P00052,ST046,2027-05-25 10:04:00,2,6138.64,0.00,UPI
S0063685,C03696,P00043,ST036,2027-01-16 01:53:00,2,3923.78,0.00,COD
S0063686,C05969,P00734,ST015,2027-03-05 19:53:00,5,2368.19,0.15,NET_BANKING
S0063687,C04926,P01190,ST027,2026-11-29 02:50:00,8,822.75,0.15,WALLET
S0063688,C04553,P01070,ST001,2027-05-21 17:49:00,7,481.71,0.15,UPI
S0063689,C00732,P00275,ST046,2026-10-02 00:47:00,7,6304.00,0.00,WALLET
S0063690,C02275,P00504,ST043,2026-10-04 21:00:00,5,6640.14,0.10,CARD
S0063691,C01480,P00706,ST016,2026-12-12 03:37:00,4,2797.24,0.10,WALLET
S0063692,C02777,P00743,ST018,2026-10-31 16:59:00,2,11438.19,0.00,WALLET
S0063693,C01873,P00486,ST037,2027-03-09 17:30:00,3,10044.32,0.00,NET_BANKING
S0063694,C01938,P00722,ST031,2026-11-11 16:50:00,4,2303.35,0.05,NET_BANKING
S0063695,C01741,P00451,ST033,2026-10-24 00:25:00,8,10085.19,0.10,WALLET
S0063696,C00090,P00013,ST037,2026-12-27 02:13:00,4,6028.43,0.15,COD
S0063697,C02900,P01018,ST022,2027-01-09 18:33:00,4,1399.52,0.00,CARD
S0063698,C05175,P00403,ST037,2027-05-15 02:57:00,6,6512.03,0.05,UPI
S0063699,C04356,P00386,ST027,2027-02-01 18:14:00,8,344.42,0.00,CARD
S0063700,C02631,P01020,ST027,2026-12-09 13:38:00,5,1203.29,0.00,UPI
S0063701,C03374,P00276,ST040,2026-12-08 14:40:00,6,6865.96,0.05,UPI
S0063702,C00545,P00408,ST036,2026-11-14 10:35:00,6,61.60,0.10,NET_BANKING
S0063703,C02186,P00903,ST016,2027-02-28 14:11:00,5,4390.79,0.00,CARD
S0063704,C05016,P00871,ST006,2027-02-04 02:55:00,2,9556.52,0.00,NET_BANKING
S0063705,C01952,P00938,ST040,2026-11-04 23:50:00,3,9016.69,0.10,WALLET
S0063706,C03114,P00126,ST010,2027-05-27 22:14:00,7,787.25,0.15,UPI
S0063707,C05027,P00450,ST041,2027-02-11 03:35:00,1,11985.09,0.15,WALLET
S0063708,C00697,P01128,ST036,2027-01-26 03:01:00,7,1668.74,0.00,NET_BANKING
S0063709,C03383,P00869,ST037,2027-05-26 07:42:00,4,5521.33,0.10,NET_BANKING
S0063710,C00297,P00007,ST046,2026-12-16 15:40:00,5,8987.92,0.10,COD
S0063711,C04963,P00608,ST027,2026-10-21 21:41:00,5,4112.16,0.00,WALLET
S0063712,C01559,P01016,ST041,2027-03-19 12:44:00,1,55.75,0.05,COD
S0063713,C02828,P00180,ST038,2027-02-10 10:34:00,5,12378.45,0.00,WALLET
S0063714,C02211,P00071,ST026,2027-01-22 08:37:00,2,11038.49,0.00,CARD
S0063715,C05950,P00033,ST037,2027-03-18 13:39:00,3,11598.07,0.00,WALLET
S0063716,C05359,P01124,ST044,2026-11-28 21:48:00,5,1820.83,0.00,CARD
S0063717,C02561,P00213,ST049,2026-10-10 21:45:00,4,2854.32,0.05,NET_BANKING
S0063718,C04308,P00874,ST010,2027-02-28 03:20:00,3,13474.71,0.00,COD
S0063719,C03518,P00819,ST007,2026-11-11 07:06:00,2,5314.55,0.00,UPI
S0063720,C05678,P00187,ST004,2027-03-17 20:55:00,7,6392.10,0.15,COD
S0063721,C02013,P00447,ST016,2026-10-27 06:27:00,1,13780.12,0.00,UPI
S0063722,C05771,P00614,ST031,2026-11-27 10:30:00,7,71.45,0.00,WALLET
S0063723,C00037,P00979,ST027,2027-02-03 03:45:00,5,5063.99,0.00,COD
S0063724,C00919,P00814,ST016,2027-02-17 01:03:00,4,1576.96,0.00,CARD
S0063725,C01821,P00097,ST035,2026-11-07 22:44:00,1,9879.74,0.00,CARD
S0063726,C03144,P00195,ST048,2026-10-29 18:56:00,6,10101.96,0.00,CARD
S0063727,C01757,P01148,ST027,2027-03-30 13:15:00,8,3209.65,0.05,CARD
S0063728,C04892,P00745,ST046,2027-01-14 20:38:00,2,11887.46,0.15,UPI
S0063729,C05714,P00436,ST043,2027-04-15 04:43:00,2,14953.84,0.15,COD
S0063730,C02010,P00772,ST023,2026-09-24 20:38:00,7,13512.62,0.00,CARD
S0063731,C02562,P00097,ST005,2026-10-17 09:21:00,5,9879.74,0.00,UPI
S0063732,C05419,P00218,ST008,2027-01-06 00:43:00,2,7857.30,0.10,NET_BANKING
S0063733,C00378,P00523,ST036,2027-05-06 00:56:00,6,3568.60,0.00,CARD
S0063734,C03522,P00623,ST042,2026-10-13 06:01:00,4,2478.31,0.05,WALLET
S0063735,C05607,P00904,ST044,2026-11-16 20:39:00,4,437.50,0.05,WALLET
S0063736,C02921,P00393,ST034,2027-02-23 01:34:00,7,7337.73,0.00,CARD
S0063737,C03038,P00461,ST025,2027-04-28 18:04:00,4,9906.46,0.00,CARD
S0063738,C04943,P00964,ST049,2026-10-10 05:00:00,2,5344.88,0.00,NET_BANKING
S0063739,C03302,P00127,ST037,2026-10-08 21:14:00,5,11914.83,0.05,NET_BANKING
S0063740,C03065,P00151,ST034,2026-12-01 16:29:00,4,9961.31,0.00,COD
S0063741,C01600,P01046,ST021,2027-02-05 09:01:00,5,2499.18,0.15,WALLET
S0063742,C00811,P00838,ST017,2027-01-16 21:14:00,2,11094.78,0.00,WALLET
S0063743,C01821,P00681,ST011,2027-04-05 11:54:00,6,10247.66,0.00,WALLET
S0063744,C05693,P00714,ST039,2026-09-20 12:40:00,6,12834.77,0.00,WALLET
S0063745,C03735,P00299,ST047,2026-11-28 14:50:00,5,4344.66,0.10,CARD
S0063746,C03077,P01132,ST033,2027-02-17 18:08:00,5,2277.22,0.00,NET_BANKING
S0063747,C01867,P00579,ST035,2026-11-26 05:09:00,8,10886.45,0.00,WALLET
S0063748,C05115,P00501,ST040,2027-02-21 10:38:00,3,591.28,0.05,CARD
S0063749,C05709,P00722,ST001,2027-01-29 16:04:00,1,2303.35,0.00,WALLET
S0063750,C01562,P00286,ST007,2027-03-04 21:58:00,3,2796.88,0.15,COD
S0063751,C03819,P01015,ST034,2026-11-22 11:37:00,6,283.93,0.05,NET_BANKING
S0063752,C01241,P00010,ST004,2026-12-17 19:41:00,5,10965.99,0.05,UPI
S0063753,C03400,P00502,ST039,2027-01-18 17:09:00,3,5017.69,0.00,COD
S0063754,C04312,P00004,ST021,2027-05-01 05:16:00,6,7022.90,0.15,UPI
S0063755,C01635,P00973,ST043,2027-01-05 22:26:00,3,13784.89,0.05,UPI
S0063756,C01181,P00363,ST002,2026-11-20 04:52:00,3,7028.08,0.10,UPI
S0063757,C02053,P00098,ST035,2026-10-02 02:06:00,4,3874.92,0.00,COD
S0063758,C02379,P00810,ST043,2026-09-16 06:13:00,3,5274.62,0.05,WALLET
S0063759,C04264,P01035,ST042,2027-05-12 01:20:00,4,1779.11,0.00,UPI
S0063760,C03433,P00194,ST012,2026-11-22 12:39:00,4,4680.85,0.00,COD
S0063761,C00458,P00470,ST031,2026-10-16 00:04:00,7,2213.98,0.15,NET_BANKING
S0063762,C00232,P00665,ST013,2027-05-15 13:13:00,2,13897.47,0.10,NET_BANKING
S0063763,C02892,P00679,ST018,2027-05-09 08:32:00,8,10688.41,0.10,CARD
S0063764,C02927,P00244,ST020,2026-10-09 19:55:00,6,12653.48,0.00,COD
S0063765,C05174,P00583,ST003,2026-10-04 16:51:00,2,5417.09,0.00,WALLET
S0063766,C01278,P00282,ST034,2027-04-05 16:49:00,1,11737.73,0.05,NET_BANKING
S0063767,C04373,P00479,ST006,2027-02-13 21:36:00,2,1921.66,0.10,UPI
S0063768,C01016,P00054,ST045,2027-05-11 21:30:00,7,6510.78,0.00,COD
S0063769,C05740,P00715,ST017,2027-05-17 22:27:00,1,9749.53,0.10,COD
S0063770,C00524,P00898,ST041,2027-05-26 02:32:00,4,1340.84,0.10,COD
S0063771,C00131,P00163,ST027,2026-09-29 00:30:00,3,2045.70,0.00,WALLET
S0063772,C02211,P01168,ST012,2027-04-16 01:43:00,5,4642.57,0.00,UPI
S0063773,C03149,P00491,ST009,2026-12-21 01:42:00,3,4754.80,0.05,UPI
S0063774,C02742,P00864,ST037,2026-11-19 10:44:00,1,934.40,0.10,UPI
S0063775,C04624,P01017,ST008,2026-09-28 15:12:00,1,1873.44,0.05,CARD
S0063776,C02927,P00152,ST039,2027-04-03 05:57:00,4,5290.05,0.00,NET_BANKING
S0063777,C04615,P00225,ST011,2026-11-02 06:42:00,2,9830.38,0.15,WALLET
S0063778,C05950,P00214,ST046,2027-05-18 00:03:00,2,8311.62,0.00,NET_BANKING
S0063779,C04886,P00443,ST031,2026-10-31 17:41:00,7,10115.80,0.00,CARD
S0063780,C03897,P01060,ST033,2027-04-12 23:53:00,1,2403.11,0.00,CARD
S0063781,C01753,P00602,ST047,2027-01-04 21:39:00,7,10282.25,0.15,WALLET
S0063782,C04530,P00822,ST035,2027-02-26 23:16:00,4,11979.30,0.05,CARD
S0063783,C04589,P00913,ST044,2027-05-14 19:56:00,7,11417.61,0.10,WALLET
S0063784,C01279,P00175,ST026,2026-10-14 21:59:00,3,14956.51,0.00,CARD
S0063785,C01526,P00803,ST019,2026-10-21 14:26:00,3,4458.92,0.05,WALLET
S0063786,C00828,P01156,ST020,2027-05-25 08:13:00,2,4038.77,0.00,UPI
S0063787,C02841,P00382,ST013,2027-02-03 07:23:00,7,14341.57,0.10,WALLET
S0063788,C00534,P00833,ST022,2027-02-21 19:05:00,5,1413.00,0.00,UPI
S0063789,C04672,P00647,ST046,2027-04-28 17:10:00,2,8946.93,0.05,CARD
S0063790,C00076,P00474,ST007,2026-12-16 08:57:00,6,2329.87,0.00,COD
S0063791,C03453,P00317,ST009,2027-01-15 00:15:00,8,4717.68,0.05,UPI
S0063792,C01993,P00969,ST018,2026-09-25 02:10:00,5,3154.51,0.10,NET_BANKING
S0063793,C03353,P00034,ST012,2027-01-09 20:25:00,6,14038.19,0.05,COD
S0063794,C04988,P00240,ST007,2027-05-05 19:07:00,8,9582.36,0.00,UPI
S0063795,C05304,P00124,ST034,2027-04-18 02:54:00,8,9023.03,0.05,WALLET
S0063796,C02988,P00168,ST030,2026-12-13 14:50:00,3,5532.44,0.05,NET_BANKING
S0063797,C03545,P00816,ST018,2026-12-28 18:15:00,7,12563.10,0.00,WALLET
S0063798,C05953,P00293,ST001,2026-11-21 20:59:00,1,8511.68,0.00,CARD
S0063799,C00659,P00424,ST029,2027-03-19 18:46:00,2,12370.62,0.05,CARD
S0063800,C03159,P01002,ST014,2027-01-11 22:49:00,7,4694.01,0.00,WALLET
S0063801,C05268,P00441,ST004,2026-09-19 04:41:00,7,10328.32,0.00,NET_BANKING
S0063802,C03613,P01031,ST042,2027-05-01 07:47:00,7,1032.98,0.05,UPI
S0063803,C01956,P00138,ST036,2027-05-06 20:50:00,1,11081.05,0.00,CARD
S0063804,C03506,P01126,ST014,2026-11-01 22:10:00,1,2652.54,0.15,CARD
S0063805,C02024,P00673,ST026,2027-04-12 12:50:00,8,7917.40,0.15,NET_BANKING
S0063806,C04573,P00041,ST001,2027-05-10 21:25:00,7,1420.91,0.15,CARD
S0063807,C04570,P00506,ST001,2026-10-10 03:45:00,2,4110.78,0.00,NET_BANKING
S0063808,C00476,P00816,ST007,2026-12-29 21:26:00,3,12563.10,0.05,UPI
S0063809,C01745,P00407,ST026,2027-01-08 08:41:00,7,6517.00,0.10,NET_BANKING
S0063810,C02670,P00594,ST005,2026-11-18 11:42:00,1,10755.95,0.10,WALLET
S0063811,C02515,P00500,ST044,2026-09-29 19:25:00,5,13885.62,0.10,COD
S0063812,C01068,P01080,ST001,2026-11-29 22:37:00,7,4157.14,0.00,NET_BANKING
S0063813,C00193,P00164,ST025,2027-02-17 00:04:00,7,6049.30,0.10,CARD
S0063814,C05507,P00450,ST008,2026-11-29 10:24:00,3,11985.09,0.15,CARD
S0063815,C03998,P00105,ST041,2026-12-15 17:00:00,6,7300.13,0.00,UPI
S0063816,C00891,P00354,ST001,2027-04-18 21:12:00,8,11455.34,0.00,WALLET
S0063817,C04188,P00741,ST001,2027-04-04 06:49:00,2,14542.74,0.00,NET_BANKING
S0063818,C03944,P00564,ST013,2027-01-31 09:17:00,6,13288.39,0.00,COD
S0063819,C02667,P00838,ST020,2027-02-12 03:15:00,5,11094.78,0.00,UPI
S0063820,C04309,P00198,ST007,2027-01-02 07:42:00,2,11526.28,0.00,COD
S0063821,C05449,P00008,ST016,2027-05-24 20:28:00,2,1347.12,0.10,CARD
S0063822,C02577,P00602,ST018,2026-11-09 18:21:00,8,10282.25,0.10,NET_BANKING
S0063823,C05791,P00009,ST020,2026-11-24 20:21:00,4,14426.84,0.05,COD
S0063824,C00170,P01065,ST010,2027-02-08 17:15:00,6,3609.49,0.00,UPI
S0063825,C00854,P00841,ST043,2027-05-22 12:31:00,6,8077.31,0.00,WALLET
S0063826,C04549,P00468,ST027,2026-10-23 20:11:00,6,2151.00,0.00,WALLET
S0063827,C04657,P00147,ST042,2027-04-19 11:40:00,8,8610.17,0.00,UPI
S0063828,C04408,P00781,ST019,2026-09-16 14:09:00,5,8887.88,0.00,NET_BANKING
S0063829,C00053,P01157,ST012,2027-03-30 04:38:00,6,3814.78,0.00,CARD
S0063830,C01051,P00539,ST038,2027-04-09 04:14:00,7,7157.77,0.05,CARD
S0063831,C02747,P00757,ST038,2027-03-10 16:38:00,3,226.72,0.05,UPI
S0063832,C05466,P00965,ST002,2026-11-06 17:32:00,3,14887.52,0.10,WALLET
S0063833,C04463,P00269,ST022,2026-11-27 03:10:00,8,1436.31,0.10,CARD
S0063834,C00430,P00662,ST033,2026-10-02 15:32:00,6,6965.19,0.15,NET_BANKING
S0063835,C00931,P00863,ST028,2026-12-15 17:50:00,7,6218.08,0.00,COD
S0063836,C04014,P00520,ST043,2026-10-14 13:14:00,4,9276.97,0.00,WALLET
S0063837,C05832,P00969,ST037,2027-04-27 11:34:00,4,3154.51,0.00,UPI
S0063838,C03200,P00464,ST017,2027-01-08 13:24:00,2,6498.78,0.00,NET_BANKING
S0063839,C00486,P00529,ST004,2027-05-12 23:00:00,6,10534.37,0.10,CARD
S0063840,C03707,P01135,ST027,2027-04-03 01:08:00,6,4289.35,0.00,CARD
S0063841,C00062,P01034,ST039,2026-12-28 02:16:00,3,3307.30,0.15,NET_BANKING
S0063842,C05448,P01101,ST001,2027-04-08 18:00:00,8,4519.03,0.05,COD
S0063843,C01132,P00407,ST023,2027-04-16 15:21:00,6,6517.00,0.05,CARD
S0063844,C00206,P00408,ST012,2027-04-18 14:05:00,2,61.60,0.15,WALLET
S0063845,C01820,P00787,ST037,2027-01-27 13:45:00,4,12290.08,0.00,CARD
S0063846,C05680,P00685,ST008,2027-01-23 14:41:00,8,2866.20,0.05,UPI
S0063847,C01778,P00432,ST001,2026-10-05 02:08:00,5,578.01,0.05,COD
S0063848,C05729,P00880,ST035,2027-01-16 12:06:00,7,9958.92,0.10,CARD
S0063849,C03141,P01130,ST001,2026-11-27 23:39:00,5,933.89,0.15,WALLET
S0063850,C05107,P01152,ST041,2026-10-20 01:14:00,5,4612.57,0.05,UPI
S0063851,C01583,P00039,ST047,2027-03-30 05:50:00,8,11380.58,0.05,COD
S0063852,C05911,P01048,ST028,2027-05-27 06:07:00,1,1448.44,0.10,UPI
S0063853,C02178,P00258,ST014,2027-05-05 05:50:00,5,9537.16,0.05,NET_BANKING
S0063854,C02741,P00711,ST033,2027-05-30 16:18:00,1,6883.58,0.00,CARD
S0063855,C05967,P00161,ST049,2027-01-25 03:18:00,6,3469.31,0.00,COD
S0063856,C00265,P00787,ST032,2027-01-18 19:57:00,8,12290.08,0.00,CARD
S0063857,C04750,P00353,ST035,2026-11-23 10:39:00,5,10161.42,0.00,NET_BANKING
S0063858,C02893,P01043,ST037,2027-01-21 07:10:00,1,1531.58,0.10,CARD
S0063859,C05673,P00086,ST039,2027-04-18 18:19:00,6,394.30,0.05,NET_BANKING
S0063860,C02809,P01130,ST004,2027-05-21 09:26:00,1,4000.92,0.00,NET_BANKING
S0063861,C00797,P00414,ST035,2027-02-24 15:41:00,3,11326.94,0.05,COD
S0063862,C01307,P00617,ST003,2027-03-08 13:32:00,3,11028.99,0.10,UPI
S0063863,C01017,P00719,ST045,2026-12-08 18:52:00,4,6837.75,0.15,CARD
S0063864,C04777,P00118,ST028,2027-04-02 01:07:00,2,7964.36,0.10,COD
S0063865,C05129,P01048,ST003,2027-03-23 23:35:00,2,3655.05,0.05,COD
S0063866,C02570,P01200,ST030,2027-03-21 06:47:00,7,4223.35,0.00,COD
S0063867,C03699,P00912,ST044,2027-04-05 19:38:00,8,12258.78,0.00,WALLET
S0063868,C01553,P00025,ST045,2026-12-28 21:45:00,7,4571.56,0.10,NET_BANKING
S0063869,C05876,P01152,ST050,2027-02-17 20:50:00,2,2935.69,0.00,COD
S0063870,C03604,P01078,ST049,2027-03-24 23:00:00,2,4114.38,0.00,NET_BANKING
S0063871,C05673,P00151,ST039,2026-12-13 21:12:00,1,9961.31,0.05,UPI
S0063872,C01599,P00625,ST002,2027-05-12 01:55:00,8,12569.93,0.00,CARD
S0063873,C00095,P00389,ST049,2026-11-12 21:23:00,6,7161.01,0.00,UPI
S0063874,C05394,P00849,ST001,2027-01-09 18:01:00,7,11840.46,0.00,UPI
S0063875,C05737,P00354,ST019,2027-03-12 07:27:00,5,11455.34,0.05,COD
S0063876,C04737,P00093,ST031,2026-10-14 19:40:00,6,1874.43,0.00,UPI
S0063877,C01509,P00339,ST022,2027-05-18 22:30:00,8,2464.80,0.00,CARD
S0063878,C05973,P00754,ST032,2026-10-01 21:14:00,5,4946.47,0.00,COD
S0063879,C01944,P00515,ST047,2027-05-05 12:50:00,6,6743.70,0.00,COD
S0063880,C03622,P00606,ST006,2027-05-03 20:10:00,8,2062.87,0.15,CARD
S0063881,C02989,P00982,ST031,2027-02-17 11:53:00,4,1313.93,0.05,CARD
S0063882,C03116,P00419,ST012,2026-11-10 00:02:00,4,11021.19,0.05,COD
S0063883,C00445,P00784,ST037,2026-12-19 08:00:00,4,13461.16,0.10,CARD
S0063884,C03530,P00753,ST026,2026-10-14 10:06:00,6,9739.34,0.05,UPI
S0063885,C00589,P01081,ST050,2027-04-11 10:20:00,2,1379.50,0.00,UPI
S0063886,C04839,P00877,ST045,2026-10-26 16:44:00,1,9491.54,0.00,COD
S0063887,C00485,P00505,ST012,2027-01-22 05:24:00,1,13158.37,0.00,CARD
S0063888,C03467,P01136,ST050,2026-09-17 20:41:00,5,3986.40,0.15,CARD
S0063889,C01820,P00372,ST010,2027-02-16 00:05:00,4,8947.17,0.05,NET_BANKING
S0063890,C05264,P00349,ST030,2026-11-14 14:09:00,6,4491.15,0.00,WALLET
S0063891,C03317,P00116,ST024,2027-01-30 23:39:00,7,6123.57,0.00,CARD
S0063892,C04779,P00725,ST011,2027-02-03 15:57:00,4,5516.84,0.00,COD
S0063893,C00537,P00593,ST035,2026-12-07 01:19:00,2,3386.42,0.15,NET_BANKING
S0063894,C01559,P00643,ST009,2027-02-18 11:21:00,7,13117.03,0.10,WALLET
S0063895,C01357,P00154,ST029,2027-05-09 07:09:00,1,3193.19,0.00,CARD
S0063896,C02723,P00485,ST036,2027-06-01 18:24:00,8,2390.76,0.00,CARD
S0063897,C05889,P00718,ST002,2027-05-30 20:00:00,5,3535.94,0.00,UPI
S0063898,C04453,P00347,ST004,2027-02-03 12:46:00,2,13728.26,0.05,COD
S0063899,C00333,P00902,ST002,2026-11-02 10:40:00,2,6441.41,0.10,COD
S0063900,C05958,P00643,ST032,2026-10-05 02:36:00,6,13117.03,0.10,NET_BANKING
S0063901,C03914,P01067,ST039,2027-05-05 23:47:00,6,169.21,0.15,WALLET
S0063902,C04353,P00357,ST035,2026-10-16 16:46:00,1,4341.85,0.05,UPI
S0063903,C01809,P01178,ST031,2027-05-03 15:35:00,4,2291.36,0.10,NET_BANKING
S0063904,C03172,P00643,ST028,2027-01-26 19:16:00,6,13117.03,0.10,NET_BANKING
S0063905,C02197,P00584,ST039,2027-03-30 15:11:00,4,1058.35,0.00,WALLET
S0063906,C00471,P00195,ST042,2027-05-06 21:29:00,2,10101.96,0.15,CARD
S0063907,C05920,P00754,ST022,2027-02-08 10:01:00,8,4946.47,0.15,WALLET
S0063908,C00718,P00370,ST050,2027-04-21 06:47:00,8,9728.34,0.00,COD
S0063909,C00647,P00387,ST029,2027-03-16 09:37:00,8,9454.62,0.15,COD
S0063910,C05013,P00127,ST044,2026-12-04 04:11:00,3,11914.83,0.00,COD
S0063911,C03343,P00148,ST012,2026-12-24 15:02:00,1,4636.94,0.00,CARD
S0063912,C01611,P00471,ST029,2027-02-25 04:26:00,2,8186.09,0.00,UPI
S0063913,C01805,P00816,ST018,2027-04-18 14:09:00,2,12563.10,0.05,CARD
S0063914,C05471,P00950,ST006,2026-10-22 04:48:00,4,3458.38,0.15,UPI
S0063915,C03677,P00640,ST017,2027-03-31 14:44:00,1,9013.79,0.10,NET_BANKING
S0063916,C05390,P01079,ST010,2026-10-19 08:44:00,1,3489.44,0.00,WALLET
S0063917,C04900,P01017,ST034,2026-11-16 13:35:00,6,3775.21,0.15,WALLET
S0063918,C01524,P01192,ST011,2027-03-06 01:34:00,5,1009.01,0.00,CARD
S0063919,C01589,P00938,ST003,2027-02-19 05:40:00,7,9016.69,0.00,COD
S0063920,C03277,P00222,ST005,2026-09-16 19:23:00,5,10998.10,0.10,WALLET
S0063921,C02793,P00328,ST041,2026-09-19 14:03:00,8,3281.70,0.15,CARD
S0063922,C02238,P00065,ST021,2027-05-05 00:54:00,3,505.63,0.15,UPI
S0063923,C01846,P00225,ST033,2027-05-30 19:41:00,4,9830.38,0.05,CARD
S0063924,C04042,P00315,ST030,2026-12-27 16:53:00,8,8151.43,0.15,COD
S0063925,C05259,P01144,ST046,2027-02-07 23:04:00,2,4094.03,0.10,UPI
S0063926,C02367,P00575,ST020,2026-12-24 10:56:00,3,10494.08,0.05,UPI
S0063927,C01193,P00454,ST029,2026-12-28 21:45:00,2,8517.58,0.00,CARD
S0063928,C00207,P00093,ST017,2027-03-07 02:28:00,8,1874.43,0.05,CARD
S0063929,C05926,P00165,ST010,2026-11-17 09:17:00,6,14497.74,0.00,NET_BANKING
S0063930,C02097,P00087,ST042,2027-03-04 09:07:00,5,2943.27,0.00,CARD
S0063931,C05131,P00449,ST048,2026-10-20 18:59:00,2,4682.35,0.15,WALLET
S0063932,C03785,P01075,ST045,2027-02-28 12:03:00,8,3004.14,0.05,CARD
S0063933,C03566,P00822,ST035,2027-02-02 12:16:00,3,11979.30,0.00,WALLET
S0063934,C03488,P00278,ST007,2027-01-03 02:37:00,5,3088.10,0.00,UPI
S0063935,C04943,P00932,ST038,2026-12-03 00:55:00,3,10233.75,0.00,NET_BANKING
S0063936,C01025,P00386,ST047,2027-03-14 20:50:00,3,344.42,0.15,NET_BANKING
S0063937,C01820,P00549,ST045,2026-10-20 02:53:00,7,8615.76,0.00,CARD
S0063938,C03585,P00499,ST035,2027-02-02 17:40:00,3,5291.36,0.15,COD
S0063939,C01626,P01155,ST047,2027-03-08 04:44:00,5,2626.76,0.00,NET_BANKING
S0063940,C02819,P00490,ST010,2027-02-12 09:06:00,7,3009.09,0.00,CARD
S0063941,C01728,P00432,ST047,2027-04-25 00:59:00,5,578.01,0.15,COD
S0063942,C04873,P01058,ST010,2026-10-26 04:01:00,5,530.56,0.00,CARD
S0063943,C01928,P00628,ST045,2027-05-29 23:15:00,6,11204.97,0.05,COD
S0063944,C04773,P01016,ST012,2027-02-07 09:08:00,7,2939.77,0.05,NET_BANKING
S0063945,C00236,P00248,ST007,2026-10-18 17:42:00,4,13778.23,0.10,WALLET
S0063946,C03896,P01040,ST021,2027-03-01 11:33:00,1,4123.95,0.00,UPI
S0063947,C03744,P00817,ST025,2026-12-01 14:31:00,5,11269.31,0.00,COD
S0063948,C00087,P00596,ST004,2027-06-02 12:19:00,6,8194.29,0.10,COD
S0063949,C01259,P00150,ST027,2026-11-10 06:35:00,8,10110.81,0.00,CARD
S0063950,C02987,P00406,ST046,2027-01-08 03:43:00,1,1162.78,0.05,UPI
S0063951,C01399,P00636,ST038,2026-12-04 10:54:00,3,12658.75,0.00,WALLET
S0063952,C00925,P00283,ST049,2027-05-07 10:38:00,5,6670.75,0.00,WALLET
S0063953,C00981,P00755,ST050,2026-12-14 11:02:00,1,13881.05,0.00,CARD
S0063954,C05223,P00675,ST031,2026-11-22 05:49:00,5,10065.36,0.00,COD
S0063955,C02236,P00459,ST043,2027-01-26 11:52:00,5,608.46,0.15,NET_BANKING
S0063956,C03079,P00128,ST012,2027-01-12 14:31:00,4,12585.65,0.05,UPI
S0063957,C05323,P01031,ST023,2027-04-26 15:30:00,8,2304.11,0.05,WALLET
S0063958,C05660,P01073,ST030,2027-02-04 13:17:00,4,1351.29,0.00,UPI
S0063959,C01729,P00032,ST023,2027-03-23 05:26:00,6,2163.25,0.05,NET_BANKING
S0063960,C02165,P00631,ST029,2026-12-10 06:38:00,2,2764.58,0.05,UPI
S0063961,C02168,P01031,ST014,2027-03-05 15:52:00,2,1686.47,0.00,UPI
S0063962,C03185,P00905,ST025,2026-12-07 00:49:00,4,7562.39,0.10,NET_BANKING
S0063963,C02430,P00538,ST001,2027-05-12 07:13:00,5,12711.98,0.10,COD
S0063964,C05855,P00217,ST021,2027-04-01 01:17:00,3,10077.87,0.15,CARD
S0063965,C05874,P00853,ST024,2027-04-27 11:51:00,2,14567.44,0.15,COD
S0063966,C05761,P00163,ST014,2026-12-25 09:55:00,3,2045.70,0.10,UPI
S0063967,C01031,P00704,ST011,2026-10-22 21:07:00,1,3700.74,0.15,WALLET
S0063968,C00419,P00621,ST041,2027-02-19 08:50:00,3,12280.84,0.00,WALLET
S0063969,C04921,P00169,ST009,2026-12-28 02:23:00,7,11639.94,0.00,CARD
S0063970,C05040,P01032,ST026,2026-11-27 04:05:00,1,2534.48,0.10,UPI
S0063971,C02600,P00333,ST048,2027-04-07 21:07:00,8,1647.52,0.05,UPI
S0063972,C02725,P00565,ST020,2027-01-13 18:33:00,6,2663.33,0.00,UPI
S0063973,C00346,P00162,ST005,2027-03-25 00:34:00,2,12288.78,0.10,UPI
S0063974,C01720,P00826,ST032,2027-01-16 07:04:00,1,8287.08,0.00,CARD
S0063975,C00335,P00205,ST035,2026-10-05 20:09:00,6,2535.39,0.05,CARD
S0063976,C04769,P01002,ST010,2026-11-25 23:55:00,2,3885.35,0.00,COD
S0063977,C03437,P00566,ST013,2027-05-19 21:57:00,2,9094.95,0.15,NET_BANKING
S0063978,C05199,P00983,ST017,2027-01-16 04:17:00,6,14539.34,0.15,WALLET
S0063979,C05775,P00472,ST050,2027-05-09 18:27:00,7,13031.18,0.15,UPI
S0063980,C05679,P00542,ST047,2026-09-21 00:04:00,6,13862.55,0.00,CARD
S0063981,C04102,P00009,ST020,2026-12-26 00:34:00,1,14426.84,0.10,COD
S0063982,C04172,P00454,ST040,2026-12-13 05:34:00,4,8517.58,0.05,UPI
S0063983,C02597,P00889,ST022,2026-11-20 13:03:00,8,10263.87,0.00,WALLET
S0063984,C04880,P00589,ST041,2027-03-14 17:10:00,7,4410.37,0.05,CARD
S0063985,C03610,P00309,ST003,2026-12-21 11:52:00,7,9944.41,0.15,NET_BANKING
S0063986,C02085,P00376,ST022,2026-11-06 14:07:00,1,6826.58,0.05,NET_BANKING
S0063987,C05819,P00739,ST004,2026-11-03 06:22:00,4,5997.32,0.00,UPI
S0063988,C00197,P01060,ST006,2027-05-12 12:10:00,7,3972.80,0.00,UPI
S0063989,C01966,P00162,ST014,2026-10-22 18:01:00,1,12288.78,0.10,NET_BANKING
S0063990,C04697,P00395,ST031,2027-02-16 08:14:00,7,4137.07,0.15,UPI
S0063991,C03154,P00791,ST044,2026-10-16 12:38:00,3,5011.64,0.15,WALLET
S0063992,C02100,P00371,ST002,2027-01-13 22:16:00,4,7245.43,0.00,WALLET
S0063993,C03431,P00530,ST019,2026-12-25 17:25:00,8,1909.30,0.10,CARD
S0063994,C02616,P00022,ST035,2027-04-30 02:46:00,1,4659.49,0.00,UPI
S0063995,C00365,P00162,ST013,2026-11-11 04:15:00,7,12288.78,0.05,NET_BANKING
S0063996,C02644,P00185,ST012,2026-10-14 16:09:00,1,5998.13,0.05,NET_BANKING
S0063997,C05688,P00475,ST036,2027-03-11 19:15:00,3,1870.66,0.00,UPI
S0063998,C01942,P00760,ST002,2027-03-21 14:48:00,1,13523.24,0.00,NET_BANKING
S0063999,C01884,P00059,ST013,2027-01-10 13:24:00,7,14733.93,0.00,COD
S0064000,C05958,P00804,ST049,2026-11-01 07:26:00,4,13775.11,0.15,CARD
S0064001,C04840,P00809,ST030,2026-10-13 16:33:00,4,7203.83,0.00,CARD
S0064002,C05195,P00380,ST027,2026-11-06 12:39:00,3,10594.68,0.15,CARD
S0064003,C01399,P00351,ST038,2026-11-19 14:15:00,2,9073.84,0.00,CARD
S0064004,C03383,P00342,ST011,2027-02-11 06:45:00,4,2514.86,0.15,WALLET
S0064005,C03975,P00404,ST010,2027-01-10 00:52:00,7,2015.34,0.10,NET_BANKING
S0064006,C02225,P00163,ST037,2027-05-11 21:17:00,1,2045.70,0.05,UPI
S0064007,C00149,P01016,ST010,2027-04-18 02:12:00,8,1114.52,0.10,CARD
S0064008,C01145,P01052,ST037,2027-01-06 01:07:00,3,784.48,0.00,CARD
S0064009,C03992,P00067,ST035,2026-11-21 03:42:00,2,3494.40,0.00,COD
S0064010,C03019,P00157,ST020,2027-01-02 00:08:00,4,8754.83,0.05,WALLET
S0064011,C05307,P00549,ST018,2027-04-16 07:22:00,4,8615.76,0.15,WALLET
S0064012,C02496,P01197,ST017,2026-10-04 07:30:00,1,823.09,0.00,CARD
S0064013,C03812,P00387,ST035,2027-05-15 21:29:00,5,9454.62,0.00,UPI
S0064014,C02478,P00937,ST050,2026-09-27 02:42:00,6,2930.83,0.05,NET_BANKING
S0064015,C00865,P00863,ST047,2027-03-12 13:33:00,3,6218.08,0.00,WALLET
S0064016,C03788,P00770,ST007,2027-05-03 09:45:00,8,6385.04,0.10,COD
S0064017,C00134,P01005,ST036,2026-11-24 16:07:00,2,745.83,0.00,WALLET
S0064018,C05165,P01001,ST032,2027-01-31 00:22:00,2,2274.62,0.10,NET_BANKING
S0064019,C00886,P00113,ST042,2027-03-08 03:21:00,6,13315.47,0.00,COD
S0064020,C05026,P00037,ST008,2026-12-18 19:26:00,6,11915.11,0.10,COD
S0064021,C00805,P01193,ST021,2027-03-17 04:33:00,6,1192.55,0.00,COD
S0064022,C05724,P00856,ST041,2026-09-22 05:05:00,6,4490.45,0.15,UPI
S0064023,C02600,P00011,ST010,2027-03-28 19:25:00,6,9660.40,0.05,NET_BANKING
S0064024,C04603,P00046,ST013,2026-12-15 12:39:00,1,4750.20,0.00,UPI
S0064025,C04276,P00621,ST031,2027-04-10 15:14:00,6,12280.84,0.15,WALLET
S0064026,C02642,P00857,ST020,2026-12-03 22:27:00,1,10083.38,0.00,COD
S0064027,C04000,P01070,ST014,2026-09-26 20:56:00,2,1514.97,0.10,NET_BANKING
S0064028,C02329,P00209,ST024,2027-04-13 07:25:00,1,6800.00,0.00,UPI
S0064029,C02480,P00080,ST021,2027-01-18 11:33:00,7,4990.71,0.15,COD
S0064030,C02802,P00128,ST043,2026-09-19 16:59:00,2,12585.65,0.05,COD
S0064031,C05366,P00282,ST041,2027-02-24 09:14:00,1,11737.73,0.00,UPI
S0064032,C04683,P00084,ST031,2026-10-17 22:30:00,2,9370.43,0.05,UPI
S0064033,C01419,P00346,ST001,2026-11-14 12:22:00,1,10411.85,0.00,COD
S0064034,C01088,P00870,ST012,2026-11-12 12:55:00,6,12131.34,0.05,WALLET
S0064035,C02413,P00329,ST009,2027-02-22 21:26:00,3,1364.47,0.00,NET_BANKING
S0064036,C02197,P00425,ST032,2026-09-25 17:00:00,5,14157.41,0.10,CARD
S0064037,C03908,P00385,ST039,2027-04-17 17:51:00,1,6877.27,0.00,UPI
S0064038,C02930,P00475,ST001,2027-02-26 05:28:00,1,1870.66,0.05,COD
S0064039,C01164,P00326,ST029,2027-03-21 09:33:00,3,13983.47,0.00,UPI
S0064040,C00078,P00536,ST025,2026-12-08 22:44:00,3,8908.32,0.05,UPI
S0064041,C03295,P00061,ST017,2026-12-15 05:55:00,5,9979.10,0.00,COD
S0064042,C04465,P00649,ST017,2026-10-08 22:42:00,4,9552.52,0.10,WALLET
S0064043,C00946,P00069,ST043,2026-11-23 12:32:00,5,2410.61,0.15,UPI
S0064044,C05246,P00853,ST005,2027-04-01 21:09:00,1,14567.44,0.15,CARD
S0064045,C05326,P00203,ST029,2027-05-06 11:33:00,2,1071.23,0.15,COD
S0064046,C03009,P00245,ST036,2026-09-20 13:22:00,2,8201.28,0.00,UPI
S0064047,C00404,P00628,ST027,2027-03-07 08:17:00,2,11204.97,0.00,NET_BANKING
S0064048,C05107,P00662,ST004,2026-10-13 23:27:00,2,6965.19,0.10,CARD
S0064049,C02572,P00472,ST039,2027-04-20 08:16:00,4,13031.18,0.10,WALLET
S0064050,C02396,P00049,ST022,2026-11-14 19:53:00,7,856.91,0.10,COD
S0064051,C00400,P00293,ST011,2027-04-22 03:26:00,3,8511.68,0.00,WALLET
S0064052,C02900,P00189,ST020,2027-03-13 14:42:00,5,10563.30,0.15,NET_BANKING
S0064053,C04460,P00510,ST017,2027-02-20 13:38:00,1,8953.00,0.10,UPI
S0064054,C01818,P00271,ST023,2027-02-25 08:51:00,8,11702.78,0.00,COD
S0064055,C05407,P00966,ST032,2027-02-08 07:52:00,3,14692.30,0.00,WALLET
S0064056,C01170,P00192,ST030,2026-11-14 20:42:00,8,1641.73,0.00,COD
S0064057,C01802,P00080,ST038,2027-05-28 04:02:00,3,4990.71,0.00,CARD
S0064058,C04796,P00376,ST045,2027-03-03 10:40:00,1,6826.58,0.00,COD
S0064059,C02794,P00802,ST041,2027-02-08 15:56:00,1,4433.25,0.00,NET_BANKING
S0064060,C04740,P00782,ST047,2027-05-09 21:29:00,8,13670.11,0.00,NET_BANKING
S0064061,C01144,P00732,ST001,2026-10-11 10:01:00,2,7048.14,0.10,NET_BANKING
S0064062,C05345,P00253,ST010,2027-04-04 16:13:00,8,12129.99,0.05,CARD
S0064063,C05467,P00414,ST023,2027-01-25 10:19:00,4,11326.94,0.15,UPI
S0064064,C03676,P01153,ST035,2027-05-24 00:00:00,7,2394.42,0.10,CARD
S0064065,C01904,P01053,ST004,2026-12-09 07:33:00,4,1414.79,0.10,NET_BANKING
S0064066,C04018,P00949,ST001,2027-01-26 01:16:00,6,5923.78,0.15,WALLET
S0064067,C01137,P00647,ST032,2027-04-24 00:21:00,4,8946.93,0.00,UPI
S0064068,C01240,P00792,ST006,2027-05-30 06:30:00,5,13052.60,0.00,CARD
S0064069,C03678,P00168,ST025,2027-01-17 19:38:00,4,5532.44,0.15,UPI
S0064070,C01410,P01164,ST013,2027-04-09 15:49:00,2,3379.95,0.00,NET_BANKING
S0064071,C02805,P00881,ST040,2026-10-09 03:33:00,5,13418.59,0.15,UPI
S0064072,C00254,P00444,ST045,2027-01-15 03:32:00,1,910.78,0.15,COD
S0064073,C01976,P00123,ST002,2026-09-15 13:12:00,4,4247.43,0.10,COD
S0064074,C03108,P00403,ST049,2027-04-07 21:45:00,2,6512.03,0.00,CARD
S0064075,C01918,P00165,ST008,2027-01-30 17:40:00,8,14497.74,0.15,WALLET
S0064076,C03553,P00597,ST014,2027-01-12 23:06:00,7,148.42,0.10,UPI
S0064077,C03688,P00948,ST044,2026-09-27 01:05:00,3,7783.05,0.10,WALLET
S0064078,C03849,P00938,ST002,2027-02-08 05:31:00,5,9016.69,0.15,CARD
S0064079,C00984,P00293,ST021,2027-02-19 07:36:00,1,8511.68,0.05,COD
S0064080,C05485,P00812,ST011,2027-03-12 16:49:00,2,13449.06,0.05,COD
S0064081,C05343,P00602,ST011,2026-10-25 18:40:00,1,10282.25,0.00,WALLET
S0064082,C01844,P00476,ST034,2026-11-27 21:04:00,3,10059.57,0.10,UPI
S0064083,C02223,P00344,ST031,2027-01-17 15:47:00,5,12170.01,0.00,WALLET
S0064084,C03063,P00525,ST014,2027-03-03 13:03:00,7,10778.97,0.00,COD
S0064085,C04130,P00856,ST029,2026-09-21 07:40:00,1,4490.45,0.10,COD
S0064086,C00049,P00471,ST038,2027-01-27 00:58:00,2,8186.09,0.05,WALLET
S0064087,C04959,P00582,ST029,2027-04-14 20:32:00,7,3449.31,0.00,CARD
S0064088,C02957,P00618,ST002,2026-10-30 04:14:00,7,9855.53,0.10,COD
S0064089,C01984,P00117,ST013,2027-03-22 22:54:00,1,9637.83,0.00,WALLET
S0064090,C03140,P00843,ST005,2027-02-22 16:31:00,5,13366.08,0.10,UPI
S0064091,C05730,P00757,ST047,2026-12-14 15:16:00,6,226.72,0.15,UPI
S0064092,C01872,P01146,ST006,2026-11-11 18:32:00,7,2497.96,0.05,UPI
S0064093,C03587,P00055,ST038,2027-02-06 05:30:00,7,8397.51,0.00,UPI
S0064094,C04406,P01070,ST012,2027-01-20 12:01:00,8,1140.81,0.00,WALLET
S0064095,C00041,P00366,ST019,2027-03-14 08:32:00,6,13188.09,0.15,UPI
S0064096,C03899,P00600,ST014,2027-03-03 23:19:00,8,6476.74,0.05,NET_BANKING
S0064097,C02022,P00002,ST037,2027-04-24 22:43:00,3,14309.77,0.00,NET_BANKING
S0064098,C00857,P01096,ST013,2026-12-04 09:29:00,4,4922.69,0.00,WALLET
S0064099,C05087,P00769,ST012,2027-04-19 03:38:00,6,14064.61,0.15,UPI
S0064100,C02087,P00743,ST019,2027-04-12 11:08:00,7,11438.19,0.10,WALLET
S0064101,C02810,P00279,ST033,2026-12-21 23:26:00,8,7949.95,0.10,CARD
S0064102,C00583,P00483,ST012,2027-03-09 02:24:00,1,7759.25,0.00,NET_BANKING
S0064103,C02646,P01121,ST008,2026-10-21 07:11:00,3,104.82,0.00,NET_BANKING
S0064104,C01643,P00748,ST007,2026-12-17 22:16:00,8,7740.82,0.00,WALLET
S0064105,C03834,P00025,ST004,2027-05-18 01:43:00,8,4571.56,0.00,CARD
S0064106,C05159,P00483,ST045,2027-03-18 23:58:00,6,7759.25,0.05,UPI
S0064107,C02210,P00708,ST026,2027-04-18 05:52:00,4,605.04,0.00,CARD
S0064108,C01409,P00852,ST034,2026-11-25 23:44:00,8,9756.12,0.00,COD
S0064109,C02044,P00422,ST003,2026-09-24 00:35:00,4,8067.73,0.00,COD
S0064110,C01934,P00812,ST038,2026-09-26 08:40:00,2,13449.06,0.05,CARD
S0064111,C01702,P00297,ST028,2026-09-25 08:13:00,7,10745.27,0.10,UPI
S0064112,C02514,P00604,ST001,2027-03-11 22:44:00,5,3876.20,0.05,CARD
S0064113,C00204,P00342,ST011,2026-10-12 09:01:00,1,2514.86,0.05,UPI
S0064114,C03655,P00434,ST017,2027-01-28 14:57:00,6,11454.78,0.10,NET_BANKING
S0064115,C02834,P01070,ST013,2026-12-17 10:54:00,5,3238.68,0.00,NET_BANKING
S0064116,C04201,P00267,ST011,2027-01-30 20:53:00,3,4567.81,0.10,COD
S0064117,C01285,P00178,ST048,2027-03-07 10:47:00,8,10707.38,0.05,NET_BANKING
S0064118,C03794,P00643,ST003,2026-11-16 07:10:00,2,13117.03,0.15,NET_BANKING
S0064119,C01772,P00061,ST029,2026-12-16 23:08:00,5,9979.10,0.15,COD
S0064120,C05584,P00789,ST017,2027-05-16 00:16:00,8,2259.56,0.10,WALLET
S0064121,C02324,P00807,ST001,2026-11-25 04:34:00,2,3804.96,0.15,CARD
S0064122,C01168,P00868,ST021,2027-02-02 21:01:00,2,14973.26,0.00,UPI
S0064123,C00528,P00116,ST043,2026-11-27 10:15:00,2,6123.57,0.10,UPI
S0064124,C03586,P00266,ST028,2026-11-12 19:34:00,5,13447.25,0.00,COD
S0064125,C02601,P00392,ST017,2026-11-29 20:38:00,3,1926.43,0.10,UPI
S0064126,C03587,P00776,ST044,2026-09-20 16:33:00,3,571.16,0.15,UPI
S0064127,C02216,P01177,ST004,2027-05-12 10:45:00,8,2069.51,0.10,UPI
S0064128,C03757,P00627,ST014,2027-02-14 21:30:00,6,12769.96,0.00,WALLET
S0064129,C03464,P00393,ST039,2026-10-08 05:21:00,2,7337.73,0.00,UPI
S0064130,C03042,P00177,ST044,2027-01-10 15:54:00,8,5272.03,0.00,UPI
S0064131,C00621,P00312,ST038,2026-12-18 05:04:00,8,5466.28,0.10,COD
S0064132,C04063,P00437,ST034,2026-12-09 06:58:00,6,9854.53,0.15,NET_BANKING
S0064133,C04096,P00566,ST023,2026-09-26 05:24:00,7,9094.95,0.15,CARD
S0064134,C01476,P00011,ST037,2027-01-18 18:44:00,5,9660.40,0.15,UPI
S0064135,C05927,P00213,ST032,2027-01-09 06:52:00,3,2854.32,0.00,CARD
S0064136,C00820,P00506,ST036,2027-02-13 05:31:00,1,4110.78,0.10,CARD
S0064137,C03671,P00766,ST023,2027-03-25 03:05:00,1,889.54,0.10,UPI
S0064138,C01412,P00909,ST032,2027-04-30 23:38:00,1,12153.06,0.15,UPI
S0064139,C05709,P00303,ST002,2027-01-14 13:25:00,4,14560.81,0.15,UPI
S0064140,C00968,P00501,ST045,2027-03-17 07:36:00,4,591.28,0.15,NET_BANKING
S0064141,C05133,P00877,ST009,2027-04-09 01:14:00,1,9491.54,0.05,WALLET
S0064142,C05515,P00898,ST033,2026-12-03 18:18:00,2,1340.84,0.10,NET_BANKING
S0064143,C05337,P01071,ST024,2027-02-06 15:51:00,7,4417.82,0.05,CARD
S0064144,C01798,P00354,ST046,2026-10-26 07:28:00,3,11455.34,0.00,COD
S0064145,C01048,P00766,ST043,2027-01-27 14:39:00,2,889.54,0.00,UPI
S0064146,C00459,P01044,ST007,2027-02-02 22:24:00,2,1909.17,0.15,NET_BANKING
S0064147,C05338,P00386,ST009,2027-04-14 07:54:00,8,344.42,0.00,CARD
S0064148,C00523,P00354,ST019,2027-03-02 18:38:00,4,11455.34,0.05,WALLET
S0064149,C01688,P01021,ST020,2027-04-09 07:40:00,7,3663.68,0.00,NET_BANKING
S0064150,C04249,P00095,ST044,2027-04-23 13:22:00,4,5408.19,0.10,WALLET
S0064151,C00142,P00489,ST019,2026-12-20 01:33:00,7,12272.05,0.15,WALLET
S0064152,C02138,P00823,ST024,2027-04-20 10:41:00,6,13235.97,0.00,WALLET
S0064153,C00560,P00981,ST001,2026-12-10 19:14:00,7,5838.61,0.00,UPI
S0064154,C05270,P00140,ST019,2027-02-19 21:59:00,5,343.17,0.05,WALLET
S0064155,C00770,P00348,ST022,2026-11-30 03:15:00,1,6541.94,0.10,CARD
S0064156,C01952,P00781,ST042,2026-09-25 11:10:00,1,8887.88,0.00,NET_BANKING
S0064157,C05964,P00414,ST007,2027-04-04 02:31:00,5,11326.94,0.00,COD
S0064158,C05767,P00764,ST042,2026-12-04 17:52:00,5,2546.62,0.00,CARD
S0064159,C05781,P00103,ST013,2026-10-22 16:13:00,1,3719.77,0.05,COD
S0064160,C00700,P00641,ST017,2027-04-06 11:38:00,2,6765.73,0.05,NET_BANKING
S0064161,C04182,P00016,ST020,2026-11-08 09:57:00,3,9646.46,0.00,CARD
S0064162,C02277,P00316,ST035,2027-03-19 20:45:00,5,4896.51,0.00,UPI
S0064163,C05716,P00207,ST005,2027-05-10 11:57:00,2,9646.57,0.05,WALLET
S0064164,C04480,P00424,ST047,2027-04-21 12:31:00,2,12370.62,0.00,CARD
S0064165,C01784,P00520,ST005,2027-05-29 03:37:00,6,9276.97,0.00,NET_BANKING
S0064166,C04453,P00074,ST049,2026-10-10 17:48:00,6,9655.66,0.05,CARD
S0064167,C05055,P00147,ST032,2027-04-28 19:06:00,8,8610.17,0.00,NET_BANKING
S0064168,C05238,P00046,ST033,2026-12-08 18:17:00,7,4750.20,0.00,CARD
S0064169,C00293,P00649,ST004,2026-12-29 22:34:00,7,9552.52,0.10,CARD
S0064170,C05412,P00846,ST007,2027-01-21 12:13:00,1,5378.97,0.15,CARD
S0064171,C02558,P01014,ST003,2026-09-22 21:54:00,8,646.64,0.05,NET_BANKING
S0064172,C03050,P00304,ST029,2027-01-21 02:39:00,1,8379.11,0.00,NET_BANKING
S0064173,C00704,P00145,ST049,2026-10-12 11:19:00,3,10011.24,0.00,CARD
S0064174,C01035,P00501,ST003,2026-11-08 23:09:00,6,591.28,0.05,COD
S0064175,C05280,P01164,ST050,2026-09-15 21:22:00,3,2963.05,0.00,NET_BANKING
S0064176,C02481,P00187,ST025,2027-01-03 19:46:00,6,6392.10,0.10,COD
S0064177,C00441,P00717,ST037,2027-04-21 19:59:00,3,679.75,0.00,CARD
S0064178,C00620,P00849,ST048,2027-04-04 01:16:00,6,11840.46,0.10,NET_BANKING
S0064179,C00001,P01167,ST007,2026-11-01 12:19:00,2,539.28,0.00,UPI
S0064180,C01182,P01037,ST017,2027-05-27 17:05:00,5,4168.27,0.00,CARD
S0064181,C05204,P00609,ST018,2027-01-24 20:13:00,4,12112.83,0.00,NET_BANKING
S0064182,C04760,P00263,ST037,2027-04-17 03:02:00,7,12638.42,0.15,UPI
S0064183,C04649,P00651,ST025,2026-10-15 10:41:00,4,1796.64,0.00,COD
S0064184,C02057,P00286,ST037,2026-12-30 14:04:00,8,2796.88,0.15,WALLET
S0064185,C03230,P01140,ST020,2026-10-10 11:41:00,7,834.54,0.00,WALLET
S0064186,C05137,P00976,ST020,2026-11-10 22:31:00,7,3815.57,0.00,WALLET
S0064187,C02992,P00355,ST044,2026-11-13 09:47:00,5,9628.58,0.10,NET_BANKING
S0064188,C02746,P00434,ST042,2026-10-02 05:40:00,6,11454.78,0.10,WALLET
S0064189,C03920,P00370,ST004,2026-11-17 23:02:00,3,9728.34,0.00,WALLET
S0064190,C03926,P01158,ST002,2027-03-01 12:46:00,2,3295.77,0.10,UPI
S0064191,C00970,P00441,ST047,2027-02-15 07:28:00,7,10328.32,0.10,COD
S0064192,C05539,P00398,ST024,2027-04-04 00:11:00,8,12199.29,0.15,CARD
S0064193,C03465,P00055,ST006,2027-04-21 00:15:00,1,8397.51,0.15,WALLET
S0064194,C00530,P00994,ST023,2027-05-02 21:02:00,1,14986.15,0.00,WALLET
S0064195,C04323,P00349,ST005,2027-05-29 04:41:00,5,4491.15,0.10,COD
S0064196,C00632,P00522,ST047,2027-04-13 03:43:00,3,1719.44,0.10,CARD
S0064197,C03889,P00463,ST049,2027-02-13 10:13:00,6,13244.30,0.15,WALLET
S0064198,C03847,P00005,ST007,2026-12-06 09:20:00,8,3720.45,0.00,CARD
S0064199,C05385,P00075,ST030,2027-02-23 13:59:00,1,288.24,0.10,COD
S0064200,C04639,P00876,ST018,2027-02-12 23:12:00,8,13453.44,0.05,COD
S0064201,C01041,P00683,ST037,2027-02-03 08:51:00,6,6906.08,0.10,NET_BANKING
S0064202,C04753,P00480,ST030,2027-01-13 14:46:00,8,2188.07,0.15,CARD
S0064203,C05116,P00176,ST011,2027-03-07 03:59:00,5,10058.14,0.00,UPI
S0064204,C03461,P00151,ST005,2026-11-10 16:52:00,6,9961.31,0.05,NET_BANKING
S0064205,C04025,P00727,ST025,2026-10-29 19:50:00,6,12337.64,0.10,NET_BANKING
S0064206,C04153,P00184,ST029,2027-02-24 20:03:00,6,8980.87,0.00,NET_BANKING
S0064207,C04616,P01048,ST006,2026-11-29 05:37:00,1,3224.52,0.05,WALLET
S0064208,C00871,P00041,ST019,2026-12-23 07:19:00,6,1420.91,0.05,CARD
S0064209,C02449,P00810,ST036,2026-10-09 03:22:00,2,5274.62,0.05,CARD
S0064210,C02319,P00316,ST012,2027-03-16 18:54:00,2,4896.51,0.05,UPI
S0064211,C01801,P00803,ST014,2027-04-05 16:10:00,5,4458.92,0.10,COD
S0064212,C04387,P00715,ST031,2027-03-22 01:12:00,7,9749.53,0.05,CARD
S0064213,C03327,P00827,ST004,2027-01-25 10:06:00,4,14075.22,0.00,WALLET
S0064214,C03144,P00296,ST011,2026-12-19 19:08:00,5,4617.53,0.15,NET_BANKING
S0064215,C02089,P00881,ST006,2027-01-29 07:18:00,4,13418.59,0.00,UPI
S0064216,C01184,P00085,ST039,2027-01-07 18:05:00,5,14386.77,0.05,UPI
S0064217,C02729,P01139,ST042,2026-10-30 02:53:00,5,2259.67,0.05,WALLET
S0064218,C01735,P00456,ST039,2026-11-14 16:55:00,8,2960.04,0.10,UPI
S0064219,C01526,P00667,ST010,2027-03-12 08:57:00,6,14053.41,0.05,WALLET
S0064220,C05487,P00419,ST015,2026-11-14 16:51:00,8,11021.19,0.05,WALLET
S0064221,C01252,P00817,ST009,2027-03-18 01:54:00,5,11269.31,0.00,WALLET
S0064222,C05019,P00264,ST002,2026-10-31 17:37:00,4,3453.32,0.05,UPI
S0064223,C04558,P00697,ST039,2027-05-22 22:13:00,6,10439.87,0.00,COD
S0064224,C02598,P00029,ST034,2026-12-03 01:10:00,2,10510.24,0.00,COD
S0064225,C01681,P01138,ST034,2027-03-01 20:39:00,5,144.77,0.05,CARD
S0064226,C01544,P00642,ST047,2027-05-16 03:39:00,8,4616.48,0.15,UPI
S0064227,C04146,P01029,ST036,2027-05-23 14:43:00,1,1636.06,0.05,WALLET
S0064228,C05268,P00485,ST039,2027-05-02 14:19:00,2,2390.76,0.15,CARD
S0064229,C04780,P00764,ST028,2026-11-11 03:33:00,8,2546.62,0.15,NET_BANKING
S0064230,C01236,P00336,ST018,2027-02-28 08:49:00,6,10827.01,0.10,WALLET
S0064231,C01483,P00127,ST020,2027-02-12 19:59:00,5,11914.83,0.00,WALLET
S0064232,C00842,P01132,ST037,2027-01-23 19:59:00,5,1933.22,0.00,CARD
S0064233,C04065,P00759,ST013,2026-10-10 12:40:00,2,2675.60,0.00,NET_BANKING
S0064234,C00042,P01037,ST001,2027-04-04 05:26:00,8,3843.27,0.05,NET_BANKING
S0064235,C00085,P00442,ST021,2027-01-11 11:34:00,5,12602.76,0.05,WALLET
S0064236,C05399,P00079,ST032,2026-09-27 17:42:00,4,398.24,0.15,UPI
S0064237,C04003,P00419,ST031,2027-05-03 14:21:00,6,11021.19,0.05,NET_BANKING
S0064238,C00528,P00105,ST015,2027-04-16 00:49:00,3,7300.13,0.00,UPI
S0064239,C02518,P00016,ST003,2026-11-04 22:51:00,7,9646.46,0.05,NET_BANKING
S0064240,C03619,P00866,ST040,2026-09-18 19:53:00,6,7507.05,0.00,COD
S0064241,C02629,P00462,ST020,2026-12-30 15:14:00,3,3972.80,0.05,WALLET
S0064242,C04151,P00593,ST007,2027-05-04 07:57:00,5,3386.42,0.00,UPI
S0064243,C05153,P00819,ST050,2027-04-14 23:15:00,5,5314.55,0.15,WALLET
S0064244,C02100,P00799,ST024,2027-01-18 22:01:00,6,5194.85,0.05,CARD
S0064245,C03198,P00818,ST012,2027-02-04 05:59:00,6,9748.07,0.00,UPI
S0064246,C02935,P01098,ST015,2027-01-26 01:30:00,6,3338.67,0.00,UPI
S0064247,C02123,P00350,ST029,2027-04-02 08:23:00,8,12905.92,0.00,WALLET
S0064248,C02626,P00227,ST044,2027-02-21 10:03:00,7,7877.11,0.10,NET_BANKING
S0064249,C01081,P00056,ST048,2027-03-02 13:53:00,2,12872.42,0.05,COD
S0064250,C05242,P01004,ST023,2027-05-15 13:49:00,4,3770.00,0.15,NET_BANKING
S0064251,C05653,P00813,ST049,2027-02-11 01:06:00,1,9218.67,0.15,NET_BANKING
S0064252,C05515,P00575,ST013,2027-05-09 13:14:00,3,10494.08,0.00,COD
S0064253,C04301,P00071,ST013,2027-01-03 01:43:00,5,11038.49,0.10,COD
S0064254,C02572,P00478,ST005,2027-03-29 18:38:00,1,1905.90,0.10,WALLET
S0064255,C03133,P00388,ST005,2026-12-24 11:58:00,4,6375.35,0.00,NET_BANKING
S0064256,C02033,P01011,ST010,2026-12-04 07:49:00,8,2242.65,0.05,CARD
S0064257,C01321,P00875,ST012,2027-01-26 11:36:00,3,9193.50,0.05,NET_BANKING
S0064258,C05055,P00734,ST013,2027-04-11 11:53:00,7,2368.19,0.10,UPI
S0064259,C04347,P00496,ST030,2027-03-02 14:21:00,4,3469.95,0.00,COD
S0064260,C05608,P00153,ST003,2027-05-01 08:11:00,7,5456.59,0.10,WALLET
S0064261,C01152,P00164,ST020,2026-10-05 09:32:00,7,6049.30,0.05,WALLET
S0064262,C05778,P00436,ST048,2026-12-11 16:14:00,5,14953.84,0.10,COD
S0064263,C01095,P00056,ST028,2027-03-16 04:05:00,5,12872.42,0.10,CARD
S0064264,C04843,P00528,ST040,2027-01-10 22:41:00,3,12190.45,0.10,WALLET
S0064265,C01062,P01132,ST002,2027-02-09 13:39:00,5,4322.78,0.05,COD
S0064266,C03487,P00129,ST026,2027-03-08 04:22:00,5,5652.18,0.15,CARD
S0064267,C00068,P01082,ST048,2027-03-12 22:43:00,5,2305.39,0.15,UPI
S0064268,C01463,P00750,ST021,2027-02-08 03:42:00,8,10881.74,0.00,UPI
S0064269,C02441,P00861,ST004,2026-10-23 05:09:00,2,3963.47,0.15,WALLET
S0064270,C02996,P00358,ST013,2027-02-16 01:47:00,6,7269.79,0.10,UPI
S0064271,C00635,P00956,ST024,2027-02-25 19:38:00,1,1818.03,0.15,NET_BANKING
S0064272,C02879,P01015,ST036,2027-03-15 12:11:00,7,4437.01,0.10,COD
S0064273,C05344,P00199,ST010,2026-12-20 05:32:00,6,10119.49,0.10,WALLET
S0064274,C04830,P00853,ST023,2027-05-03 00:46:00,1,14567.44,0.15,UPI
S0064275,C01013,P01061,ST024,2027-06-01 00:47:00,3,1136.36,0.15,CARD
S0064276,C01209,P00840,ST036,2026-11-29 08:13:00,4,4066.13,0.00,COD
S0064277,C03946,P00174,ST049,2027-02-15 18:30:00,2,322.73,0.10,UPI
S0064278,C00916,P00911,ST002,2026-10-04 12:03:00,2,10076.98,0.10,WALLET
S0064279,C01928,P00507,ST049,2026-10-24 23:36:00,7,13477.84,0.05,COD
S0064280,C05575,P00901,ST037,2026-12-17 17:23:00,7,11518.70,0.00,CARD
S0064281,C04921,P00418,ST025,2026-12-02 06:00:00,4,7868.89,0.00,NET_BANKING
S0064282,C03171,P00053,ST004,2027-02-27 00:09:00,4,4727.29,0.00,WALLET
S0064283,C05918,P00829,ST048,2027-04-21 23:09:00,4,5882.19,0.00,UPI
S0064284,C01869,P00836,ST049,2027-01-27 05:04:00,4,8199.84,0.10,UPI
S0064285,C05614,P00387,ST043,2027-04-23 14:11:00,6,9454.62,0.00,WALLET
S0064286,C04246,P00470,ST038,2027-05-08 08:00:00,4,2213.98,0.15,NET_BANKING
S0064287,C05082,P00338,ST038,2027-02-27 14:27:00,1,9729.31,0.00,UPI
S0064288,C02209,P00122,ST030,2027-04-17 12:45:00,4,9607.56,0.15,CARD
S0064289,C03721,P00503,ST012,2026-11-12 12:21:00,8,5972.66,0.00,NET_BANKING
S0064290,C03560,P00587,ST009,2026-12-31 12:37:00,1,7939.21,0.05,CARD
S0064291,C04922,P00615,ST046,2027-03-17 06:15:00,8,5873.54,0.00,NET_BANKING
S0064292,C02541,P00810,ST037,2027-03-13 03:55:00,7,5274.62,0.15,CARD
S0064293,C00428,P00853,ST041,2027-01-27 14:13:00,6,14567.44,0.00,NET_BANKING
S0064294,C02338,P00393,ST036,2026-11-18 15:27:00,3,7337.73,0.00,NET_BANKING
S0064295,C04634,P00320,ST049,2027-03-05 21:31:00,7,7970.92,0.00,CARD
S0064296,C05066,P00941,ST017,2026-11-26 13:22:00,2,4779.66,0.15,WALLET
S0064297,C03273,P01071,ST004,2027-02-20 09:51:00,6,617.91,0.10,CARD
S0064298,C03088,P00511,ST017,2027-03-03 05:53:00,1,1704.19,0.00,NET_BANKING
S0064299,C00564,P00042,ST021,2027-05-13 09:25:00,6,14409.73,0.00,CARD
S0064300,C03569,P00376,ST037,2026-11-23 07:17:00,3,6826.58,0.00,NET_BANKING
S0064301,C01589,P01087,ST045,2026-11-08 00:27:00,7,3090.33,0.00,CARD
S0064302,C01684,P01003,ST027,2026-10-08 17:49:00,6,330.05,0.00,NET_BANKING
S0064303,C03357,P01100,ST042,2027-01-16 06:09:00,7,1183.64,0.05,NET_BANKING
S0064304,C02004,P00288,ST037,2027-03-10 07:26:00,6,8330.78,0.10,CARD
S0064305,C02630,P00932,ST009,2027-01-05 13:41:00,8,10233.75,0.00,NET_BANKING
S0064306,C05278,P01109,ST048,2026-10-02 16:18:00,7,4709.72,0.00,CARD
S0064307,C00895,P00079,ST018,2027-04-01 16:01:00,7,398.24,0.00,CARD
S0064308,C05320,P00576,ST040,2026-09-16 09:37:00,2,829.35,0.05,WALLET
S0064309,C04555,P01045,ST034,2026-12-08 05:33:00,2,349.24,0.10,WALLET
S0064310,C00414,P01083,ST013,2026-10-08 11:12:00,3,4769.44,0.00,WALLET
S0064311,C00655,P00257,ST047,2026-10-05 00:33:00,4,14449.49,0.10,NET_BANKING
S0064312,C05018,P00088,ST013,2026-09-16 12:24:00,2,8857.37,0.05,CARD
S0064313,C05317,P00225,ST025,2026-12-25 10:47:00,1,9830.38,0.15,UPI
S0064314,C03457,P00959,ST046,2026-10-03 00:12:00,3,9477.36,0.05,COD
S0064315,C00879,P00958,ST016,2027-02-14 16:09:00,4,6025.05,0.00,COD
S0064316,C01529,P00431,ST004,2027-01-21 11:16:00,2,13380.90,0.05,NET_BANKING
S0064317,C01124,P00208,ST027,2027-02-02 00:27:00,2,9299.51,0.10,COD
S0064318,C02571,P00780,ST024,2026-09-16 04:19:00,6,5639.59,0.05,COD
S0064319,C01124,P01075,ST031,2026-09-27 20:52:00,6,3791.53,0.00,COD
S0064320,C05849,P00468,ST024,2026-12-20 00:35:00,6,2151.00,0.05,NET_BANKING
S0064321,C03026,P00094,ST003,2027-03-19 13:30:00,6,3538.71,0.15,CARD
S0064322,C00977,P00140,ST010,2027-05-20 09:41:00,7,343.17,0.00,NET_BANKING
S0064323,C04961,P01157,ST002,2027-01-25 21:48:00,5,4882.48,0.10,NET_BANKING
S0064324,C05382,P01149,ST001,2027-01-07 05:39:00,6,4230.67,0.00,WALLET
S0064325,C04160,P00609,ST050,2027-01-10 12:12:00,8,12112.83,0.00,UPI
S0064326,C00428,P00896,ST046,2027-03-26 05:17:00,8,9136.34,0.05,COD
S0064327,C01993,P00843,ST012,2026-12-14 22:45:00,6,13366.08,0.00,NET_BANKING
S0064328,C00581,P00724,ST041,2027-03-12 02:58:00,6,842.59,0.00,CARD
S0064329,C04652,P00926,ST007,2026-11-08 13:23:00,4,11337.89,0.15,COD
S0064330,C04851,P00795,ST050,2026-09-28 19:10:00,2,123.55,0.10,CARD
S0064331,C00040,P00137,ST023,2027-05-15 12:10:00,8,9416.73,0.05,COD
S0064332,C03636,P00972,ST042,2027-02-11 09:59:00,4,11724.34,0.10,UPI
S0064333,C04814,P00447,ST014,2027-02-11 15:59:00,6,13780.12,0.00,UPI
S0064334,C02428,P00848,ST042,2026-11-11 08:55:00,1,12246.43,0.00,UPI
S0064335,C04427,P00332,ST048,2027-04-21 08:27:00,2,9532.30,0.10,COD
S0064336,C02533,P01072,ST007,2026-11-23 19:41:00,5,4481.49,0.05,NET_BANKING
S0064337,C01476,P01134,ST031,2026-12-12 03:14:00,6,1190.59,0.00,UPI
S0064338,C02681,P00634,ST014,2026-10-09 03:13:00,1,13541.02,0.00,CARD
S0064339,C03768,P00734,ST043,2027-05-16 13:16:00,5,2368.19,0.00,WALLET
S0064340,C01763,P00684,ST031,2027-01-09 21:12:00,5,9364.88,0.00,NET_BANKING
S0064341,C02900,P00354,ST005,2026-12-06 23:17:00,6,11455.34,0.00,UPI
S0064342,C04790,P00995,ST024,2027-02-27 14:06:00,6,10497.82,0.00,NET_BANKING
S0064343,C00297,P01184,ST034,2026-11-25 04:50:00,3,3569.76,0.05,UPI
S0064344,C02915,P00556,ST036,2027-04-27 15:59:00,1,4347.03,0.00,NET_BANKING
S0064345,C02047,P00177,ST040,2027-04-10 17:25:00,5,5272.03,0.10,WALLET
S0064346,C04424,P00751,ST039,2026-09-25 17:53:00,8,4310.47,0.15,UPI
S0064347,C03641,P00889,ST041,2027-01-01 00:51:00,3,10263.87,0.00,WALLET
S0064348,C04550,P00237,ST035,2027-05-31 23:42:00,1,5637.77,0.00,UPI
S0064349,C00630,P00083,ST017,2027-03-22 04:03:00,2,6669.82,0.00,UPI
S0064350,C02629,P00506,ST046,2026-09-29 02:39:00,3,4110.78,0.05,WALLET
S0064351,C05813,P00487,ST029,2026-11-01 12:19:00,4,5449.32,0.05,UPI
S0064352,C05052,P00950,ST010,2027-01-10 08:31:00,2,3458.38,0.15,COD
S0064353,C03326,P01002,ST014,2027-05-11 14:29:00,5,2967.55,0.10,COD
S0064354,C04491,P00596,ST036,2027-03-05 03:57:00,8,8194.29,0.10,CARD
S0064355,C03595,P00741,ST038,2026-09-19 04:49:00,8,14542.74,0.10,NET_BANKING
S0064356,C00137,P00625,ST005,2027-04-15 23:10:00,7,12569.93,0.05,COD
S0064357,C03321,P01075,ST040,2027-04-04 19:01:00,2,1317.99,0.00,NET_BANKING
S0064358,C03851,P01114,ST007,2027-02-28 09:00:00,5,656.60,0.05,WALLET
S0064359,C04621,P01090,ST026,2027-05-24 05:07:00,6,4743.85,0.15,WALLET
S0064360,C05257,P00802,ST016,2027-04-13 13:12:00,5,4433.25,0.05,NET_BANKING
S0064361,C05712,P01141,ST024,2026-10-26 08:58:00,6,2690.66,0.15,CARD
S0064362,C05237,P00452,ST033,2026-11-21 18:26:00,2,3389.85,0.15,NET_BANKING
S0064363,C03218,P00628,ST010,2026-12-15 12:06:00,3,11204.97,0.15,COD
S0064364,C01390,P00102,ST003,2026-11-03 23:58:00,2,8070.99,0.00,CARD
S0064365,C01360,P00299,ST042,2027-03-07 18:07:00,6,4344.66,0.00,COD
S0064366,C00430,P00367,ST005,2027-04-29 00:07:00,8,13780.17,0.00,UPI
S0064367,C00342,P00728,ST041,2026-12-13 12:14:00,1,2376.69,0.00,NET_BANKING
S0064368,C02338,P01032,ST015,2027-04-29 20:29:00,8,1978.90,0.15,COD
S0064369,C00187,P00412,ST048,2026-09-15 02:34:00,1,14467.07,0.10,COD
S0064370,C02457,P00560,ST036,2027-02-09 13:04:00,2,9161.86,0.10,WALLET
S0064371,C05522,P00017,ST026,2026-10-02 16:31:00,4,3528.42,0.10,UPI
S0064372,C02320,P00949,ST031,2026-12-29 14:33:00,5,5923.78,0.05,CARD
S0064373,C03551,P00876,ST029,2026-09-16 05:52:00,7,13453.44,0.05,NET_BANKING
S0064374,C02501,P01198,ST049,2027-05-30 18:07:00,3,3081.55,0.15,NET_BANKING
S0064375,C03275,P01155,ST019,2027-02-28 03:09:00,7,540.91,0.00,CARD
S0064376,C01167,P00003,ST039,2027-03-14 16:42:00,1,9487.90,0.15,CARD
S0064377,C05725,P01200,ST044,2026-11-21 16:16:00,5,2498.00,0.10,NET_BANKING
S0064378,C00493,P00842,ST037,2027-05-09 17:25:00,8,12208.32,0.10,UPI
S0064379,C05602,P00725,ST013,2026-10-28 20:20:00,8,5516.84,0.05,WALLET
S0064380,C01564,P00994,ST043,2026-10-23 09:58:00,2,14986.15,0.15,COD
S0064381,C01407,P00218,ST045,2026-12-02 15:46:00,6,7857.30,0.10,WALLET
S0064382,C00820,P00231,ST041,2026-10-02 19:23:00,6,4512.73,0.15,CARD
S0064383,C02604,P00114,ST034,2027-05-06 04:26:00,1,1848.49,0.05,UPI
S0064384,C02134,P00090,ST031,2026-12-09 14:04:00,2,1862.74,0.00,CARD
S0064385,C02563,P01019,ST026,2027-04-30 08:12:00,6,3796.30,0.15,COD
S0064386,C00868,P00454,ST019,2027-04-16 03:03:00,1,8517.58,0.00,UPI
S0064387,C00442,P00704,ST011,2027-03-27 21:51:00,4,3700.74,0.05,UPI
S0064388,C03729,P00848,ST008,2027-04-05 20:07:00,6,12246.43,0.05,CARD
S0064389,C05422,P01088,ST046,2027-05-13 00:34:00,1,3789.34,0.00,COD
S0064390,C01405,P00031,ST044,2026-12-11 00:53:00,8,13784.17,0.00,UPI
S0064391,C04064,P00854,ST048,2026-11-19 13:43:00,8,6348.82,0.10,UPI
S0064392,C05656,P00559,ST007,2027-05-04 07:53:00,2,9132.88,0.10,WALLET
S0064393,C04080,P00357,ST016,2027-02-23 08:30:00,7,4341.85,0.10,COD
S0064394,C05365,P00107,ST043,2026-10-26 07:53:00,2,7220.47,0.00,COD
S0064395,C05509,P00770,ST004,2026-10-19 19:26:00,5,6385.04,0.05,WALLET
S0064396,C04717,P00307,ST001,2027-01-15 10:21:00,5,13759.94,0.00,WALLET
S0064397,C05830,P00556,ST050,2026-09-18 06:01:00,2,4347.03,0.00,NET_BANKING
S0064398,C03719,P00080,ST050,2027-04-16 05:04:00,7,4990.71,0.00,UPI
S0064399,C02938,P00115,ST048,2026-12-27 00:53:00,8,7420.65,0.10,UPI
S0064400,C05799,P00383,ST017,2027-04-03 06:50:00,3,4193.79,0.00,WALLET
S0064401,C04424,P01075,ST039,2027-02-06 16:42:00,1,4309.00,0.10,CARD
S0064402,C05322,P00517,ST016,2027-03-04 11:28:00,7,13887.99,0.00,COD
S0064403,C01755,P00296,ST022,2027-01-11 16:45:00,6,4617.53,0.15,UPI
S0064404,C04729,P00436,ST005,2027-03-29 12:27:00,4,14953.84,0.15,COD
S0064405,C03887,P00058,ST025,2026-10-25 00:59:00,5,1589.53,0.15,WALLET
S0064406,C05167,P01018,ST030,2027-05-01 13:41:00,8,986.59,0.15,NET_BANKING
S0064407,C04698,P00580,ST024,2027-01-14 04:13:00,8,4489.50,0.10,NET_BANKING
S0064408,C00737,P00240,ST041,2026-12-19 08:17:00,6,9582.36,0.00,NET_BANKING
S0064409,C05040,P00053,ST019,2027-02-12 16:12:00,1,4727.29,0.15,UPI
S0064410,C05237,P00856,ST043,2027-02-12 15:28:00,8,4490.45,0.15,CARD
S0064411,C02779,P01037,ST017,2026-11-10 10:34:00,8,4928.58,0.05,UPI
S0064412,C05391,P00310,ST012,2027-02-13 00:56:00,8,7286.34,0.00,WALLET
S0064413,C01240,P00257,ST035,2027-04-27 05:50:00,8,14449.49,0.05,NET_BANKING
S0064414,C04656,P00217,ST029,2026-10-20 07:35:00,3,10077.87,0.00,UPI
S0064415,C02489,P00881,ST012,2027-02-07 03:38:00,5,13418.59,0.10,CARD
S0064416,C01555,P00372,ST038,2026-11-05 16:28:00,7,8947.17,0.00,CARD
S0064417,C04305,P01074,ST029,2026-10-16 13:50:00,4,1757.06,0.15,NET_BANKING
S0064418,C03956,P00503,ST044,2027-05-15 16:03:00,2,5972.66,0.10,NET_BANKING
S0064419,C03536,P00208,ST008,2026-11-07 00:50:00,2,9299.51,0.10,WALLET
S0064420,C02098,P00557,ST049,2026-10-19 05:49:00,4,9429.31,0.00,CARD
S0064421,C02937,P00801,ST008,2026-11-30 22:54:00,4,6852.19,0.10,UPI
S0064422,C04362,P00605,ST037,2026-11-07 08:53:00,8,10366.72,0.10,COD
S0064423,C04557,P00588,ST034,2027-01-27 09:37:00,2,12949.54,0.00,NET_BANKING
S0064424,C03699,P00240,ST014,2027-04-03 01:18:00,8,9582.36,0.15,WALLET
S0064425,C00909,P01071,ST031,2027-02-15 00:48:00,6,1140.67,0.05,NET_BANKING
S0064426,C05299,P00009,ST032,2027-06-02 11:39:00,8,14426.84,0.00,NET_BANKING
S0064427,C01529,P00387,ST039,2027-02-01 00:28:00,1,9454.62,0.00,COD
S0064428,C00835,P00025,ST027,2026-09-15 09:40:00,4,4571.56,0.10,UPI
S0064429,C05732,P00022,ST005,2026-12-21 11:42:00,3,4659.49,0.00,NET_BANKING
S0064430,C03692,P00919,ST047,2026-12-13 00:42:00,6,8906.88,0.00,WALLET
S0064431,C02168,P00158,ST019,2027-02-20 19:14:00,8,3652.82,0.10,WALLET
S0064432,C00885,P00546,ST042,2026-10-04 11:30:00,5,9420.65,0.15,COD
S0064433,C03077,P00641,ST009,2027-04-13 19:24:00,1,6765.73,0.00,CARD
S0064434,C03649,P01039,ST006,2027-05-09 21:43:00,6,2630.01,0.00,WALLET
S0064435,C04075,P00951,ST035,2027-05-15 20:39:00,2,6661.86,0.00,CARD
S0064436,C04112,P00851,ST007,2026-12-15 15:08:00,2,10520.35,0.00,COD
S0064437,C05911,P00135,ST001,2026-12-20 20:34:00,4,4518.74,0.05,COD
S0064438,C01531,P01158,ST049,2027-03-02 08:07:00,6,4134.29,0.10,COD
S0064439,C03522,P00773,ST048,2026-11-27 00:46:00,4,11513.99,0.00,CARD
S0064440,C02500,P00485,ST040,2026-10-22 01:25:00,8,2390.76,0.00,CARD
S0064441,C05934,P01084,ST022,2027-04-03 00:30:00,1,3987.58,0.05,COD
S0064442,C02012,P00016,ST021,2027-05-15 18:57:00,3,9646.46,0.15,WALLET
S0064443,C02805,P01113,ST003,2027-05-29 19:26:00,3,3958.89,0.00,NET_BANKING
S0064444,C03615,P00652,ST022,2026-11-15 08:25:00,6,7213.51,0.15,WALLET
S0064445,C00095,P00169,ST004,2027-01-17 17:46:00,3,11639.94,0.05,NET_BANKING
S0064446,C04967,P00878,ST019,2027-03-26 03:40:00,1,13136.21,0.15,NET_BANKING
S0064447,C00868,P00200,ST042,2027-04-08 16:02:00,8,12660.04,0.05,WALLET
S0064448,C01327,P01059,ST032,2027-03-29 18:46:00,7,487.58,0.00,NET_BANKING
S0064449,C05431,P00106,ST037,2026-12-23 05:14:00,4,14238.90,0.00,WALLET
S0064450,C01015,P00742,ST011,2026-11-07 12:29:00,8,7019.87,0.00,COD
S0064451,C05932,P00002,ST032,2026-10-15 05:29:00,5,14309.77,0.00,WALLET
S0064452,C00222,P00655,ST022,2027-03-09 06:04:00,6,8138.00,0.00,COD
S0064453,C03941,P00171,ST033,2027-04-16 08:26:00,7,6161.32,0.00,COD
S0064454,C00978,P00876,ST002,2027-03-09 14:10:00,7,13453.44,0.10,NET_BANKING
S0064455,C03039,P00067,ST043,2027-02-17 15:06:00,3,3494.40,0.00,COD
S0064456,C04980,P00627,ST013,2026-10-02 23:00:00,7,12769.96,0.00,NET_BANKING
S0064457,C00926,P00369,ST048,2027-01-03 15:28:00,5,2410.82,0.05,WALLET
S0064458,C04076,P00895,ST031,2027-02-25 16:27:00,1,8765.77,0.00,COD
S0064459,C01646,P01034,ST007,2026-12-09 17:17:00,2,4057.99,0.15,UPI
S0064460,C04718,P00019,ST024,2026-10-22 12:34:00,6,4767.41,0.00,UPI
S0064461,C03048,P00616,ST005,2027-03-23 02:42:00,8,114.05,0.00,CARD
S0064462,C02851,P00257,ST031,2026-09-27 03:11:00,8,14449.49,0.00,COD
S0064463,C00529,P00432,ST040,2026-11-22 12:52:00,4,578.01,0.00,CARD
S0064464,C00484,P00927,ST040,2026-10-30 05:13:00,5,9200.17,0.00,WALLET
S0064465,C04685,P00974,ST040,2026-11-07 12:32:00,3,2875.19,0.00,NET_BANKING
S0064466,C01406,P00198,ST047,2027-02-26 10:52:00,4,11526.28,0.00,NET_BANKING
S0064467,C05360,P01104,ST002,2027-02-06 20:01:00,7,664.28,0.10,NET_BANKING
S0064468,C04480,P00036,ST028,2026-10-07 20:10:00,2,9317.16,0.00,CARD
S0064469,C04045,P00808,ST015,2027-05-02 13:25:00,1,2340.21,0.15,CARD
S0064470,C00952,P00169,ST045,2027-03-30 01:33:00,4,11639.94,0.05,UPI
S0064471,C02703,P00748,ST045,2026-11-13 04:03:00,3,7740.82,0.00,UPI
S0064472,C05659,P01018,ST027,2027-03-04 20:09:00,7,2542.06,0.05,UPI
S0064473,C00794,P00158,ST010,2027-05-21 00:08:00,8,3652.82,0.10,CARD
S0064474,C00582,P00335,ST049,2026-11-20 06:20:00,7,2003.90,0.00,WALLET
S0064475,C01008,P00638,ST014,2026-10-31 01:56:00,2,8964.05,0.00,WALLET
S0064476,C04542,P00321,ST021,2026-10-05 23:14:00,1,1068.85,0.00,CARD
S0064477,C02954,P00555,ST044,2027-04-20 18:23:00,2,3239.18,0.15,UPI
S0064478,C03057,P00027,ST024,2027-04-22 18:14:00,3,2538.93,0.00,COD
S0064479,C00048,P01100,ST019,2026-12-03 03:35:00,3,4851.56,0.10,UPI
S0064480,C01651,P00991,ST029,2027-02-09 20:44:00,7,240.75,0.15,WALLET
S0064481,C03390,P00802,ST045,2027-02-06 15:06:00,5,4433.25,0.10,NET_BANKING
S0064482,C05772,P00812,ST028,2026-11-19 13:50:00,6,13449.06,0.00,UPI
S0064483,C00703,P00876,ST019,2027-05-20 20:36:00,5,13453.44,0.00,COD
S0064484,C02003,P00758,ST046,2027-03-20 14:00:00,7,8501.92,0.15,NET_BANKING
S0064485,C01376,P00282,ST022,2026-10-25 04:38:00,7,11737.73,0.15,NET_BANKING
S0064486,C05213,P01019,ST007,2027-05-27 09:33:00,6,4569.07,0.05,WALLET
S0064487,C03352,P00288,ST025,2027-05-01 17:26:00,7,8330.78,0.05,CARD
S0064488,C02633,P01150,ST020,2027-04-26 23:56:00,3,4425.65,0.15,COD
S0064489,C00163,P00292,ST034,2026-10-12 07:24:00,4,387.24,0.15,COD
S0064490,C02615,P00941,ST044,2027-03-21 13:00:00,6,4779.66,0.15,CARD
S0064491,C02511,P00378,ST006,2027-05-17 04:00:00,5,14078.19,0.00,WALLET
S0064492,C02974,P00481,ST033,2026-11-03 17:52:00,8,10052.76,0.00,CARD
S0064493,C02707,P00537,ST013,2027-02-12 05:51:00,2,9956.19,0.00,WALLET
S0064494,C04358,P00350,ST019,2026-09-18 15:42:00,2,12905.92,0.15,COD
S0064495,C03186,P01124,ST041,2027-01-20 13:48:00,3,4981.65,0.15,UPI
S0064496,C05949,P00157,ST011,2026-11-04 15:14:00,4,8754.83,0.00,COD
S0064497,C01006,P00576,ST044,2026-12-15 11:36:00,3,829.35,0.00,CARD
S0064498,C01567,P00258,ST047,2027-05-20 14:24:00,4,9537.16,0.05,COD
S0064499,C05870,P00585,ST023,2027-05-01 23:32:00,5,4078.01,0.00,CARD
S0064500,C04939,P00345,ST036,2026-09-25 15:37:00,7,1997.78,0.10,COD
S0064501,C02538,P00281,ST026,2026-12-19 11:23:00,8,12950.39,0.05,UPI
S0064502,C04533,P00500,ST011,2026-11-27 11:19:00,2,13885.62,0.10,CARD
S0064503,C02588,P00010,ST031,2027-03-01 09:24:00,8,10965.99,0.10,CARD
S0064504,C04504,P00954,ST017,2027-05-23 04:52:00,7,8183.55,0.10,UPI
S0064505,C00089,P00373,ST026,2026-09-30 05:00:00,6,11139.22,0.15,UPI
S0064506,C05784,P00118,ST028,2026-10-30 22:08:00,7,7964.36,0.00,CARD
S0064507,C02944,P00439,ST029,2026-10-09 05:30:00,5,11875.56,0.00,COD
S0064508,C02237,P00709,ST015,2027-05-03 08:14:00,1,14344.98,0.05,WALLET
S0064509,C04853,P00351,ST001,2027-03-02 05:15:00,2,9073.84,0.10,NET_BANKING
S0064510,C00639,P00241,ST036,2027-03-20 19:07:00,4,14291.38,0.05,NET_BANKING
S0064511,C00671,P00669,ST025,2026-09-27 01:49:00,8,14324.33,0.00,WALLET
S0064512,C05393,P00521,ST028,2027-05-17 05:24:00,8,6093.07,0.15,UPI
S0064513,C05681,P00076,ST042,2026-12-04 23:41:00,8,2643.86,0.10,CARD
S0064514,C05009,P00301,ST036,2026-10-05 14:21:00,4,2542.44,0.00,CARD
S0064515,C00999,P00633,ST024,2027-01-10 21:43:00,1,8834.04,0.05,CARD
S0064516,C05057,P00910,ST045,2027-05-17 01:27:00,3,1660.00,0.00,UPI
S0064517,C02465,P01190,ST032,2026-12-30 01:38:00,8,1093.55,0.05,COD
S0064518,C01704,P01165,ST011,2026-11-21 20:29:00,2,331.16,0.00,NET_BANKING
S0064519,C05843,P00645,ST024,2027-01-05 02:56:00,1,11979.98,0.05,CARD
S0064520,C02676,P00086,ST003,2027-05-02 06:17:00,4,394.30,0.00,COD
S0064521,C03643,P00576,ST011,2027-05-20 21:58:00,1,829.35,0.15,WALLET
S0064522,C04655,P00680,ST007,2027-05-10 03:55:00,4,6161.56,0.15,WALLET
S0064523,C03200,P00290,ST016,2027-03-18 03:06:00,8,3515.83,0.10,COD
S0064524,C02384,P00985,ST040,2027-04-16 16:08:00,7,12971.94,0.00,WALLET
S0064525,C01692,P00121,ST029,2027-04-03 13:55:00,5,612.71,0.00,COD
S0064526,C03169,P01168,ST007,2026-10-17 07:05:00,2,4309.27,0.15,COD
S0064527,C02711,P00044,ST004,2026-09-17 13:43:00,6,10352.60,0.00,WALLET
S0064528,C05368,P00614,ST046,2026-11-30 03:28:00,8,71.45,0.15,COD
S0064529,C03652,P00817,ST046,2027-02-28 15:33:00,6,11269.31,0.00,WALLET
S0064530,C04038,P00684,ST032,2027-05-28 09:40:00,3,9364.88,0.10,WALLET
S0064531,C00617,P00254,ST011,2027-02-20 18:53:00,8,1267.62,0.05,UPI
S0064532,C05746,P01013,ST028,2027-04-08 23:58:00,7,360.71,0.00,UPI
S0064533,C00302,P00480,ST013,2027-05-12 11:18:00,6,2188.07,0.05,CARD
S0064534,C04250,P00946,ST038,2026-12-22 07:59:00,7,536.50,0.00,NET_BANKING
S0064535,C04734,P00641,ST018,2026-11-26 01:01:00,7,6765.73,0.15,COD
S0064536,C00353,P00159,ST045,2027-02-02 23:19:00,2,6984.00,0.00,UPI
S0064537,C01827,P00570,ST010,2026-12-18 00:39:00,2,8154.82,0.10,NET_BANKING
S0064538,C04232,P01156,ST007,2027-03-27 20:15:00,1,4934.92,0.00,UPI
S0064539,C02292,P00373,ST003,2027-05-28 19:50:00,7,11139.22,0.10,WALLET
S0064540,C02050,P00025,ST013,2027-04-03 02:06:00,8,4571.56,0.15,CARD
S0064541,C05447,P00363,ST020,2027-04-11 11:42:00,1,7028.08,0.15,WALLET
S0064542,C04330,P00867,ST026,2027-01-04 11:59:00,6,5370.01,0.10,CARD
S0064543,C04974,P00808,ST008,2026-11-04 11:01:00,3,2340.21,0.00,CARD
S0064544,C01150,P00266,ST017,2027-01-22 20:31:00,6,13447.25,0.00,NET_BANKING
S0064545,C02535,P00164,ST030,2027-05-19 22:16:00,4,6049.30,0.00,CARD
S0064546,C03059,P00989,ST034,2027-04-26 16:24:00,2,6367.31,0.00,WALLET
S0064547,C00415,P00932,ST008,2026-12-31 09:57:00,8,10233.75,0.15,NET_BANKING
S0064548,C01016,P00908,ST002,2027-03-26 06:32:00,5,10685.50,0.00,UPI
S0064549,C02634,P01089,ST046,2026-09-26 09:52:00,3,2958.96,0.10,UPI
S0064550,C02706,P00225,ST038,2027-01-14 22:49:00,4,9830.38,0.05,COD
S0064551,C03446,P00154,ST020,2027-05-20 08:56:00,6,3193.19,0.10,WALLET
S0064552,C05464,P00317,ST002,2026-10-25 22:13:00,5,4717.68,0.10,WALLET
S0064553,C03267,P00034,ST016,2027-04-12 06:11:00,2,14038.19,0.00,COD
S0064554,C05238,P00652,ST037,2026-11-01 04:11:00,1,7213.51,0.00,NET_BANKING
S0064555,C03202,P00384,ST004,2026-12-22 05:42:00,3,2659.04,0.15,CARD
S0064556,C05575,P01015,ST037,2027-05-07 11:10:00,4,432.96,0.00,NET_BANKING
S0064557,C02953,P00962,ST030,2026-10-10 00:44:00,5,12113.97,0.00,COD
S0064558,C05780,P00918,ST035,2027-03-25 14:22:00,7,11736.74,0.00,CARD
S0064559,C03425,P01050,ST017,2026-09-30 19:11:00,6,4172.71,0.00,CARD
S0064560,C05993,P01108,ST012,2027-02-01 15:57:00,2,4318.01,0.05,WALLET
S0064561,C01361,P01178,ST032,2027-05-10 01:30:00,8,1258.53,0.00,NET_BANKING
S0064562,C03407,P00355,ST014,2027-01-24 21:13:00,4,9628.58,0.15,CARD
S0064563,C02303,P00877,ST042,2027-01-23 01:07:00,2,9491.54,0.00,CARD
S0064564,C02182,P00398,ST030,2027-01-04 16:59:00,6,12199.29,0.15,COD
S0064565,C02712,P00579,ST046,2027-05-01 08:10:00,3,10886.45,0.05,NET_BANKING
S0064566,C03057,P00763,ST046,2027-02-22 03:16:00,6,4853.30,0.15,UPI
S0064567,C03780,P00029,ST007,2027-03-28 06:48:00,5,10510.24,0.00,WALLET
S0064568,C01228,P00307,ST027,2026-11-04 17:55:00,3,13759.94,0.00,WALLET
S0064569,C02972,P00462,ST041,2027-04-14 02:53:00,7,3972.80,0.05,UPI
S0064570,C03766,P00036,ST018,2027-03-02 15:24:00,7,9317.16,0.00,NET_BANKING
S0064571,C04533,P00832,ST024,2026-09-25 02:02:00,7,12604.04,0.15,NET_BANKING
S0064572,C05049,P00860,ST024,2027-05-26 03:07:00,2,207.98,0.05,CARD
S0064573,C05209,P01157,ST048,2027-04-23 00:14:00,2,3950.06,0.15,WALLET
S0064574,C02454,P00478,ST017,2026-09-16 03:01:00,2,1905.90,0.15,WALLET
S0064575,C05918,P00069,ST028,2026-12-01 02:11:00,8,2410.61,0.05,NET_BANKING
S0064576,C04005,P00763,ST021,2026-09-28 03:11:00,4,4853.30,0.00,CARD
S0064577,C04209,P00432,ST042,2027-03-26 22:50:00,1,578.01,0.10,CARD
S0064578,C04901,P00764,ST037,2027-05-12 12:01:00,6,2546.62,0.00,UPI
S0064579,C04309,P00902,ST040,2027-03-05 17:03:00,5,6441.41,0.00,WALLET
S0064580,C05305,P00668,ST040,2027-02-21 00:24:00,2,9801.28,0.00,CARD
S0064581,C00817,P01010,ST027,2026-09-23 20:13:00,5,4591.28,0.05,UPI
S0064582,C02562,P01062,ST038,2027-05-31 03:26:00,3,3482.60,0.05,CARD
S0064583,C02604,P00958,ST029,2027-01-31 23:41:00,4,6025.05,0.05,COD
S0064584,C02094,P00788,ST035,2027-03-05 10:45:00,5,14058.06,0.00,NET_BANKING
S0064585,C04506,P01055,ST005,2026-09-22 07:43:00,4,3613.08,0.10,UPI
S0064586,C01972,P00382,ST002,2026-12-24 07:52:00,5,14341.57,0.00,WALLET
S0064587,C04973,P00962,ST007,2026-09-23 09:53:00,4,12113.97,0.15,NET_BANKING
S0064588,C03805,P00336,ST038,2026-09-22 17:47:00,1,10827.01,0.00,UPI
S0064589,C04980,P00600,ST019,2027-04-02 06:22:00,7,6476.74,0.00,NET_BANKING
S0064590,C04884,P00811,ST042,2026-12-06 22:53:00,1,12059.60,0.10,NET_BANKING
S0064591,C02584,P00478,ST027,2027-01-11 11:49:00,4,1905.90,0.00,NET_BANKING
S0064592,C04658,P00847,ST020,2027-04-29 23:20:00,2,11650.44,0.05,NET_BANKING
S0064593,C01598,P00925,ST050,2027-02-07 07:41:00,8,9802.23,0.00,UPI
S0064594,C02623,P00647,ST050,2026-12-31 06:35:00,6,8946.93,0.10,WALLET
S0064595,C03352,P00553,ST028,2027-02-21 06:59:00,6,10883.36,0.00,NET_BANKING
S0064596,C00337,P00633,ST030,2027-05-05 16:21:00,1,8834.04,0.05,UPI
S0064597,C02643,P00831,ST040,2027-01-19 04:29:00,8,4958.66,0.10,NET_BANKING
S0064598,C02453,P00417,ST020,2026-11-02 09:38:00,2,4251.66,0.00,COD
S0064599,C05476,P01174,ST012,2027-05-19 03:26:00,2,4563.90,0.15,WALLET
S0064600,C02852,P00989,ST046,2027-02-23 18:15:00,1,6367.31,0.15,COD
S0064601,C02926,P00203,ST041,2027-05-24 21:44:00,6,1071.23,0.00,UPI
S0064602,C01419,P01179,ST008,2027-04-24 02:04:00,4,2227.99,0.15,COD
S0064603,C04498,P01167,ST002,2026-10-03 10:36:00,2,787.11,0.05,CARD
S0064604,C00573,P00744,ST026,2027-02-08 09:37:00,1,3611.42,0.10,WALLET
S0064605,C05318,P00645,ST039,2026-11-30 14:33:00,8,11979.98,0.05,COD
S0064606,C00728,P00811,ST006,2026-11-02 07:00:00,3,12059.60,0.00,UPI
S0064607,C02753,P01061,ST050,2026-12-23 19:10:00,1,3248.13,0.00,CARD
S0064608,C03657,P00451,ST050,2026-10-28 05:49:00,7,10085.19,0.00,COD
S0064609,C03476,P00591,ST025,2027-02-26 03:34:00,7,11159.58,0.15,COD
S0064610,C05597,P00114,ST016,2026-11-25 04:25:00,7,1848.49,0.00,COD
S0064611,C03815,P00408,ST048,2027-02-20 20:57:00,8,61.60,0.00,NET_BANKING
S0064612,C03977,P00124,ST001,2026-11-09 22:30:00,4,9023.03,0.00,NET_BANKING
S0064613,C04272,P00766,ST031,2027-01-06 15:43:00,5,889.54,0.15,NET_BANKING
S0064614,C02449,P00394,ST029,2027-03-08 09:23:00,4,12895.03,0.00,WALLET
S0064615,C05672,P00264,ST008,2027-05-02 17:38:00,7,3453.32,0.00,UPI
S0064616,C04477,P00395,ST022,2026-12-11 01:11:00,1,4137.07,0.10,NET_BANKING
S0064617,C02960,P00514,ST004,2026-09-19 14:46:00,1,14174.96,0.00,NET_BANKING
S0064618,C00154,P00887,ST010,2027-05-13 08:10:00,1,6975.28,0.10,WALLET
S0064619,C00387,P00774,ST001,2027-03-22 00:09:00,7,12009.08,0.00,WALLET
S0064620,C04603,P00096,ST007,2027-01-22 16:28:00,3,891.62,0.05,CARD
S0064621,C05657,P00677,ST011,2026-11-11 22:57:00,7,9646.68,0.05,CARD
S0064622,C00634,P01035,ST018,2027-01-13 02:48:00,8,2244.79,0.05,NET_BANKING
S0064623,C04454,P00172,ST020,2027-02-17 06:34:00,4,13640.80,0.00,NET_BANKING
S0064624,C00736,P00374,ST030,2027-04-14 09:30:00,7,688.46,0.15,CARD
S0064625,C00178,P00465,ST019,2027-05-07 02:57:00,2,2736.41,0.05,CARD
S0064626,C05921,P00666,ST020,2026-11-08 15:43:00,7,12463.65,0.05,WALLET
S0064627,C00445,P00995,ST012,2027-04-02 15:27:00,7,10497.82,0.05,COD
S0064628,C00003,P00167,ST028,2027-04-15 08:42:00,4,9994.61,0.05,UPI
S0064629,C02530,P00639,ST026,2026-11-11 00:27:00,8,5321.74,0.00,COD
S0064630,C02787,P01131,ST012,2027-04-22 07:29:00,8,4962.89,0.15,COD
S0064631,C03114,P00310,ST020,2027-03-05 08:39:00,4,7286.34,0.10,WALLET
S0064632,C05056,P00412,ST010,2026-11-05 13:19:00,4,14467.07,0.10,UPI
S0064633,C05949,P00957,ST015,2027-01-14 13:25:00,6,13167.89,0.10,WALLET
S0064634,C02736,P00075,ST018,2026-11-05 13:53:00,3,288.24,0.00,CARD
S0064635,C00347,P00518,ST029,2027-02-22 19:59:00,6,7226.67,0.15,NET_BANKING
S0064636,C01861,P00816,ST050,2026-10-18 13:32:00,6,12563.10,0.05,NET_BANKING
S0064637,C01844,P00330,ST038,2027-01-12 04:13:00,3,3475.34,0.00,UPI
S0064638,C04467,P00594,ST018,2027-02-08 20:19:00,7,10755.95,0.00,CARD
S0064639,C01798,P00731,ST014,2027-04-06 04:24:00,4,6650.71,0.15,CARD
S0064640,C05801,P01082,ST038,2027-04-12 04:10:00,6,4722.36,0.15,CARD
S0064641,C03854,P00510,ST015,2026-12-19 07:33:00,8,8953.00,0.00,UPI
S0064642,C03123,P00823,ST034,2026-11-27 12:46:00,3,13235.97,0.00,UPI
S0064643,C05782,P00862,ST008,2027-02-12 19:18:00,3,12635.93,0.00,CARD
S0064644,C03468,P00260,ST046,2026-09-21 13:30:00,4,11471.26,0.05,COD
S0064645,C00633,P00502,ST019,2026-11-21 23:27:00,3,5017.69,0.05,NET_BANKING
S0064646,C02194,P00869,ST007,2027-03-02 13:19:00,1,5521.33,0.00,NET_BANKING
S0064647,C00416,P01064,ST006,2027-01-27 02:36:00,5,4310.64,0.00,WALLET
S0064648,C01941,P00250,ST043,2026-10-20 10:44:00,5,4598.66,0.15,NET_BANKING
S0064649,C01933,P00527,ST018,2027-02-19 13:56:00,6,14547.75,0.00,CARD
S0064650,C00912,P00475,ST017,2027-03-06 22:00:00,6,1870.66,0.00,NET_BANKING
S0064651,C04860,P00692,ST050,2026-09-29 20:27:00,2,3776.76,0.10,WALLET
S0064652,C03250,P01041,ST008,2026-12-02 16:49:00,2,2895.95,0.05,WALLET
S0064653,C01882,P00786,ST042,2026-09-24 22:19:00,4,8674.28,0.00,WALLET
S0064654,C00137,P01012,ST030,2027-02-07 19:20:00,5,393.66,0.00,COD
S0064655,C01005,P00284,ST042,2026-12-13 12:07:00,5,7052.39,0.05,NET_BANKING
S0064656,C03974,P00123,ST016,2027-02-28 17:31:00,1,4247.43,0.15,UPI
S0064657,C04574,P00482,ST029,2026-12-17 01:28:00,6,3964.41,0.15,CARD
S0064658,C03979,P00048,ST045,2026-11-03 16:14:00,8,5018.49,0.15,UPI
S0064659,C04774,P01136,ST027,2027-04-09 15:31:00,6,1698.24,0.00,WALLET
S0064660,C01044,P00711,ST043,2026-09-21 04:39:00,5,6883.58,0.00,UPI
S0064661,C01841,P00928,ST033,2027-05-30 07:52:00,1,6951.77,0.00,WALLET
S0064662,C02582,P00243,ST044,2027-04-29 19:35:00,7,6859.66,0.00,WALLET
S0064663,C04720,P01115,ST029,2027-04-13 23:03:00,8,111.84,0.10,COD
S0064664,C00122,P01031,ST037,2026-11-14 19:23:00,6,4498.09,0.05,UPI
S0064665,C00922,P00178,ST040,2026-11-16 12:24:00,4,10707.38,0.05,WALLET
S0064666,C01916,P01082,ST025,2027-03-21 21:41:00,4,3612.84,0.00,NET_BANKING
S0064667,C04132,P00452,ST009,2027-05-06 00:45:00,6,3389.85,0.00,CARD
S0064668,C05532,P00124,ST005,2027-05-28 00:27:00,5,9023.03,0.15,CARD
S0064669,C04149,P00150,ST010,2027-02-04 11:12:00,2,10110.81,0.00,NET_BANKING
S0064670,C02267,P00132,ST032,2026-10-02 08:09:00,6,661.50,0.10,WALLET
S0064671,C03490,P00296,ST021,2026-11-27 03:02:00,1,4617.53,0.00,WALLET
S0064672,C05045,P00985,ST014,2027-03-08 02:12:00,3,12971.94,0.10,COD
S0064673,C04857,P00019,ST001,2027-03-08 06:38:00,5,4767.41,0.00,WALLET
S0064674,C02743,P00658,ST033,2026-10-29 23:33:00,2,3910.13,0.10,COD
S0064675,C02584,P00366,ST049,2027-03-05 14:04:00,3,13188.09,0.10,WALLET
S0064676,C04398,P00688,ST014,2026-10-08 11:42:00,4,14801.08,0.15,UPI
S0064677,C01143,P00817,ST020,2027-02-13 08:57:00,3,11269.31,0.10,NET_BANKING
S0064678,C02197,P00563,ST028,2026-12-07 21:50:00,5,2736.29,0.05,NET_BANKING
S0064679,C02421,P00007,ST041,2026-11-03 06:05:00,2,8987.92,0.05,UPI
S0064680,C05720,P00180,ST024,2027-03-17 05:58:00,5,12378.45,0.10,CARD
S0064681,C02814,P01097,ST031,2027-03-20 01:46:00,1,301.03,0.00,CARD
S0064682,C01445,P00261,ST019,2027-02-27 20:31:00,2,6561.97,0.05,WALLET
S0064683,C01060,P00749,ST022,2026-10-10 03:55:00,3,5536.94,0.10,COD
S0064684,C03047,P00353,ST016,2026-10-14 05:47:00,6,10161.42,0.00,CARD
S0064685,C03165,P00998,ST039,2027-04-04 17:31:00,3,2576.28,0.05,COD
S0064686,C04814,P00006,ST034,2027-02-14 19:04:00,6,12375.85,0.00,UPI
S0064687,C04827,P00492,ST003,2027-05-03 03:30:00,6,14651.91,0.00,UPI
S0064688,C02323,P00916,ST017,2027-03-09 23:22:00,8,1771.51,0.15,COD
S0064689,C03227,P00501,ST044,2027-01-04 15:23:00,6,591.28,0.05,COD
S0064690,C05706,P00213,ST013,2026-11-29 21:21:00,1,2854.32,0.00,COD
S0064691,C00477,P00742,ST010,2027-05-21 12:57:00,2,7019.87,0.00,WALLET
S0064692,C01589,P00105,ST013,2026-10-18 22:37:00,4,7300.13,0.15,WALLET
S0064693,C00289,P00806,ST008,2026-11-27 09:46:00,7,10445.92,0.15,COD
S0064694,C02546,P00960,ST010,2026-09-24 15:05:00,7,6003.64,0.10,UPI
S0064695,C01575,P00458,ST008,2027-01-04 06:00:00,3,9495.95,0.10,WALLET
S0064696,C04931,P00198,ST003,2026-11-23 07:06:00,1,11526.28,0.00,CARD
S0064697,C04871,P00620,ST028,2026-12-11 11:46:00,8,1987.43,0.10,COD
S0064698,C01924,P00209,ST007,2027-05-06 03:57:00,5,6800.00,0.15,UPI
S0064699,C01896,P00598,ST038,2027-03-25 03:39:00,1,4459.15,0.00,NET_BANKING
S0064700,C00410,P00923,ST014,2027-01-04 07:06:00,4,12391.37,0.00,CARD
S0064701,C01902,P00693,ST031,2027-03-15 07:46:00,4,10171.16,0.10,UPI
S0064702,C02984,P00489,ST032,2026-12-22 14:32:00,2,12272.05,0.05,NET_BANKING
S0064703,C03337,P00174,ST032,2026-10-08 14:17:00,1,322.73,0.00,CARD
S0064704,C03998,P01087,ST007,2027-01-30 20:54:00,4,3601.14,0.15,WALLET
S0064705,C03837,P00234,ST036,2027-05-15 14:35:00,1,10659.34,0.15,CARD
S0064706,C03552,P00286,ST047,2026-11-20 13:17:00,6,2796.88,0.00,WALLET
S0064707,C05088,P00579,ST038,2026-12-03 08:08:00,4,10886.45,0.00,UPI
S0064708,C00572,P00371,ST020,2027-04-02 01:42:00,2,7245.43,0.00,UPI
S0064709,C01757,P01023,ST017,2027-04-30 06:50:00,6,1286.79,0.05,WALLET
S0064710,C04597,P01159,ST001,2026-11-17 09:35:00,4,2882.49,0.00,CARD
S0064711,C01354,P00306,ST049,2027-03-03 01:26:00,8,8871.87,0.15,CARD
S0064712,C00415,P01045,ST049,2027-04-29 01:09:00,1,4857.56,0.00,CARD
S0064713,C01742,P00211,ST039,2027-03-26 23:23:00,7,1685.16,0.05,COD
S0064714,C05590,P01089,ST038,2026-09-22 04:00:00,4,137.12,0.05,COD
S0064715,C04554,P00826,ST030,2026-10-29 07:59:00,3,8287.08,0.10,CARD
S0064716,C02842,P00166,ST024,2027-03-09 16:45:00,1,8032.81,0.00,UPI
S0064717,C05803,P00293,ST026,2027-04-07 11:48:00,8,8511.68,0.10,WALLET
S0064718,C04840,P00365,ST024,2027-03-20 12:32:00,8,14402.02,0.15,CARD
S0064719,C03288,P00974,ST020,2027-03-20 19:11:00,1,2875.19,0.10,CARD
S0064720,C02123,P00406,ST004,2027-05-23 12:23:00,3,1162.78,0.10,CARD
S0064721,C03971,P00959,ST004,2027-02-01 19:28:00,8,9477.36,0.15,CARD
S0064722,C04626,P00161,ST030,2027-01-12 22:12:00,5,3469.31,0.00,NET_BANKING
S0064723,C02867,P00363,ST037,2026-10-03 18:22:00,2,7028.08,0.00,NET_BANKING
S0064724,C02274,P00963,ST029,2027-01-11 06:32:00,1,9496.66,0.05,NET_BANKING
S0064725,C01687,P00608,ST021,2027-04-26 13:31:00,5,4112.16,0.15,UPI
S0064726,C03719,P00286,ST035,2027-01-12 17:56:00,7,2796.88,0.00,COD
S0064727,C00027,P00045,ST016,2026-10-24 16:16:00,1,3670.33,0.00,COD
S0064728,C00852,P00170,ST045,2026-11-02 17:05:00,3,4556.11,0.10,WALLET
S0064729,C01095,P00020,ST030,2027-04-25 08:16:00,3,3182.66,0.00,COD
S0064730,C03613,P00697,ST009,2027-04-23 15:16:00,6,10439.87,0.05,COD
S0064731,C00159,P00994,ST014,2026-11-18 17:34:00,7,14986.15,0.00,UPI
S0064732,C05435,P00324,ST032,2026-12-22 02:03:00,1,2603.61,0.15,UPI
S0064733,C02203,P00420,ST034,2027-06-01 00:18:00,8,13992.32,0.00,CARD
S0064734,C00225,P00728,ST038,2027-02-23 01:14:00,4,2376.69,0.10,CARD
S0064735,C00267,P01075,ST027,2026-12-12 00:54:00,2,4340.95,0.10,CARD
S0064736,C04051,P00651,ST028,2026-12-20 01:12:00,5,1796.64,0.10,UPI
S0064737,C05794,P01052,ST035,2027-01-29 07:11:00,2,1578.69,0.10,CARD
S0064738,C02018,P01162,ST036,2026-12-25 01:29:00,2,3797.62,0.15,NET_BANKING
S0064739,C01923,P00536,ST019,2027-04-21 08:32:00,7,8908.32,0.15,CARD
S0064740,C03708,P00573,ST019,2026-11-22 06:24:00,1,7520.25,0.00,NET_BANKING
S0064741,C00009,P00942,ST004,2027-05-14 06:56:00,1,13417.77,0.15,NET_BANKING
S0064742,C01475,P00459,ST045,2027-05-04 17:55:00,5,608.46,0.00,NET_BANKING
S0064743,C03969,P00225,ST022,2027-01-03 16:00:00,8,9830.38,0.15,CARD
S0064744,C03169,P00182,ST014,2027-05-25 12:15:00,1,11258.08,0.10,COD
S0064745,C00624,P00922,ST047,2027-01-12 03:21:00,6,5403.68,0.15,CARD
S0064746,C04627,P00625,ST025,2026-09-22 13:28:00,8,12569.93,0.00,CARD
S0064747,C01526,P00793,ST009,2026-12-01 21:34:00,2,9165.88,0.10,COD
S0064748,C02007,P01173,ST049,2027-01-11 21:25:00,3,1861.03,0.05,NET_BANKING
S0064749,C02105,P00176,ST043,2026-10-20 18:58:00,6,10058.14,0.05,COD
S0064750,C03211,P00823,ST043,2026-12-22 09:31:00,2,13235.97,0.15,NET_BANKING
S0064751,C00421,P00412,ST050,2026-11-02 08:19:00,4,14467.07,0.15,CARD
S0064752,C00491,P00190,ST028,2027-03-05 23:12:00,7,6844.10,0.00,COD
S0064753,C01546,P00195,ST024,2027-05-30 03:32:00,8,10101.96,0.15,WALLET
S0064754,C03650,P00955,ST043,2027-04-14 00:18:00,1,5719.71,0.00,COD
S0064755,C04098,P00345,ST039,2026-11-29 02:50:00,1,1997.78,0.05,UPI
S0064756,C03914,P00562,ST011,2027-02-16 11:04:00,5,10013.06,0.00,CARD
S0064757,C00708,P00144,ST023,2027-05-09 05:37:00,7,9162.18,0.10,CARD
S0064758,C05611,P00587,ST006,2026-12-28 23:55:00,4,7939.21,0.00,WALLET
S0064759,C04289,P00410,ST012,2027-03-31 17:38:00,3,12139.70,0.15,COD
S0064760,C00771,P00772,ST012,2027-04-20 02:56:00,3,13512.62,0.15,CARD
S0064761,C04346,P00815,ST009,2027-02-13 12:40:00,3,9553.20,0.15,WALLET
S0064762,C04055,P00378,ST034,2027-01-22 15:07:00,6,14078.19,0.05,NET_BANKING
S0064763,C03138,P00407,ST043,2026-09-21 03:03:00,7,6517.00,0.15,NET_BANKING
S0064764,C01082,P00471,ST009,2027-01-30 00:55:00,2,8186.09,0.15,COD
S0064765,C00976,P00059,ST026,2026-10-23 20:37:00,4,14733.93,0.00,UPI
S0064766,C02845,P00241,ST029,2027-02-27 09:43:00,7,14291.38,0.10,NET_BANKING
S0064767,C01779,P00260,ST050,2026-12-12 14:58:00,8,11471.26,0.15,WALLET
S0064768,C03446,P00094,ST017,2027-05-02 01:39:00,1,3538.71,0.05,WALLET
S0064769,C05022,P00299,ST026,2026-10-05 10:31:00,8,4344.66,0.10,COD
S0064770,C03374,P00451,ST028,2027-02-01 06:10:00,4,10085.19,0.15,COD
S0064771,C03264,P01121,ST006,2027-03-03 20:13:00,4,1091.23,0.15,WALLET
S0064772,C05884,P00483,ST025,2027-02-09 10:34:00,3,7759.25,0.10,NET_BANKING
S0064773,C04281,P00043,ST044,2027-03-30 01:54:00,5,3923.78,0.00,NET_BANKING
S0064774,C03798,P00104,ST049,2027-03-27 18:09:00,1,5175.58,0.00,WALLET
S0064775,C01855,P00926,ST002,2027-03-31 10:46:00,4,11337.89,0.00,CARD
S0064776,C01584,P00838,ST032,2026-10-16 02:12:00,8,11094.78,0.00,UPI
S0064777,C01214,P00949,ST020,2027-01-17 20:35:00,3,5923.78,0.00,CARD
S0064778,C01217,P00401,ST019,2027-03-01 06:56:00,6,14612.89,0.00,WALLET
S0064779,C05731,P00838,ST039,2027-05-10 18:53:00,2,11094.78,0.05,COD
S0064780,C00099,P00615,ST029,2026-12-30 23:07:00,7,5873.54,0.00,WALLET
S0064781,C01270,P00839,ST021,2026-11-24 03:07:00,1,14909.42,0.00,WALLET
S0064782,C00927,P00205,ST013,2026-12-25 12:00:00,6,2535.39,0.10,WALLET
S0064783,C04996,P00058,ST046,2026-11-10 23:43:00,5,1589.53,0.15,CARD
S0064784,C02277,P00653,ST023,2027-04-02 07:00:00,7,13600.13,0.00,NET_BANKING
S0064785,C01276,P00493,ST033,2027-01-02 08:33:00,2,10898.38,0.05,NET_BANKING
S0064786,C02624,P00153,ST050,2026-11-15 14:22:00,8,5456.59,0.00,UPI
S0064787,C02829,P00554,ST007,2026-09-17 09:26:00,4,14870.16,0.05,WALLET
S0064788,C01044,P00981,ST018,2027-02-15 19:08:00,8,5838.61,0.00,WALLET
S0064789,C04567,P00613,ST005,2027-01-28 06:39:00,7,10916.90,0.00,COD
S0064790,C02160,P00121,ST006,2026-09-17 15:49:00,5,612.71,0.10,CARD
S0064791,C02980,P00036,ST036,2026-09-30 09:01:00,5,9317.16,0.05,NET_BANKING
S0064792,C01546,P01097,ST010,2027-05-02 22:41:00,3,1537.60,0.00,UPI
S0064793,C01622,P00063,ST027,2026-11-06 20:44:00,8,9510.65,0.05,NET_BANKING
S0064794,C05320,P00123,ST007,2026-11-04 17:43:00,6,4247.43,0.15,COD
S0064795,C00682,P00770,ST016,2027-03-29 11:16:00,4,6385.04,0.15,UPI
S0064796,C03117,P01159,ST049,2026-12-24 17:09:00,1,4921.57,0.00,CARD
S0064797,C04160,P00446,ST001,2026-11-01 17:13:00,7,14903.24,0.00,WALLET
S0064798,C04947,P00483,ST029,2027-01-09 18:27:00,3,7759.25,0.05,WALLET
S0064799,C04581,P00895,ST042,2027-02-06 02:23:00,6,8765.77,0.05,NET_BANKING
S0064800,C05861,P01180,ST023,2026-12-28 19:00:00,1,4950.15,0.10,COD
S0064801,C00473,P00807,ST006,2027-03-15 10:00:00,1,3804.96,0.05,COD
S0064802,C04569,P00271,ST041,2026-09-15 07:13:00,1,11702.78,0.05,COD
S0064803,C04448,P00991,ST010,2027-03-14 04:48:00,5,240.75,0.05,COD
S0064804,C00052,P01110,ST008,2026-10-23 18:33:00,2,3730.71,0.15,CARD
S0064805,C05377,P00294,ST018,2027-03-16 14:41:00,4,9198.98,0.15,COD
S0064806,C00126,P00444,ST018,2027-03-21 22:44:00,8,910.78,0.10,WALLET
S0064807,C02618,P00020,ST017,2026-10-29 03:48:00,6,4531.02,0.15,WALLET
S0064808,C05582,P00035,ST019,2027-01-11 08:39:00,5,1827.96,0.05,UPI
S0064809,C01730,P00403,ST010,2026-12-01 21:17:00,5,6512.03,0.00,NET_BANKING
S0064810,C01031,P00908,ST004,2027-03-27 22:09:00,6,10685.50,0.10,UPI
S0064811,C01664,P01140,ST008,2027-02-23 11:00:00,5,663.38,0.00,WALLET
S0064812,C01592,P00199,ST005,2026-09-16 15:37:00,3,10119.49,0.15,COD
S0064813,C03408,P00013,ST030,2026-11-16 11:43:00,5,6028.43,0.15,UPI
S0064814,C01897,P00031,ST050,2026-12-19 18:42:00,8,13784.17,0.00,WALLET
S0064815,C01236,P00185,ST035,2026-12-30 13:15:00,5,5998.13,0.15,NET_BANKING
S0064816,C03505,P00368,ST027,2026-11-16 12:28:00,7,14776.53,0.05,CARD
S0064817,C01102,P01144,ST020,2027-06-02 16:14:00,4,3419.43,0.00,WALLET
S0064818,C03880,P00273,ST030,2027-04-06 21:37:00,1,1657.16,0.00,COD
S0064819,C00123,P00120,ST003,2026-09-27 11:10:00,8,2796.10,0.15,CARD
S0064820,C02753,P01059,ST038,2027-02-09 18:26:00,5,4288.86,0.10,UPI
S0064821,C01354,P01033,ST011,2026-12-19 03:06:00,6,2278.13,0.00,COD
S0064822,C00803,P00621,ST018,2026-11-30 16:29:00,5,12280.84,0.05,NET_BANKING
S0064823,C01389,P00816,ST031,2027-04-25 19:40:00,3,12563.10,0.00,UPI
S0064824,C00103,P01066,ST012,2026-11-11 04:50:00,1,3923.62,0.10,COD
S0064825,C04555,P00352,ST041,2026-11-19 07:18:00,7,13564.85,0.00,NET_BANKING
S0064826,C03684,P00301,ST038,2027-04-23 13:27:00,6,2542.44,0.05,CARD
S0064827,C03497,P00061,ST017,2027-05-23 11:54:00,4,9979.10,0.05,CARD
S0064828,C02801,P00267,ST008,2027-04-09 11:07:00,4,4567.81,0.00,CARD
S0064829,C02282,P00120,ST005,2026-12-08 19:28:00,6,2796.10,0.15,UPI
S0064830,C04690,P01179,ST015,2026-10-06 18:27:00,3,705.16,0.15,NET_BANKING
S0064831,C05147,P01024,ST043,2026-09-19 11:36:00,2,1383.84,0.10,WALLET
S0064832,C04225,P00094,ST028,2026-12-05 03:26:00,2,3538.71,0.15,CARD
S0064833,C01523,P00893,ST048,2027-01-02 18:23:00,8,11968.39,0.10,WALLET
S0064834,C03261,P00991,ST010,2027-04-15 14:40:00,2,240.75,0.00,WALLET
S0064835,C00809,P00462,ST003,2027-05-27 13:03:00,5,3972.80,0.05,UPI
S0064836,C00174,P00188,ST049,2026-11-08 11:10:00,4,6455.12,0.05,UPI
S0064837,C02356,P00654,ST002,2027-05-24 18:33:00,5,12742.05,0.15,COD
S0064838,C00912,P00715,ST012,2026-12-11 19:05:00,8,9749.53,0.10,WALLET
S0064839,C02045,P00784,ST010,2026-10-07 16:03:00,8,13461.16,0.15,CARD
S0064840,C03212,P00916,ST004,2026-09-24 01:11:00,6,1771.51,0.00,WALLET
S0064841,C01599,P00675,ST015,2027-03-28 14:30:00,4,10065.36,0.15,CARD
S0064842,C04933,P01041,ST011,2027-05-30 03:06:00,1,637.19,0.15,WALLET
S0064843,C03656,P00088,ST017,2026-09-18 17:31:00,1,8857.37,0.05,WALLET
S0064844,C04652,P00955,ST001,2026-11-16 19:54:00,1,5719.71,0.15,CARD
S0064845,C05452,P00820,ST050,2026-09-20 01:03:00,2,1994.37,0.00,CARD
S0064846,C02183,P01194,ST018,2026-11-25 00:00:00,6,2884.94,0.05,UPI
S0064847,C00581,P00706,ST003,2026-09-19 14:47:00,5,2797.24,0.10,UPI
S0064848,C00350,P01079,ST006,2027-03-12 09:29:00,4,2705.48,0.05,NET_BANKING
S0064849,C00387,P00313,ST029,2027-04-08 16:53:00,5,7134.65,0.05,UPI
S0064850,C04868,P00794,ST007,2027-04-07 05:48:00,5,9152.31,0.00,WALLET
S0064851,C03602,P00658,ST009,2026-11-16 09:50:00,7,3910.13,0.00,COD
S0064852,C04558,P00998,ST040,2026-09-16 11:06:00,6,2576.28,0.05,COD
S0064853,C01244,P01143,ST013,2026-11-03 12:27:00,7,348.37,0.05,CARD
S0064854,C01862,P00343,ST006,2027-04-23 16:10:00,6,4575.42,0.10,WALLET
S0064855,C02870,P01147,ST042,2026-12-19 03:14:00,3,960.31,0.15,CARD
S0064856,C01373,P00065,ST022,2027-04-09 15:40:00,8,505.63,0.10,WALLET
S0064857,C00803,P01093,ST006,2027-01-07 12:04:00,1,4313.50,0.05,CARD
S0064858,C05612,P00706,ST012,2027-02-23 08:22:00,7,2797.24,0.00,NET_BANKING
S0064859,C00249,P00095,ST015,2027-05-27 16:03:00,1,5408.19,0.15,NET_BANKING
S0064860,C00800,P00256,ST023,2026-12-05 11:11:00,7,1987.06,0.10,CARD
S0064861,C01208,P00981,ST001,2027-04-18 10:57:00,6,5838.61,0.00,NET_BANKING
S0064862,C03452,P00645,ST025,2027-04-27 23:29:00,2,11979.98,0.05,COD
S0064863,C03116,P00293,ST013,2027-04-16 03:05:00,5,8511.68,0.15,WALLET
S0064864,C05838,P01141,ST017,2026-10-11 06:51:00,6,4009.04,0.00,COD
S0064865,C04705,P00716,ST050,2027-03-23 19:55:00,6,3403.75,0.00,UPI
S0064866,C03434,P00142,ST033,2027-04-04 08:33:00,1,3934.33,0.05,WALLET
S0064867,C05299,P00495,ST046,2026-12-07 08:22:00,5,105.46,0.00,CARD
S0064868,C05557,P01003,ST033,2027-03-13 16:22:00,8,1303.74,0.10,WALLET
S0064869,C00542,P00049,ST037,2027-05-24 23:41:00,8,856.91,0.15,WALLET
S0064870,C03011,P00721,ST024,2027-01-15 08:19:00,6,2539.40,0.10,WALLET
S0064871,C04611,P01077,ST046,2027-01-20 05:56:00,7,2462.28,0.00,UPI
S0064872,C04254,P00666,ST032,2027-01-06 11:02:00,3,12463.65,0.00,CARD
S0064873,C03815,P01159,ST025,2026-10-08 23:43:00,2,4743.78,0.15,WALLET
S0064874,C05026,P00659,ST022,2027-04-07 16:09:00,6,3678.56,0.00,CARD
S0064875,C02423,P00836,ST042,2026-12-07 11:59:00,1,8199.84,0.00,CARD
S0064876,C04881,P00749,ST042,2027-03-10 01:21:00,7,5536.94,0.00,COD
S0064877,C01767,P00652,ST036,2026-12-03 10:55:00,5,7213.51,0.15,UPI
S0064878,C05197,P00420,ST010,2027-02-13 05:28:00,1,13992.32,0.00,CARD
S0064879,C03778,P00558,ST050,2026-11-17 07:41:00,3,2884.27,0.15,WALLET
S0064880,C01184,P00767,ST032,2026-09-16 19:41:00,1,11689.48,0.15,CARD
S0064881,C05681,P00794,ST045,2026-09-18 02:35:00,2,9152.31,0.00,WALLET
S0064882,C01820,P00290,ST036,2026-09-19 00:30:00,1,3515.83,0.05,NET_BANKING
S0064883,C02293,P00596,ST023,2026-12-18 11:40:00,6,8194.29,0.10,CARD
S0064884,C01080,P01089,ST014,2026-10-08 06:18:00,7,3002.36,0.00,COD
S0064885,C03883,P00903,ST025,2026-12-23 01:26:00,2,4390.79,0.05,WALLET
S0064886,C01101,P00121,ST035,2026-11-05 22:32:00,6,612.71,0.05,WALLET
S0064887,C00234,P01046,ST032,2027-03-17 16:39:00,3,3908.70,0.00,UPI
S0064888,C05518,P00836,ST035,2026-11-05 00:38:00,8,8199.84,0.00,WALLET
S0064889,C04810,P00934,ST008,2026-10-10 17:07:00,7,6341.80,0.10,UPI
S0064890,C05414,P00774,ST018,2027-05-27 23:09:00,4,12009.08,0.05,UPI
S0064891,C04819,P00980,ST026,2027-05-23 08:55:00,7,8929.07,0.00,COD
S0064892,C00624,P00091,ST046,2027-01-12 19:48:00,6,11974.70,0.05,WALLET
S0064893,C02601,P01007,ST045,2026-11-26 21:35:00,5,426.80,0.05,NET_BANKING
S0064894,C03511,P00363,ST009,2027-02-02 02:04:00,3,7028.08,0.00,NET_BANKING
S0064895,C00197,P00894,ST045,2027-02-05 22:40:00,3,12465.27,0.05,NET_BANKING
S0064896,C02209,P00055,ST040,2027-03-16 19:34:00,6,8397.51,0.00,CARD
S0064897,C01778,P00317,ST044,2027-05-04 03:08:00,8,4717.68,0.15,CARD
S0064898,C00547,P00378,ST014,2027-02-03 09:12:00,6,14078.19,0.15,UPI
S0064899,C03290,P00896,ST025,2027-05-19 04:28:00,8,9136.34,0.00,UPI
S0064900,C00344,P00669,ST013,2026-12-25 20:57:00,8,14324.33,0.00,UPI
S0064901,C05511,P00404,ST017,2027-03-31 07:25:00,4,2015.34,0.00,UPI
S0064902,C03159,P00889,ST005,2027-01-03 03:02:00,6,10263.87,0.15,NET_BANKING
S0064903,C00249,P00025,ST042,2026-11-14 02:58:00,7,4571.56,0.10,NET_BANKING
S0064904,C00837,P01133,ST020,2027-04-24 11:42:00,3,702.91,0.00,COD
S0064905,C05723,P00151,ST014,2027-02-13 21:37:00,5,9961.31,0.05,WALLET
S0064906,C01697,P00067,ST043,2026-11-30 08:29:00,8,3494.40,0.00,NET_BANKING
S0064907,C00548,P00320,ST044,2026-10-09 08:53:00,2,7970.92,0.00,CARD
S0064908,C03605,P00448,ST012,2026-12-04 18:51:00,2,9484.91,0.10,NET_BANKING
S0064909,C01591,P00732,ST028,2026-10-09 19:06:00,1,7048.14,0.10,COD
S0064910,C01833,P00497,ST015,2027-01-13 10:04:00,2,9469.60,0.00,COD
S0064911,C01651,P00540,ST027,2026-09-22 16:45:00,8,8768.71,0.10,COD
S0064912,C00363,P00327,ST009,2027-02-26 05:55:00,7,7639.94,0.10,CARD
S0064913,C04696,P00548,ST008,2027-05-30 17:19:00,3,11468.53,0.00,UPI
S0064914,C04894,P01162,ST011,2026-09-17 14:54:00,5,737.31,0.10,COD
S0064915,C05736,P00920,ST013,2027-05-09 19:44:00,6,13420.77,0.00,UPI
S0064916,C01463,P00331,ST003,2027-04-29 23:49:00,5,9971.71,0.15,NET_BANKING
S0064917,C05381,P00553,ST006,2026-10-14 12:11:00,7,10883.36,0.00,NET_BANKING
S0064918,C05152,P00372,ST044,2027-06-02 01:30:00,7,8947.17,0.15,NET_BANKING
S0064919,C00127,P00790,ST004,2026-12-09 12:40:00,8,14518.69,0.00,NET_BANKING
S0064920,C04067,P01080,ST023,2027-04-01 01:49:00,7,4703.83,0.05,WALLET
S0064921,C01316,P00092,ST042,2026-09-17 20:03:00,3,8564.59,0.00,CARD
S0064922,C03729,P00612,ST005,2027-03-12 15:39:00,1,12611.50,0.05,WALLET
S0064923,C00836,P00266,ST035,2026-11-15 06:39:00,8,13447.25,0.10,UPI
S0064924,C04251,P01184,ST046,2026-10-18 12:56:00,8,3230.48,0.05,UPI
S0064925,C04469,P00415,ST048,2026-11-05 15:29:00,6,3287.41,0.15,WALLET
S0064926,C02702,P00428,ST050,2027-05-30 08:02:00,4,11541.27,0.00,WALLET
S0064927,C05870,P00009,ST012,2027-02-15 21:59:00,7,14426.84,0.00,COD
S0064928,C02541,P00391,ST033,2027-05-19 00:54:00,3,3490.76,0.00,WALLET
S0064929,C04437,P00455,ST046,2027-05-04 11:27:00,1,11331.19,0.00,COD
S0064930,C00967,P00901,ST029,2027-05-22 03:59:00,3,11518.70,0.00,COD
S0064931,C03845,P00123,ST003,2027-05-20 21:30:00,6,4247.43,0.00,NET_BANKING
S0064932,C03891,P00594,ST023,2026-11-28 11:54:00,8,10755.95,0.15,NET_BANKING
S0064933,C05933,P00556,ST023,2026-11-24 06:35:00,2,4347.03,0.00,COD
S0064934,C04101,P00727,ST017,2027-02-23 12:27:00,8,12337.64,0.10,NET_BANKING
S0064935,C04477,P00055,ST045,2027-03-21 02:57:00,4,8397.51,0.10,NET_BANKING
S0064936,C00011,P00047,ST021,2026-09-22 16:36:00,5,4471.06,0.05,NET_BANKING
S0064937,C05337,P00104,ST040,2026-12-19 13:53:00,4,5175.58,0.00,UPI
S0064938,C01358,P01048,ST044,2026-10-03 17:19:00,5,923.71,0.05,WALLET
S0064939,C05143,P00884,ST021,2026-11-19 03:53:00,8,13619.78,0.15,UPI
S0064940,C02547,P00347,ST010,2027-01-18 00:46:00,5,13728.26,0.00,UPI
S0064941,C02134,P00567,ST019,2027-04-30 18:53:00,4,2522.97,0.00,NET_BANKING
S0064942,C02318,P00120,ST033,2027-02-25 04:39:00,1,2796.10,0.15,COD
S0064943,C05923,P00292,ST007,2026-10-29 18:30:00,1,387.24,0.10,NET_BANKING
S0064944,C03715,P00374,ST025,2027-04-30 21:18:00,2,688.46,0.15,NET_BANKING
S0064945,C02899,P01039,ST036,2026-11-19 11:59:00,3,3843.73,0.05,CARD
S0064946,C03835,P00555,ST008,2027-02-24 19:10:00,7,3239.18,0.00,COD
S0064947,C05506,P01180,ST016,2026-11-23 07:05:00,1,1705.68,0.15,UPI
S0064948,C00317,P00696,ST046,2027-04-28 08:58:00,4,444.90,0.10,COD
S0064949,C00265,P00008,ST016,2026-11-10 21:37:00,7,1347.12,0.05,UPI
S0064950,C03097,P00173,ST031,2027-02-22 02:30:00,3,2556.28,0.00,UPI
S0064951,C05685,P00675,ST027,2027-02-05 00:28:00,2,10065.36,0.00,UPI
S0064952,C04468,P00226,ST038,2027-04-29 17:06:00,8,14378.99,0.10,CARD
S0064953,C03038,P00951,ST045,2027-02-04 15:24:00,4,6661.86,0.00,COD
S0064954,C01730,P00818,ST012,2027-04-27 21:37:00,8,9748.07,0.00,NET_BANKING
S0064955,C00113,P00287,ST012,2026-12-07 04:25:00,7,1326.71,0.00,WALLET
S0064956,C02519,P01072,ST003,2027-04-12 07:31:00,3,3662.58,0.05,WALLET
S0064957,C03080,P01037,ST026,2026-11-01 03:01:00,8,1014.33,0.00,UPI
S0064958,C01980,P00226,ST006,2027-05-29 14:30:00,8,14378.99,0.00,WALLET
S0064959,C04395,P00494,ST023,2027-01-13 04:10:00,6,4019.59,0.00,UPI
S0064960,C02196,P00491,ST003,2026-12-13 21:15:00,3,4754.80,0.10,WALLET
S0064961,C04627,P00755,ST046,2027-03-02 22:52:00,7,13881.05,0.10,WALLET
S0064962,C00928,P00623,ST016,2027-02-07 21:58:00,4,2478.31,0.10,NET_BANKING
S0064963,C05685,P00382,ST045,2027-05-06 03:24:00,4,14341.57,0.15,NET_BANKING
S0064964,C02608,P00119,ST043,2026-11-29 09:23:00,8,794.81,0.00,WALLET
S0064965,C01117,P00522,ST011,2026-09-20 15:12:00,5,1719.44,0.10,COD
S0064966,C03216,P00836,ST009,2026-12-24 07:51:00,6,8199.84,0.15,UPI
S0064967,C05722,P01155,ST009,2027-05-05 17:00:00,3,1230.18,0.15,COD
S0064968,C03371,P00545,ST034,2027-04-06 03:37:00,7,2928.27,0.05,CARD
S0064969,C02329,P00364,ST010,2027-05-21 17:05:00,3,12302.90,0.00,CARD
S0064970,C01755,P00734,ST002,2026-10-16 15:02:00,4,2368.19,0.15,CARD
S0064971,C00961,P01138,ST026,2027-04-12 22:47:00,2,4432.39,0.10,CARD
S0064972,C02802,P00226,ST039,2027-04-25 03:49:00,1,14378.99,0.10,COD
S0064973,C00286,P00151,ST039,2027-04-15 22:23:00,4,9961.31,0.15,CARD
S0064974,C03675,P00296,ST005,2027-05-04 00:42:00,7,4617.53,0.15,COD
S0064975,C02385,P00007,ST048,2027-05-27 16:55:00,7,8987.92,0.10,CARD
S0064976,C03393,P00214,ST013,2026-11-06 19:30:00,2,8311.62,0.05,WALLET
S0064977,C01560,P00110,ST020,2027-03-16 17:06:00,4,11820.01,0.00,COD
S0064978,C00409,P00014,ST038,2027-04-29 06:57:00,6,9230.95,0.15,COD
S0064979,C02651,P00871,ST043,2027-01-17 04:13:00,6,9556.52,0.10,COD
S0064980,C03350,P00703,ST007,2027-05-25 13:45:00,6,578.72,0.00,COD
S0064981,C05760,P00012,ST002,2027-03-09 18:01:00,5,50.90,0.15,NET_BANKING
S0064982,C02969,P01030,ST027,2027-03-31 23:24:00,8,4186.92,0.00,NET_BANKING
S0064983,C01320,P01133,ST008,2026-12-28 15:16:00,4,2361.81,0.10,CARD
S0064984,C00055,P00407,ST040,2027-02-01 05:28:00,2,6517.00,0.15,COD
S0064985,C00665,P00647,ST024,2027-05-07 12:03:00,8,8946.93,0.10,UPI
S0064986,C04260,P00021,ST034,2026-10-23 13:59:00,6,4786.55,0.10,CARD
S0064987,C04991,P00354,ST022,2027-02-01 10:00:00,8,11455.34,0.05,UPI
S0064988,C03122,P00386,ST041,2027-03-07 22:20:00,2,344.42,0.05,UPI
S0064989,C01034,P00661,ST035,2027-02-08 14:02:00,6,12752.32,0.10,UPI
S0064990,C03624,P00794,ST005,2027-05-25 17:48:00,4,9152.31,0.00,UPI
S0064991,C01539,P00896,ST005,2026-11-20 01:42:00,1,9136.34,0.05,WALLET
S0064992,C05320,P00569,ST024,2027-04-11 00:58:00,8,11413.80,0.00,COD
S0064993,C00963,P00481,ST030,2026-09-20 13:59:00,3,10052.76,0.00,CARD
S0064994,C02009,P00955,ST050,2027-02-05 07:27:00,5,5719.71,0.00,UPI
S0064995,C04759,P00730,ST008,2026-12-07 17:21:00,3,3796.60,0.05,NET_BANKING
S0064996,C01404,P01010,ST005,2026-11-28 07:11:00,6,3888.28,0.00,NET_BANKING
S0064997,C05292,P00869,ST010,2026-09-16 09:45:00,7,5521.33,0.15,NET_BANKING
S0064998,C04252,P00844,ST007,2027-02-23 16:19:00,8,12073.09,0.00,UPI
S0064999,C02544,P00295,ST013,2027-01-13 09:22:00,1,8088.40,0.00,WALLET
S0065000,C04852,P00098,ST007,2027-05-11 01:34:00,2,3874.92,0.00,UPI
S0065001,C03161,P00638,ST016,2026-12-26 01:42:00,3,8964.05,0.10,COD
S0065002,C05414,P00473,ST013,2026-10-18 23:22:00,8,671.21,0.05,CARD
S0065003,C05477,P00653,ST036,2027-02-18 14:34:00,4,13600.13,0.05,WALLET
S0065004,C00756,P01176,ST049,2026-12-05 23:17:00,6,1758.75,0.15,WALLET
S0065005,C04972,P00969,ST010,2026-10-15 23:56:00,7,3154.51,0.05,COD
S0065006,C00932,P00528,ST043,2027-02-01 03:43:00,6,12190.45,0.00,NET_BANKING
S0065007,C00402,P00348,ST050,2026-09-20 03:41:00,8,6541.94,0.05,UPI
S0065008,C04794,P00469,ST016,2027-04-22 03:46:00,5,12189.67,0.15,COD
S0065009,C00017,P00036,ST018,2026-11-04 08:31:00,2,9317.16,0.15,WALLET
S0065010,C01572,P00715,ST022,2026-12-18 10:36:00,8,9749.53,0.00,NET_BANKING
S0065011,C00282,P00949,ST035,2027-05-11 05:54:00,2,5923.78,0.10,UPI
S0065012,C04542,P01068,ST009,2026-10-08 12:19:00,1,2826.85,0.05,COD
S0065013,C04230,P00774,ST002,2027-02-06 12:19:00,5,12009.08,0.05,COD
S0065014,C03555,P00234,ST017,2027-02-19 04:04:00,5,10659.34,0.05,COD
S0065015,C01907,P01167,ST007,2027-02-18 02:59:00,3,3409.34,0.00,NET_BANKING
S0065016,C00581,P01093,ST014,2026-09-18 23:54:00,6,3771.47,0.15,WALLET
S0065017,C05630,P00999,ST040,2026-12-26 03:02:00,1,6110.48,0.15,WALLET
S0065018,C04978,P00058,ST011,2027-01-29 23:46:00,6,1589.53,0.15,WALLET
S0065019,C04480,P00702,ST038,2027-04-09 06:36:00,4,10861.46,0.00,CARD
S0065020,C03440,P00813,ST041,2027-03-14 20:12:00,7,9218.67,0.05,CARD
S0065021,C05600,P00124,ST022,2026-12-29 02:26:00,7,9023.03,0.00,CARD
S0065022,C00876,P00664,ST003,2027-04-28 19:24:00,2,2596.83,0.10,CARD
S0065023,C01489,P00506,ST008,2027-02-05 07:11:00,8,4110.78,0.15,COD
S0065024,C00572,P00570,ST043,2026-09-28 09:45:00,2,8154.82,0.00,UPI
S0065025,C04134,P00899,ST038,2027-05-25 04:23:00,7,12008.75,0.00,CARD
S0065026,C05003,P00104,ST010,2027-01-01 17:48:00,1,5175.58,0.10,UPI
S0065027,C05215,P00741,ST035,2026-12-09 13:35:00,4,14542.74,0.00,NET_BANKING
S0065028,C04851,P00009,ST042,2027-04-17 22:27:00,6,14426.84,0.00,COD
S0065029,C02759,P00369,ST050,2026-09-23 00:30:00,1,2410.82,0.00,UPI
S0065030,C04601,P00075,ST011,2027-02-19 18:37:00,6,288.24,0.15,CARD
S0065031,C04719,P00965,ST024,2027-04-05 01:22:00,7,14887.52,0.05,CARD
S0065032,C05794,P00422,ST018,2027-02-22 19:47:00,6,8067.73,0.00,CARD
S0065033,C00021,P00580,ST029,2027-01-12 18:58:00,8,4489.50,0.05,UPI
S0065034,C00489,P00967,ST023,2027-03-24 18:29:00,4,14531.68,0.00,NET_BANKING
S0065035,C02507,P00322,ST022,2026-12-19 14:52:00,4,7023.69,0.10,COD
S0065036,C03329,P00162,ST041,2026-10-26 23:37:00,6,12288.78,0.15,CARD
S0065037,C02688,P00506,ST037,2027-05-20 22:12:00,2,4110.78,0.00,WALLET
S0065038,C03085,P00955,ST041,2026-10-19 00:45:00,8,5719.71,0.00,WALLET
S0065039,C00833,P00723,ST033,2026-10-04 08:41:00,8,11150.41,0.00,NET_BANKING
S0065040,C02382,P01071,ST047,2026-09-30 10:08:00,1,3232.44,0.00,WALLET
S0065041,C02458,P00239,ST034,2026-12-03 15:07:00,6,2668.52,0.10,WALLET
S0065042,C00263,P01117,ST009,2026-11-29 08:51:00,4,3656.45,0.00,NET_BANKING
S0065043,C05272,P00321,ST045,2026-09-20 23:01:00,8,1068.85,0.05,COD
S0065044,C01217,P00544,ST010,2026-12-16 00:36:00,2,6390.78,0.10,CARD
S0065045,C03602,P00870,ST048,2027-01-08 07:57:00,2,12131.34,0.10,UPI
S0065046,C05315,P00580,ST005,2027-01-03 21:27:00,2,4489.50,0.10,WALLET
S0065047,C02206,P00007,ST020,2027-01-16 20:35:00,3,8987.92,0.15,COD
S0065048,C02322,P00406,ST013,2027-03-26 06:43:00,4,1162.78,0.10,CARD
S0065049,C04253,P00790,ST021,2026-10-29 21:59:00,4,14518.69,0.00,UPI
S0065050,C05253,P00218,ST023,2027-03-06 02:04:00,2,7857.30,0.15,WALLET
S0065051,C00194,P00753,ST007,2027-05-05 18:24:00,7,9739.34,0.05,COD
S0065052,C05048,P01017,ST042,2026-11-15 13:56:00,8,3049.49,0.05,COD
S0065053,C00118,P00022,ST008,2027-03-25 06:30:00,2,4659.49,0.00,NET_BANKING
S0065054,C01360,P01124,ST023,2026-12-16 02:22:00,5,398.01,0.05,UPI
S0065055,C05287,P00753,ST003,2026-09-21 03:41:00,6,9739.34,0.00,NET_BANKING
S0065056,C01625,P00065,ST016,2026-11-06 00:40:00,8,505.63,0.10,WALLET
S0065057,C03520,P00833,ST035,2027-04-09 23:21:00,1,1413.00,0.00,WALLET
S0065058,C00502,P00074,ST013,2027-05-02 02:46:00,2,9655.66,0.00,CARD
S0065059,C03592,P00388,ST001,2026-10-04 01:17:00,4,6375.35,0.15,COD
S0065060,C02159,P00757,ST038,2027-05-13 17:31:00,4,226.72,0.00,WALLET
S0065061,C00899,P00008,ST030,2027-03-09 09:39:00,6,1347.12,0.15,WALLET
S0065062,C01910,P00352,ST004,2026-11-29 09:56:00,5,13564.85,0.00,WALLET
S0065063,C01851,P01016,ST048,2027-03-31 08:21:00,4,4055.50,0.00,CARD
S0065064,C05995,P00855,ST037,2027-03-17 00:26:00,2,3531.06,0.10,COD
S0065065,C00879,P00945,ST012,2027-01-12 08:29:00,2,12625.76,0.15,COD
S0065066,C02970,P00226,ST004,2027-02-08 14:33:00,5,14378.99,0.00,UPI
S0065067,C04625,P00706,ST041,2026-10-29 09:18:00,3,2797.24,0.15,NET_BANKING
S0065068,C04946,P00767,ST012,2027-02-11 07:38:00,5,11689.48,0.05,UPI
S0065069,C04951,P00140,ST034,2026-10-25 15:54:00,7,343.17,0.10,CARD
S0065070,C04619,P00011,ST015,2026-12-25 22:53:00,7,9660.40,0.10,NET_BANKING
S0065071,C03737,P00134,ST044,2026-11-10 10:45:00,6,9455.44,0.15,NET_BANKING
S0065072,C04975,P00905,ST034,2027-03-17 16:25:00,4,7562.39,0.15,CARD
S0065073,C01298,P00168,ST038,2027-01-24 21:21:00,3,5532.44,0.10,CARD
S0065074,C04526,P00245,ST022,2027-03-03 04:33:00,5,8201.28,0.05,NET_BANKING
S0065075,C01911,P00776,ST047,2026-10-23 23:19:00,5,571.16,0.10,NET_BANKING
S0065076,C02233,P00445,ST024,2026-12-03 23:35:00,1,9889.85,0.00,UPI
S0065077,C00468,P00999,ST035,2026-12-18 03:17:00,3,6110.48,0.05,CARD
S0065078,C01147,P00924,ST032,2027-02-18 22:25:00,5,2977.90,0.10,CARD
S0065079,C03296,P00193,ST037,2026-10-16 21:55:00,2,754.57,0.10,WALLET
S0065080,C05537,P00917,ST040,2027-01-14 10:38:00,8,12206.45,0.00,UPI
S0065081,C04339,P01134,ST049,2027-03-15 02:19:00,5,3462.92,0.10,CARD
S0065082,C01661,P00463,ST048,2027-01-05 23:24:00,3,13244.30,0.05,WALLET
S0065083,C00260,P01084,ST034,2027-05-11 20:37:00,1,790.12,0.00,NET_BANKING
S0065084,C01600,P01144,ST002,2027-01-14 23:58:00,1,4979.47,0.00,WALLET
S0065085,C01776,P00003,ST019,2027-02-04 16:36:00,4,9487.90,0.15,COD
S0065086,C04188,P01110,ST012,2026-09-25 11:21:00,4,1870.67,0.15,NET_BANKING
S0065087,C02686,P00121,ST017,2027-04-13 19:59:00,4,612.71,0.15,COD
S0065088,C02156,P01052,ST044,2027-03-28 03:38:00,8,3343.13,0.05,CARD
S0065089,C02476,P00216,ST044,2027-03-31 03:45:00,8,1540.77,0.00,WALLET
S0065090,C03174,P00360,ST042,2027-04-25 15:37:00,5,8928.80,0.05,COD
S0065091,C02826,P00886,ST037,2027-01-19 04:02:00,5,2075.82,0.15,NET_BANKING
S0065092,C00894,P00904,ST003,2027-03-02 22:20:00,4,437.50,0.05,UPI
S0065093,C05150,P00265,ST045,2027-05-26 14:32:00,5,11238.83,0.05,UPI
S0065094,C00718,P00028,ST046,2027-03-21 01:23:00,3,9694.84,0.00,CARD
S0065095,C03560,P00684,ST003,2027-04-01 12:15:00,1,9364.88,0.10,NET_BANKING
S0065096,C03079,P00681,ST024,2027-04-02 11:06:00,8,10247.66,0.05,UPI
S0065097,C03624,P00650,ST027,2027-03-01 17:21:00,5,155.14,0.15,WALLET
S0065098,C04069,P00927,ST008,2027-01-05 22:35:00,6,9200.17,0.00,NET_BANKING
S0065099,C00174,P00695,ST006,2027-03-22 11:43:00,1,13599.96,0.00,NET_BANKING
S0065100,C02246,P00621,ST008,2027-01-14 18:12:00,8,12280.84,0.10,UPI
S0065101,C00364,P00136,ST026,2026-10-27 17:48:00,2,2339.70,0.00,UPI
S0065102,C03140,P00240,ST016,2026-12-03 15:49:00,6,9582.36,0.00,UPI
S0065103,C00210,P00794,ST050,2027-01-23 22:29:00,7,9152.31,0.15,COD
S0065104,C05086,P00677,ST017,2026-09-24 11:56:00,5,9646.68,0.00,WALLET
S0065105,C02469,P00211,ST030,2026-12-02 17:25:00,3,1685.16,0.10,COD
S0065106,C02135,P00373,ST013,2027-02-01 23:04:00,3,11139.22,0.00,WALLET
S0065107,C01340,P00145,ST005,2026-12-20 16:56:00,6,10011.24,0.15,NET_BANKING
S0065108,C02573,P00976,ST021,2026-09-20 20:44:00,8,3815.57,0.00,WALLET
S0065109,C02679,P00244,ST037,2027-01-20 06:24:00,3,12653.48,0.15,NET_BANKING
S0065110,C02599,P01197,ST048,2027-01-06 05:40:00,1,1240.30,0.00,CARD
S0065111,C02046,P00714,ST005,2027-04-04 00:20:00,5,12834.77,0.00,COD
S0065112,C03563,P00448,ST034,2027-02-10 19:18:00,8,9484.91,0.05,COD
S0065113,C00775,P00920,ST041,2027-05-16 22:51:00,2,13420.77,0.00,NET_BANKING
S0065114,C02683,P01137,ST025,2027-05-27 05:24:00,7,934.60,0.10,WALLET
S0065115,C00296,P00197,ST043,2026-12-27 17:34:00,4,14262.88,0.00,NET_BANKING
S0065116,C04931,P00156,ST033,2026-10-21 15:58:00,1,12020.51,0.10,COD
S0065117,C04719,P00915,ST024,2027-05-09 21:54:00,2,12880.95,0.05,UPI
S0065118,C00238,P00989,ST034,2027-01-01 16:18:00,3,6367.31,0.00,WALLET
S0065119,C05387,P00666,ST040,2027-03-30 20:51:00,8,12463.65,0.05,COD
S0065120,C05293,P00673,ST029,2027-01-22 05:54:00,6,7917.40,0.10,CARD
S0065121,C05421,P00631,ST050,2027-04-08 15:37:00,5,2764.58,0.10,CARD
S0065122,C05516,P00625,ST025,2026-11-22 20:29:00,8,12569.93,0.05,NET_BANKING
S0065123,C01262,P00738,ST016,2026-10-12 22:55:00,3,14125.52,0.00,UPI
S0065124,C02956,P00375,ST034,2026-12-07 21:11:00,6,8641.01,0.15,CARD
S0065125,C04756,P01160,ST039,2027-05-13 11:09:00,3,255.20,0.10,CARD
S0065126,C00925,P01059,ST049,2027-02-26 01:27:00,6,107.57,0.00,WALLET
S0065127,C02103,P01137,ST042,2026-12-26 15:08:00,4,1745.09,0.10,UPI
S0065128,C00074,P01148,ST023,2026-12-21 21:51:00,3,3175.65,0.05,UPI
S0065129,C00854,P00363,ST047,2027-01-06 16:26:00,6,7028.08,0.05,NET_BANKING
S0065130,C03468,P00560,ST003,2027-02-14 21:01:00,4,9161.86,0.10,CARD
S0065131,C01499,P00880,ST041,2027-01-07 18:45:00,6,9958.92,0.00,WALLET
S0065132,C05029,P00957,ST019,2027-04-17 22:04:00,2,13167.89,0.00,CARD
S0065133,C01814,P00057,ST047,2027-03-01 23:10:00,6,6283.79,0.00,COD
S0065134,C05745,P00965,ST032,2026-10-24 11:17:00,2,14887.52,0.15,UPI
S0065135,C01931,P00177,ST009,2027-02-28 01:54:00,3,5272.03,0.00,NET_BANKING
S0065136,C04653,P01051,ST023,2027-04-09 09:30:00,2,3611.22,0.00,COD
S0065137,C00696,P00073,ST010,2027-01-27 21:35:00,6,13519.47,0.15,NET_BANKING
S0065138,C01076,P01195,ST030,2026-11-04 19:51:00,5,4742.53,0.05,UPI
S0065139,C03411,P01123,ST020,2027-05-22 22:25:00,5,3910.51,0.00,CARD
S0065140,C02508,P00582,ST014,2026-10-22 08:03:00,6,3449.31,0.00,COD
S0065141,C04963,P00550,ST043,2026-09-21 02:02:00,6,1961.46,0.05,UPI
S0065142,C01279,P01014,ST003,2027-01-09 15:43:00,2,2629.27,0.00,WALLET
S0065143,C03675,P00842,ST019,2027-01-24 23:23:00,4,12208.32,0.10,UPI
S0065144,C00714,P01148,ST016,2027-03-21 00:41:00,3,3046.07,0.00,COD
S0065145,C05310,P00400,ST031,2027-04-17 07:12:00,2,11156.69,0.15,NET_BANKING
S0065146,C00285,P00273,ST003,2027-03-17 04:03:00,8,1657.16,0.00,NET_BANKING
S0065147,C01683,P00337,ST025,2027-03-31 00:12:00,1,14544.49,0.15,WALLET
S0065148,C05484,P00908,ST022,2026-10-04 16:35:00,4,10685.50,0.05,WALLET
S0065149,C01038,P01101,ST048,2027-06-01 06:37:00,2,4832.89,0.05,WALLET
S0065150,C01126,P00853,ST030,2027-03-09 18:32:00,7,14567.44,0.05,COD
S0065151,C00504,P00154,ST044,2027-06-02 10:20:00,6,3193.19,0.15,COD
S0065152,C05606,P00924,ST049,2027-06-02 04:05:00,6,2977.90,0.00,NET_BANKING
S0065153,C02692,P00355,ST043,2027-03-13 20:38:00,4,9628.58,0.00,NET_BANKING
S0065154,C02496,P00114,ST026,2027-04-20 16:20:00,1,1848.49,0.00,WALLET
S0065155,C01595,P00139,ST036,2027-03-29 02:28:00,8,13296.70,0.15,NET_BANKING
S0065156,C05430,P01048,ST050,2027-03-17 21:04:00,3,4237.29,0.10,CARD
S0065157,C03327,P00390,ST042,2027-05-13 08:33:00,5,5645.91,0.15,NET_BANKING
S0065158,C02760,P00181,ST042,2027-05-22 06:42:00,2,9255.83,0.00,WALLET
S0065159,C04842,P00300,ST045,2027-01-05 09:07:00,8,14429.61,0.00,CARD
S0065160,C04508,P00820,ST033,2027-01-09 17:50:00,1,1994.37,0.10,CARD
S0065161,C01674,P00808,ST012,2027-02-17 09:35:00,1,2340.21,0.15,WALLET
S0065162,C01506,P00302,ST008,2027-04-05 07:10:00,5,146.60,0.15,WALLET
S0065163,C05464,P00259,ST016,2027-05-05 18:02:00,3,5808.51,0.05,COD
S0065164,C00438,P00179,ST011,2027-04-21 12:12:00,1,6066.21,0.15,UPI
S0065165,C03431,P00283,ST041,2026-10-05 00:31:00,6,6670.75,0.10,UPI
S0065166,C05806,P00498,ST046,2026-09-29 03:02:00,8,302.97,0.05,WALLET
S0065167,C03808,P00847,ST027,2027-01-19 04:17:00,4,11650.44,0.05,CARD
S0065168,C04335,P00058,ST026,2026-09-21 19:55:00,6,1589.53,0.00,COD
S0065169,C02614,P00384,ST014,2026-10-16 15:55:00,7,2659.04,0.15,UPI
S0065170,C02200,P00137,ST014,2027-01-22 03:44:00,6,9416.73,0.00,UPI
S0065171,C04811,P00513,ST009,2027-03-04 15:13:00,4,2594.81,0.05,COD
S0065172,C03251,P00552,ST032,2027-01-01 13:28:00,2,14232.88,0.00,UPI
S0065173,C03305,P00602,ST029,2027-02-05 16:09:00,4,10282.25,0.15,CARD
S0065174,C02087,P00348,ST024,2026-10-30 15:14:00,2,6541.94,0.05,WALLET
S0065175,C03457,P00362,ST039,2026-10-25 15:17:00,3,9461.46,0.05,NET_BANKING
S0065176,C05466,P00499,ST002,2026-11-26 20:37:00,6,5291.36,0.00,CARD
S0065177,C01219,P00419,ST016,2026-09-28 09:41:00,3,11021.19,0.00,COD
S0065178,C00742,P01187,ST045,2026-11-11 23:47:00,1,1051.09,0.10,UPI
S0065179,C02107,P00607,ST038,2027-05-26 00:28:00,5,9830.20,0.05,NET_BANKING
S0065180,C05753,P00436,ST045,2026-12-11 02:30:00,2,14953.84,0.00,CARD
S0065181,C00800,P00207,ST040,2027-03-15 01:04:00,3,9646.57,0.05,NET_BANKING
S0065182,C00879,P00726,ST021,2026-12-31 13:27:00,1,7391.49,0.00,COD
S0065183,C01011,P00046,ST031,2026-11-25 11:22:00,5,4750.20,0.00,WALLET
S0065184,C00121,P00191,ST013,2026-11-10 15:45:00,4,11697.40,0.05,CARD
S0065185,C04195,P00590,ST047,2027-03-04 17:17:00,3,265.48,0.00,CARD
S0065186,C02931,P00309,ST006,2026-10-18 00:02:00,7,9944.41,0.00,CARD
S0065187,C01831,P00940,ST046,2027-03-29 16:23:00,5,10304.16,0.15,COD
S0065188,C01728,P00767,ST033,2026-12-28 06:10:00,7,11689.48,0.05,COD
S0065189,C05680,P00743,ST031,2026-11-16 18:07:00,8,11438.19,0.15,UPI
S0065190,C00580,P00324,ST026,2026-09-27 03:56:00,6,2603.61,0.10,UPI
S0065191,C02240,P01170,ST007,2026-12-04 07:32:00,6,2398.29,0.15,WALLET
S0065192,C05530,P00036,ST027,2027-02-06 14:27:00,1,9317.16,0.00,WALLET
S0065193,C03661,P00193,ST006,2027-02-21 17:09:00,3,754.57,0.00,NET_BANKING
S0065194,C01860,P00200,ST028,2026-12-24 20:19:00,5,12660.04,0.00,UPI
S0065195,C01338,P00839,ST047,2026-11-08 05:05:00,1,14909.42,0.10,NET_BANKING
S0065196,C00213,P01172,ST025,2027-01-10 19:08:00,7,3054.47,0.15,WALLET
S0065197,C03871,P00564,ST050,2026-11-25 21:22:00,6,13288.39,0.05,UPI
S0065198,C02480,P00119,ST040,2027-03-27 00:26:00,3,794.81,0.15,WALLET
S0065199,C02454,P01047,ST036,2027-03-01 22:14:00,4,2640.34,0.05,CARD
S0065200,C03386,P00412,ST011,2026-10-16 13:40:00,1,14467.07,0.00,WALLET
S0065201,C04990,P01161,ST029,2026-12-04 15:10:00,6,1066.84,0.00,WALLET
S0065202,C04523,P00040,ST010,2027-02-08 19:52:00,1,1501.66,0.00,CARD
S0065203,C00086,P00875,ST036,2027-05-06 03:31:00,2,9193.50,0.00,NET_BANKING
S0065204,C00194,P00609,ST039,2026-11-07 09:18:00,3,12112.83,0.00,CARD
S0065205,C01178,P00372,ST040,2027-05-23 13:47:00,7,8947.17,0.05,NET_BANKING
S0065206,C05550,P01165,ST031,2026-10-08 04:14:00,6,1332.59,0.10,WALLET
S0065207,C01510,P00960,ST033,2026-12-07 19:48:00,4,6003.64,0.05,UPI
S0065208,C00043,P00492,ST039,2026-10-27 02:04:00,6,14651.91,0.05,WALLET
S0065209,C03306,P01041,ST014,2026-11-07 11:30:00,7,1773.04,0.15,COD
S0065210,C03145,P00762,ST034,2027-04-19 03:36:00,3,9970.99,0.00,WALLET
S0065211,C04664,P00942,ST013,2027-02-03 19:29:00,1,13417.77,0.10,WALLET
S0065212,C02617,P01138,ST003,2026-11-07 14:16:00,8,3692.14,0.15,NET_BANKING
S0065213,C01424,P01094,ST005,2026-12-31 04:12:00,7,1985.17,0.10,CARD
S0065214,C02294,P00986,ST022,2027-02-11 01:30:00,5,6941.31,0.10,NET_BANKING
S0065215,C03366,P00604,ST025,2026-12-23 18:09:00,7,3876.20,0.00,CARD
S0065216,C05290,P00811,ST050,2027-02-20 20:30:00,2,12059.60,0.05,UPI
S0065217,C04766,P00510,ST024,2027-01-25 14:24:00,7,8953.00,0.10,COD
S0065218,C04734,P00285,ST044,2026-09-26 02:08:00,3,6123.71,0.00,CARD
S0065219,C05477,P00031,ST047,2027-02-12 16:07:00,8,13784.17,0.00,WALLET
S0065220,C03214,P00837,ST025,2027-04-24 05:58:00,2,11678.05,0.00,UPI
S0065221,C01680,P00371,ST045,2027-02-27 15:42:00,2,7245.43,0.15,CARD
S0065222,C03816,P00218,ST018,2027-02-26 05:54:00,5,7857.30,0.15,NET_BANKING
S0065223,C00249,P01104,ST038,2026-11-10 00:41:00,7,3248.61,0.10,NET_BANKING
S0065224,C00012,P00186,ST023,2026-11-18 20:03:00,3,5509.22,0.10,NET_BANKING
S0065225,C02019,P00255,ST039,2027-04-14 18:06:00,3,6191.54,0.10,UPI
S0065226,C00954,P00564,ST017,2027-05-04 07:49:00,8,13288.39,0.00,CARD
S0065227,C05868,P01193,ST027,2027-05-24 15:39:00,5,274.13,0.00,NET_BANKING
S0065228,C00255,P01191,ST019,2027-01-08 11:52:00,8,2038.99,0.15,WALLET
S0065229,C03684,P00250,ST043,2027-03-10 04:03:00,6,4598.66,0.10,UPI
S0065230,C01891,P00074,ST030,2027-02-04 14:37:00,7,9655.66,0.10,COD
S0065231,C00863,P01145,ST032,2027-04-29 16:43:00,7,192.19,0.00,COD
S0065232,C01247,P01020,ST028,2027-04-10 07:04:00,6,2785.42,0.10,WALLET
S0065233,C05998,P00695,ST021,2026-12-16 01:24:00,1,13599.96,0.00,NET_BANKING
S0065234,C04639,P00057,ST008,2027-01-09 20:47:00,1,6283.79,0.05,CARD
S0065235,C03984,P00448,ST030,2027-01-08 16:08:00,6,9484.91,0.05,COD
S0065236,C03559,P00094,ST017,2027-01-12 11:20:00,7,3538.71,0.00,WALLET
S0065237,C01381,P00602,ST044,2027-03-07 01:37:00,1,10282.25,0.05,UPI
S0065238,C02274,P00062,ST048,2027-04-27 03:06:00,5,6290.18,0.10,UPI
S0065239,C03992,P00013,ST050,2026-11-25 10:44:00,5,6028.43,0.05,WALLET
S0065240,C02044,P00934,ST035,2027-03-19 01:29:00,1,6341.80,0.00,WALLET
S0065241,C04779,P00358,ST029,2026-09-26 22:51:00,7,7269.79,0.10,CARD
S0065242,C03031,P00336,ST020,2027-01-08 14:57:00,2,10827.01,0.00,WALLET
S0065243,C01636,P00687,ST014,2026-10-04 23:27:00,3,10669.90,0.10,WALLET
S0065244,C02808,P00346,ST005,2026-10-21 06:40:00,6,10411.85,0.15,CARD
S0065245,C04550,P00602,ST045,2027-03-04 18:31:00,7,10282.25,0.10,UPI
S0065246,C01444,P00371,ST040,2026-11-22 10:00:00,8,7245.43,0.00,CARD
S0065247,C04143,P00536,ST016,2026-11-16 13:52:00,2,8908.32,0.05,CARD
S0065248,C03683,P00591,ST006,2027-05-08 00:06:00,6,11159.58,0.10,CARD
S0065249,C04872,P00372,ST016,2027-04-23 22:08:00,2,8947.17,0.10,COD
S0065250,C04603,P00644,ST022,2026-10-04 05:38:00,1,8264.91,0.05,CARD
S0065251,C05316,P00060,ST021,2027-01-19 13:10:00,7,13328.41,0.00,COD
S0065252,C00686,P00463,ST017,2026-09-23 11:05:00,2,13244.30,0.05,COD
S0065253,C02590,P00670,ST042,2027-06-02 04:57:00,7,12195.01,0.15,CARD
S0065254,C01764,P00913,ST005,2027-01-20 00:01:00,7,11417.61,0.00,COD
S0065255,C02355,P00522,ST028,2027-02-19 21:47:00,1,1719.44,0.15,NET_BANKING
S0065256,C01422,P00944,ST050,2026-12-14 00:46:00,8,13637.69,0.05,WALLET
S0065257,C05251,P00076,ST034,2026-12-19 18:12:00,4,2643.86,0.15,COD
S0065258,C02943,P00787,ST015,2026-12-17 09:35:00,7,12290.08,0.10,CARD
S0065259,C02379,P00498,ST005,2027-03-26 06:16:00,6,302.97,0.10,CARD
S0065260,C01956,P00926,ST029,2027-01-02 09:34:00,4,11337.89,0.00,WALLET
S0065261,C05737,P00076,ST030,2027-04-19 07:20:00,1,2643.86,0.00,CARD
S0065262,C02587,P01011,ST033,2026-10-03 18:25:00,1,1852.91,0.05,NET_BANKING
S0065263,C04814,P00755,ST037,2027-03-13 06:24:00,2,13881.05,0.10,CARD
S0065264,C04614,P00890,ST027,2027-03-02 22:13:00,4,2569.54,0.00,COD
S0065265,C04332,P00589,ST024,2026-10-15 07:54:00,3,4410.37,0.05,UPI
S0065266,C00695,P00635,ST016,2026-11-10 18:15:00,5,7089.77,0.10,NET_BANKING
S0065267,C03215,P00915,ST026,2027-05-08 11:49:00,4,12880.95,0.05,COD
S0065268,C05439,P01076,ST009,2027-03-15 13:35:00,1,1647.22,0.15,NET_BANKING
S0065269,C05022,P01143,ST018,2027-04-06 22:19:00,1,1808.26,0.00,CARD
S0065270,C01505,P00973,ST041,2027-01-26 22:00:00,4,13784.89,0.15,NET_BANKING
S0065271,C03697,P01095,ST045,2027-02-13 09:11:00,8,4886.67,0.00,UPI
S0065272,C00656,P01160,ST033,2027-05-04 14:45:00,3,2076.99,0.10,COD
S0065273,C01201,P00971,ST005,2027-03-27 11:05:00,3,9483.16,0.00,UPI
S0065274,C03915,P00396,ST021,2027-01-21 18:21:00,6,1114.54,0.00,COD
S0065275,C00606,P01093,ST033,2026-11-01 15:43:00,1,1108.08,0.00,COD
S0065276,C03919,P00394,ST025,2026-12-27 22:37:00,1,12895.03,0.05,UPI
S0065277,C04900,P01045,ST014,2027-02-12 13:13:00,1,2772.45,0.05,NET_BANKING
S0065278,C05265,P00478,ST033,2026-12-22 17:44:00,1,1905.90,0.05,UPI
S0065279,C04105,P00241,ST047,2027-06-01 09:53:00,5,14291.38,0.00,UPI
S0065280,C00161,P00448,ST008,2026-12-07 02:14:00,1,9484.91,0.05,UPI
S0065281,C01528,P01084,ST034,2027-01-30 16:23:00,4,884.76,0.10,WALLET
S0065282,C02074,P01137,ST005,2027-03-31 06:57:00,4,1458.70,0.00,NET_BANKING
S0065283,C02115,P00981,ST008,2026-10-13 10:14:00,5,5838.61,0.00,NET_BANKING
S0065284,C02821,P00660,ST030,2026-10-04 07:20:00,6,7080.45,0.00,CARD
S0065285,C01044,P00687,ST034,2027-03-23 12:33:00,6,10669.90,0.00,WALLET
S0065286,C04679,P00781,ST050,2027-02-23 15:09:00,8,8887.88,0.00,WALLET
S0065287,C01571,P00094,ST031,2026-12-28 04:22:00,5,3538.71,0.00,WALLET
S0065288,C02870,P00757,ST024,2027-04-12 00:29:00,4,226.72,0.00,COD
S0065289,C00614,P00930,ST025,2027-05-01 17:55:00,1,3721.19,0.05,UPI
S0065290,C01984,P00488,ST045,2026-10-25 21:50:00,1,764.11,0.10,WALLET
S0065291,C04716,P00071,ST016,2027-05-12 04:44:00,7,11038.49,0.10,UPI
S0065292,C05898,P00016,ST050,2027-04-10 17:56:00,5,9646.46,0.15,UPI
S0065293,C03532,P00165,ST007,2026-09-21 03:02:00,8,14497.74,0.05,WALLET
S0065294,C01398,P00144,ST010,2026-11-20 13:34:00,8,9162.18,0.05,COD
S0065295,C03878,P00631,ST038,2027-04-21 18:45:00,6,2764.58,0.15,COD
S0065296,C04510,P00676,ST037,2026-10-22 01:42:00,8,13208.41,0.15,WALLET
S0065297,C00769,P00845,ST043,2026-12-24 10:18:00,7,596.43,0.10,NET_BANKING
S0065298,C02054,P01127,ST023,2027-03-08 08:26:00,5,2040.28,0.10,UPI
S0065299,C05515,P00930,ST008,2027-04-15 01:10:00,1,3721.19,0.00,COD
S0065300,C05447,P00743,ST027,2027-05-03 04:20:00,5,11438.19,0.05,WALLET
S0065301,C04207,P00923,ST050,2026-09-27 23:22:00,1,12391.37,0.05,WALLET
S0065302,C05337,P00042,ST029,2027-05-17 21:55:00,8,14409.73,0.10,COD
S0065303,C02709,P00399,ST035,2027-02-19 01:14:00,3,12674.98,0.10,WALLET
S0065304,C05724,P00832,ST033,2026-10-12 20:51:00,1,12604.04,0.00,COD
S0065305,C03804,P01117,ST003,2027-01-07 00:47:00,6,2416.02,0.00,NET_BANKING
S0065306,C05147,P00117,ST032,2027-03-26 09:53:00,6,9637.83,0.00,NET_BANKING
S0065307,C05869,P00027,ST018,2027-05-30 10:22:00,5,2538.93,0.00,UPI
S0065308,C03665,P01185,ST012,2026-12-10 03:29:00,8,1962.38,0.15,COD
S0065309,C04657,P00678,ST006,2027-01-05 20:20:00,2,5849.17,0.00,NET_BANKING
S0065310,C03480,P00264,ST048,2026-11-14 05:52:00,8,3453.32,0.00,COD
S0065311,C05237,P00593,ST009,2027-02-03 18:28:00,1,3386.42,0.00,CARD
S0065312,C01748,P01021,ST044,2026-10-27 01:12:00,2,3509.98,0.00,NET_BANKING
S0065313,C02637,P00064,ST024,2026-10-04 08:24:00,8,9773.23,0.05,UPI
S0065314,C01635,P00740,ST043,2027-06-02 05:40:00,3,10365.11,0.00,WALLET
S0065315,C04669,P00499,ST011,2026-10-29 11:40:00,1,5291.36,0.15,COD
S0065316,C02099,P00223,ST050,2027-05-04 03:44:00,8,6560.58,0.10,COD
S0065317,C03886,P00713,ST037,2027-05-05 20:36:00,3,3603.18,0.00,CARD
S0065318,C04845,P00863,ST006,2026-09-19 19:40:00,5,6218.08,0.00,UPI
S0065319,C03522,P00320,ST032,2027-02-11 21:38:00,6,7970.92,0.00,CARD
S0065320,C02456,P01105,ST003,2027-01-17 08:45:00,5,2214.82,0.10,CARD
S0065321,C05158,P01111,ST033,2027-01-09 07:22:00,8,292.85,0.05,CARD
S0065322,C03403,P01086,ST017,2027-03-02 07:38:00,3,2172.25,0.10,COD
S0065323,C05152,P01100,ST012,2027-01-02 10:32:00,6,1636.01,0.00,COD
S0065324,C02586,P01040,ST028,2026-09-27 09:56:00,3,1484.97,0.00,NET_BANKING
S0065325,C01055,P00614,ST034,2027-03-19 03:37:00,7,71.45,0.15,CARD
S0065326,C05163,P00114,ST039,2026-10-15 10:49:00,2,1848.49,0.15,CARD
S0065327,C03578,P00329,ST021,2027-05-21 01:11:00,1,1364.47,0.00,UPI
S0065328,C03574,P00131,ST040,2026-11-19 21:56:00,7,13217.23,0.00,COD
S0065329,C05736,P00873,ST048,2027-05-28 09:54:00,4,9917.75,0.15,COD
S0065330,C00882,P00503,ST012,2027-01-28 11:47:00,8,5972.66,0.15,CARD
S0065331,C01885,P00576,ST049,2026-09-28 11:44:00,5,829.35,0.00,NET_BANKING
S0065332,C05046,P00031,ST039,2027-01-22 16:05:00,3,13784.17,0.05,COD
S0065333,C05042,P00707,ST037,2026-12-06 17:47:00,8,10164.19,0.15,WALLET
S0065334,C00291,P01160,ST050,2026-12-27 14:17:00,5,4407.78,0.05,WALLET
S0065335,C01189,P00975,ST039,2026-11-09 11:37:00,8,14210.52,0.00,COD
S0065336,C05515,P00173,ST014,2026-11-03 21:26:00,2,2556.28,0.15,NET_BANKING
S0065337,C03274,P00118,ST039,2027-05-04 17:57:00,1,7964.36,0.00,NET_BANKING
S0065338,C02714,P00318,ST039,2027-04-16 01:29:00,3,10232.53,0.05,NET_BANKING
S0065339,C05332,P00688,ST037,2026-09-25 03:28:00,5,14801.08,0.15,UPI
S0065340,C04256,P00676,ST047,2026-12-22 19:09:00,2,13208.41,0.05,COD
S0065341,C03758,P01196,ST022,2026-11-09 10:39:00,1,1073.14,0.15,WALLET
S0065342,C02337,P01177,ST043,2027-05-11 06:38:00,5,1870.45,0.05,UPI
S0065343,C00315,P00916,ST049,2026-12-03 18:42:00,2,1771.51,0.00,WALLET
S0065344,C00529,P00893,ST042,2026-12-16 18:22:00,1,11968.39,0.10,NET_BANKING
S0065345,C01966,P00388,ST009,2027-01-06 15:46:00,4,6375.35,0.15,COD
S0065346,C02081,P00072,ST013,2026-11-14 00:20:00,2,2213.98,0.00,UPI
S0065347,C01426,P00592,ST037,2026-09-20 03:19:00,8,3828.55,0.05,UPI
S0065348,C03082,P00311,ST037,2027-02-18 07:43:00,2,10510.03,0.00,WALLET
S0065349,C03372,P00936,ST039,2027-02-27 05:02:00,8,4432.63,0.15,CARD
S0065350,C00275,P00479,ST044,2026-11-17 14:26:00,8,1921.66,0.15,COD
S0065351,C01174,P00300,ST016,2027-04-07 10:01:00,3,14429.61,0.05,UPI
S0065352,C02119,P00859,ST027,2027-05-04 22:08:00,4,4987.90,0.10,COD
S0065353,C00843,P00042,ST048,2027-03-25 18:47:00,1,14409.73,0.10,NET_BANKING
S0065354,C01257,P01194,ST037,2026-10-31 18:50:00,7,1673.93,0.10,NET_BANKING
S0065355,C00624,P01093,ST022,2027-05-01 22:58:00,2,3287.58,0.00,CARD
S0065356,C05429,P01039,ST037,2027-04-12 21:34:00,8,3224.32,0.00,COD
S0065357,C05972,P00379,ST015,2027-01-30 00:46:00,6,1917.87,0.10,WALLET
S0065358,C03114,P01189,ST017,2027-01-21 07:28:00,3,3999.33,0.00,COD
S0065359,C00570,P00381,ST036,2027-03-13 06:52:00,1,12953.05,0.00,COD
S0065360,C05326,P01027,ST030,2026-09-24 01:31:00,1,3954.83,0.10,COD
S0065361,C04826,P00967,ST004,2026-12-27 23:27:00,8,14531.68,0.10,UPI
S0065362,C02341,P00207,ST049,2027-04-10 07:47:00,6,9646.57,0.05,COD
S0065363,C02425,P00847,ST046,2027-01-30 01:51:00,7,11650.44,0.00,COD
S0065364,C03225,P00049,ST018,2026-12-11 14:26:00,2,856.91,0.00,UPI
S0065365,C05480,P00338,ST009,2027-02-18 23:31:00,1,9729.31,0.05,COD
S0065366,C01857,P00193,ST040,2026-12-23 02:04:00,1,754.57,0.15,NET_BANKING
S0065367,C02717,P01111,ST044,2026-12-25 11:29:00,6,3783.55,0.00,WALLET
S0065368,C00450,P00919,ST002,2027-05-24 03:07:00,6,8906.88,0.05,UPI
S0065369,C05161,P00036,ST006,2027-01-26 03:07:00,6,9317.16,0.10,CARD
S0065370,C01438,P01077,ST018,2026-10-16 10:53:00,6,1133.72,0.05,CARD
S0065371,C00152,P00694,ST016,2026-12-11 10:48:00,3,11037.40,0.15,COD
S0065372,C03601,P00666,ST045,2027-01-17 23:09:00,2,12463.65,0.10,WALLET
S0065373,C00500,P01200,ST040,2027-02-26 13:15:00,5,151.60,0.00,NET_BANKING
S0065374,C04890,P01001,ST020,2027-05-11 11:42:00,3,3353.56,0.05,CARD
S0065375,C02657,P01059,ST012,2026-11-20 15:48:00,4,3997.45,0.05,UPI
S0065376,C00284,P00549,ST040,2027-04-22 16:23:00,4,8615.76,0.00,NET_BANKING
S0065377,C04160,P01169,ST034,2026-11-14 00:14:00,4,297.33,0.15,WALLET
S0065378,C04809,P01122,ST003,2027-03-13 00:47:00,4,1996.53,0.15,WALLET
S0065379,C02237,P00229,ST049,2027-02-07 21:34:00,8,718.51,0.15,CARD
S0065380,C01593,P00478,ST025,2026-10-02 01:10:00,6,1905.90,0.00,NET_BANKING
S0065381,C02826,P00259,ST044,2027-04-17 18:41:00,4,5808.51,0.10,COD
S0065382,C03590,P00755,ST004,2026-12-12 08:26:00,7,13881.05,0.00,COD
S0065383,C00747,P00645,ST046,2026-11-11 01:11:00,3,11979.98,0.05,CARD
S0065384,C02885,P00048,ST047,2026-09-28 09:27:00,4,5018.49,0.10,WALLET
S0065385,C01521,P00728,ST001,2027-01-27 23:28:00,6,2376.69,0.00,CARD
S0065386,C01182,P00201,ST006,2026-12-13 12:26:00,3,7729.31,0.00,WALLET
S0065387,C01402,P01103,ST007,2027-02-15 08:29:00,7,2628.45,0.00,UPI
S0065388,C02711,P00819,ST023,2026-12-15 14:53:00,8,5314.55,0.00,UPI
S0065389,C01057,P01123,ST004,2027-03-10 20:29:00,5,1550.08,0.15,CARD
S0065390,C00346,P00883,ST012,2027-04-21 04:21:00,4,9173.36,0.10,UPI
S0065391,C03558,P00790,ST002,2027-01-25 12:05:00,5,14518.69,0.10,CARD
S0065392,C00950,P00744,ST033,2027-03-21 00:41:00,1,3611.42,0.10,CARD
S0065393,C00369,P01145,ST026,2027-03-18 05:21:00,6,4939.54,0.00,WALLET
S0065394,C02667,P00029,ST048,2027-04-03 18:57:00,8,10510.24,0.00,NET_BANKING
S0065395,C02218,P00321,ST008,2027-02-06 06:32:00,4,1068.85,0.00,CARD
S0065396,C05052,P00037,ST048,2026-09-27 15:27:00,3,11915.11,0.00,CARD
S0065397,C05180,P01127,ST005,2027-01-17 07:24:00,4,2454.91,0.15,NET_BANKING
S0065398,C02143,P00768,ST019,2027-02-25 21:01:00,5,11814.22,0.00,WALLET
S0065399,C05728,P00589,ST039,2026-10-06 02:14:00,1,4410.37,0.15,WALLET
S0065400,C02874,P01067,ST049,2027-05-01 11:43:00,3,603.15,0.05,NET_BANKING
S0065401,C01118,P01088,ST035,2026-10-08 04:17:00,3,852.34,0.05,UPI
S0065402,C03665,P00339,ST007,2027-05-13 23:54:00,7,2464.80,0.00,NET_BANKING
S0065403,C05679,P00297,ST027,2026-10-17 07:17:00,3,10745.27,0.00,WALLET
S0065404,C05949,P00131,ST040,2026-10-29 23:04:00,8,13217.23,0.05,COD
S0065405,C02178,P00773,ST031,2027-03-31 06:38:00,1,11513.99,0.00,WALLET
S0065406,C00774,P00060,ST040,2027-02-23 14:12:00,4,13328.41,0.00,CARD
S0065407,C00956,P00379,ST030,2027-05-19 23:16:00,3,1917.87,0.10,CARD
S0065408,C04779,P00827,ST047,2027-02-27 21:47:00,5,14075.22,0.15,WALLET
S0065409,C04331,P00157,ST028,2027-03-03 03:13:00,8,8754.83,0.05,CARD
S0065410,C01587,P00415,ST014,2027-04-06 11:25:00,1,3287.41,0.00,UPI
S0065411,C02521,P00408,ST032,2027-03-23 12:48:00,6,61.60,0.00,NET_BANKING
S0065412,C05773,P00208,ST050,2027-05-05 15:30:00,2,9299.51,0.00,CARD
S0065413,C03539,P00698,ST023,2027-01-22 06:30:00,5,4891.44,0.00,WALLET
S0065414,C01673,P00107,ST039,2027-01-26 01:39:00,7,7220.47,0.15,UPI
S0065415,C01019,P01099,ST025,2026-10-06 06:52:00,1,1594.13,0.15,WALLET
S0065416,C01049,P00944,ST017,2027-04-21 11:31:00,3,13637.69,0.10,NET_BANKING
S0065417,C05190,P01033,ST048,2026-12-11 00:45:00,2,760.42,0.15,UPI
S0065418,C02854,P00790,ST013,2027-05-03 10:13:00,3,14518.69,0.15,COD
S0065419,C00435,P00679,ST034,2026-10-31 22:32:00,8,10688.41,0.00,UPI
S0065420,C03903,P01017,ST016,2027-05-23 04:37:00,2,2870.96,0.10,COD
S0065421,C03148,P00056,ST048,2027-03-28 05:31:00,4,12872.42,0.00,UPI
S0065422,C00825,P00473,ST040,2026-12-30 12:38:00,5,671.21,0.00,CARD
S0065423,C01951,P00984,ST009,2027-04-23 22:21:00,2,7532.32,0.05,WALLET
S0065424,C04291,P00771,ST042,2026-10-07 05:03:00,1,9138.48,0.05,NET_BANKING
S0065425,C02322,P00546,ST013,2027-01-24 10:15:00,8,9420.65,0.05,UPI
S0065426,C04046,P00665,ST024,2026-10-30 10:16:00,6,13897.47,0.15,WALLET
S0065427,C01327,P00479,ST046,2026-12-07 01:53:00,4,1921.66,0.00,WALLET
S0065428,C02012,P01146,ST035,2027-01-28 10:29:00,7,1717.35,0.00,WALLET
S0065429,C03125,P00258,ST034,2026-10-16 16:25:00,7,9537.16,0.00,UPI
S0065430,C02440,P00103,ST031,2026-12-28 01:07:00,5,3719.77,0.00,COD
S0065431,C03961,P00144,ST037,2026-10-03 21:08:00,3,9162.18,0.00,WALLET
S0065432,C02806,P00744,ST010,2026-12-26 16:49:00,6,3611.42,0.15,UPI
S0065433,C02067,P00817,ST043,2027-03-31 06:36:00,6,11269.31,0.00,NET_BANKING
S0065434,C02335,P01139,ST033,2026-11-16 12:47:00,7,2118.24,0.05,CARD
S0065435,C03211,P00649,ST035,2027-03-17 04:11:00,5,9552.52,0.05,UPI
S0065436,C04913,P00426,ST045,2026-10-08 09:02:00,5,6898.62,0.05,CARD
S0065437,C03812,P00958,ST002,2026-10-28 14:24:00,6,6025.05,0.05,NET_BANKING
S0065438,C02384,P00172,ST008,2027-03-10 10:22:00,6,13640.80,0.00,CARD
S0065439,C02412,P00213,ST046,2026-11-23 05:13:00,3,2854.32,0.10,CARD
S0065440,C05203,P00023,ST008,2027-05-18 09:08:00,4,8298.86,0.00,UPI
S0065441,C03611,P00601,ST007,2026-12-28 04:04:00,6,9389.35,0.10,CARD
S0065442,C03087,P00645,ST023,2027-04-21 05:42:00,4,11979.98,0.00,NET_BANKING
S0065443,C05167,P00727,ST048,2026-10-12 06:30:00,3,12337.64,0.00,NET_BANKING
S0065444,C02829,P00603,ST026,2027-05-29 20:11:00,3,7723.35,0.00,WALLET
S0065445,C00922,P00800,ST033,2027-03-08 06:13:00,4,14143.96,0.15,COD
S0065446,C01442,P00545,ST027,2027-04-23 05:41:00,8,2928.27,0.00,UPI
S0065447,C02912,P00156,ST034,2026-12-25 20:29:00,1,12020.51,0.00,NET_BANKING
S0065448,C02083,P00776,ST026,2027-02-19 10:26:00,2,571.16,0.10,WALLET
S0065449,C01379,P00165,ST021,2026-11-23 06:51:00,2,14497.74,0.00,COD
S0065450,C02628,P00380,ST032,2027-03-06 17:25:00,6,10594.68,0.10,NET_BANKING
S0065451,C03912,P00512,ST035,2027-05-27 21:03:00,3,11395.40,0.05,CARD
S0065452,C05125,P01148,ST039,2026-12-15 02:20:00,1,506.58,0.05,NET_BANKING
S0065453,C02472,P00238,ST006,2027-05-19 03:19:00,4,2175.91,0.15,UPI
S0065454,C02748,P00722,ST041,2026-10-08 15:21:00,7,2303.35,0.10,CARD
S0065455,C05089,P00441,ST002,2027-02-14 11:25:00,7,10328.32,0.00,NET_BANKING
S0065456,C04703,P01151,ST040,2026-10-10 22:35:00,3,753.78,0.00,COD
S0065457,C03760,P00026,ST011,2026-12-14 02:01:00,3,3973.71,0.00,UPI
S0065458,C04285,P01018,ST012,2027-05-21 10:54:00,7,3383.28,0.15,NET_BANKING
S0065459,C05499,P00272,ST013,2027-02-26 01:21:00,5,13352.08,0.15,UPI
S0065460,C00354,P00160,ST043,2026-09-18 02:31:00,5,1889.89,0.10,COD
S0065461,C04424,P00087,ST033,2026-12-06 19:52:00,1,2943.27,0.05,UPI
S0065462,C00399,P00324,ST035,2027-03-07 18:50:00,5,2603.61,0.10,COD
S0065463,C00776,P00284,ST028,2027-03-29 06:13:00,6,7052.39,0.10,WALLET
S0065464,C04978,P00796,ST001,2026-10-08 09:40:00,1,7252.60,0.15,UPI
S0065465,C01474,P00796,ST015,2027-01-28 11:04:00,1,7252.60,0.05,WALLET
S0065466,C01151,P01052,ST044,2027-01-08 10:23:00,1,2932.16,0.15,WALLET
S0065467,C01378,P00774,ST031,2026-12-04 17:05:00,6,12009.08,0.00,COD
S0065468,C02425,P00554,ST034,2026-10-29 20:02:00,6,14870.16,0.10,WALLET
S0065469,C03776,P00163,ST025,2026-12-06 08:01:00,2,2045.70,0.05,WALLET
S0065470,C02001,P01147,ST039,2026-10-28 04:04:00,2,4627.40,0.15,CARD
S0065471,C03744,P00365,ST028,2026-11-01 08:16:00,5,14402.02,0.05,WALLET
S0065472,C00399,P00214,ST008,2027-02-07 10:41:00,7,8311.62,0.00,UPI
S0065473,C05936,P00724,ST050,2026-12-26 13:35:00,7,842.59,0.00,UPI
S0065474,C01677,P00476,ST032,2027-01-20 03:11:00,5,10059.57,0.00,WALLET
S0065475,C03533,P00315,ST031,2026-11-19 22:04:00,1,8151.43,0.05,NET_BANKING
S0065476,C02252,P00164,ST028,2027-04-04 21:23:00,4,6049.30,0.15,CARD
S0065477,C04542,P00315,ST028,2026-10-16 22:51:00,7,8151.43,0.00,WALLET
S0065478,C03933,P00460,ST011,2026-10-17 11:29:00,5,11166.19,0.00,NET_BANKING
S0065479,C01301,P00998,ST049,2026-12-06 06:13:00,5,2576.28,0.05,NET_BANKING
S0065480,C05746,P00123,ST047,2027-04-17 15:32:00,5,4247.43,0.10,COD
S0065481,C04609,P00462,ST029,2027-02-27 01:58:00,8,3972.80,0.15,WALLET
S0065482,C02117,P00240,ST050,2027-03-01 20:28:00,3,9582.36,0.10,NET_BANKING
S0065483,C03720,P00513,ST006,2027-04-02 19:55:00,1,2594.81,0.05,WALLET
S0065484,C01745,P00853,ST014,2026-10-05 00:45:00,6,14567.44,0.00,UPI
S0065485,C05893,P00542,ST040,2027-05-09 23:51:00,8,13862.55,0.15,UPI
S0065486,C05570,P01190,ST013,2027-05-04 01:16:00,7,4834.75,0.15,NET_BANKING
S0065487,C04592,P00445,ST011,2027-05-11 15:51:00,6,9889.85,0.05,NET_BANKING
S0065488,C01321,P00438,ST028,2027-01-11 06:58:00,2,2063.81,0.00,COD
S0065489,C03106,P00914,ST014,2027-01-17 02:28:00,6,14608.30,0.05,UPI
S0065490,C04996,P00232,ST019,2027-05-12 09:29:00,6,10782.96,0.00,CARD
S0065491,C04130,P00527,ST047,2027-02-10 22:55:00,4,14547.75,0.10,WALLET
S0065492,C05596,P01165,ST023,2026-11-07 18:13:00,2,2332.47,0.10,UPI
S0065493,C05408,P00288,ST002,2027-03-26 23:39:00,7,8330.78,0.10,NET_BANKING
S0065494,C03717,P00858,ST012,2027-02-23 16:25:00,6,2715.82,0.00,CARD
S0065495,C03290,P00617,ST034,2027-02-26 20:52:00,5,11028.99,0.00,UPI
S0065496,C03328,P00480,ST004,2027-03-31 00:34:00,8,2188.07,0.00,COD
S0065497,C03437,P00704,ST005,2026-10-15 19:30:00,7,3700.74,0.00,CARD
S0065498,C05281,P00107,ST006,2026-10-22 12:02:00,4,7220.47,0.10,UPI
S0065499,C02295,P01096,ST026,2026-11-23 16:40:00,4,680.95,0.05,COD
S0065500,C03839,P00531,ST006,2026-10-08 23:34:00,8,137.66,0.00,CARD
S0065501,C03250,P00498,ST046,2027-02-03 13:00:00,7,302.97,0.00,NET_BANKING
S0065502,C01800,P00555,ST046,2027-01-13 19:53:00,5,3239.18,0.10,CARD
S0065503,C02381,P01072,ST004,2027-01-31 08:18:00,5,1274.54,0.10,WALLET
S0065504,C04209,P00775,ST024,2026-12-24 17:55:00,7,7767.36,0.15,NET_BANKING
S0065505,C03673,P00619,ST046,2026-12-06 14:58:00,3,14183.29,0.10,CARD
S0065506,C03142,P00995,ST008,2027-02-09 03:27:00,4,10497.82,0.05,UPI
S0065507,C03550,P00900,ST039,2026-12-01 04:39:00,3,10665.28,0.00,COD
S0065508,C03922,P00898,ST048,2027-03-04 21:06:00,3,1340.84,0.15,CARD
S0065509,C05615,P00254,ST018,2027-03-16 03:40:00,8,1267.62,0.00,COD
S0065510,C02539,P00310,ST020,2026-12-27 17:42:00,8,7286.34,0.05,UPI
S0065511,C04601,P00124,ST002,2026-09-28 17:45:00,3,9023.03,0.10,WALLET
S0065512,C04798,P00013,ST012,2026-09-28 05:12:00,1,6028.43,0.15,NET_BANKING
S0065513,C00759,P00890,ST003,2027-03-22 11:17:00,8,2569.54,0.05,UPI
S0065514,C00224,P00111,ST041,2026-11-20 22:13:00,4,7353.74,0.10,NET_BANKING
S0065515,C05961,P00815,ST020,2027-03-08 16:53:00,2,9553.20,0.10,WALLET
S0065516,C05849,P00657,ST023,2026-11-01 12:23:00,4,5978.63,0.15,CARD
S0065517,C00133,P00295,ST030,2027-04-24 11:44:00,1,8088.40,0.15,COD
S0065518,C03185,P00639,ST016,2027-05-09 02:49:00,8,5321.74,0.00,COD
S0065519,C03885,P00309,ST034,2027-01-11 08:14:00,7,9944.41,0.00,UPI
S0065520,C03102,P00580,ST008,2026-11-17 09:07:00,2,4489.50,0.10,COD
S0065521,C02097,P00418,ST013,2026-10-31 04:42:00,4,7868.89,0.05,CARD
S0065522,C02460,P00617,ST035,2027-05-04 16:44:00,3,11028.99,0.00,NET_BANKING
S0065523,C01491,P00944,ST048,2027-04-26 21:47:00,8,13637.69,0.05,WALLET
S0065524,C01576,P01080,ST008,2027-04-26 01:25:00,4,1927.82,0.05,CARD
S0065525,C03393,P00437,ST047,2027-03-26 04:19:00,4,9854.53,0.05,COD
S0065526,C00876,P00287,ST018,2027-04-08 21:45:00,6,1326.71,0.15,WALLET
S0065527,C03621,P00144,ST028,2026-09-17 22:32:00,8,9162.18,0.05,UPI
S0065528,C02419,P00818,ST006,2026-11-04 15:22:00,4,9748.07,0.00,CARD
S0065529,C03038,P00236,ST027,2027-03-01 10:25:00,6,10256.02,0.00,WALLET
S0065530,C02589,P00915,ST013,2026-09-27 01:03:00,2,12880.95,0.10,NET_BANKING
S0065531,C01152,P01013,ST022,2026-12-13 03:43:00,5,3800.34,0.00,WALLET
S0065532,C00739,P01139,ST021,2026-11-23 02:04:00,6,3935.86,0.05,WALLET
S0065533,C00563,P01056,ST041,2027-01-17 19:49:00,7,236.27,0.00,UPI
S0065534,C00147,P00201,ST020,2027-01-17 04:01:00,5,7729.31,0.15,CARD
S0065535,C02843,P00821,ST041,2026-10-01 10:59:00,6,7398.56,0.10,UPI
S0065536,C04044,P01093,ST046,2027-02-07 22:30:00,2,2990.75,0.10,CARD
S0065537,C04203,P00831,ST035,2027-01-30 10:34:00,7,4958.66,0.10,CARD
S0065538,C01654,P00973,ST044,2026-11-04 12:42:00,4,13784.89,0.10,UPI
S0065539,C01177,P00042,ST001,2026-12-03 22:52:00,2,14409.73,0.00,WALLET
S0065540,C02468,P00506,ST033,2027-02-21 09:31:00,6,4110.78,0.00,COD
S0065541,C00251,P00364,ST020,2027-02-05 19:53:00,6,12302.90,0.00,CARD
S0065542,C04681,P00733,ST025,2027-02-26 09:08:00,8,7733.54,0.05,WALLET
S0065543,C00185,P01134,ST034,2026-11-09 12:16:00,7,2336.88,0.05,NET_BANKING
S0065544,C05223,P01027,ST049,2026-09-19 16:19:00,7,1265.29,0.05,UPI
S0065545,C00608,P00384,ST046,2027-04-07 11:03:00,6,2659.04,0.15,UPI
S0065546,C01628,P00928,ST044,2027-01-26 13:12:00,7,6951.77,0.10,WALLET
S0065547,C01837,P00571,ST029,2026-11-26 03:01:00,7,4671.20,0.05,UPI
S0065548,C00994,P01014,ST029,2026-09-17 19:14:00,6,1064.92,0.05,WALLET
S0065549,C01509,P00307,ST004,2026-10-03 16:01:00,8,13759.94,0.00,WALLET
S0065550,C01566,P00999,ST043,2026-10-15 18:07:00,6,6110.48,0.00,CARD
S0065551,C00432,P00683,ST042,2026-12-07 05:55:00,6,6906.08,0.00,CARD
S0065552,C00707,P00397,ST025,2026-09-19 07:02:00,8,12844.97,0.05,NET_BANKING
S0065553,C00865,P00923,ST043,2027-01-27 07:06:00,4,12391.37,0.10,WALLET
S0065554,C01326,P00708,ST035,2027-05-04 06:09:00,7,605.04,0.00,NET_BANKING
S0065555,C02099,P01042,ST030,2026-10-20 14:05:00,1,4151.81,0.00,COD
S0065556,C03443,P00952,ST048,2026-11-26 10:47:00,6,7725.11,0.00,UPI
S0065557,C04059,P00986,ST023,2027-02-02 17:45:00,7,6941.31,0.10,UPI
S0065558,C05419,P00430,ST010,2027-04-01 17:53:00,1,5232.86,0.15,CARD
S0065559,C01447,P01138,ST029,2026-10-11 11:50:00,6,4232.05,0.00,UPI
S0065560,C05667,P01154,ST036,2027-01-07 07:33:00,2,3561.00,0.00,NET_BANKING
S0065561,C01001,P01030,ST034,2026-10-16 10:06:00,5,91.85,0.05,COD
S0065562,C01145,P00703,ST031,2027-03-14 02:42:00,8,578.72,0.10,CARD
S0065563,C04027,P01002,ST019,2026-12-19 21:36:00,8,4673.83,0.05,COD
S0065564,C00481,P00108,ST028,2026-10-31 21:34:00,8,8643.88,0.00,WALLET
S0065565,C04412,P00302,ST043,2026-10-01 01:14:00,8,146.60,0.00,UPI
S0065566,C04273,P00898,ST004,2027-03-08 08:15:00,8,1340.84,0.10,UPI
S0065567,C00297,P00091,ST027,2026-10-14 15:50:00,7,11974.70,0.00,WALLET
S0065568,C03511,P01045,ST007,2026-12-14 21:19:00,7,929.09,0.15,UPI
S0065569,C05262,P00464,ST018,2026-09-26 15:38:00,5,6498.78,0.05,CARD
S0065570,C01882,P01161,ST009,2027-04-21 07:16:00,8,4369.65,0.10,NET_BANKING
S0065571,C05521,P01107,ST025,2026-12-01 20:45:00,8,4473.23,0.00,COD
S0065572,C00969,P01165,ST013,2027-01-04 03:49:00,6,692.57,0.10,WALLET
S0065573,C02395,P00958,ST048,2026-10-05 20:21:00,8,6025.05,0.10,NET_BANKING
S0065574,C04863,P00993,ST041,2027-04-08 08:38:00,5,11078.12,0.00,COD
S0065575,C03467,P00425,ST040,2026-12-27 16:52:00,2,14157.41,0.10,WALLET
S0065576,C00545,P00969,ST005,2026-09-19 14:50:00,7,3154.51,0.00,UPI
S0065577,C01422,P00340,ST018,2027-05-23 09:55:00,8,13721.56,0.00,COD
S0065578,C03841,P00550,ST027,2027-01-08 04:53:00,8,1961.46,0.05,NET_BANKING
S0065579,C02569,P00894,ST034,2026-09-16 03:15:00,8,12465.27,0.15,CARD
S0065580,C05711,P00388,ST028,2027-02-20 12:01:00,6,6375.35,0.00,COD
S0065581,C05100,P00962,ST032,2027-01-19 04:26:00,6,12113.97,0.00,COD
S0065582,C01314,P00279,ST030,2026-12-04 09:37:00,4,7949.95,0.15,WALLET
S0065583,C02384,P00204,ST002,2026-09-18 06:28:00,7,1600.11,0.00,CARD
S0065584,C05823,P00681,ST041,2026-10-19 09:23:00,3,10247.66,0.00,UPI
S0065585,C03963,P00023,ST018,2027-01-07 12:28:00,3,8298.86,0.00,COD
S0065586,C03478,P00194,ST043,2026-11-03 11:49:00,4,4680.85,0.15,UPI
S0065587,C00727,P00361,ST043,2026-11-08 09:10:00,1,3502.39,0.00,WALLET
S0065588,C02221,P00177,ST014,2027-04-04 15:47:00,5,5272.03,0.15,UPI
S0065589,C00808,P01075,ST026,2027-02-10 01:56:00,7,1940.17,0.10,COD
S0065590,C01679,P00300,ST004,2026-12-25 13:35:00,8,14429.61,0.00,UPI
S0065591,C03871,P00782,ST031,2026-12-01 15:22:00,7,13670.11,0.00,WALLET
S0065592,C03166,P00969,ST019,2026-11-18 02:13:00,6,3154.51,0.10,COD
S0065593,C05347,P00917,ST015,2027-02-02 06:36:00,3,12206.45,0.00,WALLET
S0065594,C02731,P01084,ST034,2026-11-19 17:27:00,4,4111.46,0.10,CARD
S0065595,C02445,P00758,ST001,2027-04-17 21:55:00,7,8501.92,0.15,NET_BANKING
S0065596,C04446,P00852,ST040,2026-09-23 04:49:00,7,9756.12,0.00,COD
S0065597,C03608,P00765,ST016,2027-06-01 19:22:00,4,9252.17,0.05,CARD
S0065598,C02997,P00175,ST002,2026-10-13 15:52:00,4,14956.51,0.15,UPI
S0065599,C04555,P00100,ST025,2027-03-04 00:48:00,6,2281.28,0.00,UPI
S0065600,C01761,P00752,ST034,2027-01-10 00:53:00,7,10993.54,0.00,COD
S0065601,C03487,P00072,ST025,2027-04-07 21:47:00,1,2213.98,0.15,COD
S0065602,C02046,P00300,ST003,2026-09-16 01:32:00,1,14429.61,0.05,WALLET
S0065603,C02787,P00203,ST048,2026-11-10 19:24:00,8,1071.23,0.00,NET_BANKING
S0065604,C00666,P01107,ST009,2026-11-06 12:32:00,2,2930.78,0.00,CARD
S0065605,C01112,P01020,ST049,2027-03-25 16:45:00,2,2577.24,0.00,NET_BANKING
S0065606,C04018,P00973,ST001,2026-11-07 04:17:00,1,13784.89,0.05,WALLET
S0065607,C00345,P00472,ST002,2026-10-29 03:02:00,5,13031.18,0.10,UPI
S0065608,C02432,P00388,ST043,2027-05-30 06:54:00,6,6375.35,0.05,WALLET
S0065609,C02760,P00045,ST014,2027-06-01 02:21:00,8,3670.33,0.15,NET_BANKING
S0065610,C04757,P01149,ST042,2027-03-24 19:41:00,2,355.24,0.10,NET_BANKING
S0065611,C01476,P00447,ST007,2026-09-20 12:34:00,5,13780.12,0.10,WALLET
S0065612,C00627,P00105,ST017,2027-05-08 19:06:00,2,7300.13,0.15,CARD
S0065613,C00238,P00183,ST002,2027-03-21 20:30:00,1,4082.17,0.15,COD
S0065614,C04672,P00206,ST026,2026-10-12 17:45:00,8,12086.30,0.05,WALLET
S0065615,C01119,P01071,ST037,2027-02-04 00:23:00,4,3191.59,0.15,WALLET
S0065616,C00065,P00544,ST043,2027-04-16 19:10:00,7,6390.78,0.05,UPI
S0065617,C05160,P00271,ST045,2027-03-24 12:20:00,2,11702.78,0.10,NET_BANKING
S0065618,C02935,P00148,ST040,2027-03-14 23:01:00,5,4636.94,0.00,CARD
S0065619,C04624,P00663,ST031,2027-03-14 21:50:00,7,4192.70,0.00,NET_BANKING
S0065620,C01580,P00467,ST043,2026-11-28 15:49:00,7,8776.36,0.15,CARD
S0065621,C03976,P00938,ST027,2026-11-06 18:12:00,7,9016.69,0.10,UPI
S0065622,C05986,P00757,ST022,2027-03-18 12:26:00,5,226.72,0.00,COD
S0065623,C03455,P00116,ST030,2027-06-02 01:22:00,7,6123.57,0.15,COD
S0065624,C01582,P00182,ST037,2027-02-24 18:12:00,2,11258.08,0.15,UPI
S0065625,C04046,P00289,ST018,2026-11-03 17:11:00,6,535.61,0.00,WALLET
S0065626,C01031,P00327,ST022,2026-12-26 03:34:00,8,7639.94,0.15,UPI
S0065627,C05757,P00784,ST021,2027-02-04 19:47:00,5,13461.16,0.00,WALLET
S0065628,C00442,P00746,ST027,2026-12-28 02:52:00,4,8367.69,0.15,COD
S0065629,C02876,P01055,ST017,2026-10-31 04:23:00,4,2294.18,0.15,COD
S0065630,C01223,P00925,ST015,2026-09-22 19:57:00,5,9802.23,0.15,WALLET
S0065631,C03474,P00928,ST022,2026-09-24 10:18:00,4,6951.77,0.15,CARD
S0065632,C00395,P00116,ST009,2027-04-06 07:55:00,1,6123.57,0.05,CARD
S0065633,C02593,P00949,ST046,2027-05-30 22:51:00,5,5923.78,0.05,COD
S0065634,C05629,P00810,ST016,2027-03-08 03:40:00,7,5274.62,0.00,CARD
S0065635,C04284,P00441,ST050,2027-02-01 10:52:00,6,10328.32,0.00,WALLET
S0065636,C03864,P00055,ST014,2027-04-28 02:26:00,3,8397.51,0.05,COD
S0065637,C05398,P00070,ST004,2026-11-16 05:46:00,7,13697.39,0.10,NET_BANKING
S0065638,C00901,P00264,ST010,2026-10-21 18:28:00,6,3453.32,0.00,NET_BANKING
S0065639,C02922,P00507,ST018,2027-03-20 00:28:00,7,13477.84,0.00,NET_BANKING
S0065640,C00082,P00335,ST047,2027-02-14 00:44:00,1,2003.90,0.05,COD
S0065641,C05259,P00499,ST005,2026-10-08 11:26:00,7,5291.36,0.05,NET_BANKING
S0065642,C03299,P00424,ST013,2026-09-15 06:47:00,8,12370.62,0.05,COD
S0065643,C05762,P01162,ST046,2026-10-11 22:38:00,1,1482.25,0.00,CARD
S0065644,C04117,P00318,ST012,2026-10-09 23:23:00,7,10232.53,0.00,NET_BANKING
S0065645,C02014,P01092,ST041,2026-10-06 23:13:00,5,4638.33,0.10,UPI
S0065646,C02220,P00835,ST041,2027-05-11 15:41:00,1,14703.43,0.05,WALLET
S0065647,C01554,P00409,ST006,2027-02-15 08:16:00,3,2349.95,0.00,UPI
S0065648,C04376,P00579,ST028,2026-12-17 05:59:00,7,10886.45,0.00,WALLET
S0065649,C00030,P00259,ST043,2027-05-25 16:06:00,2,5808.51,0.00,UPI
S0065650,C05828,P00088,ST048,2027-03-03 11:18:00,1,8857.37,0.10,COD
S0065651,C04618,P00214,ST045,2026-12-09 14:34:00,8,8311.62,0.00,WALLET
S0065652,C02864,P00141,ST033,2026-09-21 07:12:00,5,8257.89,0.15,WALLET
S0065653,C05579,P00689,ST015,2026-12-20 16:55:00,6,1747.51,0.00,COD
S0065654,C04960,P01063,ST035,2027-05-14 17:21:00,4,2836.97,0.05,NET_BANKING
S0065655,C01806,P01066,ST004,2027-03-04 03:53:00,1,1512.36,0.05,COD
S0065656,C04264,P00509,ST008,2026-11-14 20:13:00,3,6695.51,0.15,NET_BANKING
S0065657,C00921,P00541,ST013,2027-03-30 21:11:00,3,12514.58,0.05,NET_BANKING
S0065658,C03199,P00793,ST042,2026-11-23 09:40:00,4,9165.88,0.05,COD
S0065659,C03436,P01154,ST008,2027-02-06 17:07:00,8,242.16,0.00,CARD
S0065660,C01571,P01089,ST048,2026-11-03 17:24:00,5,4122.54,0.00,NET_BANKING
S0065661,C00791,P00027,ST001,2027-03-25 09:51:00,7,2538.93,0.15,UPI
S0065662,C00543,P00694,ST003,2026-10-05 00:22:00,6,11037.40,0.15,NET_BANKING
S0065663,C01469,P00294,ST015,2026-11-20 10:16:00,4,9198.98,0.15,UPI
S0065664,C00663,P00684,ST039,2026-10-16 06:31:00,1,9364.88,0.05,COD
S0065665,C02122,P00618,ST031,2026-11-23 14:46:00,8,9855.53,0.15,UPI
S0065666,C03978,P00223,ST021,2026-11-17 20:04:00,4,6560.58,0.00,COD
S0065667,C04295,P00187,ST024,2026-12-05 19:25:00,6,6392.10,0.00,UPI
S0065668,C01312,P00482,ST047,2026-10-12 05:54:00,6,3964.41,0.05,COD
S0065669,C05314,P00174,ST002,2027-02-11 22:10:00,1,322.73,0.15,CARD
S0065670,C05020,P00128,ST050,2027-04-27 03:39:00,6,12585.65,0.00,WALLET
S0065671,C05691,P00405,ST022,2027-03-12 17:01:00,8,11768.32,0.00,NET_BANKING
S0065672,C04560,P00857,ST036,2026-09-27 23:46:00,6,10083.38,0.10,NET_BANKING
S0065673,C01684,P00911,ST038,2027-03-30 07:54:00,1,10076.98,0.00,COD
S0065674,C04846,P00950,ST029,2027-01-26 01:04:00,8,3458.38,0.05,COD
S0065675,C05750,P00033,ST028,2027-04-15 11:19:00,5,11598.07,0.10,CARD
S0065676,C05278,P00258,ST031,2027-04-02 20:23:00,8,9537.16,0.00,WALLET
S0065677,C03619,P00207,ST016,2027-02-09 13:16:00,5,9646.57,0.05,CARD
S0065678,C03947,P00749,ST017,2027-02-03 04:43:00,3,5536.94,0.05,COD
S0065679,C02323,P00167,ST038,2026-12-30 19:48:00,7,9994.61,0.15,CARD
S0065680,C01851,P00615,ST049,2026-12-07 11:47:00,8,5873.54,0.15,CARD
S0065681,C00301,P00883,ST032,2027-01-17 16:26:00,7,9173.36,0.15,UPI
S0065682,C01167,P00350,ST009,2026-11-23 04:18:00,6,12905.92,0.15,UPI
S0065683,C02253,P00268,ST030,2026-11-08 13:28:00,7,4586.89,0.10,WALLET
S0065684,C03230,P00835,ST015,2027-01-04 14:52:00,8,14703.43,0.15,UPI
S0065685,C05581,P00760,ST009,2027-01-23 10:19:00,6,13523.24,0.10,COD
S0065686,C03287,P00008,ST018,2027-03-16 05:54:00,7,1347.12,0.15,COD
S0065687,C00403,P00041,ST001,2026-10-25 19:29:00,5,1420.91,0.00,WALLET
S0065688,C02573,P00989,ST013,2027-03-14 15:47:00,8,6367.31,0.00,COD
S0065689,C03971,P00563,ST007,2026-10-07 08:33:00,7,2736.29,0.05,WALLET
S0065690,C05032,P01176,ST047,2027-04-17 03:57:00,8,119.52,0.00,WALLET
S0065691,C04802,P00091,ST010,2027-03-08 20:41:00,3,11974.70,0.00,COD
S0065692,C04947,P00071,ST018,2027-01-02 19:18:00,6,11038.49,0.15,WALLET
S0065693,C03376,P00560,ST001,2026-10-16 18:13:00,3,9161.86,0.10,WALLET
S0065694,C02763,P00455,ST049,2027-06-01 15:43:00,3,11331.19,0.05,WALLET
S0065695,C01945,P00900,ST023,2026-10-31 09:01:00,4,10665.28,0.15,WALLET
S0065696,C04093,P00861,ST045,2027-04-17 08:56:00,3,3963.47,0.10,NET_BANKING
S0065697,C03324,P00149,ST032,2027-04-08 13:14:00,5,6470.19,0.00,CARD
S0065698,C02589,P00890,ST028,2027-02-02 23:23:00,7,2569.54,0.00,COD
S0065699,C00422,P00533,ST012,2026-09-24 13:16:00,3,13218.50,0.05,CARD
S0065700,C05510,P00943,ST043,2026-10-28 14:03:00,6,12935.87,0.15,NET_BANKING
S0065701,C02725,P00684,ST015,2027-04-29 21:13:00,2,9364.88,0.10,NET_BANKING
S0065702,C05443,P00243,ST041,2027-01-21 14:11:00,1,6859.66,0.15,WALLET
S0065703,C00781,P00388,ST010,2026-11-13 16:16:00,6,6375.35,0.05,CARD
S0065704,C00921,P00734,ST043,2027-04-23 20:04:00,6,2368.19,0.00,CARD
S0065705,C02827,P00440,ST026,2027-01-28 11:44:00,3,11929.30,0.05,CARD
S0065706,C01357,P00006,ST036,2027-04-07 15:08:00,4,12375.85,0.00,UPI
S0065707,C01582,P00523,ST038,2027-05-01 19:26:00,4,3568.60,0.15,CARD
S0065708,C01572,P00752,ST010,2027-01-30 16:43:00,1,10993.54,0.00,COD
S0065709,C01017,P00801,ST022,2026-10-01 08:28:00,5,6852.19,0.05,CARD
S0065710,C02719,P00105,ST020,2027-02-04 06:15:00,3,7300.13,0.00,COD
S0065711,C04556,P00046,ST029,2027-03-12 01:25:00,4,4750.20,0.10,UPI
S0065712,C01236,P00618,ST013,2026-09-25 03:48:00,1,9855.53,0.00,WALLET
S0065713,C05928,P00690,ST038,2026-12-29 04:19:00,4,4018.76,0.10,WALLET
S0065714,C01885,P00416,ST020,2026-09-28 22:50:00,2,7537.51,0.00,UPI
S0065715,C01695,P01084,ST024,2026-10-03 05:36:00,2,251.49,0.00,CARD
S0065716,C00392,P00019,ST027,2027-05-03 03:35:00,7,4767.41,0.00,WALLET
S0065717,C00182,P00433,ST009,2026-11-30 18:59:00,1,6296.95,0.00,NET_BANKING
S0065718,C05827,P00692,ST039,2027-02-09 00:30:00,3,3776.76,0.05,UPI
S0065719,C03302,P00304,ST010,2027-02-25 03:33:00,3,8379.11,0.05,CARD
S0065720,C03360,P00262,ST033,2027-01-17 04:52:00,1,4686.95,0.10,UPI
S0065721,C05746,P00739,ST035,2026-10-28 18:14:00,6,5997.32,0.10,UPI
S0065722,C01589,P00265,ST007,2027-04-24 10:19:00,8,11238.83,0.00,NET_BANKING
S0065723,C01107,P00763,ST044,2026-09-23 15:18:00,7,4853.30,0.00,NET_BANKING
S0065724,C03885,P01145,ST004,2026-10-25 14:07:00,8,3420.45,0.00,CARD
S0065725,C01277,P00661,ST048,2027-01-02 00:23:00,7,12752.32,0.10,COD
S0065726,C00920,P00509,ST022,2027-03-13 08:00:00,2,6695.51,0.15,WALLET
S0065727,C03177,P00777,ST001,2027-04-22 01:35:00,3,7574.57,0.05,NET_BANKING
S0065728,C05306,P00842,ST014,2027-02-16 06:02:00,3,12208.32,0.15,NET_BANKING
S0065729,C05680,P00679,ST023,2027-04-16 18:28:00,2,10688.41,0.05,CARD
S0065730,C00834,P00457,ST044,2027-02-05 11:09:00,4,2393.60,0.10,COD
S0065731,C03655,P00414,ST004,2026-10-29 09:43:00,5,11326.94,0.15,CARD
S0065732,C01357,P00807,ST037,2027-05-22 03:20:00,4,3804.96,0.10,COD
S0065733,C01629,P00719,ST017,2026-12-06 18:30:00,5,6837.75,0.00,WALLET
S0065734,C03259,P00066,ST024,2026-11-23 19:28:00,2,13989.36,0.05,CARD
S0065735,C05901,P01022,ST001,2027-01-21 06:49:00,7,1097.73,0.00,CARD
S0065736,C00158,P00769,ST017,2027-03-14 08:41:00,6,14064.61,0.00,WALLET
S0065737,C01091,P00503,ST004,2026-10-24 14:34:00,2,5972.66,0.10,WALLET
S0065738,C02689,P00704,ST049,2027-02-21 02:31:00,4,3700.74,0.10,WALLET
S0065739,C04416,P00237,ST047,2026-12-11 01:26:00,1,5637.77,0.05,WALLET
S0065740,C00341,P00585,ST037,2027-04-11 03:24:00,8,4078.01,0.00,COD
S0065741,C05801,P00108,ST026,2026-12-12 01:38:00,6,8643.88,0.00,UPI
S0065742,C02346,P00848,ST045,2026-11-14 07:20:00,5,12246.43,0.00,CARD
S0065743,C04818,P00749,ST030,2027-03-28 08:48:00,8,5536.94,0.10,COD
S0065744,C02360,P00821,ST028,2026-12-14 14:01:00,8,7398.56,0.00,CARD
S0065745,C00040,P01153,ST043,2027-05-18 22:49:00,3,2495.34,0.15,WALLET
S0065746,C05310,P01060,ST018,2026-10-18 19:53:00,3,142.09,0.10,WALLET
S0065747,C05548,P00955,ST010,2027-02-08 20:52:00,8,5719.71,0.00,CARD
S0065748,C05370,P00092,ST004,2026-10-21 04:55:00,3,8564.59,0.10,CARD
S0065749,C03209,P00576,ST027,2026-10-31 07:26:00,5,829.35,0.00,WALLET
S0065750,C01714,P00270,ST047,2027-04-29 20:39:00,5,12684.63,0.15,UPI
S0065751,C00549,P00923,ST026,2027-05-12 08:23:00,7,12391.37,0.00,CARD
S0065752,C04808,P01123,ST006,2027-05-06 09:06:00,6,2444.29,0.10,CARD
S0065753,C01501,P00066,ST048,2027-03-29 18:08:00,4,13989.36,0.15,COD
S0065754,C01865,P00379,ST023,2027-04-09 12:41:00,5,1917.87,0.05,COD
S0065755,C00607,P00600,ST038,2026-12-12 22:00:00,1,6476.74,0.00,UPI
S0065756,C02449,P00450,ST015,2026-10-05 17:16:00,8,11985.09,0.05,UPI
S0065757,C03721,P01018,ST043,2027-03-23 10:32:00,2,3234.73,0.00,COD
S0065758,C02160,P01001,ST028,2026-12-25 20:30:00,1,3996.80,0.15,WALLET
S0065759,C00972,P00613,ST043,2027-02-04 10:38:00,8,10916.90,0.00,UPI
S0065760,C00035,P00424,ST050,2027-01-29 12:41:00,3,12370.62,0.10,COD
S0065761,C02765,P00953,ST007,2026-09-19 04:17:00,6,11654.98,0.00,WALLET
S0065762,C04585,P00938,ST033,2027-03-28 11:33:00,3,9016.69,0.00,CARD
S0065763,C00010,P01183,ST007,2026-09-15 06:03:00,8,358.68,0.00,COD
S0065764,C05564,P01123,ST032,2026-10-25 21:23:00,1,4832.07,0.15,NET_BANKING
S0065765,C02267,P00733,ST044,2026-09-26 10:17:00,5,7733.54,0.00,NET_BANKING
S0065766,C01690,P00962,ST011,2027-04-04 06:15:00,5,12113.97,0.00,CARD
S0065767,C02690,P00169,ST011,2027-03-15 13:23:00,5,11639.94,0.00,UPI
S0065768,C04697,P00240,ST023,2027-04-29 10:33:00,1,9582.36,0.15,WALLET
S0065769,C00033,P00799,ST004,2027-04-08 00:25:00,2,5194.85,0.00,COD
S0065770,C00537,P00014,ST027,2027-03-30 09:17:00,3,9230.95,0.00,COD
S0065771,C03261,P00604,ST030,2027-03-28 13:51:00,2,3876.20,0.05,WALLET
S0065772,C02002,P00261,ST005,2027-04-17 22:17:00,3,6561.97,0.00,NET_BANKING
S0065773,C05665,P00320,ST025,2026-11-11 17:38:00,4,7970.92,0.00,WALLET
S0065774,C03383,P01112,ST033,2027-05-17 05:23:00,2,1955.13,0.05,CARD
S0065775,C05327,P00508,ST034,2027-04-12 13:46:00,2,14824.01,0.00,UPI
S0065776,C03740,P00821,ST016,2026-11-27 13:44:00,8,7398.56,0.05,COD
S0065777,C01111,P00803,ST046,2027-04-09 15:59:00,1,4458.92,0.00,WALLET
S0065778,C05331,P00606,ST050,2027-01-20 21:06:00,8,2062.87,0.10,NET_BANKING
S0065779,C01716,P00555,ST027,2026-12-03 04:56:00,8,3239.18,0.00,COD
S0065780,C03293,P01178,ST039,2027-02-24 00:41:00,5,4142.26,0.05,CARD
S0065781,C01504,P00212,ST004,2027-03-16 20:43:00,6,13581.02,0.15,CARD
S0065782,C03899,P00306,ST005,2027-02-02 09:01:00,8,8871.87,0.10,CARD
S0065783,C02277,P00311,ST027,2026-11-02 15:46:00,1,10510.03,0.15,COD
S0065784,C02169,P01185,ST006,2027-02-08 03:20:00,1,2303.94,0.15,WALLET
S0065785,C00033,P00388,ST047,2026-11-13 03:40:00,3,6375.35,0.00,NET_BANKING
S0065786,C02938,P00370,ST003,2027-01-17 06:11:00,2,9728.34,0.00,COD
S0065787,C05179,P00551,ST008,2026-12-10 16:52:00,3,9996.39,0.10,COD
S0065788,C03489,P00577,ST011,2027-03-01 08:11:00,5,286.38,0.00,COD
S0065789,C01527,P01044,ST024,2026-10-12 09:52:00,6,3721.14,0.00,COD
S0065790,C03755,P01048,ST038,2026-10-21 02:32:00,1,4617.61,0.00,COD
S0065791,C01337,P00723,ST039,2027-05-22 01:28:00,6,11150.41,0.15,COD
S0065792,C01959,P00313,ST025,2026-11-07 14:23:00,4,7134.65,0.10,WALLET
S0065793,C03858,P01166,ST005,2026-10-07 03:08:00,8,2690.18,0.10,WALLET
S0065794,C05890,P00633,ST041,2027-01-09 13:32:00,5,8834.04,0.00,CARD
S0065795,C00626,P00250,ST037,2027-04-20 08:44:00,8,4598.66,0.10,COD
S0065796,C03304,P00433,ST048,2027-03-12 17:16:00,8,6296.95,0.10,NET_BANKING
S0065797,C04636,P00550,ST038,2027-04-11 00:46:00,6,1961.46,0.10,COD
S0065798,C05351,P00818,ST044,2027-04-04 16:19:00,5,9748.07,0.05,CARD
S0065799,C01940,P00550,ST008,2026-10-27 11:42:00,2,1961.46,0.10,WALLET
S0065800,C01273,P00563,ST045,2027-04-27 08:34:00,1,2736.29,0.10,CARD
S0065801,C01261,P00226,ST046,2027-02-09 06:40:00,5,14378.99,0.15,NET_BANKING
S0065802,C04582,P00740,ST017,2027-05-26 07:06:00,2,10365.11,0.00,UPI
S0065803,C05385,P00513,ST011,2026-10-17 21:47:00,5,2594.81,0.15,CARD
S0065804,C02659,P00456,ST039,2027-01-18 20:26:00,5,2960.04,0.10,NET_BANKING
S0065805,C01258,P00650,ST010,2027-04-21 07:46:00,2,155.14,0.15,WALLET
S0065806,C00968,P00653,ST008,2027-03-13 13:58:00,2,13600.13,0.05,NET_BANKING
S0065807,C03445,P00122,ST005,2027-03-05 23:45:00,3,9607.56,0.10,UPI
S0065808,C05210,P00418,ST010,2027-02-27 23:42:00,5,7868.89,0.05,NET_BANKING
S0065809,C00629,P01055,ST047,2027-05-26 14:29:00,6,1375.98,0.00,CARD
S0065810,C00876,P00008,ST032,2027-01-23 07:51:00,8,1347.12,0.05,NET_BANKING
S0065811,C01796,P00788,ST013,2027-04-18 19:39:00,2,14058.06,0.10,WALLET
S0065812,C01241,P00069,ST010,2026-11-25 19:19:00,6,2410.61,0.00,COD
S0065813,C05720,P00882,ST020,2027-03-31 04:52:00,4,1160.87,0.10,CARD
S0065814,C01367,P00990,ST002,2027-01-14 04:33:00,6,1411.89,0.00,COD
S0065815,C01482,P01038,ST012,2027-03-09 23:01:00,5,2724.25,0.00,NET_BANKING
S0065816,C00297,P00059,ST037,2027-04-20 00:01:00,8,14733.93,0.00,WALLET
S0065817,C05938,P00303,ST048,2027-03-02 03:02:00,1,14560.81,0.00,UPI
S0065818,C02659,P00740,ST037,2026-10-09 01:10:00,8,10365.11,0.15,UPI
S0065819,C05771,P00562,ST007,2027-03-25 10:31:00,8,10013.06,0.05,NET_BANKING
S0065820,C05676,P00047,ST035,2027-03-05 12:33:00,5,4471.06,0.15,CARD
S0065821,C03766,P01078,ST019,2027-05-01 01:33:00,8,3574.91,0.05,CARD
S0065822,C04574,P00784,ST018,2027-04-10 14:11:00,4,13461.16,0.00,WALLET
S0065823,C02511,P00233,ST009,2027-01-28 00:12:00,8,5834.21,0.15,COD
S0065824,C01700,P00085,ST027,2027-01-26 20:26:00,6,14386.77,0.00,WALLET
S0065825,C04278,P00162,ST024,2026-12-07 21:49:00,1,12288.78,0.10,CARD
S0065826,C03220,P00730,ST012,2027-01-25 01:42:00,5,3796.60,0.10,CARD
S0065827,C00173,P00250,ST042,2026-11-17 12:33:00,2,4598.66,0.00,UPI
S0065828,C01910,P00887,ST026,2027-02-26 11:20:00,6,6975.28,0.15,UPI
S0065829,C04060,P00196,ST035,2026-10-30 00:27:00,4,10921.34,0.10,WALLET
S0065830,C03596,P01199,ST010,2027-04-26 11:26:00,4,3420.36,0.10,UPI
S0065831,C05715,P00567,ST016,2026-09-25 23:11:00,7,2522.97,0.00,CARD
S0065832,C03589,P00263,ST049,2026-09-17 08:11:00,3,12638.42,0.15,NET_BANKING
S0065833,C04273,P00182,ST042,2026-12-22 19:40:00,1,11258.08,0.00,WALLET
S0065834,C01791,P00089,ST016,2027-05-31 20:50:00,7,9250.21,0.05,UPI
S0065835,C01547,P00826,ST010,2027-04-09 12:31:00,8,8287.08,0.00,NET_BANKING
S0065836,C00911,P00312,ST020,2026-11-03 22:40:00,7,5466.28,0.05,CARD
S0065837,C03457,P00499,ST029,2026-12-18 15:19:00,2,5291.36,0.05,NET_BANKING
S0065838,C00303,P00750,ST024,2026-09-28 13:28:00,8,10881.74,0.10,CARD
S0065839,C00493,P00115,ST039,2027-01-29 14:02:00,1,7420.65,0.05,CARD
S0065840,C04298,P00994,ST031,2026-12-18 12:02:00,5,14986.15,0.00,CARD
S0065841,C04149,P00374,ST049,2026-12-03 20:39:00,3,688.46,0.00,NET_BANKING
S0065842,C01176,P00758,ST046,2026-10-04 23:48:00,8,8501.92,0.10,NET_BANKING
S0065843,C04974,P00898,ST046,2026-10-03 07:30:00,3,1340.84,0.05,COD
S0065844,C00769,P00601,ST022,2027-05-15 21:11:00,8,9389.35,0.05,NET_BANKING
S0065845,C04856,P00041,ST024,2027-03-23 19:50:00,3,1420.91,0.00,COD
S0065846,C01916,P00944,ST024,2026-10-22 01:25:00,1,13637.69,0.15,WALLET
S0065847,C04472,P00202,ST019,2026-12-17 00:08:00,3,13459.06,0.15,CARD
S0065848,C05711,P01159,ST030,2027-04-18 12:43:00,7,4478.39,0.05,NET_BANKING
S0065849,C04467,P00277,ST006,2026-09-28 01:11:00,7,4475.85,0.15,UPI
S0065850,C04318,P00686,ST014,2027-03-20 13:36:00,7,1168.81,0.15,CARD
S0065851,C00281,P00634,ST034,2027-01-28 21:32:00,5,13541.02,0.00,CARD
S0065852,C03015,P00664,ST014,2027-01-30 23:54:00,3,2596.83,0.10,CARD
S0065853,C01664,P00077,ST008,2026-10-14 05:05:00,6,5411.25,0.15,CARD
S0065854,C00593,P00179,ST050,2026-12-20 16:11:00,8,6066.21,0.05,UPI
S0065855,C04125,P01177,ST019,2027-03-10 08:38:00,2,545.57,0.05,COD
S0065856,C01846,P01192,ST035,2027-06-01 04:45:00,7,3101.70,0.00,UPI
S0065857,C05287,P00178,ST004,2026-12-08 04:39:00,2,10707.38,0.10,CARD
S0065858,C02396,P01022,ST039,2027-05-17 11:38:00,7,2106.25,0.15,WALLET
S0065859,C05317,P01050,ST037,2027-01-13 04:54:00,3,993.15,0.10,WALLET
S0065860,C00648,P00810,ST048,2026-11-02 02:21:00,8,5274.62,0.15,UPI
S0065861,C05255,P00070,ST005,2027-02-23 06:57:00,3,13697.39,0.10,CARD
S0065862,C05499,P00976,ST035,2026-10-18 02:04:00,8,3815.57,0.15,UPI
S0065863,C02899,P00571,ST043,2026-10-30 21:46:00,3,4671.20,0.00,UPI
S0065864,C00568,P00477,ST035,2026-10-27 03:03:00,7,3992.23,0.05,CARD
S0065865,C01602,P00979,ST018,2026-11-10 00:32:00,2,5063.99,0.10,NET_BANKING
S0065866,C02086,P00277,ST037,2027-01-12 21:02:00,4,4475.85,0.00,UPI
S0065867,C05267,P00793,ST002,2027-03-04 16:33:00,5,9165.88,0.05,WALLET
S0065868,C02236,P00549,ST016,2026-09-17 18:53:00,8,8615.76,0.00,WALLET
S0065869,C03392,P00928,ST035,2026-11-29 10:03:00,5,6951.77,0.15,NET_BANKING
S0065870,C03564,P00209,ST020,2026-12-22 13:41:00,8,6800.00,0.00,COD
S0065871,C05229,P00295,ST031,2026-12-24 13:22:00,6,8088.40,0.05,CARD
S0065872,C02542,P00606,ST047,2027-05-30 10:50:00,1,2062.87,0.00,CARD
S0065873,C04704,P00177,ST034,2026-11-07 21:14:00,2,5272.03,0.00,NET_BANKING
S0065874,C02032,P00651,ST044,2027-04-10 18:19:00,4,1796.64,0.00,WALLET
S0065875,C04951,P00990,ST005,2027-04-07 15:38:00,3,1411.89,0.10,COD
S0065876,C04048,P00565,ST010,2026-10-22 15:13:00,6,2663.33,0.10,CARD
S0065877,C04363,P00585,ST048,2027-02-07 04:10:00,8,4078.01,0.15,UPI
S0065878,C05486,P00674,ST048,2026-10-27 19:59:00,5,12623.07,0.00,COD
S0065879,C01950,P01030,ST008,2026-12-24 01:16:00,6,1226.12,0.10,COD
S0065880,C02219,P00658,ST013,2027-06-02 23:31:00,1,3910.13,0.00,NET_BANKING
S0065881,C05295,P00212,ST034,2027-01-27 18:22:00,8,13581.02,0.10,WALLET
S0065882,C02636,P00762,ST023,2026-12-23 00:18:00,3,9970.99,0.00,WALLET
S0065883,C04182,P00290,ST005,2026-10-08 01:36:00,4,3515.83,0.10,NET_BANKING
S0065884,C01474,P01116,ST044,2027-02-18 05:43:00,3,1836.25,0.10,WALLET
S0065885,C00304,P00701,ST048,2027-04-14 20:48:00,4,9710.18,0.00,COD
S0065886,C04012,P00108,ST026,2026-11-07 05:56:00,2,8643.88,0.05,UPI
S0065887,C03116,P00919,ST042,2026-10-06 17:19:00,6,8906.88,0.00,CARD
S0065888,C00557,P00534,ST050,2026-11-03 19:46:00,1,5928.36,0.10,UPI
S0065889,C05305,P00482,ST041,2026-12-31 22:45:00,8,3964.41,0.10,NET_BANKING
S0065890,C00560,P00283,ST030,2026-09-24 14:37:00,4,6670.75,0.00,NET_BANKING
S0065891,C00935,P00218,ST035,2027-04-20 18:21:00,4,7857.30,0.00,UPI
S0065892,C01148,P00071,ST024,2027-05-14 19:41:00,7,11038.49,0.15,NET_BANKING
S0065893,C01378,P00067,ST036,2027-04-16 06:44:00,6,3494.40,0.15,WALLET
S0065894,C03539,P00756,ST010,2026-11-03 14:28:00,8,7470.61,0.00,WALLET
S0065895,C00339,P00200,ST023,2027-01-01 03:53:00,6,12660.04,0.00,COD
S0065896,C05087,P00588,ST023,2026-12-18 01:22:00,2,12949.54,0.10,UPI
S0065897,C03838,P01111,ST042,2027-03-16 21:20:00,5,2157.66,0.15,COD
S0065898,C02352,P00030,ST015,2026-11-19 13:41:00,1,7478.66,0.10,UPI
S0065899,C00806,P00256,ST026,2027-05-09 08:25:00,1,1987.06,0.05,COD
S0065900,C03803,P00060,ST020,2027-03-15 16:32:00,3,13328.41,0.10,COD
S0065901,C01878,P00736,ST024,2026-10-24 10:54:00,8,10626.28,0.00,UPI
S0065902,C01786,P01056,ST011,2026-10-29 00:49:00,1,2123.94,0.05,NET_BANKING
S0065903,C04764,P00683,ST001,2026-12-26 22:56:00,8,6906.08,0.05,WALLET
S0065904,C02783,P00388,ST011,2026-12-25 03:21:00,7,6375.35,0.05,COD
S0065905,C01495,P01092,ST012,2026-10-08 04:57:00,5,2104.12,0.05,NET_BANKING
S0065906,C04150,P00240,ST005,2027-04-25 06:04:00,1,9582.36,0.00,NET_BANKING
S0065907,C04301,P00953,ST030,2027-03-29 00:12:00,2,11654.98,0.05,CARD
S0065908,C03967,P00253,ST024,2027-04-12 05:34:00,1,12129.99,0.15,NET_BANKING
S0065909,C01726,P00883,ST049,2026-12-26 23:24:00,2,9173.36,0.00,CARD
S0065910,C05940,P00837,ST038,2027-01-19 21:01:00,2,11678.05,0.10,CARD
S0065911,C05105,P00993,ST013,2026-10-15 04:09:00,1,11078.12,0.10,COD
S0065912,C04212,P00825,ST011,2026-11-10 19:06:00,4,4481.95,0.10,NET_BANKING
S0065913,C05926,P00243,ST039,2027-04-16 15:52:00,5,6859.66,0.00,UPI
S0065914,C02022,P01107,ST023,2026-10-21 17:29:00,7,3792.46,0.00,WALLET
S0065915,C05040,P00164,ST039,2026-11-13 14:18:00,6,6049.30,0.15,COD
S0065916,C05304,P00635,ST004,2026-12-08 12:45:00,4,7089.77,0.10,UPI
S0065917,C00656,P00590,ST016,2027-03-09 11:20:00,8,265.48,0.10,WALLET
S0065918,C01480,P00205,ST032,2026-09-19 02:42:00,2,2535.39,0.15,CARD
S0065919,C04925,P00767,ST030,2026-09-28 21:37:00,2,11689.48,0.15,UPI
S0065920,C03465,P00355,ST035,2027-02-24 13:52:00,8,9628.58,0.05,WALLET
S0065921,C04366,P00557,ST009,2026-11-17 12:46:00,7,9429.31,0.05,NET_BANKING
S0065922,C01064,P00768,ST011,2026-12-31 12:31:00,8,11814.22,0.05,COD
S0065923,C04216,P01085,ST023,2026-11-08 02:17:00,8,316.35,0.15,UPI
S0065924,C04595,P00965,ST037,2026-12-25 22:33:00,1,14887.52,0.05,CARD
S0065925,C02229,P00632,ST009,2027-04-23 06:16:00,8,6057.90,0.15,UPI
S0065926,C05899,P00038,ST014,2027-05-04 06:44:00,5,5447.04,0.00,NET_BANKING
S0065927,C00551,P00326,ST005,2027-02-11 05:58:00,3,13983.47,0.00,NET_BANKING
S0065928,C04899,P01197,ST034,2026-11-17 04:54:00,3,1883.27,0.00,COD
S0065929,C04897,P00130,ST026,2026-12-24 23:23:00,6,1609.69,0.00,UPI
S0065930,C03474,P00502,ST040,2027-05-10 10:20:00,8,5017.69,0.00,NET_BANKING
S0065931,C02071,P00782,ST040,2026-11-24 05:56:00,5,13670.11,0.00,COD
S0065932,C03139,P00030,ST029,2026-12-22 00:44:00,2,7478.66,0.05,UPI
S0065933,C01893,P00481,ST014,2027-02-02 13:44:00,3,10052.76,0.05,WALLET
S0065934,C03126,P00433,ST032,2027-02-06 22:30:00,1,6296.95,0.00,NET_BANKING
S0065935,C01774,P00616,ST035,2027-03-18 15:29:00,6,114.05,0.00,UPI
S0065936,C01081,P00120,ST047,2026-12-17 04:05:00,5,2796.10,0.05,CARD
S0065937,C02205,P00927,ST022,2027-04-12 01:10:00,7,9200.17,0.15,WALLET
S0065938,C05615,P00645,ST023,2027-06-01 00:31:00,4,11979.98,0.15,UPI
S0065939,C04113,P00503,ST042,2026-12-10 01:24:00,4,5972.66,0.05,CARD
S0065940,C03777,P00976,ST036,2026-10-21 16:10:00,1,3815.57,0.15,UPI
S0065941,C01741,P01051,ST010,2026-11-26 20:32:00,4,4988.67,0.10,COD
S0065942,C00824,P00859,ST029,2027-05-16 21:09:00,7,4987.90,0.00,COD
S0065943,C02881,P00100,ST035,2027-02-04 05:10:00,3,2281.28,0.10,NET_BANKING
S0065944,C05034,P00418,ST043,2027-04-16 10:27:00,2,7868.89,0.10,CARD
S0065945,C02208,P00799,ST012,2027-01-23 23:30:00,4,5194.85,0.00,COD
S0065946,C03234,P00231,ST037,2026-11-14 19:50:00,2,4512.73,0.05,COD
S0065947,C05190,P00235,ST030,2026-10-23 23:00:00,3,5077.58,0.00,WALLET
S0065948,C05895,P00047,ST032,2027-03-11 22:25:00,2,4471.06,0.00,UPI
S0065949,C02438,P00942,ST041,2026-11-17 19:41:00,8,13417.77,0.05,UPI
S0065950,C05954,P00179,ST040,2026-11-28 18:30:00,7,6066.21,0.10,CARD
S0065951,C01003,P00434,ST025,2026-09-24 16:30:00,3,11454.78,0.00,NET_BANKING
S0065952,C03830,P00388,ST004,2027-01-27 04:26:00,4,6375.35,0.15,WALLET
S0065953,C02007,P00080,ST007,2027-01-04 15:01:00,1,4990.71,0.00,CARD
S0065954,C05216,P01072,ST046,2027-05-18 13:46:00,7,565.93,0.00,CARD
S0065955,C01170,P00412,ST040,2027-04-19 03:28:00,8,14467.07,0.00,UPI
S0065956,C05310,P00544,ST041,2026-10-20 22:19:00,1,6390.78,0.05,COD
S0065957,C00878,P00104,ST036,2027-05-20 22:53:00,6,5175.58,0.00,UPI
S0065958,C03846,P00238,ST014,2027-02-10 13:31:00,3,2175.91,0.00,CARD
S0065959,C03581,P00092,ST029,2027-05-23 14:32:00,7,8564.59,0.00,UPI
S0065960,C03482,P01124,ST003,2027-05-19 16:58:00,6,3979.88,0.15,UPI
S0065961,C03839,P00135,ST032,2027-01-22 05:58:00,1,4518.74,0.00,WALLET
S0065962,C02359,P00184,ST015,2026-12-01 17:45:00,8,8980.87,0.00,CARD
S0065963,C00241,P01064,ST049,2027-06-02 05:16:00,4,4954.37,0.05,CARD
S0065964,C02841,P00641,ST048,2027-05-24 02:38:00,4,6765.73,0.00,NET_BANKING
S0065965,C02578,P00794,ST047,2027-03-11 04:57:00,5,9152.31,0.00,COD
S0065966,C02589,P01106,ST032,2027-03-11 16:04:00,4,715.12,0.00,UPI
S0065967,C01906,P00424,ST016,2026-10-27 18:53:00,8,12370.62,0.15,CARD
S0065968,C04035,P00373,ST004,2026-09-23 08:29:00,6,11139.22,0.00,NET_BANKING
S0065969,C04087,P00505,ST014,2027-02-06 23:23:00,7,13158.37,0.05,WALLET
S0065970,C03853,P00885,ST011,2027-02-06 10:30:00,2,2276.62,0.00,COD
S0065971,C02560,P01091,ST008,2026-09-18 04:43:00,3,533.07,0.15,UPI
S0065972,C02795,P00524,ST043,2027-03-20 02:15:00,4,11462.06,0.05,UPI
S0065973,C05580,P00379,ST038,2026-12-07 00:20:00,6,1917.87,0.00,CARD
S0065974,C02687,P00509,ST026,2026-12-23 17:38:00,1,6695.51,0.00,UPI
S0065975,C05417,P01074,ST006,2027-02-27 08:05:00,7,3536.37,0.00,WALLET
S0065976,C04763,P00798,ST043,2026-09-17 19:50:00,8,2788.26,0.00,WALLET
S0065977,C00402,P00412,ST013,2027-03-13 16:07:00,2,14467.07,0.05,COD
S0065978,C05973,P00536,ST030,2026-09-30 03:27:00,8,8908.32,0.15,NET_BANKING
S0065979,C04372,P00628,ST034,2026-12-25 18:36:00,2,11204.97,0.05,UPI
S0065980,C01034,P00799,ST025,2027-04-03 10:50:00,4,5194.85,0.15,CARD
S0065981,C02932,P00259,ST005,2026-12-15 05:25:00,7,5808.51,0.05,NET_BANKING
S0065982,C02486,P00188,ST031,2026-12-31 15:27:00,2,6455.12,0.15,CARD
S0065983,C04386,P00452,ST043,2026-10-01 13:33:00,7,3389.85,0.05,UPI
S0065984,C02767,P00889,ST018,2027-05-01 07:50:00,2,10263.87,0.05,COD
S0065985,C05762,P00087,ST003,2027-04-18 09:40:00,1,2943.27,0.10,NET_BANKING
S0065986,C00437,P00993,ST010,2027-04-28 15:23:00,4,11078.12,0.00,CARD
S0065987,C04379,P00880,ST042,2027-01-14 10:18:00,6,9958.92,0.15,WALLET
S0065988,C03344,P01076,ST044,2027-03-03 16:27:00,2,1722.69,0.00,NET_BANKING
S0065989,C05879,P00750,ST046,2026-12-28 17:17:00,7,10881.74,0.10,CARD
S0065990,C03679,P00408,ST037,2027-03-11 05:02:00,1,61.60,0.15,WALLET
S0065991,C02705,P00768,ST040,2027-01-10 12:12:00,2,11814.22,0.10,COD
S0065992,C05398,P00799,ST022,2026-10-22 15:13:00,3,5194.85,0.10,WALLET
S0065993,C05416,P00119,ST013,2027-02-06 02:42:00,2,794.81,0.10,UPI
S0065994,C02552,P00511,ST034,2027-06-01 00:42:00,1,1704.19,0.10,UPI
S0065995,C05818,P01145,ST017,2027-03-09 09:19:00,8,2000.43,0.10,CARD
S0065996,C02887,P00155,ST019,2027-02-08 05:53:00,1,7087.72,0.00,UPI
S0065997,C05816,P00745,ST001,2027-01-09 19:18:00,5,11887.46,0.00,NET_BANKING
S0065998,C00009,P00159,ST013,2026-11-10 01:27:00,1,6984.00,0.00,NET_BANKING
S0065999,C03258,P01073,ST007,2027-02-13 23:00:00,3,4637.45,0.00,UPI
S0066000,C04457,P00326,ST050,2027-05-09 11:24:00,5,13983.47,0.00,NET_BANKING
S0066001,C02273,P01182,ST014,2027-01-01 12:49:00,5,3580.78,0.05,UPI
S0066002,C00416,P00651,ST031,2026-12-09 20:49:00,3,1796.64,0.00,NET_BANKING
S0066003,C05013,P01188,ST018,2027-03-08 14:33:00,4,4064.80,0.00,COD
S0066004,C03333,P00188,ST009,2026-10-28 08:47:00,8,6455.12,0.00,WALLET
S0066005,C03966,P00511,ST003,2026-10-27 18:13:00,4,1704.19,0.10,COD
S0066006,C00656,P00674,ST045,2027-06-01 19:05:00,7,12623.07,0.10,CARD
S0066007,C05504,P00543,ST028,2026-12-27 19:10:00,2,1249.06,0.10,COD
S0066008,C05629,P00396,ST007,2026-09-24 17:55:00,8,1114.54,0.00,NET_BANKING
S0066009,C03158,P00782,ST049,2027-05-10 21:25:00,3,13670.11,0.10,NET_BANKING
S0066010,C02505,P00067,ST022,2027-03-12 15:08:00,7,3494.40,0.00,NET_BANKING
S0066011,C00352,P01028,ST020,2027-02-04 16:21:00,6,1097.26,0.10,NET_BANKING
S0066012,C01058,P00032,ST049,2027-01-30 20:47:00,1,2163.25,0.00,NET_BANKING
S0066013,C00374,P01158,ST020,2027-04-05 04:17:00,4,2665.86,0.05,UPI
S0066014,C03453,P00964,ST032,2026-11-05 07:49:00,2,5344.88,0.10,COD
S0066015,C05101,P00217,ST035,2027-01-25 19:03:00,1,10077.87,0.00,COD
S0066016,C04609,P00655,ST013,2027-03-17 04:24:00,8,8138.00,0.10,COD
S0066017,C01137,P00348,ST045,2026-10-20 21:17:00,2,6541.94,0.00,CARD
S0066018,C04095,P00011,ST044,2026-09-16 12:13:00,4,9660.40,0.15,COD
S0066019,C04241,P00808,ST022,2027-04-23 19:52:00,5,2340.21,0.00,COD
S0066020,C01497,P00712,ST017,2026-11-03 19:47:00,1,2775.71,0.10,UPI
S0066021,C02397,P00615,ST032,2026-09-27 00:01:00,4,5873.54,0.10,COD
S0066022,C04004,P00968,ST027,2026-12-22 23:08:00,8,10372.46,0.00,CARD
S0066023,C02133,P00367,ST025,2027-01-11 22:56:00,5,13780.17,0.00,UPI
S0066024,C05595,P00400,ST030,2026-12-28 14:05:00,3,11156.69,0.10,CARD
S0066025,C05251,P00612,ST040,2027-01-15 11:07:00,4,12611.50,0.00,CARD
S0066026,C05979,P00873,ST014,2026-12-04 02:47:00,2,9917.75,0.00,WALLET
S0066027,C01148,P00696,ST030,2026-11-02 18:14:00,5,444.90,0.15,UPI
S0066028,C05601,P00114,ST033,2026-11-29 01:28:00,4,1848.49,0.00,COD
S0066029,C02215,P01076,ST001,2027-02-03 09:51:00,4,3930.81,0.15,COD
S0066030,C01510,P00767,ST043,2026-11-26 03:27:00,4,11689.48,0.00,NET_BANKING
S0066031,C03412,P00013,ST012,2026-09-26 03:58:00,3,6028.43,0.00,CARD
S0066032,C00341,P00240,ST020,2026-12-06 20:42:00,7,9582.36,0.00,CARD
S0066033,C00040,P00641,ST031,2026-09-20 22:04:00,7,6765.73,0.00,UPI
S0066034,C01306,P00986,ST037,2026-11-18 20:50:00,7,6941.31,0.00,COD
S0066035,C05692,P00845,ST028,2027-05-01 09:01:00,5,596.43,0.15,WALLET
S0066036,C04842,P00066,ST005,2026-12-13 13:08:00,1,13989.36,0.10,CARD
S0066037,C05242,P00180,ST028,2026-12-08 21:23:00,2,12378.45,0.00,WALLET
S0066038,C00031,P00581,ST004,2027-02-04 15:05:00,1,5203.27,0.00,NET_BANKING
S0066039,C01649,P00998,ST014,2027-02-25 09:34:00,2,2576.28,0.15,NET_BANKING
S0066040,C04919,P00642,ST012,2027-04-30 00:35:00,4,4616.48,0.00,COD
S0066041,C03402,P01139,ST015,2027-05-01 11:28:00,2,1970.00,0.00,COD
S0066042,C01247,P00937,ST026,2027-04-04 23:26:00,4,2930.83,0.05,UPI
S0066043,C00752,P00456,ST040,2026-12-17 08:20:00,8,2960.04,0.00,NET_BANKING
S0066044,C00406,P00293,ST037,2027-02-16 11:58:00,1,8511.68,0.15,COD
S0066045,C03390,P00594,ST027,2027-01-27 13:35:00,7,10755.95,0.15,WALLET
S0066046,C01515,P00911,ST026,2027-01-06 01:57:00,3,10076.98,0.05,WALLET
S0066047,C00444,P01120,ST034,2027-05-14 05:29:00,5,164.76,0.15,CARD
S0066048,C05801,P00847,ST027,2026-09-21 22:12:00,3,11650.44,0.00,WALLET
S0066049,C00210,P00848,ST025,2027-02-27 16:58:00,5,12246.43,0.05,COD
S0066050,C00670,P00285,ST028,2027-05-13 15:14:00,3,6123.71,0.00,WALLET
S0066051,C03614,P00269,ST033,2027-05-05 05:27:00,3,1436.31,0.15,COD
S0066052,C01933,P00653,ST022,2026-12-22 06:21:00,7,13600.13,0.15,UPI
S0066053,C04399,P00595,ST002,2027-05-31 07:52:00,5,6648.58,0.15,COD
S0066054,C04912,P00677,ST013,2026-09-21 06:38:00,2,9646.68,0.05,NET_BANKING
S0066055,C05259,P00595,ST006,2027-04-27 20:13:00,7,6648.58,0.15,UPI
S0066056,C01559,P00093,ST017,2027-03-28 03:08:00,6,1874.43,0.10,WALLET
S0066057,C03836,P00673,ST004,2027-04-09 04:39:00,3,7917.40,0.15,WALLET
S0066058,C03705,P00755,ST035,2026-10-01 03:47:00,2,13881.05,0.00,WALLET
S0066059,C05204,P01178,ST029,2026-11-25 06:45:00,7,649.14,0.05,UPI
S0066060,C05570,P00396,ST006,2026-12-07 08:39:00,3,1114.54,0.05,COD
S0066061,C02333,P00285,ST042,2027-02-20 09:49:00,3,6123.71,0.00,WALLET
S0066062,C04965,P00565,ST030,2026-11-24 14:25:00,5,2663.33,0.05,COD
S0066063,C01078,P00183,ST012,2026-11-21 04:55:00,5,4082.17,0.15,UPI
S0066064,C04017,P01037,ST032,2026-10-19 08:27:00,2,3495.04,0.00,COD
S0066065,C01944,P01182,ST010,2027-04-21 07:38:00,6,1016.10,0.00,CARD
S0066066,C00914,P00064,ST044,2027-05-14 10:33:00,2,9773.23,0.00,COD
S0066067,C00646,P00804,ST015,2027-02-14 12:54:00,6,13775.11,0.05,NET_BANKING
S0066068,C00713,P00667,ST004,2026-11-25 19:18:00,7,14053.41,0.05,CARD
S0066069,C05040,P01025,ST013,2027-02-17 08:35:00,1,4032.16,0.00,WALLET
S0066070,C01954,P00941,ST041,2027-01-31 09:32:00,1,4779.66,0.10,CARD
S0066071,C01530,P00889,ST043,2026-10-07 07:20:00,6,10263.87,0.05,UPI
S0066072,C02616,P01180,ST041,2026-11-27 00:40:00,6,2309.63,0.05,NET_BANKING
S0066073,C00248,P00711,ST047,2026-12-22 13:06:00,5,6883.58,0.10,WALLET
S0066074,C02119,P00193,ST017,2027-03-09 11:56:00,3,754.57,0.10,NET_BANKING
S0066075,C02817,P00522,ST044,2026-11-08 20:06:00,6,1719.44,0.05,CARD
S0066076,C03336,P00998,ST041,2027-02-21 08:44:00,5,2576.28,0.00,COD
S0066077,C02754,P00913,ST012,2027-03-15 05:02:00,2,11417.61,0.15,CARD
S0066078,C04668,P00732,ST041,2026-10-26 16:48:00,2,7048.14,0.00,NET_BANKING
S0066079,C03666,P00302,ST013,2027-05-19 07:10:00,1,146.60,0.00,COD
S0066080,C04253,P00198,ST005,2027-04-20 09:04:00,8,11526.28,0.00,COD
S0066081,C04342,P01068,ST031,2027-03-15 19:34:00,5,4396.63,0.10,WALLET
S0066082,C03424,P00896,ST003,2027-04-21 16:11:00,2,9136.34,0.10,WALLET
S0066083,C05799,P00789,ST014,2026-11-27 19:43:00,2,2259.56,0.05,CARD
S0066084,C00960,P00356,ST017,2027-05-02 18:11:00,8,6310.49,0.05,NET_BANKING
S0066085,C00542,P00907,ST003,2027-04-02 00:15:00,8,14264.28,0.00,WALLET
S0066086,C00722,P00875,ST001,2026-10-15 17:17:00,5,9193.50,0.15,CARD
S0066087,C02858,P00982,ST040,2027-02-04 06:06:00,2,1313.93,0.00,CARD
S0066088,C03198,P00618,ST007,2027-04-14 14:20:00,4,9855.53,0.00,COD
S0066089,C04705,P00174,ST012,2026-10-09 06:02:00,1,322.73,0.05,UPI
S0066090,C01518,P00052,ST050,2027-02-11 11:05:00,8,6138.64,0.15,WALLET
S0066091,C05597,P00602,ST037,2026-10-24 03:56:00,5,10282.25,0.00,UPI
S0066092,C02035,P00690,ST040,2027-03-18 22:03:00,1,4018.76,0.15,WALLET
S0066093,C00522,P01063,ST005,2026-12-09 16:42:00,3,538.47,0.15,UPI
S0066094,C01290,P00683,ST041,2026-11-23 15:37:00,2,6906.08,0.10,UPI
S0066095,C05472,P01182,ST012,2027-05-30 05:53:00,1,3692.46,0.00,NET_BANKING
S0066096,C02598,P01188,ST038,2027-02-28 03:30:00,1,4100.07,0.00,UPI
S0066097,C01681,P00263,ST022,2027-02-11 16:09:00,7,12638.42,0.00,NET_BANKING
S0066098,C04660,P00738,ST009,2027-01-28 20:46:00,3,14125.52,0.15,WALLET
S0066099,C02928,P00730,ST011,2026-12-09 12:29:00,7,3796.60,0.00,UPI
S0066100,C01007,P00707,ST011,2027-01-10 11:35:00,1,10164.19,0.10,NET_BANKING
S0066101,C02172,P00523,ST027,2027-02-13 23:19:00,1,3568.60,0.10,WALLET
S0066102,C01407,P00563,ST005,2027-05-31 22:40:00,1,2736.29,0.00,NET_BANKING
S0066103,C03305,P00553,ST026,2026-11-19 02:14:00,1,10883.36,0.00,COD
S0066104,C01249,P00894,ST006,2026-12-06 23:05:00,8,12465.27,0.10,CARD
S0066105,C03070,P00736,ST022,2027-02-09 02:14:00,7,10626.28,0.00,COD
S0066106,C03156,P01130,ST042,2026-11-05 21:01:00,4,3830.26,0.00,CARD
S0066107,C01322,P00829,ST026,2027-01-13 18:51:00,8,5882.19,0.15,NET_BANKING
S0066108,C03424,P00121,ST041,2027-01-01 00:58:00,2,612.71,0.00,NET_BANKING
S0066109,C02884,P00325,ST039,2027-01-12 03:59:00,5,878.26,0.00,WALLET
S0066110,C01527,P00399,ST027,2027-01-16 17:34:00,4,12674.98,0.00,NET_BANKING
S0066111,C01801,P01145,ST025,2027-01-11 05:54:00,4,3543.96,0.00,WALLET
S0066112,C03760,P00205,ST001,2027-01-05 07:42:00,7,2535.39,0.15,WALLET
S0066113,C04318,P00563,ST047,2027-01-29 08:14:00,6,2736.29,0.00,UPI
S0066114,C03681,P00339,ST029,2027-03-01 12:56:00,1,2464.80,0.10,CARD
S0066115,C05433,P00362,ST005,2026-12-06 01:39:00,1,9461.46,0.05,UPI
S0066116,C01967,P00946,ST012,2027-05-30 11:01:00,1,536.50,0.10,CARD
S0066117,C04507,P00042,ST014,2026-11-28 12:33:00,5,14409.73,0.05,WALLET
S0066118,C00425,P00428,ST023,2027-04-29 08:35:00,7,11541.27,0.00,UPI
S0066119,C02881,P00473,ST050,2027-05-04 00:40:00,5,671.21,0.15,CARD
S0066120,C05081,P00214,ST027,2027-03-11 11:02:00,8,8311.62,0.10,NET_BANKING
S0066121,C00302,P00467,ST010,2026-12-10 05:59:00,6,8776.36,0.00,WALLET
S0066122,C05954,P00552,ST045,2027-05-29 22:28:00,2,14232.88,0.15,UPI
S0066123,C03998,P00910,ST031,2027-01-20 14:27:00,6,1660.00,0.15,COD
S0066124,C00296,P00237,ST006,2026-11-07 00:01:00,5,5637.77,0.00,CARD
S0066125,C03744,P00727,ST024,2026-12-05 08:10:00,4,12337.64,0.15,NET_BANKING
S0066126,C03498,P00057,ST018,2027-04-24 13:54:00,4,6283.79,0.00,CARD
S0066127,C01571,P00626,ST030,2026-12-10 06:25:00,2,4597.20,0.05,UPI
S0066128,C00674,P01049,ST047,2026-10-01 21:45:00,5,992.79,0.00,NET_BANKING
S0066129,C04391,P00458,ST040,2027-02-10 18:46:00,6,9495.95,0.15,CARD
S0066130,C01332,P00329,ST019,2026-10-26 22:12:00,6,1364.47,0.00,UPI
S0066131,C02234,P00777,ST001,2027-05-15 04:52:00,8,7574.57,0.15,CARD
S0066132,C05134,P00917,ST031,2027-01-29 16:06:00,4,12206.45,0.05,COD
S0066133,C01212,P00370,ST008,2027-01-31 04:21:00,6,9728.34,0.00,CARD
S0066134,C03731,P01011,ST005,2027-05-11 02:06:00,5,1060.90,0.15,CARD
S0066135,C05556,P00005,ST001,2027-03-23 21:55:00,1,3720.45,0.00,WALLET
S0066136,C05982,P00361,ST017,2027-01-25 23:57:00,7,3502.39,0.10,NET_BANKING
S0066137,C02049,P01066,ST043,2027-04-30 21:06:00,7,1549.90,0.15,UPI
S0066138,C05844,P00868,ST005,2026-10-11 17:26:00,1,14973.26,0.05,CARD
S0066139,C03572,P00638,ST045,2026-10-27 22:30:00,6,8964.05,0.00,WALLET
S0066140,C03529,P00840,ST049,2027-03-29 06:16:00,6,4066.13,0.00,COD
S0066141,C04693,P00167,ST016,2027-05-23 21:04:00,6,9994.61,0.15,CARD
S0066142,C05217,P00423,ST042,2026-09-20 09:23:00,6,562.41,0.05,WALLET
S0066143,C00171,P01127,ST004,2027-04-05 21:34:00,4,2676.81,0.15,NET_BANKING
S0066144,C01596,P00334,ST036,2027-05-04 20:50:00,5,10056.18,0.10,COD
S0066145,C03940,P00402,ST046,2027-05-10 18:00:00,1,7483.33,0.10,COD
S0066146,C05507,P00637,ST006,2026-12-07 15:39:00,6,14361.31,0.05,COD
S0066147,C03494,P00476,ST015,2026-11-25 17:30:00,4,10059.57,0.10,NET_BANKING
S0066148,C02829,P01082,ST026,2027-05-15 21:17:00,2,2923.65,0.05,UPI
S0066149,C02823,P00130,ST005,2026-12-22 06:09:00,8,1609.69,0.15,NET_BANKING
S0066150,C04169,P01121,ST020,2027-01-26 19:51:00,8,4534.71,0.10,COD
S0066151,C03910,P00213,ST036,2027-05-19 22:43:00,7,2854.32,0.05,COD
S0066152,C05259,P00395,ST016,2027-05-25 03:01:00,7,4137.07,0.15,UPI
S0066153,C05162,P00517,ST010,2027-02-23 16:26:00,2,13887.99,0.15,COD
S0066154,C01299,P00204,ST016,2027-02-02 06:52:00,3,1600.11,0.00,UPI
S0066155,C03083,P00313,ST032,2027-02-14 05:06:00,8,7134.65,0.15,WALLET
S0066156,C03327,P00638,ST015,2026-10-14 17:50:00,3,8964.05,0.00,CARD
S0066157,C01446,P01051,ST050,2026-10-18 11:49:00,5,4602.04,0.10,COD
S0066158,C04362,P00027,ST021,2027-02-11 14:29:00,7,2538.93,0.00,COD
S0066159,C00938,P00329,ST050,2027-02-16 00:27:00,7,1364.47,0.10,WALLET
S0066160,C04608,P00600,ST016,2027-01-15 12:01:00,4,6476.74,0.05,COD
S0066161,C04565,P00231,ST046,2027-01-03 03:04:00,5,4512.73,0.00,CARD
S0066162,C02256,P00985,ST025,2026-12-10 11:42:00,1,12971.94,0.10,NET_BANKING
S0066163,C00960,P00015,ST004,2027-01-27 19:20:00,4,6091.54,0.00,WALLET
S0066164,C03615,P00676,ST007,2027-02-25 09:46:00,8,13208.41,0.10,COD
S0066165,C03965,P00076,ST035,2027-02-24 16:04:00,5,2643.86,0.10,UPI
S0066166,C04924,P00261,ST048,2027-05-04 17:53:00,6,6561.97,0.05,NET_BANKING
S0066167,C01428,P00195,ST044,2027-01-11 05:45:00,3,10101.96,0.10,CARD
S0066168,C00707,P00115,ST028,2027-04-01 07:50:00,8,7420.65,0.05,NET_BANKING
S0066169,C05547,P00529,ST029,2027-05-11 05:08:00,6,10534.37,0.00,NET_BANKING
S0066170,C00276,P00862,ST015,2027-02-26 10:25:00,8,12635.93,0.05,COD
S0066171,C02376,P00785,ST041,2026-10-15 11:35:00,4,8966.99,0.05,CARD
S0066172,C04833,P01096,ST004,2027-05-20 18:16:00,4,3560.70,0.00,WALLET
S0066173,C04570,P00963,ST050,2027-02-02 09:04:00,2,9496.66,0.00,COD
S0066174,C01548,P00802,ST010,2027-05-03 10:18:00,6,4433.25,0.00,UPI
S0066175,C01536,P00769,ST008,2026-12-29 04:42:00,5,14064.61,0.00,UPI
S0066176,C05982,P00873,ST015,2026-10-13 11:19:00,6,9917.75,0.05,NET_BANKING
S0066177,C05337,P00932,ST029,2026-10-11 05:01:00,8,10233.75,0.05,WALLET
S0066178,C05003,P00584,ST006,2027-01-27 10:47:00,2,1058.35,0.05,WALLET
S0066179,C00909,P00351,ST040,2026-10-16 17:46:00,6,9073.84,0.00,COD
S0066180,C04348,P01021,ST042,2027-01-20 06:10:00,8,2275.01,0.15,CARD
S0066181,C05478,P00009,ST029,2027-02-16 10:25:00,8,14426.84,0.15,WALLET
S0066182,C00350,P00308,ST021,2027-05-23 18:48:00,8,8424.73,0.05,COD
S0066183,C04996,P00925,ST047,2027-04-04 19:56:00,7,9802.23,0.00,NET_BANKING
S0066184,C03134,P01142,ST031,2027-04-28 16:40:00,7,2830.43,0.05,COD
S0066185,C05622,P00220,ST022,2027-01-14 00:50:00,8,3145.53,0.00,CARD
S0066186,C03851,P01079,ST037,2027-01-27 20:26:00,1,1907.10,0.00,COD
S0066187,C00480,P00432,ST006,2026-10-28 03:11:00,4,578.01,0.05,NET_BANKING
S0066188,C01911,P00006,ST029,2026-10-08 15:57:00,2,12375.85,0.15,CARD
S0066189,C05706,P00465,ST006,2026-12-29 20:53:00,7,2736.41,0.15,COD
S0066190,C00445,P00985,ST034,2026-11-21 02:01:00,4,12971.94,0.10,CARD
S0066191,C00696,P00543,ST049,2026-11-10 06:06:00,6,1249.06,0.00,WALLET
S0066192,C03884,P00340,ST040,2026-09-28 11:31:00,6,13721.56,0.00,NET_BANKING
S0066193,C02645,P01070,ST048,2027-01-16 13:25:00,3,2489.87,0.15,UPI
S0066194,C05565,P00405,ST041,2026-10-31 05:59:00,4,11768.32,0.00,NET_BANKING
S0066195,C02921,P01061,ST018,2027-03-31 15:23:00,1,2659.29,0.05,UPI
S0066196,C02280,P00744,ST021,2027-02-20 06:10:00,5,3611.42,0.05,WALLET
S0066197,C03311,P00268,ST018,2026-10-29 21:54:00,5,4586.89,0.00,WALLET
S0066198,C04552,P01164,ST027,2026-12-06 21:59:00,1,760.23,0.10,WALLET
S0066199,C04934,P01108,ST001,2026-11-19 07:49:00,2,4607.77,0.10,NET_BANKING
S0066200,C00778,P00468,ST047,2027-04-29 09:35:00,1,2151.00,0.00,NET_BANKING
S0066201,C01219,P00566,ST021,2026-09-17 16:13:00,5,9094.95,0.00,WALLET
S0066202,C02636,P01156,ST042,2027-03-29 12:23:00,6,3574.02,0.05,WALLET
S0066203,C01832,P01176,ST050,2027-03-29 04:48:00,3,2659.37,0.00,COD
S0066204,C00091,P01094,ST018,2027-04-04 19:18:00,8,1135.55,0.00,COD
S0066205,C05196,P00643,ST037,2027-01-05 14:42:00,8,13117.03,0.00,NET_BANKING
S0066206,C02064,P00024,ST026,2026-09-16 02:13:00,3,7530.12,0.00,UPI
S0066207,C01936,P00433,ST008,2027-04-10 06:42:00,5,6296.95,0.15,NET_BANKING
S0066208,C00603,P00083,ST039,2027-01-04 22:10:00,3,6669.82,0.15,CARD
S0066209,C02700,P01140,ST024,2026-11-16 01:14:00,4,2152.11,0.05,COD
S0066210,C04591,P00288,ST009,2027-03-30 05:36:00,5,8330.78,0.10,COD
S0066211,C03300,P00736,ST013,2027-01-12 13:28:00,1,10626.28,0.00,COD
S0066212,C01520,P00867,ST049,2026-10-29 15:20:00,6,5370.01,0.15,UPI
S0066213,C04673,P01131,ST042,2027-02-03 06:14:00,3,3956.87,0.10,CARD
S0066214,C03667,P00780,ST022,2027-03-31 22:22:00,6,5639.59,0.00,WALLET
S0066215,C01891,P00899,ST039,2027-04-02 02:53:00,3,12008.75,0.00,CARD
S0066216,C02206,P01101,ST011,2027-02-18 11:56:00,3,1350.84,0.00,NET_BANKING
S0066217,C05419,P00726,ST006,2027-05-11 10:37:00,6,7391.49,0.15,NET_BANKING
S0066218,C04894,P00505,ST013,2026-12-12 05:42:00,3,13158.37,0.15,COD
S0066219,C01899,P00541,ST015,2026-12-28 23:20:00,2,12514.58,0.05,COD
S0066220,C00898,P00930,ST007,2027-01-05 07:28:00,5,3721.19,0.10,COD
S0066221,C03884,P00132,ST002,2027-03-30 15:28:00,7,661.50,0.05,NET_BANKING
S0066222,C03912,P00322,ST012,2027-01-15 16:36:00,6,7023.69,0.05,WALLET
S0066223,C03087,P00421,ST047,2026-12-12 03:26:00,8,9929.53,0.00,NET_BANKING
S0066224,C03412,P00427,ST050,2026-10-05 14:04:00,3,7760.69,0.00,WALLET
S0066225,C01388,P01045,ST043,2027-05-14 11:38:00,8,2800.22,0.00,NET_BANKING
S0066226,C01217,P01125,ST033,2026-10-08 22:36:00,7,1975.76,0.05,WALLET
S0066227,C02027,P00375,ST041,2027-03-28 06:24:00,4,8641.01,0.15,WALLET
S0066228,C02263,P00486,ST030,2027-06-01 11:04:00,7,10044.32,0.10,CARD
S0066229,C04261,P00321,ST010,2027-01-15 23:04:00,5,1068.85,0.10,CARD
S0066230,C02766,P00552,ST044,2027-03-23 16:58:00,5,14232.88,0.00,NET_BANKING
S0066231,C00436,P00409,ST010,2027-04-17 15:53:00,3,2349.95,0.00,UPI
S0066232,C00821,P00894,ST034,2027-04-16 03:56:00,3,12465.27,0.05,UPI
S0066233,C05303,P00755,ST005,2026-12-03 14:00:00,8,13881.05,0.00,CARD
S0066234,C03264,P00108,ST002,2027-01-18 23:55:00,3,8643.88,0.05,WALLET
S0066235,C01739,P01168,ST015,2026-12-11 10:09:00,6,915.21,0.10,COD
S0066236,C00385,P00159,ST032,2027-02-27 01:41:00,3,6984.00,0.00,COD
S0066237,C03993,P00723,ST018,2027-03-12 06:05:00,2,11150.41,0.00,UPI
S0066238,C00326,P00657,ST024,2027-02-07 10:15:00,1,5978.63,0.00,NET_BANKING
S0066239,C00269,P00237,ST022,2026-11-19 05:45:00,5,5637.77,0.05,UPI
S0066240,C03517,P00674,ST004,2027-02-25 02:18:00,6,12623.07,0.05,NET_BANKING
S0066241,C01416,P00136,ST050,2027-02-18 21:44:00,2,2339.70,0.05,COD
S0066242,C00181,P01050,ST025,2026-10-18 03:22:00,8,139.05,0.10,CARD
S0066243,C01589,P00806,ST015,2027-03-03 19:33:00,5,10445.92,0.10,WALLET
S0066244,C05329,P01019,ST021,2027-02-09 15:25:00,5,487.25,0.15,WALLET
S0066245,C04457,P00849,ST006,2027-02-23 13:27:00,1,11840.46,0.00,NET_BANKING
S0066246,C01019,P00778,ST045,2027-02-21 01:33:00,2,5364.50,0.00,CARD
S0066247,C00217,P00091,ST047,2026-12-25 13:43:00,2,11974.70,0.05,COD
S0066248,C02289,P00547,ST047,2027-03-23 08:38:00,3,68.05,0.00,WALLET
S0066249,C01848,P01068,ST037,2027-05-26 07:31:00,2,3415.16,0.05,WALLET
S0066250,C02364,P00342,ST024,2027-01-11 01:00:00,3,2514.86,0.15,UPI
S0066251,C03344,P00352,ST022,2027-01-04 00:40:00,3,13564.85,0.00,UPI
S0066252,C04977,P01012,ST018,2027-02-23 01:06:00,2,1361.38,0.05,CARD
S0066253,C00676,P00655,ST004,2026-09-15 11:13:00,6,8138.00,0.10,UPI
S0066254,C05567,P00697,ST044,2027-04-20 12:01:00,3,10439.87,0.15,CARD
S0066255,C00550,P01135,ST045,2026-11-22 15:40:00,5,1118.52,0.00,NET_BANKING
S0066256,C04975,P01078,ST009,2027-05-26 11:32:00,7,85.61,0.00,CARD
S0066257,C04041,P00449,ST035,2027-05-18 06:18:00,2,4682.35,0.15,CARD
S0066258,C00070,P00203,ST043,2027-05-05 11:03:00,7,1071.23,0.10,WALLET
S0066259,C00535,P00817,ST016,2027-05-09 23:06:00,1,11269.31,0.05,NET_BANKING
S0066260,C00649,P00674,ST010,2026-09-26 22:15:00,8,12623.07,0.10,CARD
S0066261,C00166,P00629,ST042,2026-11-08 06:04:00,8,11585.25,0.10,NET_BANKING
S0066262,C01707,P01013,ST016,2027-02-27 18:27:00,8,1130.77,0.05,CARD
S0066263,C03801,P00266,ST003,2026-09-15 02:25:00,1,13447.25,0.00,COD
S0066264,C04100,P00612,ST005,2026-12-12 01:40:00,5,12611.50,0.00,CARD
S0066265,C01893,P00973,ST005,2027-05-01 21:05:00,2,13784.89,0.05,COD
S0066266,C01560,P01151,ST032,2026-12-20 01:49:00,3,2699.91,0.00,UPI
S0066267,C00032,P01005,ST021,2026-10-12 14:49:00,2,374.14,0.15,WALLET
S0066268,C05056,P01130,ST027,2026-10-07 21:04:00,3,546.17,0.00,COD
S0066269,C04363,P01035,ST039,2027-01-27 02:21:00,2,4934.08,0.10,NET_BANKING
S0066270,C03616,P00797,ST048,2026-10-03 04:46:00,7,13199.71,0.10,WALLET
S0066271,C05162,P01019,ST014,2027-04-15 05:06:00,2,1265.94,0.00,WALLET
S0066272,C05458,P00175,ST001,2027-05-26 03:17:00,1,14956.51,0.00,COD
S0066273,C00709,P01152,ST001,2026-10-08 05:51:00,1,1654.88,0.00,COD
S0066274,C00512,P00947,ST035,2027-05-21 10:08:00,6,5493.18,0.10,COD
S0066275,C05588,P00342,ST003,2027-01-17 05:26:00,4,2514.86,0.10,NET_BANKING
S0066276,C04836,P00559,ST032,2026-10-11 02:13:00,4,9132.88,0.10,CARD
S0066277,C03191,P00036,ST003,2027-05-05 08:07:00,6,9317.16,0.10,WALLET
S0066278,C01288,P00589,ST020,2026-11-05 00:40:00,2,4410.37,0.15,NET_BANKING
S0066279,C00561,P00353,ST037,2027-04-30 23:39:00,7,10161.42,0.15,WALLET
S0066280,C01405,P00488,ST042,2027-04-15 01:20:00,6,764.11,0.00,WALLET
S0066281,C05494,P00836,ST014,2027-03-28 10:48:00,7,8199.84,0.05,COD
S0066282,C03736,P00507,ST001,2027-05-25 20:58:00,7,13477.84,0.10,WALLET
S0066283,C05303,P01175,ST030,2027-05-16 21:33:00,3,2540.32,0.00,NET_BANKING
S0066284,C00682,P01030,ST030,2027-05-21 13:28:00,1,4094.86,0.00,COD
S0066285,C01261,P00619,ST016,2026-11-02 15:48:00,4,14183.29,0.05,COD
S0066286,C05317,P01182,ST010,2027-03-27 22:05:00,8,4669.38,0.15,NET_BANKING
S0066287,C04699,P00243,ST022,2027-02-28 00:09:00,3,6859.66,0.05,WALLET
S0066288,C04918,P00257,ST001,2026-10-21 17:24:00,4,14449.49,0.15,UPI
S0066289,C01113,P01199,ST037,2026-10-17 21:01:00,5,2278.12,0.05,CARD
S0066290,C04125,P00549,ST012,2027-04-08 16:14:00,1,8615.76,0.00,WALLET
S0066291,C03426,P00599,ST047,2027-05-16 17:53:00,4,1086.85,0.15,NET_BANKING
S0066292,C04946,P00527,ST006,2027-05-05 02:03:00,4,14547.75,0.05,NET_BANKING
S0066293,C01844,P00150,ST034,2026-11-08 06:56:00,3,10110.81,0.00,WALLET
S0066294,C00789,P00130,ST031,2027-04-10 20:33:00,1,1609.69,0.00,WALLET
S0066295,C03013,P01053,ST010,2026-12-06 02:50:00,8,2237.05,0.15,WALLET
S0066296,C05212,P00284,ST029,2026-12-31 00:41:00,1,7052.39,0.10,NET_BANKING
S0066297,C01487,P00082,ST040,2027-02-28 20:05:00,6,3347.34,0.00,UPI
S0066298,C05223,P01049,ST026,2026-12-19 14:17:00,6,2613.54,0.15,COD
S0066299,C03695,P00582,ST028,2027-05-16 09:39:00,4,3449.31,0.00,UPI
S0066300,C05915,P00923,ST018,2027-02-12 23:42:00,6,12391.37,0.00,NET_BANKING
S0066301,C04707,P00813,ST027,2027-01-09 20:34:00,5,9218.67,0.00,COD
S0066302,C03632,P01073,ST014,2027-05-17 16:25:00,2,1019.09,0.00,COD
S0066303,C03046,P00178,ST043,2027-01-11 06:11:00,8,10707.38,0.05,WALLET
S0066304,C03207,P00025,ST028,2027-02-09 17:51:00,7,4571.56,0.00,UPI
S0066305,C05179,P00330,ST032,2026-09-17 17:47:00,2,3475.34,0.15,UPI
S0066306,C00839,P00817,ST002,2027-02-11 11:32:00,2,11269.31,0.00,WALLET
S0066307,C01004,P00956,ST017,2027-02-20 01:55:00,1,1818.03,0.00,WALLET
S0066308,C05978,P00232,ST029,2027-04-16 21:02:00,8,10782.96,0.00,COD
S0066309,C03401,P00193,ST031,2027-01-22 08:56:00,5,754.57,0.05,WALLET
S0066310,C05849,P00162,ST033,2027-06-01 04:09:00,7,12288.78,0.15,UPI
S0066311,C05438,P01137,ST044,2026-11-21 02:27:00,6,296.80,0.10,CARD
S0066312,C03730,P00119,ST010,2027-03-20 11:34:00,8,794.81,0.00,WALLET
S0066313,C00745,P00480,ST001,2027-05-14 21:55:00,4,2188.07,0.00,COD
S0066314,C05491,P00632,ST022,2026-12-31 07:54:00,2,6057.90,0.05,NET_BANKING
S0066315,C00949,P00200,ST034,2027-02-24 16:35:00,5,12660.04,0.00,CARD
S0066316,C02664,P00961,ST019,2026-09-15 05:45:00,8,13877.25,0.10,CARD
S0066317,C05227,P00590,ST021,2026-10-20 20:38:00,6,265.48,0.10,NET_BANKING
S0066318,C00012,P00602,ST043,2026-10-31 15:41:00,3,10282.25,0.05,UPI
S0066319,C03387,P00440,ST012,2027-03-10 11:54:00,3,11929.30,0.15,CARD
S0066320,C00044,P00535,ST028,2027-05-10 13:55:00,7,11264.22,0.10,WALLET
S0066321,C03216,P00722,ST044,2027-04-07 03:47:00,3,2303.35,0.05,CARD
S0066322,C04949,P01125,ST020,2026-11-07 02:03:00,6,1923.14,0.15,CARD
S0066323,C05127,P00038,ST029,2027-03-08 19:40:00,6,5447.04,0.00,CARD
S0066324,C02479,P00915,ST025,2026-11-17 22:24:00,6,12880.95,0.15,UPI
S0066325,C02750,P01175,ST008,2026-10-06 12:17:00,2,3749.74,0.10,COD
S0066326,C04799,P00145,ST047,2027-02-02 19:44:00,6,10011.24,0.15,UPI
S0066327,C04513,P00122,ST014,2027-05-27 07:28:00,1,9607.56,0.00,CARD
S0066328,C04225,P00447,ST003,2027-06-01 06:03:00,2,13780.12,0.00,WALLET
S0066329,C01982,P00530,ST027,2026-09-27 19:21:00,8,1909.30,0.00,UPI
S0066330,C01782,P00332,ST036,2026-12-16 23:59:00,2,9532.30,0.00,COD
S0066331,C00138,P00227,ST008,2026-09-21 20:07:00,7,7877.11,0.00,CARD
S0066332,C03943,P00523,ST030,2027-03-07 09:26:00,5,3568.60,0.10,NET_BANKING
S0066333,C05364,P00674,ST006,2027-04-12 10:14:00,6,12623.07,0.05,CARD
S0066334,C03097,P01193,ST035,2027-01-15 03:47:00,1,3391.25,0.15,CARD
S0066335,C05312,P00853,ST003,2027-01-08 13:28:00,3,14567.44,0.10,CARD
S0066336,C04612,P00676,ST044,2026-10-13 10:24:00,7,13208.41,0.00,CARD
S0066337,C01970,P00649,ST016,2026-12-16 15:59:00,7,9552.52,0.10,CARD
S0066338,C03193,P00660,ST048,2027-04-04 23:28:00,4,7080.45,0.00,COD
S0066339,C02377,P00432,ST021,2026-12-08 09:44:00,6,578.01,0.15,UPI
S0066340,C03507,P00214,ST050,2027-01-21 17:17:00,8,8311.62,0.00,COD
S0066341,C00760,P01102,ST034,2027-02-25 09:14:00,3,1339.45,0.00,UPI
S0066342,C02895,P01084,ST022,2026-11-05 08:24:00,7,4828.44,0.00,WALLET
S0066343,C05247,P00701,ST026,2026-11-05 23:07:00,6,9710.18,0.05,CARD
S0066344,C01590,P00719,ST050,2026-10-15 12:13:00,1,6837.75,0.15,WALLET
S0066345,C05362,P00593,ST048,2027-04-09 03:39:00,7,3386.42,0.00,CARD
S0066346,C02398,P00882,ST017,2027-04-25 23:49:00,1,1160.87,0.00,UPI
S0066347,C05538,P01152,ST007,2027-05-02 04:17:00,2,3872.84,0.00,COD
S0066348,C04733,P01009,ST024,2027-03-15 06:07:00,5,4166.20,0.05,WALLET
S0066349,C00954,P01155,ST043,2026-12-11 12:48:00,4,4993.98,0.15,CARD
S0066350,C00086,P00221,ST014,2027-04-16 11:00:00,5,7251.17,0.00,UPI
S0066351,C02815,P01147,ST017,2027-01-21 05:49:00,4,1762.06,0.10,UPI
S0066352,C05812,P01071,ST010,2026-10-03 15:44:00,4,1331.37,0.15,CARD
S0066353,C05235,P01157,ST031,2027-02-26 23:10:00,1,876.59,0.00,WALLET
S0066354,C01116,P00641,ST045,2026-11-23 13:33:00,5,6765.73,0.10,UPI
S0066355,C02902,P00682,ST011,2027-04-09 13:19:00,6,14995.19,0.15,NET_BANKING
S0066356,C01397,P00609,ST028,2026-10-21 12:55:00,6,12112.83,0.00,CARD
S0066357,C00394,P00984,ST020,2027-02-07 03:40:00,8,7532.32,0.05,WALLET
S0066358,C03624,P00304,ST041,2027-03-01 18:37:00,4,8379.11,0.15,NET_BANKING
S0066359,C00750,P01117,ST030,2026-09-23 03:57:00,2,928.30,0.15,CARD
S0066360,C02565,P00682,ST044,2027-02-14 12:45:00,5,14995.19,0.00,NET_BANKING
S0066361,C02877,P00908,ST027,2026-12-25 14:36:00,6,10685.50,0.10,NET_BANKING
S0066362,C00475,P00316,ST001,2027-06-01 02:49:00,1,4896.51,0.15,CARD
S0066363,C04842,P00863,ST035,2027-05-11 08:05:00,6,6218.08,0.05,NET_BANKING
S0066364,C03104,P01120,ST024,2027-01-29 03:58:00,7,2156.84,0.05,WALLET
S0066365,C02530,P00689,ST024,2027-01-24 10:51:00,6,1747.51,0.05,UPI
S0066366,C00256,P00720,ST029,2026-10-22 03:23:00,1,4896.05,0.00,UPI
S0066367,C00144,P00786,ST004,2027-01-23 17:13:00,6,8674.28,0.05,COD
S0066368,C03571,P00329,ST048,2027-04-27 16:44:00,5,1364.47,0.05,CARD
S0066369,C02534,P00760,ST024,2026-09-24 01:14:00,5,13523.24,0.10,WALLET
S0066370,C04746,P00538,ST035,2026-09-16 13:28:00,3,12711.98,0.00,CARD
S0066371,C03142,P00287,ST001,2027-04-27 01:48:00,1,1326.71,0.05,COD
S0066372,C01005,P00802,ST026,2027-01-17 20:59:00,1,4433.25,0.10,WALLET
S0066373,C05421,P00291,ST030,2027-05-06 11:37:00,1,3274.34,0.15,UPI
S0066374,C04936,P00872,ST023,2026-10-12 00:46:00,3,6939.07,0.00,WALLET
S0066375,C01665,P00145,ST015,2027-05-13 02:58:00,6,10011.24,0.00,WALLET
S0066376,C05669,P00704,ST025,2027-03-30 03:34:00,8,3700.74,0.05,NET_BANKING
S0066377,C03595,P00294,ST028,2026-11-01 00:02:00,3,9198.98,0.00,COD
S0066378,C03397,P00958,ST047,2027-06-02 15:08:00,2,6025.05,0.05,WALLET
S0066379,C00767,P00214,ST047,2027-01-09 12:01:00,8,8311.62,0.10,UPI
S0066380,C05604,P00086,ST043,2026-10-22 07:32:00,4,394.30,0.00,NET_BANKING
S0066381,C03546,P00162,ST043,2027-01-24 22:44:00,4,12288.78,0.00,NET_BANKING
S0066382,C02189,P01136,ST033,2026-12-26 15:53:00,1,157.37,0.15,COD
S0066383,C03396,P00932,ST005,2027-01-27 00:49:00,3,10233.75,0.15,UPI
S0066384,C00760,P00539,ST036,2027-01-16 16:48:00,1,7157.77,0.00,WALLET
S0066385,C05087,P00190,ST041,2026-12-26 03:52:00,6,6844.10,0.05,WALLET
S0066386,C01245,P00790,ST002,2026-11-03 13:33:00,8,14518.69,0.05,CARD
S0066387,C02506,P00618,ST029,2026-11-21 08:49:00,7,9855.53,0.00,COD
S0066388,C05799,P00878,ST043,2026-11-19 05:27:00,6,13136.21,0.05,COD
S0066389,C00824,P00226,ST039,2026-12-26 03:58:00,2,14378.99,0.10,COD
S0066390,C05206,P01199,ST043,2027-05-19 08:09:00,4,3839.77,0.05,CARD
S0066391,C03524,P00313,ST028,2027-02-28 04:47:00,4,7134.65,0.00,CARD
S0066392,C02771,P00660,ST042,2026-09-23 17:15:00,4,7080.45,0.10,COD
S0066393,C04077,P00131,ST004,2026-09-29 02:31:00,6,13217.23,0.10,NET_BANKING
S0066394,C03895,P00457,ST034,2027-03-26 01:48:00,2,2393.60,0.10,WALLET
S0066395,C03380,P00757,ST024,2027-03-25 08:05:00,2,226.72,0.05,CARD
S0066396,C03652,P00358,ST038,2026-10-10 20:23:00,8,7269.79,0.15,CARD
S0066397,C02095,P00069,ST023,2027-03-24 15:06:00,4,2410.61,0.00,NET_BANKING
S0066398,C04057,P00196,ST049,2027-02-08 13:43:00,1,10921.34,0.05,CARD
S0066399,C05383,P01013,ST009,2026-09-22 11:09:00,4,4716.50,0.15,WALLET
S0066400,C05673,P00032,ST034,2026-12-20 17:31:00,8,2163.25,0.00,UPI
S0066401,C04164,P00206,ST016,2026-12-06 18:56:00,5,12086.30,0.00,WALLET
S0066402,C01333,P00092,ST001,2027-01-26 19:58:00,3,8564.59,0.10,UPI
S0066403,C00943,P01087,ST009,2026-12-14 10:51:00,5,4922.92,0.10,CARD
S0066404,C01012,P00833,ST013,2026-10-28 18:40:00,2,1413.00,0.15,CARD
S0066405,C04111,P00123,ST025,2027-02-13 03:26:00,3,4247.43,0.15,WALLET
S0066406,C01273,P00848,ST035,2027-01-16 21:32:00,3,12246.43,0.15,NET_BANKING
S0066407,C03220,P01013,ST044,2026-10-27 05:20:00,4,4426.33,0.00,CARD
S0066408,C01783,P00092,ST030,2027-01-15 08:35:00,4,8564.59,0.00,UPI
S0066409,C05792,P00521,ST038,2027-03-11 22:49:00,8,6093.07,0.05,COD
S0066410,C00216,P00054,ST028,2026-12-14 18:10:00,4,6510.78,0.00,WALLET
S0066411,C02426,P00307,ST010,2026-09-24 06:25:00,2,13759.94,0.00,COD
S0066412,C05001,P00810,ST001,2027-04-09 06:35:00,1,5274.62,0.10,COD
S0066413,C00420,P00550,ST042,2027-03-14 06:03:00,1,1961.46,0.15,UPI
S0066414,C04477,P00279,ST022,2027-04-26 10:05:00,6,7949.95,0.00,COD
S0066415,C01582,P00916,ST005,2027-02-26 14:49:00,2,1771.51,0.15,UPI
S0066416,C05955,P00505,ST007,2026-11-25 18:45:00,1,13158.37,0.15,UPI
S0066417,C03375,P00926,ST017,2027-02-22 04:08:00,4,11337.89,0.05,CARD
S0066418,C00331,P00532,ST042,2026-09-30 19:57:00,7,13097.07,0.15,NET_BANKING
S0066419,C00899,P00163,ST004,2027-05-19 15:22:00,3,2045.70,0.10,COD
S0066420,C05117,P00810,ST002,2027-03-31 18:51:00,3,5274.62,0.00,UPI
S0066421,C01279,P00833,ST029,2026-10-23 22:26:00,4,1413.00,0.05,COD
S0066422,C00949,P01088,ST008,2026-12-20 19:56:00,3,3749.82,0.15,COD
S0066423,C05906,P00420,ST036,2027-04-08 00:42:00,8,13992.32,0.05,CARD
S0066424,C03250,P00165,ST036,2026-12-19 02:27:00,3,14497.74,0.15,NET_BANKING
S0066425,C03223,P00023,ST027,2026-09-25 17:05:00,5,8298.86,0.05,CARD
S0066426,C04841,P01184,ST030,2027-03-07 06:29:00,8,3917.84,0.00,NET_BANKING
S0066427,C02346,P01144,ST018,2027-05-22 04:06:00,7,3241.10,0.15,UPI
S0066428,C01915,P00333,ST014,2027-02-06 10:15:00,3,1647.52,0.10,NET_BANKING
S0066429,C01461,P00941,ST011,2027-03-27 11:11:00,2,4779.66,0.15,NET_BANKING
S0066430,C04393,P00652,ST038,2026-11-20 03:10:00,6,7213.51,0.10,WALLET
S0066431,C00545,P00667,ST013,2026-10-01 17:07:00,5,14053.41,0.00,UPI
S0066432,C02160,P00236,ST024,2026-12-29 20:27:00,5,10256.02,0.00,UPI
S0066433,C03244,P00584,ST026,2027-01-24 12:59:00,8,1058.35,0.05,COD
S0066434,C04075,P00028,ST043,2026-09-18 20:01:00,6,9694.84,0.00,UPI
S0066435,C03747,P00245,ST002,2027-02-27 13:42:00,5,8201.28,0.00,COD
S0066436,C02900,P00551,ST008,2026-10-13 14:00:00,3,9996.39,0.00,CARD
S0066437,C03582,P00757,ST032,2026-11-25 13:50:00,5,226.72,0.00,UPI
S0066438,C03279,P00266,ST008,2027-03-24 15:01:00,5,13447.25,0.10,WALLET
S0066439,C00069,P00356,ST037,2027-04-18 22:30:00,8,6310.49,0.10,WALLET
S0066440,C05405,P00214,ST038,2027-01-04 11:10:00,4,8311.62,0.00,COD
S0066441,C04915,P01155,ST014,2026-11-29 13:28:00,2,2848.12,0.00,COD
S0066442,C05902,P00736,ST034,2027-02-21 22:28:00,7,10626.28,0.05,COD
S0066443,C04264,P00771,ST008,2027-05-20 13:45:00,4,9138.48,0.00,CARD
S0066444,C02375,P00158,ST002,2027-03-28 19:08:00,4,3652.82,0.05,UPI
S0066445,C04641,P00391,ST001,2027-03-17 04:29:00,3,3490.76,0.10,COD
S0066446,C00982,P00965,ST007,2027-04-06 19:32:00,5,14887.52,0.00,UPI
S0066447,C01828,P00381,ST005,2026-11-13 05:42:00,6,12953.05,0.10,UPI
S0066448,C03200,P00531,ST006,2027-05-24 23:12:00,4,137.66,0.00,COD
S0066449,C00179,P01045,ST033,2027-01-19 17:37:00,6,1372.30,0.10,UPI
S0066450,C01112,P01092,ST025,2026-09-28 00:33:00,3,3162.19,0.00,NET_BANKING
S0066451,C02523,P00205,ST024,2027-01-20 20:32:00,5,2535.39,0.10,CARD
S0066452,C01416,P00298,ST022,2027-04-14 11:47:00,7,14106.08,0.10,NET_BANKING
S0066453,C05257,P00971,ST005,2027-02-26 00:15:00,8,9483.16,0.05,NET_BANKING
S0066454,C04175,P00992,ST047,2026-09-29 18:20:00,8,9363.29,0.10,WALLET
S0066455,C02486,P00803,ST009,2026-12-28 03:30:00,3,4458.92,0.00,UPI
S0066456,C01634,P00821,ST039,2026-10-20 03:53:00,3,7398.56,0.15,NET_BANKING
S0066457,C01196,P00783,ST044,2027-04-21 08:35:00,1,1108.76,0.15,COD
S0066458,C04211,P01110,ST007,2026-11-05 19:49:00,1,1737.40,0.00,NET_BANKING
S0066459,C04242,P00259,ST027,2027-01-24 05:05:00,5,5808.51,0.05,WALLET
S0066460,C04468,P00884,ST039,2026-10-21 20:07:00,3,13619.78,0.00,COD
S0066461,C05079,P00160,ST002,2026-09-17 19:29:00,4,1889.89,0.00,UPI
S0066462,C03368,P00743,ST043,2026-10-14 19:33:00,6,11438.19,0.00,UPI
S0066463,C00279,P00657,ST049,2027-05-22 00:19:00,5,5978.63,0.10,WALLET
S0066464,C02072,P00512,ST015,2027-04-10 00:11:00,4,11395.40,0.00,WALLET
S0066465,C04464,P00054,ST032,2027-03-30 01:18:00,8,6510.78,0.15,UPI
S0066466,C03010,P00484,ST047,2026-10-27 14:22:00,3,195.13,0.05,UPI
S0066467,C05133,P00190,ST041,2027-04-03 03:22:00,3,6844.10,0.05,CARD
S0066468,C02992,P00146,ST034,2026-12-02 23:22:00,5,1016.88,0.15,NET_BANKING
S0066469,C03380,P01011,ST046,2026-09-17 19:30:00,7,1098.03,0.05,NET_BANKING
S0066470,C00279,P00099,ST032,2027-02-02 04:06:00,1,7954.37,0.10,UPI
S0066471,C00269,P00834,ST035,2026-09-22 16:47:00,2,13773.56,0.15,WALLET
S0066472,C01005,P00341,ST032,2027-01-21 22:19:00,3,12040.98,0.00,UPI
S0066473,C00358,P00551,ST039,2027-03-31 16:20:00,5,9996.39,0.05,COD
S0066474,C00161,P00331,ST035,2026-09-20 02:26:00,8,9971.71,0.05,NET_BANKING
S0066475,C02773,P00766,ST008,2027-01-14 00:46:00,6,889.54,0.10,NET_BANKING
S0066476,C00149,P00061,ST032,2027-05-01 09:13:00,1,9979.10,0.00,CARD
S0066477,C03682,P01113,ST011,2027-01-22 14:54:00,2,3197.02,0.00,COD
S0066478,C02727,P00337,ST049,2027-05-01 23:06:00,6,14544.49,0.00,UPI
S0066479,C00383,P00526,ST010,2027-02-20 21:23:00,5,8424.35,0.10,NET_BANKING
S0066480,C04568,P00373,ST028,2026-10-04 13:28:00,6,11139.22,0.15,NET_BANKING
S0066481,C02356,P00309,ST016,2027-01-18 19:20:00,3,9944.41,0.10,UPI
S0066482,C02015,P00728,ST014,2026-11-08 03:47:00,4,2376.69,0.00,UPI
S0066483,C02894,P01091,ST050,2027-02-11 04:33:00,4,1567.27,0.00,COD
S0066484,C05640,P00470,ST021,2027-01-03 13:35:00,1,2213.98,0.15,NET_BANKING
S0066485,C02061,P00427,ST009,2026-09-26 09:35:00,4,7760.69,0.05,CARD
S0066486,C03354,P00667,ST038,2026-10-18 20:40:00,5,14053.41,0.10,WALLET
S0066487,C02754,P01167,ST030,2026-12-24 04:57:00,7,2722.34,0.00,CARD
S0066488,C04598,P00118,ST050,2026-12-27 20:53:00,1,7964.36,0.10,NET_BANKING
S0066489,C00895,P01022,ST011,2027-03-09 22:42:00,2,742.55,0.10,NET_BANKING
S0066490,C00539,P00377,ST029,2027-04-19 04:06:00,8,7573.41,0.00,WALLET
S0066491,C00287,P01182,ST014,2027-05-20 16:24:00,8,2678.54,0.10,CARD
S0066492,C03606,P01174,ST038,2026-11-10 05:17:00,4,64.89,0.00,COD
S0066493,C01304,P00191,ST030,2027-01-30 01:37:00,6,11697.40,0.15,NET_BANKING
S0066494,C04931,P00789,ST001,2027-01-26 22:57:00,4,2259.56,0.10,WALLET
S0066495,C01036,P00134,ST050,2027-01-26 03:34:00,2,9455.44,0.15,COD
S0066496,C03782,P00038,ST030,2027-02-20 00:01:00,3,5447.04,0.00,CARD
S0066497,C00173,P00607,ST020,2027-04-02 15:07:00,4,9830.20,0.15,NET_BANKING
S0066498,C04500,P00249,ST020,2026-09-24 07:57:00,6,10604.98,0.10,CARD
S0066499,C02314,P01194,ST022,2026-12-09 05:28:00,5,2058.25,0.00,NET_BANKING
S0066500,C04116,P00734,ST008,2027-02-06 10:26:00,4,2368.19,0.00,COD
S0066501,C02747,P00992,ST046,2027-04-15 05:53:00,8,9363.29,0.00,UPI
S0066502,C05907,P00461,ST034,2026-10-25 14:12:00,4,9906.46,0.00,NET_BANKING
S0066503,C02478,P00070,ST050,2026-12-31 07:43:00,7,13697.39,0.15,COD
S0066504,C05593,P00807,ST031,2027-05-15 08:08:00,8,3804.96,0.00,COD
S0066505,C03904,P01072,ST026,2027-04-22 02:31:00,2,3541.53,0.00,UPI
S0066506,C00965,P00604,ST019,2026-11-27 10:47:00,1,3876.20,0.00,CARD
S0066507,C00163,P00157,ST042,2026-10-06 18:54:00,8,8754.83,0.10,NET_BANKING
S0066508,C01247,P01084,ST040,2027-01-01 14:11:00,8,627.11,0.00,COD
S0066509,C04958,P00123,ST024,2027-01-25 13:04:00,8,4247.43,0.00,CARD
S0066510,C00546,P01145,ST040,2026-10-02 16:58:00,6,4785.52,0.00,NET_BANKING
S0066511,C05576,P00812,ST013,2026-11-30 21:51:00,4,13449.06,0.00,CARD
S0066512,C05649,P00241,ST050,2027-02-20 21:05:00,6,14291.38,0.00,UPI
S0066513,C04736,P00601,ST027,2027-03-20 14:05:00,7,9389.35,0.05,CARD
S0066514,C01263,P00021,ST019,2027-04-20 11:23:00,7,2290.01,0.10,COD
S0066515,C03243,P00092,ST041,2027-02-12 13:32:00,8,8564.59,0.15,UPI
S0066516,C03686,P00295,ST045,2026-11-24 02:35:00,2,8088.40,0.00,WALLET
S0066517,C02474,P00262,ST017,2026-12-21 15:31:00,3,4686.95,0.10,NET_BANKING
S0066518,C02538,P00621,ST044,2027-05-06 17:39:00,6,12280.84,0.10,WALLET
S0066519,C02632,P00283,ST043,2026-10-28 12:35:00,4,6670.75,0.00,WALLET
S0066520,C03960,P00685,ST030,2026-12-10 02:45:00,7,2866.20,0.00,CARD
S0066521,C00523,P01197,ST007,2027-03-29 18:35:00,7,1389.29,0.00,UPI
S0066522,C04296,P01179,ST036,2027-05-29 10:13:00,2,2169.56,0.05,CARD
S0066523,C00202,P00020,ST019,2026-10-14 11:20:00,1,1278.22,0.05,COD
S0066524,C02164,P00702,ST011,2026-10-28 17:56:00,7,10861.46,0.00,UPI
S0066525,C01413,P00662,ST041,2026-09-23 03:22:00,3,6965.19,0.10,COD
S0066526,C05993,P00895,ST032,2027-05-24 21:30:00,3,8765.77,0.10,WALLET
S0066527,C03615,P00537,ST011,2027-04-26 09:33:00,8,9956.19,0.00,UPI
S0066528,C01326,P01133,ST001,2027-04-08 05:18:00,4,454.43,0.00,CARD
S0066529,C01692,P01049,ST013,2026-11-29 19:00:00,5,4449.92,0.15,NET_BANKING
S0066530,C03078,P00521,ST023,2027-01-25 06:39:00,4,6093.07,0.10,COD
S0066531,C00832,P01156,ST039,2026-12-29 02:26:00,5,2004.46,0.15,NET_BANKING
S0066532,C00358,P00558,ST024,2026-11-18 11:53:00,1,2884.27,0.05,UPI
S0066533,C04793,P00596,ST049,2027-03-08 22:22:00,3,8194.29,0.05,NET_BANKING
S0066534,C03541,P00550,ST039,2027-03-28 16:07:00,2,1961.46,0.00,WALLET
S0066535,C01133,P00007,ST043,2027-04-19 01:08:00,8,8987.92,0.00,WALLET
S0066536,C01736,P00411,ST039,2026-09-22 19:06:00,6,13165.10,0.15,UPI
S0066537,C00773,P00908,ST010,2027-02-17 12:11:00,5,10685.50,0.10,COD
S0066538,C01282,P00500,ST025,2027-03-11 01:05:00,4,13885.62,0.05,WALLET
S0066539,C03249,P01085,ST004,2027-02-14 18:56:00,4,3578.00,0.00,NET_BANKING
S0066540,C05172,P00948,ST030,2027-02-04 16:21:00,1,7783.05,0.05,NET_BANKING
S0066541,C02770,P00731,ST004,2026-10-19 18:12:00,5,6650.71,0.00,CARD
S0066542,C01881,P00488,ST026,2026-10-20 01:39:00,1,764.11,0.00,COD
S0066543,C02518,P00438,ST038,2026-12-08 14:59:00,7,2063.81,0.05,UPI
S0066544,C01873,P00549,ST035,2027-04-26 23:03:00,6,8615.76,0.00,WALLET
S0066545,C04198,P00572,ST028,2027-02-14 14:38:00,6,413.41,0.15,UPI
S0066546,C03296,P00892,ST006,2026-11-22 17:54:00,8,12540.67,0.15,WALLET
S0066547,C02572,P00966,ST011,2027-05-17 18:26:00,5,14692.30,0.15,WALLET
S0066548,C00717,P00292,ST042,2027-05-15 01:28:00,3,387.24,0.15,WALLET
S0066549,C01534,P00898,ST046,2027-02-09 16:26:00,5,1340.84,0.00,CARD
S0066550,C04884,P00409,ST049,2027-04-01 14:17:00,1,2349.95,0.15,COD
S0066551,C03699,P00015,ST026,2026-09-26 16:45:00,3,6091.54,0.05,CARD
S0066552,C03994,P00838,ST031,2027-02-01 11:16:00,3,11094.78,0.10,NET_BANKING
S0066553,C02194,P00311,ST010,2027-02-03 09:16:00,8,10510.03,0.00,NET_BANKING
S0066554,C05898,P00075,ST034,2026-09-21 04:48:00,4,288.24,0.00,UPI
S0066555,C02391,P00463,ST005,2027-03-30 10:29:00,8,13244.30,0.05,WALLET
S0066556,C00901,P01156,ST028,2027-03-05 06:37:00,1,494.98,0.05,WALLET
S0066557,C04595,P00660,ST013,2027-02-17 16:59:00,1,7080.45,0.10,WALLET
S0066558,C03141,P00594,ST039,2027-04-07 19:24:00,5,10755.95,0.10,CARD
S0066559,C00857,P00999,ST033,2027-01-06 00:02:00,1,6110.48,0.05,UPI
S0066560,C02432,P00958,ST042,2027-02-28 04:03:00,3,6025.05,0.15,NET_BANKING
S0066561,C00957,P01062,ST009,2027-04-27 19:03:00,1,4095.67,0.05,CARD
S0066562,C00968,P00679,ST045,2027-02-19 16:12:00,7,10688.41,0.00,WALLET
S0066563,C00477,P00779,ST036,2026-11-06 01:43:00,5,9277.18,0.10,UPI
S0066564,C02117,P00768,ST027,2027-03-04 04:41:00,2,11814.22,0.00,WALLET
S0066565,C02888,P00542,ST047,2027-04-15 21:37:00,4,13862.55,0.05,UPI
S0066566,C03841,P00087,ST046,2027-01-05 04:11:00,6,2943.27,0.05,CARD
S0066567,C00134,P00151,ST029,2026-09-21 08:10:00,5,9961.31,0.15,NET_BANKING
S0066568,C03285,P00458,ST013,2027-02-17 16:15:00,8,9495.95,0.00,NET_BANKING
S0066569,C04390,P01043,ST014,2026-09-18 04:09:00,1,3348.66,0.00,WALLET
S0066570,C04243,P00762,ST024,2027-01-01 19:31:00,7,9970.99,0.15,UPI
S0066571,C01299,P00490,ST037,2026-11-24 11:36:00,1,3009.09,0.10,COD
S0066572,C05988,P00897,ST011,2026-10-23 10:37:00,4,3588.17,0.10,COD
S0066573,C01996,P00807,ST034,2027-04-30 19:46:00,2,3804.96,0.00,UPI
S0066574,C05466,P00753,ST029,2027-04-18 16:45:00,3,9739.34,0.00,UPI
S0066575,C02065,P00192,ST034,2027-05-11 23:33:00,5,1641.73,0.00,CARD
S0066576,C02327,P00248,ST035,2027-03-10 00:17:00,6,13778.23,0.00,NET_BANKING
S0066577,C01872,P01075,ST008,2027-03-09 10:48:00,1,2558.66,0.00,CARD
S0066578,C03802,P01013,ST012,2027-01-25 19:49:00,4,1465.90,0.15,NET_BANKING
S0066579,C05731,P00231,ST008,2026-09-30 21:20:00,6,4512.73,0.10,UPI
S0066580,C02149,P00153,ST024,2027-01-08 07:01:00,6,5456.59,0.15,COD
S0066581,C01055,P01044,ST042,2026-12-17 00:27:00,8,4429.14,0.15,WALLET
S0066582,C02865,P00173,ST006,2027-03-31 08:00:00,1,2556.28,0.10,UPI
S0066583,C05687,P01165,ST017,2026-12-09 10:00:00,3,161.46,0.05,UPI
S0066584,C05812,P00931,ST018,2026-11-29 14:02:00,2,10365.83,0.00,COD
S0066585,C04261,P01155,ST038,2027-05-31 11:00:00,7,755.78,0.15,UPI
S0066586,C02025,P00755,ST041,2026-09-18 11:03:00,3,13881.05,0.00,UPI
S0066587,C01127,P01053,ST048,2027-01-18 16:37:00,6,54.92,0.00,CARD
S0066588,C05735,P00763,ST031,2027-04-03 22:34:00,5,4853.30,0.05,UPI
S0066589,C05494,P00499,ST029,2027-03-29 15:45:00,5,5291.36,0.00,NET_BANKING
S0066590,C01893,P00495,ST048,2026-12-01 10:59:00,5,105.46,0.10,NET_BANKING
S0066591,C03789,P00461,ST009,2026-10-10 10:17:00,6,9906.46,0.00,NET_BANKING
S0066592,C00071,P00468,ST032,2027-02-18 21:52:00,5,2151.00,0.00,COD
S0066593,C04806,P00365,ST015,2027-02-07 17:23:00,1,14402.02,0.00,NET_BANKING
S0066594,C00244,P00227,ST006,2027-05-10 19:16:00,3,7877.11,0.15,UPI
S0066595,C00242,P00070,ST027,2026-09-16 03:57:00,8,13697.39,0.15,CARD
S0066596,C03292,P00185,ST050,2027-05-17 04:03:00,3,5998.13,0.15,CARD
S0066597,C04693,P00248,ST044,2026-10-07 06:47:00,4,13778.23,0.00,CARD
S0066598,C03668,P01054,ST045,2026-12-06 04:50:00,4,4975.20,0.10,COD
S0066599,C03227,P00613,ST039,2026-12-05 11:46:00,8,10916.90,0.10,WALLET
S0066600,C04265,P00969,ST032,2027-03-16 22:00:00,8,3154.51,0.10,NET_BANKING
S0066601,C02821,P00034,ST009,2027-04-06 22:17:00,5,14038.19,0.15,WALLET
S0066602,C02458,P00218,ST020,2027-02-03 06:21:00,7,7857.30,0.15,UPI
S0066603,C03715,P00100,ST024,2027-02-07 23:09:00,2,2281.28,0.00,NET_BANKING
S0066604,C00232,P00854,ST010,2027-05-05 20:33:00,7,6348.82,0.05,NET_BANKING
S0066605,C04027,P01184,ST028,2027-04-17 10:05:00,1,398.55,0.00,COD
S0066606,C01465,P00101,ST015,2026-11-11 12:44:00,2,8045.20,0.05,NET_BANKING
S0066607,C04760,P00904,ST050,2027-05-29 19:37:00,1,437.50,0.00,WALLET
S0066608,C04100,P00246,ST005,2027-03-10 21:57:00,2,9342.29,0.00,WALLET
S0066609,C00406,P00976,ST015,2026-12-21 12:04:00,3,3815.57,0.05,COD
S0066610,C02405,P00789,ST032,2027-02-02 15:04:00,5,2259.56,0.00,WALLET
S0066611,C02191,P01183,ST022,2026-10-25 11:04:00,3,344.70,0.00,NET_BANKING
S0066612,C02191,P00103,ST012,2026-12-11 05:04:00,3,3719.77,0.15,WALLET
S0066613,C03229,P00276,ST024,2026-10-19 20:51:00,1,6865.96,0.10,NET_BANKING
S0066614,C00914,P00417,ST022,2026-10-04 03:58:00,7,4251.66,0.00,WALLET
S0066615,C04181,P00846,ST030,2027-02-16 01:46:00,2,5378.97,0.00,NET_BANKING
S0066616,C00589,P00195,ST001,2026-09-29 23:32:00,2,10101.96,0.10,WALLET
S0066617,C00834,P01105,ST008,2026-12-24 01:42:00,5,4503.74,0.00,UPI
S0066618,C02986,P00442,ST031,2027-04-25 04:58:00,6,12602.76,0.00,UPI
S0066619,C05352,P00166,ST021,2026-10-27 18:46:00,7,8032.81,0.00,WALLET
S0066620,C05700,P00646,ST008,2027-04-05 21:10:00,5,1788.47,0.10,CARD
S0066621,C02034,P00644,ST027,2026-12-14 11:56:00,4,8264.91,0.00,CARD
S0066622,C00589,P01148,ST044,2026-12-01 07:27:00,7,2660.37,0.00,NET_BANKING
S0066623,C04988,P01049,ST012,2027-03-27 11:04:00,7,553.71,0.10,UPI
S0066624,C03898,P00228,ST031,2027-06-01 20:03:00,2,4532.08,0.00,NET_BANKING
S0066625,C03912,P00054,ST011,2026-11-09 11:41:00,5,6510.78,0.10,UPI
S0066626,C02918,P00195,ST049,2027-03-23 22:29:00,1,10101.96,0.10,CARD
S0066627,C01969,P00569,ST025,2027-05-06 19:53:00,3,11413.80,0.00,NET_BANKING
S0066628,C02113,P00125,ST018,2026-09-18 13:34:00,8,8537.50,0.15,COD
S0066629,C05326,P00708,ST049,2027-05-01 20:50:00,4,605.04,0.15,COD
S0066630,C03283,P00094,ST027,2026-12-07 20:16:00,5,3538.71,0.05,COD
S0066631,C00671,P00824,ST027,2027-05-24 01:17:00,5,5681.80,0.00,NET_BANKING
S0066632,C02857,P00987,ST030,2027-02-11 22:35:00,3,8796.88,0.15,UPI
S0066633,C00990,P00495,ST038,2026-12-19 01:28:00,3,105.46,0.00,CARD
S0066634,C02355,P00957,ST033,2027-01-11 00:22:00,7,13167.89,0.00,COD
S0066635,C01398,P00601,ST048,2026-10-17 16:02:00,5,9389.35,0.10,CARD
S0066636,C04183,P00526,ST029,2026-12-20 21:52:00,6,8424.35,0.10,CARD
S0066637,C03108,P00641,ST039,2027-04-28 09:16:00,4,6765.73,0.05,NET_BANKING
S0066638,C02599,P00434,ST002,2027-04-05 03:30:00,3,11454.78,0.00,WALLET
S0066639,C04428,P01015,ST035,2026-11-14 08:15:00,5,4809.53,0.00,COD
S0066640,C00785,P00195,ST031,2027-01-15 13:37:00,8,10101.96,0.00,CARD
S0066641,C02931,P00421,ST033,2026-09-15 14:21:00,2,9929.53,0.10,WALLET
S0066642,C00720,P00833,ST031,2027-05-15 13:39:00,3,1413.00,0.15,WALLET
S0066643,C05923,P00915,ST035,2026-10-12 19:10:00,6,12880.95,0.00,CARD
S0066644,C03865,P01055,ST040,2027-03-12 09:20:00,7,269.05,0.00,COD
S0066645,C00231,P00467,ST033,2026-12-09 01:45:00,4,8776.36,0.00,NET_BANKING
S0066646,C02720,P00640,ST022,2026-09-27 20:42:00,6,9013.79,0.05,UPI
S0066647,C00557,P00414,ST001,2026-12-30 04:35:00,7,11326.94,0.15,UPI
S0066648,C05564,P00788,ST047,2027-04-29 02:58:00,8,14058.06,0.00,CARD
S0066649,C04467,P01150,ST045,2027-03-10 12:32:00,6,3329.25,0.10,UPI
S0066650,C04922,P00541,ST019,2027-04-01 07:19:00,3,12514.58,0.05,UPI
S0066651,C04274,P00101,ST039,2026-10-16 12:39:00,7,8045.20,0.15,NET_BANKING
S0066652,C03727,P01085,ST018,2026-09-15 23:26:00,4,1219.49,0.10,CARD
S0066653,C04242,P00595,ST032,2027-02-01 12:51:00,3,6648.58,0.15,WALLET
S0066654,C04843,P00701,ST038,2026-09-25 23:54:00,5,9710.18,0.10,CARD
S0066655,C03980,P00234,ST027,2027-04-06 10:54:00,5,10659.34,0.15,WALLET
S0066656,C05106,P01191,ST010,2027-03-31 09:49:00,2,4266.49,0.05,COD
S0066657,C02062,P00965,ST041,2026-10-09 05:49:00,4,14887.52,0.15,CARD
S0066658,C00651,P00464,ST040,2026-12-06 14:45:00,5,6498.78,0.15,NET_BANKING
S0066659,C00387,P00674,ST014,2027-04-11 11:45:00,7,12623.07,0.10,UPI
S0066660,C01826,P01163,ST016,2026-11-11 15:33:00,3,2269.49,0.10,UPI
S0066661,C01366,P00566,ST018,2027-04-27 23:38:00,7,9094.95,0.15,CARD
S0066662,C00673,P00226,ST029,2027-04-30 13:39:00,7,14378.99,0.10,CARD
S0066663,C04658,P00682,ST023,2027-03-30 14:13:00,3,14995.19,0.00,UPI
S0066664,C01865,P01184,ST031,2026-12-01 22:12:00,2,1481.44,0.00,CARD
S0066665,C00489,P00603,ST046,2027-03-29 21:12:00,4,7723.35,0.00,COD
S0066666,C04364,P00405,ST030,2027-01-27 22:29:00,8,11768.32,0.05,COD
S0066667,C01490,P01099,ST047,2026-11-22 04:48:00,6,4378.93,0.05,CARD
S0066668,C02724,P00711,ST006,2027-01-08 06:03:00,4,6883.58,0.15,UPI
S0066669,C01495,P01141,ST044,2027-01-04 16:52:00,5,3688.01,0.00,NET_BANKING
S0066670,C03004,P00839,ST013,2027-01-03 00:20:00,4,14909.42,0.05,UPI
S0066671,C04450,P00990,ST045,2026-09-15 09:04:00,2,1411.89,0.15,COD
S0066672,C01838,P00384,ST048,2027-02-03 08:07:00,1,2659.04,0.00,CARD
S0066673,C00054,P01044,ST021,2026-11-04 23:51:00,5,2288.06,0.10,UPI
S0066674,C00547,P00369,ST024,2026-11-16 13:42:00,3,2410.82,0.05,UPI
S0066675,C05186,P00146,ST023,2026-12-19 22:21:00,3,1016.88,0.10,WALLET
S0066676,C01607,P01132,ST048,2027-05-17 13:30:00,1,3230.36,0.00,WALLET
S0066677,C01653,P00387,ST040,2027-02-16 23:52:00,4,9454.62,0.05,UPI
S0066678,C00580,P00803,ST015,2027-02-06 17:10:00,1,4458.92,0.10,NET_BANKING
S0066679,C05706,P00082,ST029,2027-02-09 02:07:00,3,3347.34,0.05,UPI
S0066680,C03516,P00890,ST030,2026-09-30 21:31:00,6,2569.54,0.00,COD
S0066681,C05207,P01169,ST005,2027-01-21 12:01:00,3,2448.24,0.10,NET_BANKING
S0066682,C01265,P00636,ST048,2027-05-30 18:32:00,8,12658.75,0.05,NET_BANKING
S0066683,C05842,P00624,ST049,2027-05-09 03:53:00,5,10459.90,0.15,UPI
S0066684,C00808,P00429,ST034,2027-05-05 10:55:00,3,8780.62,0.15,UPI
S0066685,C05337,P00829,ST002,2026-11-26 23:35:00,4,5882.19,0.05,CARD
S0066686,C03831,P00014,ST027,2027-03-25 08:34:00,1,9230.95,0.15,UPI
S0066687,C03949,P00329,ST013,2026-11-25 13:23:00,7,1364.47,0.10,NET_BANKING
S0066688,C05393,P00978,ST023,2027-03-29 20:14:00,8,12166.54,0.05,UPI
S0066689,C04966,P00300,ST012,2027-03-14 21:42:00,8,14429.61,0.15,UPI
S0066690,C02628,P00807,ST013,2027-05-28 22:58:00,4,3804.96,0.10,CARD
S0066691,C01005,P01110,ST047,2026-12-24 06:14:00,5,3848.86,0.15,CARD
S0066692,C05810,P01088,ST005,2027-05-30 13:58:00,1,1297.53,0.15,COD
S0066693,C01715,P00288,ST027,2027-03-19 07:01:00,1,8330.78,0.10,WALLET
S0066694,C02727,P00096,ST011,2027-04-13 17:50:00,1,891.62,0.10,UPI
S0066695,C01156,P00647,ST029,2026-11-05 22:03:00,1,8946.93,0.05,COD
S0066696,C03689,P01121,ST050,2027-02-07 06:04:00,3,3264.59,0.00,CARD
S0066697,C02656,P01108,ST004,2027-01-08 18:12:00,6,2761.29,0.00,NET_BANKING
S0066698,C02172,P00047,ST012,2026-10-08 11:32:00,6,4471.06,0.00,NET_BANKING
S0066699,C05095,P01014,ST014,2027-04-02 22:23:00,8,3887.43,0.10,NET_BANKING
S0066700,C01183,P00931,ST005,2027-01-04 06:12:00,6,10365.83,0.00,CARD
S0066701,C05331,P00843,ST029,2027-02-23 18:49:00,5,13366.08,0.15,UPI
S0066702,C03531,P00097,ST023,2026-12-20 14:37:00,8,9879.74,0.00,NET_BANKING
S0066703,C01018,P00493,ST039,2026-09-24 00:37:00,4,10898.38,0.05,WALLET
S0066704,C00566,P00542,ST023,2027-02-28 01:07:00,3,13862.55,0.15,WALLET
S0066705,C01300,P00672,ST001,2027-02-12 23:03:00,1,7478.34,0.10,COD
S0066706,C04624,P00629,ST038,2027-02-20 12:45:00,1,11585.25,0.05,WALLET
S0066707,C01813,P00703,ST031,2026-12-25 03:40:00,1,578.72,0.15,CARD
S0066708,C03223,P00124,ST019,2027-04-16 22:10:00,2,9023.03,0.05,UPI
S0066709,C00435,P00575,ST007,2026-11-27 22:08:00,6,10494.08,0.15,COD
S0066710,C03482,P01038,ST028,2027-04-14 06:31:00,2,530.32,0.15,COD
S0066711,C03803,P00182,ST011,2027-02-24 02:20:00,8,11258.08,0.00,UPI
S0066712,C03173,P00649,ST019,2027-02-22 07:24:00,7,9552.52,0.05,NET_BANKING
S0066713,C00213,P01092,ST030,2027-03-25 20:49:00,7,4088.37,0.15,WALLET
S0066714,C05173,P00016,ST002,2026-11-03 23:45:00,6,9646.46,0.00,COD
S0066715,C03979,P00218,ST004,2027-02-21 08:27:00,2,7857.30,0.15,CARD
S0066716,C01047,P00736,ST007,2027-02-23 18:44:00,6,10626.28,0.05,WALLET
S0066717,C04890,P00831,ST035,2026-12-22 03:15:00,8,4958.66,0.05,WALLET
S0066718,C04434,P00472,ST022,2026-10-26 00:36:00,2,13031.18,0.05,WALLET
S0066719,C02474,P01093,ST031,2027-04-11 23:32:00,1,4967.81,0.10,WALLET
S0066720,C05853,P00684,ST018,2027-05-15 02:00:00,5,9364.88,0.00,NET_BANKING
S0066721,C02686,P00221,ST037,2026-10-26 16:43:00,7,7251.17,0.05,WALLET
S0066722,C05887,P00674,ST015,2026-11-29 10:20:00,4,12623.07,0.10,UPI
S0066723,C00868,P00817,ST008,2027-03-15 02:23:00,2,11269.31,0.15,COD
S0066724,C01209,P00120,ST001,2027-03-21 17:11:00,2,2796.10,0.05,COD
S0066725,C03155,P00966,ST025,2027-02-19 06:20:00,2,14692.30,0.00,COD
S0066726,C03849,P00114,ST012,2027-05-14 20:49:00,1,1848.49,0.15,UPI
S0066727,C05646,P00462,ST038,2027-04-30 07:37:00,4,3972.80,0.15,CARD
S0066728,C04367,P00489,ST046,2027-05-13 07:32:00,2,12272.05,0.10,CARD
S0066729,C02892,P00752,ST033,2027-05-18 02:16:00,3,10993.54,0.10,COD
S0066730,C00070,P00575,ST021,2027-03-05 17:57:00,4,10494.08,0.00,NET_BANKING
S0066731,C03681,P00742,ST040,2026-12-08 04:57:00,2,7019.87,0.00,UPI
S0066732,C04784,P00456,ST036,2027-02-17 23:44:00,6,2960.04,0.00,NET_BANKING
S0066733,C01532,P01058,ST013,2027-05-11 19:03:00,5,1936.66,0.00,UPI
S0066734,C01535,P00694,ST046,2027-03-29 02:06:00,7,11037.40,0.10,COD
S0066735,C01182,P01018,ST049,2027-04-14 11:26:00,2,3224.92,0.05,NET_BANKING
S0066736,C05448,P00146,ST049,2027-05-12 03:37:00,5,1016.88,0.00,WALLET
S0066737,C04026,P00077,ST010,2026-09-29 08:16:00,8,5411.25,0.00,NET_BANKING
S0066738,C03392,P01071,ST014,2026-12-02 02:03:00,4,2932.30,0.15,UPI
S0066739,C05498,P00567,ST046,2027-03-03 10:55:00,4,2522.97,0.00,COD
S0066740,C03294,P00450,ST032,2027-03-04 08:52:00,1,11985.09,0.10,UPI
S0066741,C04834,P00753,ST010,2027-03-25 13:40:00,2,9739.34,0.00,COD
S0066742,C01320,P01131,ST028,2027-01-14 16:31:00,5,2702.45,0.15,CARD
S0066743,C05679,P00679,ST006,2026-12-14 01:07:00,1,10688.41,0.10,UPI
S0066744,C01459,P01095,ST036,2027-02-19 22:17:00,3,2908.43,0.05,WALLET
S0066745,C01994,P00194,ST019,2027-03-26 13:48:00,6,4680.85,0.00,CARD
S0066746,C02941,P00652,ST047,2027-02-09 00:39:00,6,7213.51,0.00,CARD
S0066747,C01602,P00806,ST023,2027-04-06 00:22:00,1,10445.92,0.15,UPI
S0066748,C02499,P00239,ST014,2026-09-22 21:48:00,5,2668.52,0.10,NET_BANKING
S0066749,C04373,P00353,ST021,2027-04-11 03:00:00,2,10161.42,0.00,CARD
S0066750,C01664,P00314,ST017,2027-03-10 22:59:00,5,1767.09,0.05,UPI
S0066751,C00231,P00627,ST010,2026-12-27 04:20:00,1,12769.96,0.00,COD
S0066752,C03674,P00300,ST021,2026-11-30 20:21:00,3,14429.61,0.00,NET_BANKING
S0066753,C02837,P00062,ST009,2027-04-06 10:31:00,5,6290.18,0.00,UPI
S0066754,C00390,P00147,ST013,2027-02-05 12:58:00,3,8610.17,0.00,CARD
S0066755,C05120,P00442,ST013,2026-09-22 05:51:00,3,12602.76,0.15,CARD
S0066756,C03154,P00309,ST001,2026-12-15 08:33:00,1,9944.41,0.00,UPI
S0066757,C05754,P00143,ST031,2027-05-07 01:27:00,7,7704.38,0.15,NET_BANKING
S0066758,C02347,P00660,ST023,2026-12-14 15:44:00,2,7080.45,0.05,CARD
S0066759,C00272,P00816,ST027,2026-12-31 00:31:00,1,12563.10,0.10,UPI
S0066760,C03478,P00711,ST007,2026-09-27 17:55:00,6,6883.58,0.15,CARD
S0066761,C05230,P01087,ST038,2027-05-28 08:21:00,6,109.73,0.00,CARD
S0066762,C02183,P00084,ST037,2027-05-08 08:08:00,7,9370.43,0.00,CARD
S0066763,C03123,P00910,ST047,2027-01-24 14:53:00,3,1660.00,0.05,WALLET
S0066764,C04551,P00146,ST047,2027-02-01 23:30:00,4,1016.88,0.10,CARD
S0066765,C05198,P00505,ST034,2027-03-31 08:15:00,1,13158.37,0.00,WALLET
S0066766,C00980,P00898,ST012,2026-12-04 09:48:00,8,1340.84,0.00,COD
S0066767,C05522,P00101,ST014,2027-03-31 06:57:00,8,8045.20,0.00,WALLET
S0066768,C04634,P00001,ST001,2026-10-14 09:06:00,4,14748.70,0.05,COD
S0066769,C02155,P00236,ST019,2027-04-10 23:04:00,3,10256.02,0.15,NET_BANKING
S0066770,C00883,P00337,ST029,2027-03-01 07:09:00,6,14544.49,0.10,CARD
S0066771,C00385,P00259,ST004,2027-05-27 10:25:00,1,5808.51,0.15,CARD
S0066772,C01776,P00738,ST015,2026-12-16 08:05:00,6,14125.52,0.10,WALLET
S0066773,C03471,P00935,ST050,2027-02-17 16:08:00,4,12673.48,0.00,WALLET
S0066774,C02456,P00202,ST021,2026-11-06 08:20:00,4,13459.06,0.10,WALLET
S0066775,C02833,P00716,ST035,2026-11-01 12:09:00,6,3403.75,0.00,WALLET
S0066776,C05965,P01102,ST013,2026-11-11 05:53:00,1,2601.17,0.15,NET_BANKING
S0066777,C00391,P00476,ST002,2027-03-17 18:50:00,2,10059.57,0.05,COD
S0066778,C04880,P00638,ST004,2026-10-11 13:49:00,3,8964.05,0.05,COD
S0066779,C04527,P00493,ST013,2027-05-21 08:10:00,8,10898.38,0.10,NET_BANKING
S0066780,C00724,P00620,ST016,2026-12-20 14:33:00,4,1987.43,0.00,WALLET
S0066781,C02315,P00725,ST032,2027-01-09 00:52:00,3,5516.84,0.00,NET_BANKING
S0066782,C00319,P00142,ST043,2027-03-18 05:20:00,4,3934.33,0.00,UPI
S0066783,C03457,P00109,ST047,2027-04-17 11:37:00,7,9560.87,0.00,WALLET
S0066784,C02517,P00422,ST048,2027-05-31 14:24:00,3,8067.73,0.05,UPI
S0066785,C04501,P00895,ST049,2026-11-19 13:41:00,5,8765.77,0.00,COD
S0066786,C04176,P01161,ST043,2027-01-02 01:46:00,8,443.39,0.10,COD
S0066787,C02836,P00821,ST048,2027-02-19 17:57:00,6,7398.56,0.00,WALLET
S0066788,C05920,P00460,ST043,2027-01-13 10:49:00,8,11166.19,0.00,CARD
S0066789,C03337,P00374,ST007,2026-10-26 22:19:00,8,688.46,0.15,NET_BANKING
S0066790,C04213,P00607,ST004,2027-04-13 14:35:00,2,9830.20,0.10,NET_BANKING
S0066791,C00614,P01156,ST019,2027-02-03 09:16:00,3,2929.91,0.10,COD
S0066792,C00489,P00127,ST004,2027-02-19 19:08:00,5,11914.83,0.00,COD
S0066793,C04336,P00617,ST038,2027-03-20 05:15:00,7,11028.99,0.00,CARD
S0066794,C02823,P01013,ST033,2026-11-16 05:57:00,5,4770.25,0.10,WALLET
S0066795,C00749,P00715,ST013,2026-12-24 13:12:00,3,9749.53,0.00,CARD
S0066796,C04187,P00901,ST018,2027-05-08 06:26:00,6,11518.70,0.00,WALLET
S0066797,C01224,P01197,ST009,2027-04-01 23:46:00,8,367.00,0.00,NET_BANKING
S0066798,C03836,P00446,ST039,2027-03-21 16:08:00,7,14903.24,0.15,UPI
S0066799,C02241,P00971,ST003,2026-11-24 10:53:00,3,9483.16,0.00,CARD
S0066800,C01845,P00111,ST035,2027-04-30 06:06:00,4,7353.74,0.15,NET_BANKING
S0066801,C00527,P00788,ST010,2027-05-31 07:54:00,1,14058.06,0.00,COD
S0066802,C02841,P01060,ST014,2026-11-02 18:51:00,2,1416.02,0.00,UPI
S0066803,C04537,P00662,ST004,2027-04-29 11:26:00,2,6965.19,0.05,CARD
S0066804,C00532,P00715,ST043,2027-02-15 08:33:00,3,9749.53,0.00,WALLET
S0066805,C05248,P00237,ST036,2027-05-10 23:34:00,5,5637.77,0.00,WALLET
S0066806,C05768,P00755,ST038,2027-01-10 14:02:00,1,13881.05,0.10,UPI
S0066807,C04437,P00997,ST019,2027-04-16 09:39:00,4,2288.79,0.00,NET_BANKING
S0066808,C01657,P00639,ST004,2026-11-15 21:09:00,8,5321.74,0.10,UPI
S0066809,C03933,P01055,ST009,2026-12-03 08:01:00,3,3221.44,0.00,WALLET
S0066810,C01638,P01092,ST046,2026-11-01 00:14:00,4,3391.29,0.00,UPI
S0066811,C02046,P00512,ST005,2026-12-05 09:02:00,8,11395.40,0.00,NET_BANKING
S0066812,C04347,P00866,ST025,2027-05-10 18:02:00,3,7507.05,0.10,CARD
S0066813,C00098,P00599,ST041,2027-03-23 21:26:00,8,1086.85,0.00,COD
S0066814,C01038,P00930,ST027,2027-05-14 00:37:00,4,3721.19,0.10,CARD
S0066815,C05914,P00394,ST020,2027-05-26 10:12:00,1,12895.03,0.10,NET_BANKING
S0066816,C03029,P00364,ST011,2027-04-14 04:51:00,8,12302.90,0.00,NET_BANKING
S0066817,C03333,P00549,ST041,2027-01-25 07:51:00,1,8615.76,0.10,CARD
S0066818,C02357,P00712,ST029,2027-04-09 00:23:00,8,2775.71,0.10,WALLET
S0066819,C05711,P00562,ST030,2027-04-22 04:34:00,6,10013.06,0.05,UPI
S0066820,C05620,P00367,ST017,2026-11-29 07:23:00,3,13780.17,0.05,WALLET
S0066821,C00795,P00380,ST027,2026-10-10 13:37:00,7,10594.68,0.00,NET_BANKING
S0066822,C00658,P00470,ST041,2027-04-12 05:09:00,7,2213.98,0.05,NET_BANKING
S0066823,C02665,P00512,ST017,2027-01-29 02:13:00,1,11395.40,0.00,WALLET
S0066824,C02657,P00906,ST018,2027-01-17 22:11:00,1,12896.50,0.00,UPI
S0066825,C05333,P00842,ST028,2026-12-13 11:08:00,6,12208.32,0.00,UPI
S0066826,C00568,P01074,ST017,2027-05-17 09:29:00,3,2530.86,0.00,COD
S0066827,C05971,P00776,ST048,2027-02-12 15:46:00,6,571.16,0.05,NET_BANKING
S0066828,C00797,P00034,ST047,2027-02-25 04:20:00,3,14038.19,0.10,NET_BANKING
S0066829,C05973,P00064,ST020,2026-11-19 17:05:00,4,9773.23,0.10,COD
S0066830,C04597,P00534,ST008,2026-11-01 03:20:00,7,5928.36,0.10,CARD
S0066831,C05259,P00540,ST012,2027-04-15 06:21:00,3,8768.71,0.05,COD
S0066832,C01294,P00480,ST049,2027-03-05 17:32:00,7,2188.07,0.05,NET_BANKING
S0066833,C01843,P00520,ST030,2027-05-18 12:54:00,7,9276.97,0.05,COD
S0066834,C02470,P00812,ST036,2027-01-18 09:17:00,7,13449.06,0.00,COD
S0066835,C05503,P01036,ST046,2027-01-25 13:05:00,5,124.79,0.15,COD
S0066836,C04659,P00654,ST044,2027-03-03 19:19:00,6,12742.05,0.00,CARD
S0066837,C02488,P00512,ST001,2026-12-13 09:48:00,5,11395.40,0.00,NET_BANKING
S0066838,C00783,P00078,ST030,2026-10-12 05:35:00,5,6017.13,0.15,NET_BANKING
S0066839,C03837,P00686,ST039,2026-11-11 10:19:00,5,1168.81,0.05,WALLET
S0066840,C02947,P00186,ST036,2026-11-20 04:11:00,5,5509.22,0.10,UPI
S0066841,C05601,P00944,ST002,2027-04-14 20:48:00,4,13637.69,0.15,COD
S0066842,C03563,P00584,ST012,2027-05-06 10:00:00,8,1058.35,0.00,UPI
S0066843,C00742,P00078,ST017,2026-11-27 12:18:00,8,6017.13,0.10,UPI
S0066844,C02030,P00391,ST020,2026-10-14 06:05:00,7,3490.76,0.10,COD
S0066845,C01082,P00109,ST048,2027-03-28 07:46:00,3,9560.87,0.00,COD
S0066846,C05313,P00483,ST046,2027-01-25 01:46:00,5,7759.25,0.00,COD
S0066847,C02033,P00291,ST013,2026-12-31 07:16:00,5,3274.34,0.10,COD
S0066848,C01227,P00013,ST021,2026-11-03 22:23:00,2,6028.43,0.05,COD
S0066849,C04529,P01165,ST001,2027-05-21 02:20:00,6,1788.35,0.15,CARD
S0066850,C04816,P00449,ST037,2027-04-26 19:40:00,1,4682.35,0.00,CARD
S0066851,C02629,P00517,ST036,2027-04-02 11:19:00,3,13887.99,0.15,UPI
S0066852,C03766,P00544,ST041,2027-03-13 07:27:00,2,6390.78,0.00,CARD
S0066853,C00944,P00645,ST013,2027-03-26 12:04:00,6,11979.98,0.10,UPI
S0066854,C04759,P00226,ST008,2026-12-14 16:36:00,2,14378.99,0.10,CARD
S0066855,C02021,P00430,ST011,2027-01-16 14:03:00,6,5232.86,0.00,COD
S0066856,C04272,P00711,ST048,2027-03-18 03:17:00,5,6883.58,0.00,WALLET
S0066857,C04350,P00629,ST019,2027-02-02 09:25:00,2,11585.25,0.10,CARD
S0066858,C00842,P00668,ST025,2026-10-29 15:52:00,8,9801.28,0.10,UPI
S0066859,C01277,P00292,ST050,2026-09-30 14:53:00,8,387.24,0.05,NET_BANKING
S0066860,C01044,P00406,ST038,2027-04-02 09:19:00,8,1162.78,0.00,COD
S0066861,C02430,P00671,ST025,2026-10-10 12:09:00,8,12833.33,0.10,NET_BANKING
S0066862,C05759,P00917,ST036,2027-05-17 22:39:00,8,12206.45,0.05,COD
S0066863,C04110,P00639,ST014,2027-01-18 11:19:00,6,5321.74,0.00,COD
S0066864,C00320,P00301,ST015,2027-05-25 01:14:00,4,2542.44,0.00,WALLET
S0066865,C03884,P00191,ST006,2026-12-12 12:52:00,6,11697.40,0.15,WALLET
S0066866,C02686,P00930,ST017,2027-03-24 00:55:00,3,3721.19,0.00,UPI
S0066867,C03432,P00519,ST026,2027-05-23 08:13:00,6,3550.37,0.05,COD
S0066868,C05618,P00701,ST001,2027-02-27 10:16:00,7,9710.18,0.00,NET_BANKING
S0066869,C03793,P00052,ST028,2026-09-19 04:27:00,1,6138.64,0.00,COD
S0066870,C02680,P00487,ST042,2027-01-08 19:28:00,8,5449.32,0.00,COD
S0066871,C00655,P01005,ST017,2027-04-03 12:09:00,7,3485.50,0.05,WALLET
S0066872,C03623,P00693,ST030,2027-02-01 15:52:00,3,10171.16,0.15,COD
S0066873,C01598,P00880,ST021,2027-05-25 16:20:00,7,9958.92,0.15,WALLET
S0066874,C01953,P00894,ST010,2027-01-26 10:44:00,6,12465.27,0.00,CARD
S0066875,C02648,P00649,ST017,2026-09-25 09:46:00,2,9552.52,0.00,WALLET
S0066876,C02841,P00655,ST028,2027-03-25 11:19:00,2,8138.00,0.15,NET_BANKING
S0066877,C03158,P00893,ST036,2027-03-09 09:11:00,7,11968.39,0.00,WALLET
S0066878,C05586,P00996,ST025,2026-10-10 02:20:00,4,12724.73,0.05,CARD
S0066879,C04966,P00794,ST030,2027-03-27 02:55:00,7,9152.31,0.15,NET_BANKING
S0066880,C03498,P00018,ST006,2026-09-20 04:20:00,5,10580.36,0.10,NET_BANKING
S0066881,C04154,P00544,ST039,2027-04-04 05:23:00,6,6390.78,0.05,UPI
S0066882,C02550,P00930,ST017,2026-10-10 10:01:00,1,3721.19,0.10,COD
S0066883,C01252,P01016,ST017,2027-04-30 06:07:00,3,1697.42,0.05,WALLET
S0066884,C01613,P00360,ST050,2027-04-26 03:16:00,4,8928.80,0.05,COD
S0066885,C04247,P00265,ST017,2027-01-03 19:41:00,2,11238.83,0.00,CARD
S0066886,C03848,P00851,ST036,2026-10-06 01:19:00,3,10520.35,0.05,CARD
S0066887,C03099,P00345,ST048,2027-04-01 19:10:00,6,1997.78,0.10,COD
S0066888,C00325,P00110,ST006,2027-03-10 03:40:00,3,11820.01,0.15,NET_BANKING
S0066889,C03893,P00215,ST037,2027-05-12 03:49:00,8,3285.00,0.00,UPI
S0066890,C04319,P00541,ST024,2027-05-22 19:16:00,6,12514.58,0.15,UPI
S0066891,C03195,P01042,ST019,2027-05-06 23:45:00,6,359.44,0.15,UPI
S0066892,C05383,P01200,ST009,2026-11-05 07:27:00,7,1487.13,0.15,NET_BANKING
S0066893,C04112,P01102,ST018,2027-05-15 07:31:00,5,166.93,0.00,COD
S0066894,C01885,P00694,ST043,2026-11-17 20:32:00,7,11037.40,0.15,UPI
S0066895,C01502,P00333,ST005,2027-05-02 03:16:00,5,1647.52,0.00,COD
S0066896,C04367,P00142,ST028,2026-11-09 21:12:00,1,3934.33,0.00,WALLET
S0066897,C00457,P00828,ST035,2027-05-18 12:18:00,3,6520.23,0.15,COD
S0066898,C00312,P00261,ST010,2026-09-22 07:15:00,2,6561.97,0.00,COD
S0066899,C04681,P00791,ST049,2027-04-27 18:32:00,3,5011.64,0.05,COD
S0066900,C03389,P00495,ST037,2027-04-18 09:51:00,1,105.46,0.00,COD
S0066901,C04461,P01144,ST009,2026-10-30 04:22:00,2,4437.53,0.00,WALLET
S0066902,C05200,P00822,ST048,2027-04-28 21:30:00,3,11979.30,0.15,COD
S0066903,C03141,P00804,ST039,2026-10-11 22:38:00,7,13775.11,0.00,UPI
S0066904,C00226,P00573,ST024,2026-09-24 10:45:00,1,7520.25,0.15,COD
S0066905,C04417,P00665,ST011,2027-03-24 11:21:00,6,13897.47,0.00,COD
S0066906,C02859,P00779,ST001,2026-12-25 09:37:00,1,9277.18,0.00,NET_BANKING
S0066907,C02219,P00597,ST018,2027-05-27 13:23:00,2,148.42,0.00,COD
S0066908,C02174,P00230,ST014,2027-02-28 12:26:00,4,9832.40,0.00,NET_BANKING
S0066909,C01408,P00686,ST025,2026-12-08 17:51:00,8,1168.81,0.05,NET_BANKING
S0066910,C04643,P00844,ST013,2027-02-01 06:02:00,2,12073.09,0.10,NET_BANKING
S0066911,C04989,P00356,ST016,2027-05-09 06:50:00,6,6310.49,0.15,WALLET
S0066912,C00067,P01004,ST034,2026-09-19 14:27:00,7,324.86,0.10,NET_BANKING
S0066913,C04878,P01050,ST001,2027-03-26 10:20:00,4,3704.63,0.00,WALLET
S0066914,C00704,P00659,ST042,2027-03-16 04:24:00,3,3678.56,0.15,NET_BANKING
S0066915,C04603,P00984,ST036,2027-01-26 07:53:00,2,7532.32,0.15,COD
S0066916,C02941,P00322,ST048,2027-03-31 13:26:00,1,7023.69,0.00,UPI
S0066917,C03667,P00205,ST006,2027-04-25 20:16:00,4,2535.39,0.10,WALLET
S0066918,C01864,P00528,ST018,2026-11-23 14:06:00,8,12190.45,0.15,CARD
S0066919,C05886,P00985,ST043,2027-05-01 00:59:00,7,12971.94,0.15,CARD
S0066920,C00831,P00733,ST037,2026-11-26 06:45:00,4,7733.54,0.10,CARD
S0066921,C00353,P00697,ST010,2027-04-19 20:16:00,7,10439.87,0.10,CARD
S0066922,C05670,P00153,ST013,2027-05-18 10:38:00,8,5456.59,0.00,CARD
S0066923,C03905,P00643,ST005,2027-02-13 10:12:00,7,13117.03,0.15,WALLET
S0066924,C01121,P00023,ST032,2027-01-20 18:03:00,7,8298.86,0.00,WALLET
S0066925,C00813,P00788,ST019,2027-05-13 00:32:00,7,14058.06,0.10,NET_BANKING
S0066926,C00671,P00987,ST034,2026-10-13 22:06:00,7,8796.88,0.00,WALLET
S0066927,C00660,P00376,ST011,2027-02-11 16:57:00,3,6826.58,0.00,WALLET
S0066928,C05153,P00666,ST042,2027-03-07 16:46:00,1,12463.65,0.15,CARD
S0066929,C01540,P01140,ST023,2027-04-23 05:53:00,5,4561.52,0.00,NET_BANKING
S0066930,C02270,P00670,ST009,2027-05-02 00:17:00,1,12195.01,0.15,WALLET
S0066931,C00998,P00323,ST020,2027-04-10 20:45:00,4,2608.20,0.10,CARD
S0066932,C05946,P00397,ST012,2027-04-20 11:58:00,3,12844.97,0.10,CARD
S0066933,C03109,P00865,ST046,2027-04-10 09:22:00,8,8660.01,0.15,WALLET
S0066934,C01543,P01098,ST005,2026-11-24 12:58:00,5,3010.57,0.10,WALLET
S0066935,C00619,P01176,ST022,2027-05-08 10:30:00,4,3700.69,0.15,NET_BANKING
S0066936,C00828,P00861,ST021,2027-01-27 04:34:00,5,3963.47,0.15,COD
S0066937,C04585,P00082,ST022,2027-02-06 04:29:00,7,3347.34,0.15,NET_BANKING
S0066938,C03753,P00875,ST001,2027-03-30 00:52:00,5,9193.50,0.00,COD
S0066939,C00255,P00614,ST043,2027-02-19 13:45:00,4,71.45,0.10,COD
S0066940,C02166,P00228,ST033,2026-11-22 03:38:00,1,4532.08,0.15,COD
S0066941,C03909,P00630,ST045,2026-12-03 19:53:00,3,12265.22,0.05,WALLET
S0066942,C01318,P00836,ST046,2026-12-14 01:42:00,2,8199.84,0.10,UPI
S0066943,C04486,P00031,ST029,2026-12-03 04:11:00,4,13784.17,0.00,COD
S0066944,C05214,P01054,ST015,2027-02-05 15:55:00,6,162.85,0.00,UPI
S0066945,C05070,P00391,ST003,2026-12-11 13:39:00,1,3490.76,0.15,UPI
S0066946,C02310,P00318,ST012,2027-03-23 22:49:00,8,10232.53,0.00,UPI
S0066947,C01470,P01188,ST040,2027-03-11 20:47:00,8,4674.23,0.10,CARD
S0066948,C05761,P01176,ST007,2027-02-27 20:21:00,3,1549.31,0.00,COD
S0066949,C02837,P00333,ST022,2026-11-25 08:35:00,6,1647.52,0.05,WALLET
S0066950,C05724,P00896,ST030,2027-01-23 18:51:00,2,9136.34,0.00,WALLET
S0066951,C05695,P01114,ST007,2027-01-14 13:12:00,6,3177.84,0.10,UPI
S0066952,C04413,P00468,ST026,2027-05-14 22:41:00,5,2151.00,0.10,WALLET
S0066953,C01082,P00538,ST042,2026-10-11 22:44:00,2,12711.98,0.10,CARD
S0066954,C05311,P00197,ST005,2027-04-04 21:16:00,4,14262.88,0.00,NET_BANKING
S0066955,C01243,P00255,ST025,2026-10-22 17:37:00,7,6191.54,0.10,NET_BANKING
S0066956,C01694,P00964,ST017,2027-03-30 11:16:00,4,5344.88,0.00,UPI
S0066957,C04426,P00953,ST038,2026-12-06 20:41:00,4,11654.98,0.00,WALLET
S0066958,C05516,P00842,ST045,2027-04-17 16:33:00,2,12208.32,0.15,NET_BANKING
S0066959,C02086,P00284,ST006,2027-03-21 19:32:00,3,7052.39,0.00,COD
S0066960,C03260,P00696,ST015,2027-04-24 14:40:00,4,444.90,0.10,CARD
S0066961,C04414,P00396,ST008,2027-04-14 02:54:00,4,1114.54,0.00,UPI
S0066962,C02583,P00035,ST020,2027-01-23 17:46:00,1,1827.96,0.10,NET_BANKING
S0066963,C02337,P00384,ST046,2026-12-05 15:08:00,7,2659.04,0.10,NET_BANKING
S0066964,C00835,P00497,ST018,2026-12-24 12:44:00,1,9469.60,0.15,CARD
S0066965,C02184,P01162,ST006,2027-05-23 22:25:00,7,4870.76,0.00,UPI
S0066966,C02293,P00723,ST033,2026-12-13 04:35:00,2,11150.41,0.00,CARD
S0066967,C01645,P00216,ST042,2027-04-01 00:36:00,3,1540.77,0.00,WALLET
S0066968,C03912,P01047,ST041,2026-09-24 18:38:00,4,805.74,0.15,COD
S0066969,C03471,P01017,ST019,2026-11-04 20:54:00,5,3004.38,0.00,UPI
S0066970,C04004,P01121,ST039,2027-03-12 07:30:00,3,669.61,0.00,COD
S0066971,C04483,P00265,ST013,2026-12-27 20:55:00,1,11238.83,0.05,UPI
S0066972,C04883,P01048,ST035,2026-12-30 01:25:00,5,3292.73,0.05,NET_BANKING
S0066973,C03941,P01052,ST040,2026-12-04 16:14:00,2,2694.03,0.15,WALLET
S0066974,C03197,P00221,ST022,2026-11-15 21:18:00,8,7251.17,0.15,CARD
S0066975,C03721,P00340,ST026,2027-02-22 16:46:00,6,13721.56,0.05,NET_BANKING
S0066976,C05014,P00384,ST047,2026-09-20 17:54:00,4,2659.04,0.10,UPI
S0066977,C00312,P00610,ST045,2027-03-16 17:16:00,3,2166.11,0.05,NET_BANKING
S0066978,C02210,P00076,ST036,2026-11-06 03:09:00,5,2643.86,0.15,UPI
S0066979,C05894,P00757,ST020,2027-02-06 04:53:00,1,226.72,0.00,NET_BANKING
S0066980,C00412,P00091,ST021,2027-02-05 11:55:00,3,11974.70,0.15,NET_BANKING
S0066981,C05126,P00164,ST030,2026-09-28 11:47:00,8,6049.30,0.00,UPI
S0066982,C05840,P00009,ST030,2026-10-26 21:16:00,5,14426.84,0.15,COD
S0066983,C02516,P00809,ST045,2027-05-25 13:58:00,1,7203.83,0.15,WALLET
S0066984,C00741,P00266,ST026,2027-05-31 11:37:00,1,13447.25,0.05,CARD
S0066985,C00979,P00729,ST027,2027-04-26 04:36:00,8,5458.72,0.00,COD
S0066986,C05612,P00020,ST019,2027-05-01 14:38:00,7,1547.18,0.10,WALLET
S0066987,C05416,P00325,ST029,2027-01-10 01:59:00,2,878.26,0.15,COD
S0066988,C00514,P00269,ST009,2026-10-11 09:36:00,8,1436.31,0.00,UPI
S0066989,C04758,P00218,ST046,2026-10-13 19:44:00,2,7857.30,0.00,COD
S0066990,C00534,P00630,ST010,2026-09-27 08:28:00,4,12265.22,0.00,COD
S0066991,C05612,P00814,ST039,2026-09-17 14:51:00,6,1576.96,0.15,COD
S0066992,C05812,P01092,ST045,2027-02-16 16:28:00,8,1878.53,0.05,CARD
S0066993,C04046,P00236,ST013,2027-01-31 01:51:00,3,10256.02,0.15,COD
S0066994,C00061,P00239,ST049,2027-01-28 19:30:00,4,2668.52,0.10,COD
S0066995,C00072,P01013,ST047,2027-01-18 09:31:00,2,2209.02,0.00,UPI
S0066996,C05323,P00121,ST003,2027-03-23 13:48:00,5,612.71,0.10,CARD
S0066997,C05487,P01046,ST042,2027-03-24 11:27:00,5,612.50,0.10,CARD
S0066998,C02238,P00439,ST002,2027-03-11 02:57:00,4,11875.56,0.10,CARD
S0066999,C05066,P00692,ST032,2027-02-10 17:47:00,2,3776.76,0.10,COD
S0067000,C02554,P00904,ST034,2026-09-22 12:06:00,1,437.50,0.15,NET_BANKING
S0067001,C03131,P00835,ST048,2026-10-25 09:29:00,8,14703.43,0.05,COD
S0067002,C05609,P00267,ST048,2027-05-12 10:31:00,8,4567.81,0.00,CARD
S0067003,C04942,P00655,ST036,2027-05-31 23:12:00,5,8138.00,0.00,WALLET
S0067004,C03568,P00763,ST009,2026-12-30 08:17:00,3,4853.30,0.05,CARD
S0067005,C03069,P00900,ST032,2026-12-27 17:18:00,6,10665.28,0.15,NET_BANKING
S0067006,C02584,P00633,ST009,2027-01-12 15:12:00,1,8834.04,0.15,COD
S0067007,C04318,P00459,ST006,2026-12-24 12:53:00,1,608.46,0.10,CARD
S0067008,C01150,P01123,ST031,2026-10-10 10:25:00,8,4733.04,0.10,UPI
S0067009,C02836,P00621,ST045,2026-10-09 15:05:00,1,12280.84,0.00,UPI
S0067010,C02149,P00889,ST038,2026-11-01 10:19:00,5,10263.87,0.05,COD
S0067011,C01305,P01179,ST013,2026-09-30 18:14:00,3,547.66,0.15,NET_BANKING
S0067012,C00080,P00421,ST044,2027-03-01 03:06:00,6,9929.53,0.05,CARD
S0067013,C03309,P00368,ST004,2027-02-07 15:36:00,6,14776.53,0.15,UPI
S0067014,C02850,P00139,ST040,2027-01-31 14:42:00,8,13296.70,0.10,UPI
S0067015,C02344,P01065,ST003,2027-01-02 15:52:00,6,1295.49,0.05,COD
S0067016,C01173,P00467,ST001,2027-02-18 07:57:00,5,8776.36,0.00,COD
S0067017,C05295,P01105,ST034,2027-04-03 20:31:00,3,1170.56,0.00,CARD
S0067018,C01562,P00233,ST017,2026-09-28 13:10:00,4,5834.21,0.05,NET_BANKING
S0067019,C01590,P00486,ST038,2026-12-21 22:50:00,4,10044.32,0.00,UPI
S0067020,C03104,P00601,ST018,2027-03-04 12:02:00,4,9389.35,0.15,COD
S0067021,C05904,P01194,ST017,2027-03-31 04:07:00,3,3462.90,0.05,COD
S0067022,C04790,P00383,ST016,2027-01-04 13:10:00,3,4193.79,0.15,WALLET
S0067023,C01982,P01138,ST011,2027-02-13 12:12:00,6,4619.50,0.05,NET_BANKING
S0067024,C01336,P00890,ST042,2027-01-28 09:26:00,3,2569.54,0.00,CARD
S0067025,C05276,P01153,ST041,2027-05-04 11:40:00,8,1932.47,0.15,COD
S0067026,C04444,P01146,ST011,2026-09-19 22:09:00,7,843.89,0.00,WALLET
S0067027,C00635,P00775,ST042,2026-10-18 00:29:00,7,7767.36,0.05,WALLET
S0067028,C01725,P01085,ST013,2027-01-10 19:42:00,2,1481.77,0.10,UPI
S0067029,C04956,P00407,ST005,2027-03-03 21:52:00,4,6517.00,0.15,CARD
S0067030,C03488,P00036,ST047,2026-10-18 02:00:00,4,9317.16,0.00,NET_BANKING
S0067031,C04670,P00140,ST030,2026-12-17 20:35:00,2,343.17,0.00,WALLET
S0067032,C05262,P00713,ST029,2027-05-26 23:27:00,3,3603.18,0.10,UPI
S0067033,C02075,P00344,ST046,2027-05-18 02:46:00,6,12170.01,0.10,COD
S0067034,C01703,P00469,ST010,2026-12-07 11:03:00,4,12189.67,0.15,WALLET
S0067035,C03588,P00930,ST038,2027-01-26 13:53:00,3,3721.19,0.10,UPI
S0067036,C02466,P00755,ST011,2027-02-22 11:59:00,2,13881.05,0.10,WALLET
S0067037,C03463,P00230,ST016,2026-11-22 18:10:00,3,9832.40,0.15,COD
S0067038,C02492,P00017,ST033,2026-09-16 19:07:00,4,3528.42,0.00,UPI
S0067039,C02676,P00486,ST032,2027-04-25 23:24:00,3,10044.32,0.05,NET_BANKING
S0067040,C00566,P00932,ST040,2026-12-29 19:58:00,3,10233.75,0.15,UPI
S0067041,C01987,P00377,ST041,2026-11-28 19:18:00,1,7573.41,0.15,UPI
S0067042,C03749,P00277,ST024,2027-04-10 17:31:00,6,4475.85,0.15,WALLET
S0067043,C05299,P00606,ST049,2027-03-06 06:37:00,4,2062.87,0.10,CARD
S0067044,C04886,P01118,ST047,2027-05-15 17:48:00,4,506.86,0.00,CARD
S0067045,C03734,P00191,ST014,2027-04-20 13:40:00,1,11697.40,0.00,WALLET
S0067046,C00440,P01146,ST021,2027-05-24 22:30:00,1,2422.32,0.00,COD
S0067047,C04590,P00589,ST002,2026-11-10 16:09:00,6,4410.37,0.05,UPI
S0067048,C05238,P00347,ST028,2026-11-20 11:11:00,6,13728.26,0.00,WALLET
S0067049,C00262,P00988,ST050,2027-02-26 05:03:00,3,6169.02,0.05,UPI
S0067050,C01433,P00026,ST026,2026-12-22 01:57:00,2,3973.71,0.10,COD
S0067051,C04684,P00403,ST040,2027-03-03 11:41:00,2,6512.03,0.10,COD
S0067052,C03351,P00789,ST025,2027-04-29 00:52:00,6,2259.56,0.15,COD
S0067053,C03290,P01169,ST028,2027-02-16 10:32:00,7,2974.22,0.00,COD
S0067054,C00278,P00298,ST048,2027-03-04 19:41:00,8,14106.08,0.00,UPI
S0067055,C00794,P00494,ST040,2026-12-01 22:14:00,4,4019.59,0.00,COD
S0067056,C01108,P01120,ST014,2027-01-08 17:55:00,1,692.35,0.00,NET_BANKING
S0067057,C00002,P01171,ST038,2026-11-16 01:11:00,3,3562.99,0.05,COD
S0067058,C03055,P00122,ST040,2026-11-01 03:15:00,5,9607.56,0.00,WALLET
S0067059,C03342,P00618,ST040,2026-12-19 09:02:00,2,9855.53,0.15,COD
S0067060,C05379,P00645,ST033,2026-11-29 20:07:00,3,11979.98,0.00,WALLET
S0067061,C01075,P00174,ST035,2027-01-13 16:16:00,2,322.73,0.00,CARD
S0067062,C03890,P00712,ST039,2027-01-04 03:09:00,4,2775.71,0.00,COD
S0067063,C05037,P00096,ST042,2026-10-31 14:19:00,4,891.62,0.05,WALLET
S0067064,C03600,P00097,ST007,2027-05-08 16:57:00,2,9879.74,0.05,NET_BANKING
S0067065,C04452,P00614,ST048,2026-09-25 02:09:00,3,71.45,0.10,WALLET
S0067066,C03645,P00585,ST029,2027-03-09 05:58:00,3,4078.01,0.00,WALLET
S0067067,C04392,P00484,ST005,2027-01-26 03:00:00,6,195.13,0.00,WALLET
S0067068,C02157,P00227,ST008,2027-03-16 00:34:00,2,7877.11,0.15,COD
S0067069,C00499,P01025,ST016,2026-10-17 05:37:00,4,2903.17,0.00,COD
S0067070,C01875,P01166,ST029,2027-05-21 07:32:00,3,4793.05,0.10,COD
S0067071,C00693,P01049,ST020,2027-03-29 08:37:00,3,3687.55,0.00,NET_BANKING
S0067072,C02437,P01111,ST013,2026-11-05 16:16:00,2,4377.11,0.05,CARD
S0067073,C05728,P00358,ST031,2026-10-09 08:39:00,5,7269.79,0.05,UPI
S0067074,C01905,P00924,ST021,2027-03-27 22:53:00,6,2977.90,0.10,CARD
S0067075,C01847,P00906,ST012,2027-03-29 15:21:00,2,12896.50,0.10,WALLET
S0067076,C04592,P00639,ST039,2027-05-30 17:02:00,4,5321.74,0.10,WALLET
S0067077,C05982,P00416,ST038,2027-03-17 09:49:00,8,7537.51,0.05,CARD
S0067078,C00754,P00020,ST013,2026-09-29 16:32:00,1,3038.32,0.00,CARD
S0067079,C02255,P00591,ST013,2026-12-20 12:23:00,5,11159.58,0.15,NET_BANKING
S0067080,C04880,P00340,ST006,2027-01-09 10:36:00,6,13721.56,0.15,COD
S0067081,C00488,P01016,ST009,2026-09-23 16:35:00,2,1177.20,0.10,NET_BANKING
S0067082,C01840,P00199,ST047,2027-01-17 00:53:00,8,10119.49,0.00,COD
S0067083,C03640,P01179,ST017,2027-03-31 08:59:00,7,4614.74,0.00,NET_BANKING
S0067084,C03690,P00538,ST036,2026-09-19 15:27:00,8,12711.98,0.05,CARD
S0067085,C00877,P01030,ST016,2027-04-22 11:25:00,7,1932.58,0.00,COD
S0067086,C04567,P01124,ST040,2027-03-24 02:40:00,4,1979.34,0.10,UPI
S0067087,C04899,P00756,ST032,2026-10-01 08:54:00,4,7470.61,0.00,CARD
S0067088,C01981,P00199,ST017,2027-05-07 21:06:00,8,10119.49,0.15,UPI
S0067089,C00512,P00029,ST028,2026-12-06 11:00:00,8,10510.24,0.05,COD
S0067090,C05145,P00563,ST003,2026-09-20 22:06:00,8,2736.29,0.10,CARD
S0067091,C00368,P01111,ST037,2026-11-13 18:28:00,7,1877.53,0.00,NET_BANKING
S0067092,C05770,P01094,ST016,2027-03-26 19:42:00,3,3085.63,0.05,UPI
S0067093,C00986,P00726,ST009,2026-11-28 04:30:00,1,7391.49,0.10,UPI
S0067094,C03368,P00310,ST037,2026-10-08 07:09:00,1,7286.34,0.00,UPI
S0067095,C00681,P00858,ST025,2027-02-25 14:29:00,4,2715.82,0.05,WALLET
S0067096,C05448,P00768,ST017,2026-12-26 08:53:00,5,11814.22,0.10,NET_BANKING
S0067097,C01968,P00386,ST017,2026-12-25 03:41:00,2,344.42,0.05,NET_BANKING
S0067098,C02254,P01192,ST019,2027-03-03 21:06:00,7,1402.37,0.05,NET_BANKING
S0067099,C00500,P00381,ST034,2026-10-16 01:20:00,3,12953.05,0.15,COD
S0067100,C02712,P00824,ST013,2026-10-24 15:20:00,5,5681.80,0.00,NET_BANKING
S0067101,C02229,P01024,ST005,2026-11-07 08:14:00,2,4936.24,0.10,UPI
S0067102,C04777,P01075,ST049,2027-02-12 06:11:00,5,887.59,0.15,CARD
S0067103,C00135,P00177,ST010,2027-04-08 09:55:00,3,5272.03,0.10,WALLET
S0067104,C00351,P00791,ST004,2026-11-16 11:47:00,5,5011.64,0.00,WALLET
S0067105,C03911,P00132,ST008,2027-01-26 06:41:00,4,661.50,0.00,COD
S0067106,C00202,P00312,ST002,2026-10-05 01:44:00,1,5466.28,0.05,COD
S0067107,C03692,P00255,ST034,2027-05-10 01:46:00,7,6191.54,0.00,COD
S0067108,C05136,P00260,ST044,2027-03-14 08:43:00,5,11471.26,0.10,COD
S0067109,C00359,P00706,ST022,2027-02-12 00:17:00,4,2797.24,0.00,UPI
S0067110,C01602,P00363,ST034,2027-01-28 18:04:00,3,7028.08,0.05,COD
S0067111,C00394,P00131,ST019,2027-03-29 16:59:00,4,13217.23,0.10,COD
S0067112,C00069,P01060,ST038,2027-04-18 21:38:00,3,4280.37,0.00,WALLET
S0067113,C02735,P01020,ST010,2027-04-13 01:21:00,8,4423.84,0.15,COD
S0067114,C00929,P00230,ST018,2027-01-16 12:09:00,7,9832.40,0.00,UPI
S0067115,C01653,P01019,ST034,2027-03-06 11:00:00,3,219.20,0.00,COD
S0067116,C00605,P01064,ST020,2026-09-25 09:12:00,4,1616.19,0.15,WALLET
S0067117,C00845,P00571,ST024,2026-10-27 14:03:00,2,4671.20,0.00,CARD
S0067118,C00481,P00160,ST009,2026-09-29 02:10:00,6,1889.89,0.00,COD
S0067119,C04177,P00458,ST038,2026-09-17 12:57:00,1,9495.95,0.00,WALLET
S0067120,C01769,P00031,ST018,2026-10-06 18:35:00,4,13784.17,0.05,NET_BANKING
S0067121,C05938,P00705,ST013,2027-02-17 12:02:00,8,12535.43,0.15,UPI
S0067122,C05514,P00058,ST024,2027-01-27 15:39:00,6,1589.53,0.10,COD
S0067123,C05033,P01106,ST005,2027-05-03 23:19:00,5,2789.70,0.05,NET_BANKING
S0067124,C02447,P00465,ST005,2027-05-19 11:40:00,1,2736.41,0.00,WALLET
S0067125,C04634,P00785,ST041,2026-10-06 15:25:00,5,8966.99,0.00,CARD
S0067126,C04709,P00615,ST002,2026-12-12 19:08:00,1,5873.54,0.00,NET_BANKING
S0067127,C01033,P00005,ST011,2027-04-26 08:54:00,1,3720.45,0.00,NET_BANKING
S0067128,C03216,P00454,ST050,2027-02-25 00:28:00,4,8517.58,0.15,UPI
S0067129,C03333,P00860,ST004,2026-10-03 18:11:00,1,207.98,0.15,UPI
S0067130,C03952,P01198,ST029,2027-05-28 21:51:00,5,4009.16,0.00,NET_BANKING
S0067131,C01913,P00727,ST038,2027-05-21 12:50:00,4,12337.64,0.00,WALLET
S0067132,C04195,P00633,ST032,2027-01-16 14:44:00,6,8834.04,0.05,CARD
S0067133,C05052,P01182,ST048,2027-01-05 01:35:00,3,832.47,0.00,NET_BANKING
S0067134,C01918,P00930,ST021,2027-03-27 03:12:00,1,3721.19,0.10,WALLET
S0067135,C02822,P00335,ST011,2026-10-17 12:45:00,4,2003.90,0.00,UPI
S0067136,C03350,P00957,ST011,2027-04-13 16:53:00,2,13167.89,0.10,CARD
S0067137,C04165,P01051,ST048,2027-03-24 10:44:00,4,259.04,0.00,NET_BANKING
S0067138,C05869,P00994,ST002,2027-01-11 21:17:00,6,14986.15,0.10,CARD
S0067139,C02852,P00221,ST040,2027-05-31 02:44:00,8,7251.17,0.00,WALLET
S0067140,C00070,P00239,ST008,2027-01-23 08:12:00,4,2668.52,0.10,NET_BANKING
S0067141,C05273,P01048,ST005,2027-05-15 22:06:00,5,4963.37,0.00,CARD
S0067142,C03348,P01071,ST025,2027-05-14 16:20:00,8,2404.76,0.00,COD
S0067143,C02854,P00393,ST038,2027-03-26 22:37:00,6,7337.73,0.15,CARD
S0067144,C00969,P00351,ST014,2026-10-24 01:19:00,5,9073.84,0.00,NET_BANKING
S0067145,C05846,P00592,ST018,2026-12-14 16:00:00,4,3828.55,0.00,WALLET
S0067146,C05738,P01034,ST022,2027-05-09 19:19:00,5,1708.97,0.05,WALLET
S0067147,C04845,P00414,ST015,2026-10-20 13:29:00,8,11326.94,0.05,UPI
S0067148,C05463,P01143,ST015,2026-12-02 10:18:00,1,4548.43,0.05,COD
S0067149,C03652,P00467,ST020,2026-10-20 10:18:00,7,8776.36,0.10,CARD
S0067150,C01799,P00182,ST015,2027-02-09 16:41:00,3,11258.08,0.00,WALLET
S0067151,C00184,P00947,ST015,2026-10-27 05:38:00,3,5493.18,0.15,CARD
S0067152,C01388,P00351,ST033,2027-05-26 10:43:00,6,9073.84,0.15,COD
S0067153,C01245,P00105,ST043,2027-05-27 13:59:00,4,7300.13,0.05,UPI
S0067154,C00021,P01103,ST047,2026-12-12 11:44:00,2,306.56,0.10,WALLET
S0067155,C04948,P00652,ST021,2026-10-29 09:01:00,5,7213.51,0.05,COD
S0067156,C02134,P00396,ST033,2026-11-21 10:04:00,2,1114.54,0.15,NET_BANKING
S0067157,C04377,P00425,ST038,2027-02-28 15:24:00,2,14157.41,0.00,WALLET
S0067158,C04688,P00758,ST034,2027-05-20 15:31:00,5,8501.92,0.00,NET_BANKING
S0067159,C04743,P00228,ST014,2026-12-21 10:30:00,3,4532.08,0.15,WALLET
S0067160,C02791,P00943,ST013,2026-10-27 14:05:00,8,12935.87,0.10,COD
S0067161,C00134,P00093,ST013,2026-11-12 10:43:00,4,1874.43,0.05,COD
S0067162,C02864,P00627,ST009,2027-04-08 07:06:00,4,12769.96,0.05,NET_BANKING
S0067163,C00370,P00712,ST012,2027-05-12 01:19:00,8,2775.71,0.10,UPI
S0067164,C05519,P00880,ST046,2027-04-23 00:34:00,5,9958.92,0.15,COD
S0067165,C01343,P01047,ST020,2027-02-13 05:57:00,8,3541.32,0.15,NET_BANKING
S0067166,C01851,P00583,ST041,2026-11-07 06:17:00,6,5417.09,0.10,COD
S0067167,C01567,P01119,ST050,2026-10-21 10:05:00,8,2806.18,0.00,NET_BANKING
S0067168,C04611,P00602,ST017,2026-12-29 20:58:00,6,10282.25,0.10,NET_BANKING
S0067169,C03748,P01160,ST011,2026-11-11 19:41:00,7,1333.50,0.00,COD
S0067170,C03859,P00147,ST018,2027-04-28 23:57:00,4,8610.17,0.15,NET_BANKING
S0067171,C00945,P01002,ST018,2026-12-14 20:01:00,4,467.98,0.10,WALLET
S0067172,C04654,P00978,ST040,2026-10-23 19:48:00,1,12166.54,0.10,COD
S0067173,C00623,P00669,ST012,2026-12-28 11:42:00,8,14324.33,0.00,WALLET
S0067174,C03868,P00114,ST042,2026-11-28 13:15:00,4,1848.49,0.00,CARD
S0067175,C04395,P00434,ST030,2027-02-23 21:49:00,7,11454.78,0.05,CARD
S0067176,C00451,P00553,ST021,2027-04-30 01:11:00,1,10883.36,0.00,WALLET
S0067177,C00592,P00882,ST027,2027-02-23 05:36:00,5,1160.87,0.10,UPI
S0067178,C00436,P01117,ST018,2026-10-21 13:50:00,6,4169.32,0.00,NET_BANKING
S0067179,C02688,P00875,ST035,2026-12-14 20:04:00,8,9193.50,0.05,UPI
S0067180,C05237,P00229,ST017,2027-02-08 08:11:00,3,718.51,0.10,NET_BANKING
S0067181,C04494,P00749,ST027,2026-11-29 05:13:00,2,5536.94,0.00,UPI
S0067182,C01786,P00991,ST044,2027-04-08 23:07:00,1,240.75,0.15,UPI
S0067183,C00527,P00497,ST039,2027-04-22 06:56:00,5,9469.60,0.00,CARD
S0067184,C02825,P00253,ST021,2027-01-25 23:13:00,5,12129.99,0.15,NET_BANKING
S0067185,C04778,P00036,ST035,2027-05-12 00:18:00,2,9317.16,0.00,COD
S0067186,C05199,P00844,ST001,2026-09-19 19:31:00,4,12073.09,0.00,UPI
S0067187,C01680,P00767,ST024,2026-10-06 21:27:00,2,11689.48,0.05,NET_BANKING
S0067188,C03439,P00937,ST017,2026-12-07 23:03:00,1,2930.83,0.05,UPI
S0067189,C03274,P00760,ST036,2027-04-10 12:29:00,1,13523.24,0.00,COD
S0067190,C00827,P00568,ST042,2026-11-10 21:22:00,4,11436.07,0.00,COD
S0067191,C05178,P00948,ST045,2026-12-04 03:42:00,2,7783.05,0.10,WALLET
S0067192,C02088,P00900,ST028,2027-05-10 13:01:00,5,10665.28,0.00,NET_BANKING
S0067193,C04116,P01168,ST041,2026-11-24 14:12:00,7,2755.41,0.00,COD
S0067194,C03245,P00437,ST015,2027-05-07 02:53:00,3,9854.53,0.00,CARD
S0067195,C05326,P00937,ST028,2026-12-24 15:39:00,5,2930.83,0.00,WALLET
S0067196,C04386,P00824,ST018,2027-03-11 18:17:00,7,5681.80,0.00,UPI
S0067197,C01673,P00985,ST003,2027-03-10 11:00:00,7,12971.94,0.05,UPI
S0067198,C04988,P00951,ST040,2027-02-25 20:52:00,3,6661.86,0.10,WALLET
S0067199,C01614,P00686,ST016,2027-04-19 08:58:00,7,1168.81,0.00,UPI
S0067200,C01713,P00784,ST022,2026-10-24 21:31:00,4,13461.16,0.05,COD
S0067201,C04979,P00811,ST028,2027-01-14 07:57:00,2,12059.60,0.05,CARD
S0067202,C01709,P00074,ST044,2026-09-15 22:33:00,4,9655.66,0.05,NET_BANKING
S0067203,C05175,P00917,ST021,2026-10-20 16:27:00,4,12206.45,0.00,COD
S0067204,C03542,P00753,ST005,2026-09-16 00:21:00,1,9739.34,0.00,NET_BANKING
S0067205,C02456,P00281,ST005,2026-12-15 03:13:00,8,12950.39,0.15,UPI
S0067206,C03868,P00191,ST049,2026-12-27 00:31:00,2,11697.40,0.15,WALLET
S0067207,C00232,P01111,ST002,2026-10-11 00:06:00,5,4664.74,0.00,COD
S0067208,C04527,P01191,ST014,2026-10-27 18:03:00,7,1362.50,0.10,WALLET
S0067209,C02087,P00978,ST036,2026-11-26 17:41:00,3,12166.54,0.15,UPI
S0067210,C00491,P00968,ST020,2026-11-27 11:07:00,7,10372.46,0.05,COD
S0067211,C05888,P00653,ST025,2026-10-06 15:08:00,7,13600.13,0.05,UPI
S0067212,C03546,P00786,ST019,2026-10-19 05:37:00,1,8674.28,0.15,CARD
S0067213,C01973,P00064,ST027,2026-09-26 17:00:00,4,9773.23,0.05,COD
S0067214,C02831,P00638,ST044,2027-04-01 07:36:00,8,8964.05,0.15,UPI
S0067215,C02759,P00390,ST029,2027-05-24 15:07:00,8,5645.91,0.05,WALLET
S0067216,C05523,P00351,ST030,2027-01-07 20:36:00,8,9073.84,0.05,UPI
S0067217,C02308,P00264,ST009,2027-02-19 17:45:00,7,3453.32,0.00,CARD
S0067218,C01616,P00886,ST043,2027-03-09 12:18:00,8,2075.82,0.15,COD
S0067219,C02321,P00699,ST022,2026-11-03 03:17:00,6,14544.40,0.05,CARD
S0067220,C02525,P00632,ST015,2027-01-15 05:52:00,5,6057.90,0.15,WALLET
S0067221,C01833,P00960,ST006,2026-11-16 21:41:00,4,6003.64,0.00,COD
S0067222,C04620,P00837,ST043,2027-05-19 12:48:00,7,11678.05,0.10,CARD
S0067223,C03487,P00725,ST046,2027-04-11 00:47:00,4,5516.84,0.05,COD
S0067224,C02423,P01080,ST019,2026-11-19 07:51:00,4,3889.54,0.00,UPI
S0067225,C03628,P00473,ST010,2027-05-04 18:15:00,3,671.21,0.00,CARD
S0067226,C02161,P00542,ST016,2026-09-27 20:57:00,4,13862.55,0.10,WALLET
S0067227,C05507,P00484,ST043,2027-05-01 12:05:00,1,195.13,0.05,UPI
S0067228,C03695,P00091,ST023,2026-09-27 10:36:00,6,11974.70,0.05,NET_BANKING
S0067229,C04905,P00636,ST032,2027-05-10 08:05:00,2,12658.75,0.15,WALLET
S0067230,C04117,P00370,ST023,2026-11-01 01:46:00,2,9728.34,0.15,COD
S0067231,C04100,P00622,ST020,2027-03-06 05:36:00,2,6264.75,0.05,NET_BANKING
S0067232,C03373,P00195,ST038,2027-01-02 19:22:00,2,10101.96,0.10,WALLET
S0067233,C02335,P00102,ST029,2027-03-06 16:09:00,7,8070.99,0.10,WALLET
S0067234,C00288,P00910,ST041,2027-04-19 05:46:00,8,1660.00,0.10,CARD
S0067235,C04684,P00903,ST003,2026-10-23 23:10:00,6,4390.79,0.00,UPI
S0067236,C05940,P00761,ST044,2026-09-29 13:04:00,5,7126.90,0.15,NET_BANKING
S0067237,C01669,P00051,ST014,2027-03-09 02:06:00,2,8015.72,0.10,WALLET
S0067238,C04655,P00163,ST040,2026-12-21 14:12:00,2,2045.70,0.15,NET_BANKING
S0067239,C05235,P00845,ST005,2027-05-02 19:53:00,7,596.43,0.00,WALLET
S0067240,C05646,P00824,ST014,2026-11-28 20:21:00,3,5681.80,0.05,CARD
S0067241,C05551,P00854,ST016,2026-11-29 03:26:00,2,6348.82,0.10,WALLET
S0067242,C04476,P00512,ST017,2026-09-27 02:05:00,5,11395.40,0.00,COD
S0067243,C02105,P00141,ST011,2026-10-21 12:39:00,7,8257.89,0.00,COD
S0067244,C00688,P00773,ST027,2026-09-30 02:26:00,4,11513.99,0.10,NET_BANKING
S0067245,C05337,P00998,ST022,2027-04-27 08:38:00,4,2576.28,0.00,CARD
S0067246,C02033,P00877,ST021,2027-04-08 22:40:00,7,9491.54,0.00,COD
S0067247,C01682,P00765,ST014,2027-05-17 23:53:00,3,9252.17,0.00,WALLET
S0067248,C03449,P00741,ST049,2026-10-18 17:05:00,8,14542.74,0.05,COD
S0067249,C03456,P01031,ST015,2027-01-23 10:28:00,4,4871.38,0.00,WALLET
S0067250,C01597,P00083,ST002,2026-10-14 08:10:00,5,6669.82,0.15,CARD
S0067251,C05899,P00756,ST028,2026-12-11 22:17:00,2,7470.61,0.15,NET_BANKING
S0067252,C03288,P00746,ST002,2027-04-03 22:19:00,5,8367.69,0.00,UPI
S0067253,C02349,P00125,ST037,2026-12-25 15:15:00,2,8537.50,0.00,UPI
S0067254,C01084,P00862,ST014,2026-11-11 07:20:00,3,12635.93,0.15,NET_BANKING
S0067255,C01934,P00080,ST038,2026-09-25 12:36:00,7,4990.71,0.15,UPI
S0067256,C00312,P00935,ST010,2027-02-02 04:34:00,6,12673.48,0.05,WALLET
S0067257,C01092,P00506,ST045,2026-10-05 22:18:00,8,4110.78,0.00,COD
S0067258,C04947,P01044,ST031,2026-09-15 14:38:00,5,4737.20,0.15,UPI
S0067259,C05582,P00078,ST008,2027-01-22 03:58:00,4,6017.13,0.00,NET_BANKING
S0067260,C02672,P00823,ST013,2026-11-24 10:03:00,7,13235.97,0.00,CARD
S0067261,C00661,P00788,ST009,2027-04-28 19:40:00,6,14058.06,0.05,NET_BANKING
S0067262,C04643,P00595,ST030,2027-03-13 15:36:00,8,6648.58,0.05,WALLET
S0067263,C01459,P00652,ST015,2027-05-19 00:02:00,4,7213.51,0.15,UPI
S0067264,C02439,P00668,ST033,2027-04-27 17:18:00,6,9801.28,0.05,COD
S0067265,C04261,P00241,ST003,2027-03-20 20:46:00,5,14291.38,0.10,CARD
S0067266,C04224,P01016,ST033,2026-12-27 07:02:00,4,451.45,0.15,UPI
S0067267,C04961,P00029,ST050,2027-03-17 18:52:00,4,10510.24,0.00,UPI
S0067268,C01540,P00202,ST041,2027-02-21 12:03:00,4,13459.06,0.00,UPI
S0067269,C04651,P00255,ST044,2027-03-02 19:50:00,2,6191.54,0.10,CARD
S0067270,C00126,P01071,ST030,2026-10-02 20:53:00,2,4551.40,0.00,NET_BANKING
S0067271,C03054,P00037,ST015,2027-02-09 15:42:00,3,11915.11,0.15,WALLET
S0067272,C03114,P00887,ST001,2027-03-29 03:15:00,3,6975.28,0.05,UPI
S0067273,C00237,P00693,ST011,2027-02-11 09:12:00,6,10171.16,0.00,UPI
S0067274,C00520,P00564,ST050,2026-10-20 03:38:00,3,13288.39,0.00,COD
S0067275,C02305,P00381,ST026,2026-11-11 11:04:00,2,12953.05,0.10,UPI
S0067276,C01461,P00414,ST021,2026-09-20 15:17:00,5,11326.94,0.15,WALLET
S0067277,C00446,P00765,ST021,2026-12-13 05:54:00,8,9252.17,0.15,UPI
S0067278,C05873,P00439,ST040,2027-03-11 06:22:00,8,11875.56,0.00,NET_BANKING
S0067279,C04727,P00450,ST007,2027-04-25 17:31:00,1,11985.09,0.00,WALLET
S0067280,C03689,P00384,ST031,2026-12-21 19:54:00,6,2659.04,0.10,UPI
S0067281,C00570,P00033,ST034,2027-01-27 18:44:00,1,11598.07,0.05,NET_BANKING
S0067282,C02291,P00233,ST034,2026-10-20 23:29:00,4,5834.21,0.00,COD
S0067283,C04514,P00887,ST028,2027-03-16 14:22:00,2,6975.28,0.15,NET_BANKING
S0067284,C00860,P01175,ST009,2026-10-27 14:30:00,7,1748.62,0.05,NET_BANKING
S0067285,C00209,P00916,ST001,2026-10-18 13:33:00,8,1771.51,0.15,WALLET
S0067286,C05911,P00877,ST001,2027-05-13 15:15:00,3,9491.54,0.00,NET_BANKING
S0067287,C05615,P00199,ST031,2026-10-15 17:07:00,5,10119.49,0.00,NET_BANKING
S0067288,C05256,P00608,ST047,2027-01-10 06:55:00,2,4112.16,0.05,WALLET
S0067289,C02971,P01197,ST031,2026-10-08 03:11:00,1,1912.82,0.00,NET_BANKING
S0067290,C00506,P00949,ST019,2026-12-15 00:46:00,7,5923.78,0.00,UPI
S0067291,C04455,P00920,ST020,2026-11-09 17:54:00,1,13420.77,0.00,CARD
S0067292,C03565,P00945,ST050,2027-01-06 17:20:00,4,12625.76,0.00,CARD
S0067293,C05467,P00300,ST036,2026-12-13 17:34:00,4,14429.61,0.05,UPI
S0067294,C00430,P00807,ST035,2027-05-18 03:44:00,4,3804.96,0.10,NET_BANKING
S0067295,C03292,P00531,ST015,2027-03-27 17:16:00,4,137.66,0.05,WALLET
S0067296,C05551,P00809,ST022,2027-02-26 23:18:00,6,7203.83,0.00,CARD
S0067297,C03825,P01065,ST007,2027-02-17 04:42:00,5,1473.06,0.15,UPI
S0067298,C01939,P00491,ST020,2027-03-22 14:39:00,3,4754.80,0.15,COD
S0067299,C03176,P00958,ST005,2027-02-24 19:20:00,8,6025.05,0.00,COD
S0067300,C04955,P00194,ST002,2027-04-12 21:00:00,2,4680.85,0.10,UPI
S0067301,C05062,P00041,ST021,2027-01-19 12:25:00,7,1420.91,0.10,WALLET
S0067302,C03044,P00571,ST020,2027-04-04 12:35:00,3,4671.20,0.00,CARD
S0067303,C01284,P00083,ST002,2026-10-19 16:37:00,8,6669.82,0.00,CARD
S0067304,C01722,P00978,ST019,2027-05-01 11:37:00,2,12166.54,0.00,COD
S0067305,C05534,P01043,ST043,2026-11-01 06:18:00,5,3819.22,0.00,COD
S0067306,C01077,P01097,ST039,2026-10-19 19:30:00,7,4844.43,0.00,NET_BANKING
S0067307,C03677,P00892,ST019,2026-10-24 21:22:00,6,12540.67,0.00,CARD
S0067308,C04937,P01085,ST002,2027-01-04 13:26:00,5,761.43,0.05,CARD
S0067309,C00358,P00314,ST044,2027-05-23 14:55:00,2,1767.09,0.05,COD
S0067310,C05842,P00834,ST036,2026-09-28 13:01:00,8,13773.56,0.00,NET_BANKING
S0067311,C01812,P00013,ST018,2027-01-12 11:27:00,7,6028.43,0.05,UPI
S0067312,C00873,P00674,ST002,2027-03-19 02:13:00,6,12623.07,0.00,COD
S0067313,C04502,P01124,ST019,2027-02-28 15:12:00,6,1192.57,0.10,NET_BANKING
S0067314,C02150,P00603,ST030,2027-04-01 18:01:00,3,7723.35,0.00,WALLET
S0067315,C04067,P01051,ST001,2027-02-20 17:34:00,5,3664.07,0.00,CARD
S0067316,C01240,P01053,ST042,2027-03-10 13:28:00,7,2892.47,0.00,NET_BANKING
S0067317,C04021,P00837,ST009,2027-04-11 17:35:00,3,11678.05,0.15,UPI
S0067318,C03416,P00730,ST027,2027-03-26 17:30:00,1,3796.60,0.00,CARD
S0067319,C03419,P00214,ST024,2027-03-20 07:46:00,5,8311.62,0.00,UPI
S0067320,C04105,P01148,ST004,2027-02-04 22:10:00,8,2154.92,0.05,WALLET
S0067321,C03879,P00206,ST016,2027-02-28 15:00:00,4,12086.30,0.00,WALLET
S0067322,C00208,P00080,ST008,2027-03-29 05:15:00,7,4990.71,0.05,NET_BANKING
S0067323,C05020,P00747,ST047,2027-03-08 15:47:00,8,91.31,0.00,COD
S0067324,C04611,P00392,ST026,2027-03-18 10:36:00,6,1926.43,0.10,WALLET
S0067325,C02975,P01029,ST050,2027-03-11 01:14:00,2,640.41,0.15,UPI
S0067326,C03398,P00627,ST003,2027-03-14 09:19:00,7,12769.96,0.05,COD
S0067327,C04227,P01040,ST002,2026-09-30 16:17:00,1,2027.01,0.10,NET_BANKING
S0067328,C00297,P00773,ST017,2026-11-15 11:50:00,8,11513.99,0.05,COD
S0067329,C04506,P00139,ST008,2026-10-11 22:41:00,6,13296.70,0.00,NET_BANKING
S0067330,C01257,P00625,ST019,2027-05-22 07:02:00,8,12569.93,0.10,NET_BANKING
S0067331,C05139,P00224,ST026,2026-10-25 22:26:00,8,2208.50,0.10,CARD
S0067332,C03916,P00075,ST036,2026-10-16 06:14:00,7,288.24,0.00,COD
S0067333,C01204,P00254,ST026,2027-01-22 05:06:00,5,1267.62,0.15,COD
S0067334,C04842,P00862,ST039,2026-09-16 15:09:00,7,12635.93,0.10,WALLET
S0067335,C02125,P00929,ST025,2026-10-23 01:19:00,2,6068.78,0.05,COD
S0067336,C01718,P00232,ST044,2026-12-24 19:19:00,8,10782.96,0.05,COD
S0067337,C01474,P00843,ST049,2027-05-04 22:20:00,6,13366.08,0.10,CARD
S0067338,C01002,P00308,ST042,2026-11-21 23:56:00,1,8424.73,0.00,COD
S0067339,C00716,P00944,ST029,2026-12-23 07:26:00,1,13637.69,0.10,WALLET
S0067340,C02949,P00275,ST007,2026-12-20 09:47:00,7,6304.00,0.00,NET_BANKING
S0067341,C02805,P00316,ST023,2026-10-09 14:17:00,6,4896.51,0.05,CARD
S0067342,C02290,P00799,ST014,2026-10-12 12:33:00,8,5194.85,0.15,WALLET
S0067343,C04299,P00432,ST015,2026-11-08 17:00:00,4,578.01,0.00,UPI
S0067344,C00451,P00777,ST008,2027-05-03 19:45:00,5,7574.57,0.00,NET_BANKING
S0067345,C01262,P00182,ST024,2027-04-19 07:36:00,3,11258.08,0.00,NET_BANKING
S0067346,C01701,P00414,ST002,2027-05-29 14:57:00,6,11326.94,0.00,COD
S0067347,C02849,P00844,ST031,2027-05-13 14:54:00,1,12073.09,0.05,COD
S0067348,C04956,P00671,ST032,2027-03-25 04:55:00,7,12833.33,0.15,COD
S0067349,C00285,P00705,ST008,2026-10-26 09:23:00,7,12535.43,0.00,CARD
S0067350,C04660,P00130,ST024,2027-04-12 08:36:00,6,1609.69,0.00,WALLET
S0067351,C05470,P00311,ST031,2027-02-08 07:27:00,6,10510.03,0.05,NET_BANKING
S0067352,C03311,P00519,ST019,2027-02-09 04:40:00,3,3550.37,0.05,CARD
S0067353,C03201,P00698,ST043,2027-05-06 13:24:00,6,4891.44,0.00,COD
S0067354,C04927,P00682,ST032,2027-03-01 20:36:00,7,14995.19,0.10,NET_BANKING
S0067355,C00157,P00642,ST028,2027-02-20 07:04:00,7,4616.48,0.00,UPI
S0067356,C01284,P00460,ST037,2027-05-18 09:24:00,7,11166.19,0.15,CARD
S0067357,C02820,P00160,ST013,2026-10-08 10:32:00,8,1889.89,0.15,WALLET
S0067358,C01207,P01065,ST043,2027-05-04 22:17:00,8,1129.64,0.15,WALLET
S0067359,C05051,P00009,ST041,2027-03-22 19:46:00,1,14426.84,0.15,NET_BANKING
S0067360,C04722,P00815,ST015,2027-04-16 08:59:00,4,9553.20,0.10,WALLET
S0067361,C05139,P00753,ST016,2026-11-17 14:09:00,1,9739.34,0.15,NET_BANKING
S0067362,C01677,P00967,ST022,2027-03-19 12:37:00,4,14531.68,0.05,COD
S0067363,C03767,P00706,ST047,2026-12-30 10:55:00,1,2797.24,0.00,COD
S0067364,C01580,P00696,ST027,2026-11-18 21:39:00,4,444.90,0.00,NET_BANKING
S0067365,C05848,P00862,ST019,2026-12-10 10:51:00,8,12635.93,0.05,UPI
S0067366,C02340,P00733,ST037,2026-10-20 00:52:00,6,7733.54,0.15,WALLET
S0067367,C03973,P00242,ST025,2026-12-24 21:15:00,5,6380.48,0.00,WALLET
S0067368,C02632,P00692,ST044,2026-10-10 21:01:00,7,3776.76,0.00,WALLET
S0067369,C00969,P00080,ST027,2026-09-29 11:25:00,4,4990.71,0.00,UPI
S0067370,C04852,P00024,ST032,2027-04-04 09:27:00,4,7530.12,0.00,UPI
S0067371,C04824,P00442,ST045,2026-10-23 03:55:00,4,12602.76,0.15,UPI
S0067372,C02406,P00892,ST039,2026-11-25 07:35:00,4,12540.67,0.00,UPI
S0067373,C03852,P00420,ST019,2026-12-17 03:03:00,6,13992.32,0.00,CARD
S0067374,C01619,P00887,ST044,2027-03-31 12:33:00,2,6975.28,0.00,WALLET
S0067375,C03288,P00455,ST049,2027-03-18 07:56:00,2,11331.19,0.10,CARD
S0067376,C00585,P00282,ST039,2026-10-27 16:07:00,4,11737.73,0.15,CARD
S0067377,C02403,P00504,ST010,2027-01-24 04:33:00,6,6640.14,0.15,COD
S0067378,C03016,P00495,ST019,2027-04-26 13:33:00,2,105.46,0.05,COD
S0067379,C04405,P00787,ST031,2027-05-13 11:08:00,1,12290.08,0.00,WALLET
S0067380,C02754,P00344,ST047,2026-11-07 06:55:00,1,12170.01,0.10,CARD
S0067381,C04834,P00102,ST039,2026-10-22 13:47:00,2,8070.99,0.00,NET_BANKING
S0067382,C01394,P01028,ST044,2027-02-20 13:33:00,6,2855.44,0.00,WALLET
S0067383,C00613,P00460,ST024,2026-11-17 02:05:00,1,11166.19,0.00,NET_BANKING
S0067384,C03852,P00123,ST037,2027-04-21 10:01:00,2,4247.43,0.10,CARD
S0067385,C05177,P00591,ST032,2027-02-13 05:47:00,7,11159.58,0.10,CARD
S0067386,C02093,P01023,ST038,2026-09-17 20:01:00,3,4064.50,0.10,NET_BANKING
S0067387,C02926,P00048,ST010,2027-02-01 04:38:00,1,5018.49,0.00,NET_BANKING
S0067388,C00884,P00778,ST003,2027-04-20 08:35:00,7,5364.50,0.00,WALLET
S0067389,C00050,P01010,ST046,2027-04-15 02:00:00,6,890.52,0.00,WALLET
S0067390,C04997,P00266,ST023,2026-10-03 14:17:00,7,13447.25,0.05,COD
S0067391,C03893,P00812,ST023,2026-10-07 13:35:00,6,13449.06,0.15,WALLET
S0067392,C04639,P00054,ST046,2027-06-01 11:50:00,2,6510.78,0.10,CARD
S0067393,C01097,P01116,ST029,2027-02-06 09:11:00,6,3640.88,0.00,WALLET
S0067394,C01709,P00781,ST012,2027-02-10 08:04:00,7,8887.88,0.00,COD
S0067395,C05645,P00039,ST003,2026-10-31 01:36:00,2,11380.58,0.00,WALLET
S0067396,C00001,P00046,ST016,2027-03-20 23:02:00,8,4750.20,0.10,COD
S0067397,C00836,P00775,ST017,2027-02-27 16:36:00,1,7767.36,0.15,UPI
S0067398,C03079,P00307,ST027,2027-02-19 22:40:00,4,13759.94,0.00,WALLET
S0067399,C00060,P00011,ST019,2027-04-13 03:46:00,1,9660.40,0.15,WALLET
S0067400,C05681,P00025,ST036,2027-01-13 13:48:00,7,4571.56,0.15,CARD
S0067401,C02921,P00561,ST001,2026-11-04 22:57:00,5,4145.03,0.10,NET_BANKING
S0067402,C05950,P00363,ST026,2026-09-17 08:00:00,7,7028.08,0.00,NET_BANKING
S0067403,C05491,P01136,ST039,2027-04-29 10:11:00,3,786.53,0.00,NET_BANKING
S0067404,C02336,P00262,ST016,2026-12-24 04:21:00,4,4686.95,0.15,CARD
S0067405,C05974,P01195,ST021,2027-02-16 08:27:00,6,1233.48,0.05,CARD
S0067406,C02958,P00408,ST004,2026-10-05 04:52:00,2,61.60,0.10,CARD
S0067407,C03218,P00479,ST014,2027-03-18 21:38:00,7,1921.66,0.10,COD
S0067408,C03629,P00404,ST037,2027-04-23 08:08:00,2,2015.34,0.05,NET_BANKING
S0067409,C05124,P00972,ST041,2027-02-17 01:25:00,7,11724.34,0.00,UPI
S0067410,C02397,P00606,ST012,2027-01-23 22:20:00,1,2062.87,0.10,UPI
S0067411,C03327,P00915,ST040,2026-10-28 15:09:00,2,12880.95,0.15,NET_BANKING
S0067412,C03675,P01059,ST029,2027-01-24 13:33:00,2,4505.40,0.10,COD
S0067413,C03806,P00404,ST008,2027-04-14 06:24:00,2,2015.34,0.05,COD
S0067414,C00919,P00546,ST040,2026-12-15 15:28:00,1,9420.65,0.15,CARD
S0067415,C03479,P00145,ST021,2027-02-11 08:24:00,1,10011.24,0.10,UPI
S0067416,C04089,P00578,ST019,2027-05-06 13:29:00,5,2566.07,0.00,UPI
S0067417,C02472,P00904,ST025,2026-11-02 23:45:00,3,437.50,0.00,WALLET
S0067418,C04831,P00457,ST017,2027-02-19 06:28:00,8,2393.60,0.10,NET_BANKING
S0067419,C04104,P00720,ST014,2027-01-27 19:30:00,1,4896.05,0.00,UPI
S0067420,C01575,P00430,ST044,2027-02-22 10:54:00,5,5232.86,0.10,CARD
S0067421,C01814,P00854,ST038,2026-09-25 04:01:00,4,6348.82,0.10,NET_BANKING
S0067422,C04907,P01043,ST007,2026-11-19 20:19:00,1,3920.42,0.00,UPI
S0067423,C02838,P00223,ST021,2027-05-25 18:38:00,1,6560.58,0.05,CARD
S0067424,C05943,P01058,ST039,2026-11-17 17:40:00,3,561.36,0.00,NET_BANKING
S0067425,C00161,P00738,ST018,2027-02-05 18:54:00,5,14125.52,0.15,COD
S0067426,C02293,P00554,ST008,2027-03-07 14:00:00,7,14870.16,0.15,COD
S0067427,C03811,P00935,ST002,2027-04-14 23:48:00,3,12673.48,0.00,UPI
S0067428,C05376,P00940,ST002,2027-01-10 07:36:00,6,10304.16,0.00,COD
S0067429,C01378,P00486,ST004,2026-12-14 09:04:00,8,10044.32,0.05,UPI
S0067430,C02060,P01052,ST046,2026-09-25 13:42:00,1,4136.95,0.00,CARD
S0067431,C00319,P00638,ST022,2027-05-27 08:45:00,7,8964.05,0.15,COD
S0067432,C05898,P00274,ST031,2027-04-15 01:54:00,8,13222.64,0.15,UPI
S0067433,C04334,P00178,ST039,2027-06-02 15:58:00,8,10707.38,0.10,COD
S0067434,C02123,P00084,ST043,2027-03-09 18:56:00,5,9370.43,0.15,COD
S0067435,C05496,P00140,ST017,2026-12-21 05:11:00,5,343.17,0.15,COD
S0067436,C00954,P00959,ST019,2027-05-23 11:22:00,8,9477.36,0.00,WALLET
S0067437,C02329,P00438,ST037,2027-04-22 11:14:00,1,2063.81,0.05,WALLET
S0067438,C04102,P00853,ST013,2027-03-22 00:35:00,8,14567.44,0.10,WALLET
S0067439,C02250,P00140,ST010,2027-04-21 00:15:00,5,343.17,0.15,NET_BANKING
S0067440,C01538,P00328,ST036,2027-01-28 12:06:00,2,3281.70,0.10,NET_BANKING
S0067441,C01560,P00149,ST015,2026-11-10 14:35:00,2,6470.19,0.05,CARD
S0067442,C03775,P00912,ST045,2027-05-08 22:21:00,8,12258.78,0.10,COD
S0067443,C00875,P00160,ST027,2027-03-17 01:57:00,8,1889.89,0.00,CARD
S0067444,C05555,P00509,ST012,2026-12-13 16:42:00,3,6695.51,0.00,WALLET
S0067445,C00695,P01151,ST033,2026-10-02 23:54:00,6,2582.82,0.15,NET_BANKING
S0067446,C05491,P00784,ST048,2026-12-12 07:14:00,2,13461.16,0.10,COD
S0067447,C01403,P00279,ST024,2027-04-04 22:30:00,6,7949.95,0.05,CARD
S0067448,C01696,P00094,ST017,2026-10-15 09:45:00,2,3538.71,0.10,NET_BANKING
S0067449,C02155,P00759,ST037,2026-12-09 08:38:00,5,2675.60,0.15,UPI
S0067450,C04215,P01050,ST048,2027-03-13 23:52:00,6,568.78,0.00,UPI
S0067451,C04766,P00944,ST002,2026-11-10 17:17:00,4,13637.69,0.15,CARD
S0067452,C04937,P00762,ST049,2027-05-05 01:28:00,5,9970.99,0.10,UPI
S0067453,C02697,P00673,ST036,2026-12-11 14:09:00,5,7917.40,0.00,CARD
S0067454,C03453,P00161,ST033,2026-11-06 21:44:00,7,3469.31,0.05,NET_BANKING
S0067455,C03989,P00839,ST036,2027-04-28 04:28:00,1,14909.42,0.00,NET_BANKING
S0067456,C01416,P00106,ST043,2026-12-26 05:29:00,7,14238.90,0.15,CARD
S0067457,C04572,P00075,ST026,2027-03-26 20:51:00,7,288.24,0.15,CARD
S0067458,C03991,P00710,ST032,2027-01-12 17:56:00,5,3147.74,0.15,WALLET
S0067459,C05658,P00551,ST002,2027-04-02 22:10:00,2,9996.39,0.00,NET_BANKING
S0067460,C02829,P01147,ST043,2027-03-23 05:18:00,7,2988.08,0.15,WALLET
S0067461,C02083,P00455,ST022,2026-12-04 01:02:00,1,11331.19,0.05,COD
S0067462,C05716,P00346,ST015,2027-05-04 10:32:00,5,10411.85,0.05,WALLET
S0067463,C04582,P00014,ST023,2026-10-15 08:45:00,7,9230.95,0.15,WALLET
S0067464,C04431,P00807,ST034,2027-06-02 14:25:00,1,3804.96,0.05,UPI
S0067465,C02707,P00326,ST015,2027-03-27 21:45:00,5,13983.47,0.10,UPI
S0067466,C03013,P00258,ST006,2026-10-28 14:02:00,1,9537.16,0.15,UPI
S0067467,C00693,P00196,ST042,2026-11-13 10:51:00,6,10921.34,0.00,CARD
S0067468,C02373,P00055,ST047,2027-03-01 01:06:00,6,8397.51,0.10,UPI
S0067469,C05946,P01064,ST049,2026-10-26 06:52:00,2,4980.13,0.15,WALLET
S0067470,C00850,P00845,ST003,2027-03-25 21:18:00,2,596.43,0.05,WALLET
S0067471,C05508,P00113,ST001,2026-10-20 11:18:00,7,13315.47,0.00,COD
S0067472,C01797,P01125,ST038,2026-11-23 09:10:00,2,838.27,0.00,CARD
S0067473,C05660,P00237,ST049,2026-10-21 19:52:00,4,5637.77,0.05,WALLET
S0067474,C04407,P00104,ST029,2027-01-31 08:33:00,8,5175.58,0.00,UPI
S0067475,C03744,P00348,ST037,2027-05-10 17:36:00,6,6541.94,0.00,CARD
S0067476,C01800,P00115,ST035,2026-09-28 03:30:00,6,7420.65,0.00,COD
S0067477,C05713,P00326,ST047,2026-11-25 05:25:00,6,13983.47,0.15,UPI
S0067478,C00649,P00133,ST047,2026-12-30 09:34:00,5,12379.20,0.15,COD
S0067479,C03882,P00669,ST001,2026-09-21 00:53:00,5,14324.33,0.10,COD
S0067480,C04236,P00876,ST017,2027-01-23 01:31:00,1,13453.44,0.00,UPI
S0067481,C00586,P00745,ST029,2026-09-18 13:55:00,5,11887.46,0.00,COD
S0067482,C01242,P01118,ST035,2027-06-01 14:10:00,8,1976.70,0.05,NET_BANKING
S0067483,C04508,P00032,ST040,2027-02-23 21:26:00,3,2163.25,0.00,CARD
S0067484,C02947,P00492,ST022,2027-03-20 23:35:00,4,14651.91,0.00,COD
S0067485,C03284,P00355,ST015,2027-02-18 10:14:00,3,9628.58,0.00,WALLET
S0067486,C04014,P00607,ST016,2027-04-28 16:05:00,8,9830.20,0.05,CARD
S0067487,C03709,P00304,ST001,2026-11-13 07:06:00,1,8379.11,0.00,WALLET
S0067488,C04872,P00894,ST042,2027-05-20 08:49:00,1,12465.27,0.00,COD
S0067489,C02492,P00340,ST025,2027-01-15 19:35:00,6,13721.56,0.10,UPI
S0067490,C04616,P00358,ST020,2026-11-13 08:25:00,7,7269.79,0.10,UPI
S0067491,C00176,P00972,ST018,2026-10-11 21:54:00,7,11724.34,0.00,WALLET
S0067492,C00374,P01074,ST026,2027-01-20 22:37:00,6,1626.86,0.10,COD
S0067493,C00075,P00185,ST043,2026-10-06 06:20:00,1,5998.13,0.05,COD
S0067494,C03077,P00454,ST011,2027-05-23 00:07:00,1,8517.58,0.15,NET_BANKING
S0067495,C03340,P00613,ST015,2027-03-09 02:05:00,1,10916.90,0.05,CARD
S0067496,C04853,P00150,ST019,2027-05-06 18:12:00,8,10110.81,0.00,NET_BANKING
S0067497,C00120,P01141,ST047,2026-11-09 09:43:00,5,1326.30,0.05,COD
S0067498,C04609,P01047,ST023,2027-02-21 20:23:00,4,213.32,0.00,UPI
S0067499,C01327,P00013,ST017,2027-05-08 08:09:00,4,6028.43,0.10,NET_BANKING
S0067500,C02435,P00172,ST036,2026-11-25 09:12:00,1,13640.80,0.05,CARD
S0067501,C03982,P00712,ST007,2026-12-09 20:57:00,2,2775.71,0.00,CARD
S0067502,C03670,P00527,ST001,2027-02-20 20:26:00,5,14547.75,0.00,WALLET
S0067503,C05753,P00894,ST004,2026-11-17 00:11:00,6,12465.27,0.05,CARD
S0067504,C00249,P00191,ST030,2026-12-31 16:42:00,3,11697.40,0.00,NET_BANKING
S0067505,C03359,P00864,ST021,2026-10-24 17:58:00,2,934.40,0.00,COD
S0067506,C04243,P00476,ST038,2027-02-07 01:36:00,1,10059.57,0.05,WALLET
S0067507,C05394,P00090,ST010,2027-03-14 01:40:00,7,1862.74,0.10,COD
S0067508,C05442,P01149,ST003,2027-04-19 19:58:00,6,4807.60,0.00,NET_BANKING
S0067509,C00340,P00177,ST050,2026-09-24 16:50:00,3,5272.03,0.05,WALLET
S0067510,C00229,P01081,ST030,2027-01-23 02:25:00,7,582.63,0.10,WALLET
S0067511,C03133,P00304,ST006,2027-05-31 14:28:00,6,8379.11,0.15,CARD
S0067512,C02041,P00521,ST003,2027-03-12 09:17:00,4,6093.07,0.00,WALLET
S0067513,C02391,P00779,ST048,2026-12-31 16:34:00,8,9277.18,0.00,WALLET
S0067514,C03635,P01136,ST017,2027-01-25 12:56:00,3,2418.71,0.00,CARD
S0067515,C01916,P00341,ST043,2027-03-23 11:59:00,1,12040.98,0.10,NET_BANKING
S0067516,C05720,P01132,ST044,2027-05-04 11:16:00,6,2574.68,0.00,CARD
S0067517,C00913,P00974,ST015,2027-03-21 15:16:00,6,2875.19,0.15,COD
S0067518,C02092,P00818,ST041,2026-09-22 15:47:00,8,9748.07,0.00,CARD
S0067519,C05374,P00408,ST023,2027-05-28 12:06:00,3,61.60,0.05,NET_BANKING
S0067520,C00731,P00912,ST041,2026-11-09 16:49:00,8,12258.78,0.15,CARD
S0067521,C00712,P00343,ST011,2027-04-04 21:18:00,2,4575.42,0.15,CARD
S0067522,C04053,P00109,ST022,2027-01-23 04:06:00,1,9560.87,0.00,COD
S0067523,C05838,P00191,ST004,2026-10-23 03:53:00,5,11697.40,0.05,WALLET
S0067524,C01388,P00918,ST042,2026-12-08 18:28:00,5,11736.74,0.00,NET_BANKING
S0067525,C05542,P00314,ST012,2026-10-05 01:38:00,8,1767.09,0.00,COD
S0067526,C05951,P01112,ST011,2027-04-22 06:01:00,6,483.45,0.15,COD
S0067527,C00074,P00689,ST017,2027-03-16 16:45:00,8,1747.51,0.00,COD
S0067528,C00952,P00540,ST009,2027-03-31 23:24:00,8,8768.71,0.00,WALLET
S0067529,C01464,P00586,ST048,2027-02-23 14:07:00,6,3287.74,0.00,CARD
S0067530,C04961,P00597,ST002,2027-01-25 15:27:00,6,148.42,0.00,WALLET
S0067531,C00763,P00457,ST041,2027-05-31 05:47:00,4,2393.60,0.00,NET_BANKING
S0067532,C05638,P00984,ST033,2027-05-22 02:44:00,7,7532.32,0.00,UPI
S0067533,C04083,P00302,ST029,2026-11-03 17:38:00,8,146.60,0.00,UPI
S0067534,C00574,P01072,ST013,2027-05-07 08:33:00,8,2651.96,0.05,UPI
S0067535,C02424,P00755,ST032,2027-04-05 04:03:00,6,13881.05,0.05,UPI
S0067536,C03800,P00177,ST022,2027-05-11 13:43:00,4,5272.03,0.00,CARD
S0067537,C02604,P00325,ST005,2027-02-18 00:24:00,2,878.26,0.00,WALLET
S0067538,C04631,P00477,ST031,2027-02-23 01:10:00,8,3992.23,0.10,WALLET
S0067539,C02770,P01032,ST047,2026-10-01 18:21:00,7,2417.42,0.00,NET_BANKING
S0067540,C00905,P00976,ST049,2026-09-28 05:40:00,2,3815.57,0.00,COD
S0067541,C04216,P01170,ST011,2027-01-08 12:42:00,2,4465.33,0.10,WALLET
S0067542,C05864,P01153,ST018,2027-01-09 03:54:00,3,583.68,0.10,UPI
S0067543,C00786,P00930,ST046,2027-03-06 17:24:00,1,3721.19,0.15,NET_BANKING
S0067544,C00454,P00851,ST038,2027-04-13 10:33:00,3,10520.35,0.00,COD
S0067545,C01393,P00616,ST028,2026-12-19 07:25:00,8,114.05,0.10,COD
S0067546,C01835,P00545,ST022,2027-04-27 05:56:00,4,2928.27,0.05,CARD
S0067547,C00225,P00538,ST037,2027-04-10 07:12:00,8,12711.98,0.10,COD
S0067548,C01854,P00071,ST001,2027-04-23 11:56:00,4,11038.49,0.15,UPI
S0067549,C02783,P00129,ST045,2027-03-30 04:14:00,7,5652.18,0.00,WALLET
S0067550,C01335,P00244,ST032,2026-12-20 08:10:00,1,12653.48,0.05,NET_BANKING
S0067551,C00995,P00554,ST020,2027-03-06 20:30:00,4,14870.16,0.05,UPI
S0067552,C03656,P00111,ST002,2026-12-06 08:30:00,7,7353.74,0.15,WALLET
S0067553,C04430,P00726,ST040,2026-12-22 15:05:00,3,7391.49,0.05,UPI
S0067554,C01465,P00139,ST040,2027-05-23 15:16:00,4,13296.70,0.15,WALLET
S0067555,C05197,P00437,ST041,2026-10-17 10:24:00,4,9854.53,0.00,CARD
S0067556,C04133,P00994,ST044,2027-05-23 13:41:00,6,14986.15,0.00,WALLET
S0067557,C04924,P00022,ST035,2027-03-06 11:58:00,6,4659.49,0.00,NET_BANKING
S0067558,C01050,P00058,ST039,2027-05-03 13:15:00,3,1589.53,0.10,UPI
S0067559,C03713,P00869,ST016,2027-02-22 02:58:00,1,5521.33,0.10,CARD
S0067560,C02339,P00483,ST004,2027-02-06 23:02:00,1,7759.25,0.10,UPI
S0067561,C03654,P00358,ST018,2026-10-15 09:28:00,1,7269.79,0.15,UPI
S0067562,C05321,P00716,ST026,2027-01-16 05:00:00,1,3403.75,0.00,UPI
S0067563,C01873,P00916,ST043,2027-01-07 18:33:00,6,1771.51,0.05,NET_BANKING
S0067564,C05277,P00897,ST032,2027-04-08 05:09:00,2,3588.17,0.10,WALLET
S0067565,C05826,P01030,ST021,2027-05-09 22:53:00,4,465.73,0.05,COD
S0067566,C03776,P01023,ST036,2027-01-04 10:51:00,4,2388.23,0.00,UPI
S0067567,C03254,P00098,ST011,2027-04-07 09:30:00,8,3874.92,0.05,WALLET
S0067568,C04369,P00555,ST028,2026-11-16 05:39:00,4,3239.18,0.05,COD
S0067569,C01487,P01023,ST008,2027-01-18 17:57:00,3,3528.89,0.05,NET_BANKING
S0067570,C04789,P01096,ST025,2026-10-22 20:35:00,8,4918.98,0.10,CARD
S0067571,C00677,P00341,ST026,2027-01-11 19:53:00,5,12040.98,0.00,CARD
S0067572,C04002,P00664,ST001,2027-05-11 12:47:00,7,2596.83,0.15,NET_BANKING
S0067573,C03522,P00391,ST040,2026-10-01 00:59:00,1,3490.76,0.00,NET_BANKING
S0067574,C00732,P00914,ST011,2027-05-27 21:03:00,1,14608.30,0.00,NET_BANKING
S0067575,C02832,P00250,ST048,2027-04-01 19:03:00,5,4598.66,0.00,NET_BANKING
S0067576,C03856,P00472,ST040,2027-02-10 16:03:00,8,13031.18,0.05,UPI
S0067577,C02828,P00426,ST035,2027-02-02 02:20:00,8,6898.62,0.00,WALLET
S0067578,C00844,P01033,ST016,2027-05-25 13:52:00,7,2007.82,0.00,WALLET
S0067579,C00817,P00328,ST037,2027-02-07 11:57:00,1,3281.70,0.15,COD
S0067580,C02630,P00260,ST023,2026-09-27 06:40:00,5,11471.26,0.05,NET_BANKING
S0067581,C03794,P01147,ST008,2027-03-27 16:38:00,2,1374.23,0.00,UPI
S0067582,C04088,P00072,ST015,2027-05-04 22:48:00,3,2213.98,0.15,UPI
S0067583,C04331,P00370,ST021,2027-05-17 17:32:00,6,9728.34,0.00,CARD
S0067584,C01791,P00231,ST045,2027-01-01 13:00:00,7,4512.73,0.15,NET_BANKING
S0067585,C01211,P00313,ST022,2026-12-28 12:50:00,1,7134.65,0.00,NET_BANKING
S0067586,C02161,P00011,ST030,2027-06-01 21:40:00,6,9660.40,0.15,NET_BANKING
S0067587,C01673,P00099,ST010,2027-04-02 05:28:00,8,7954.37,0.10,CARD
S0067588,C00300,P00005,ST044,2027-04-22 12:33:00,2,3720.45,0.05,NET_BANKING
S0067589,C05398,P00543,ST017,2027-05-05 19:21:00,6,1249.06,0.00,NET_BANKING
S0067590,C04238,P00684,ST020,2026-11-02 08:25:00,7,9364.88,0.05,WALLET
S0067591,C04052,P01182,ST016,2026-10-01 06:38:00,1,4670.14,0.10,WALLET
S0067592,C04299,P00051,ST019,2027-03-17 08:56:00,7,8015.72,0.10,UPI
S0067593,C02878,P00407,ST011,2026-12-31 00:31:00,6,6517.00,0.00,COD
S0067594,C03884,P01104,ST031,2026-10-10 08:41:00,8,2061.06,0.00,CARD
S0067595,C00452,P00298,ST036,2026-09-16 11:30:00,7,14106.08,0.05,COD
S0067596,C04522,P01185,ST014,2026-12-29 11:52:00,4,3151.48,0.00,NET_BANKING
S0067597,C03805,P01110,ST047,2026-11-21 13:56:00,2,4578.87,0.10,WALLET
S0067598,C05055,P00289,ST023,2027-05-04 12:44:00,4,535.61,0.15,UPI
S0067599,C01145,P01008,ST017,2027-05-24 00:22:00,7,4140.10,0.00,CARD
S0067600,C04995,P00627,ST047,2026-09-15 20:49:00,4,12769.96,0.00,NET_BANKING
S0067601,C03533,P00134,ST001,2026-09-20 15:48:00,6,9455.44,0.05,CARD
S0067602,C01083,P00290,ST040,2026-12-31 23:45:00,7,3515.83,0.15,NET_BANKING
S0067603,C03173,P00126,ST045,2027-01-16 12:31:00,5,787.25,0.00,CARD
S0067604,C05626,P00093,ST010,2026-10-05 02:03:00,5,1874.43,0.00,COD
S0067605,C01450,P00757,ST014,2027-03-24 22:54:00,3,226.72,0.10,COD
S0067606,C04517,P00350,ST047,2027-03-23 09:59:00,5,12905.92,0.00,WALLET
S0067607,C03535,P00956,ST048,2027-01-25 05:26:00,8,1818.03,0.10,UPI
S0067608,C01122,P00202,ST022,2027-03-25 02:31:00,1,13459.06,0.00,COD
S0067609,C03356,P00318,ST034,2027-04-21 21:18:00,7,10232.53,0.15,CARD
S0067610,C00010,P00688,ST006,2026-12-08 06:20:00,2,14801.08,0.00,WALLET
S0067611,C01820,P00681,ST034,2027-03-25 10:45:00,4,10247.66,0.15,WALLET
S0067612,C01159,P01025,ST020,2027-05-05 18:23:00,8,653.14,0.00,UPI
S0067613,C04696,P01118,ST012,2027-05-03 11:18:00,5,529.75,0.00,UPI
S0067614,C01624,P00974,ST014,2027-05-14 02:03:00,1,2875.19,0.00,WALLET
S0067615,C00969,P01140,ST047,2027-03-28 17:37:00,1,3333.52,0.00,UPI
S0067616,C04197,P00553,ST024,2026-09-26 13:47:00,8,10883.36,0.00,NET_BANKING
S0067617,C02757,P00279,ST025,2026-12-01 06:19:00,8,7949.95,0.00,CARD
S0067618,C01174,P00473,ST029,2026-11-24 06:45:00,6,671.21,0.15,COD
S0067619,C04917,P00529,ST001,2026-11-23 14:20:00,4,10534.37,0.00,NET_BANKING
S0067620,C02404,P00175,ST029,2027-03-27 10:43:00,2,14956.51,0.00,NET_BANKING
S0067621,C01402,P01186,ST043,2027-05-31 00:44:00,6,1943.25,0.10,CARD
S0067622,C01097,P00014,ST043,2026-11-13 02:44:00,2,9230.95,0.15,WALLET
S0067623,C03248,P01083,ST048,2027-05-16 06:39:00,7,2661.85,0.00,NET_BANKING
S0067624,C05167,P00784,ST047,2027-03-22 07:23:00,5,13461.16,0.15,NET_BANKING
S0067625,C02507,P00473,ST037,2026-12-16 20:25:00,6,671.21,0.00,COD
S0067626,C04860,P00506,ST018,2027-01-13 07:29:00,8,4110.78,0.05,CARD
S0067627,C00779,P01176,ST013,2027-03-03 21:43:00,5,1159.63,0.00,WALLET
S0067628,C00733,P00904,ST043,2026-11-19 08:37:00,7,437.50,0.15,UPI
S0067629,C03047,P00442,ST036,2026-12-09 11:59:00,2,12602.76,0.00,NET_BANKING
S0067630,C03887,P00877,ST009,2027-01-11 21:45:00,6,9491.54,0.15,WALLET
S0067631,C00602,P01053,ST018,2027-03-05 21:28:00,2,2914.37,0.15,COD
S0067632,C00240,P00452,ST036,2026-11-19 02:50:00,6,3389.85,0.00,CARD
S0067633,C01711,P00512,ST023,2026-12-20 10:06:00,5,11395.40,0.00,COD
S0067634,C01054,P00800,ST002,2026-12-05 04:54:00,1,14143.96,0.00,WALLET
S0067635,C02419,P00410,ST041,2027-04-04 17:43:00,5,12139.70,0.10,WALLET
S0067636,C02152,P00049,ST017,2027-04-25 08:03:00,3,856.91,0.00,CARD
S0067637,C00461,P00939,ST001,2027-03-25 22:45:00,8,7892.75,0.10,NET_BANKING
S0067638,C05883,P01109,ST030,2027-04-18 03:16:00,8,3119.11,0.15,UPI
S0067639,C03142,P00040,ST001,2026-10-29 20:40:00,8,1501.66,0.00,NET_BANKING
S0067640,C02729,P00198,ST034,2027-03-12 05:10:00,2,11526.28,0.15,NET_BANKING
S0067641,C00325,P00226,ST019,2026-09-24 17:54:00,8,14378.99,0.05,COD
S0067642,C00485,P00959,ST043,2027-05-16 12:16:00,6,9477.36,0.00,NET_BANKING
S0067643,C04918,P00707,ST026,2027-03-26 01:19:00,3,10164.19,0.05,CARD
S0067644,C05540,P00358,ST034,2027-01-24 10:03:00,8,7269.79,0.00,WALLET
S0067645,C02279,P00104,ST045,2026-12-05 16:38:00,7,5175.58,0.00,WALLET
S0067646,C02710,P00115,ST025,2027-04-10 04:04:00,1,7420.65,0.10,WALLET
S0067647,C04422,P00582,ST010,2027-01-24 13:40:00,4,3449.31,0.10,UPI
S0067648,C01863,P00376,ST018,2027-03-11 06:51:00,7,6826.58,0.05,UPI
S0067649,C01304,P00364,ST011,2026-12-23 11:44:00,1,12302.90,0.10,NET_BANKING
S0067650,C00679,P00077,ST027,2026-11-19 09:19:00,2,5411.25,0.00,CARD
S0067651,C03658,P00868,ST034,2027-04-24 17:58:00,4,14973.26,0.10,WALLET
S0067652,C05842,P00124,ST019,2026-12-08 17:31:00,8,9023.03,0.00,UPI
S0067653,C02760,P00194,ST018,2027-02-01 19:09:00,7,4680.85,0.00,NET_BANKING
S0067654,C04040,P00889,ST017,2027-03-01 11:05:00,8,10263.87,0.00,UPI
S0067655,C03055,P01077,ST044,2026-10-26 00:21:00,3,2821.09,0.05,WALLET
S0067656,C00835,P00932,ST024,2027-01-22 14:51:00,3,10233.75,0.00,NET_BANKING
S0067657,C00924,P00268,ST014,2027-04-20 02:21:00,6,4586.89,0.10,UPI
S0067658,C04102,P00610,ST004,2026-10-23 19:00:00,5,2166.11,0.00,COD
S0067659,C04104,P00617,ST014,2027-02-14 14:33:00,4,11028.99,0.15,CARD
S0067660,C03458,P01154,ST045,2026-09-20 04:38:00,2,2378.68,0.00,CARD
S0067661,C05261,P01120,ST024,2026-10-10 15:04:00,3,843.14,0.00,NET_BANKING
S0067662,C05696,P00143,ST046,2026-12-26 15:29:00,3,7704.38,0.10,COD
S0067663,C04426,P00513,ST031,2027-03-19 12:18:00,3,2594.81,0.00,COD
S0067664,C02465,P00542,ST040,2027-03-25 13:27:00,7,13862.55,0.10,UPI
S0067665,C02850,P00564,ST011,2027-02-08 07:04:00,8,13288.39,0.00,WALLET
S0067666,C03683,P01141,ST039,2026-10-12 01:58:00,7,1550.24,0.15,NET_BANKING
S0067667,C04329,P00357,ST001,2027-01-02 01:39:00,7,4341.85,0.05,UPI
S0067668,C05761,P00619,ST028,2027-04-27 08:29:00,7,14183.29,0.10,NET_BANKING
S0067669,C05541,P00740,ST033,2026-12-16 23:23:00,7,10365.11,0.15,UPI
S0067670,C01518,P01062,ST038,2027-05-02 04:16:00,6,2039.73,0.00,UPI
S0067671,C05516,P00800,ST040,2027-04-04 06:35:00,4,14143.96,0.05,UPI
S0067672,C00281,P00357,ST040,2027-03-26 15:37:00,3,4341.85,0.10,UPI
S0067673,C04861,P00903,ST025,2026-09-19 18:59:00,4,4390.79,0.00,WALLET
S0067674,C05555,P00763,ST011,2027-02-16 23:44:00,6,4853.30,0.10,UPI
S0067675,C04829,P00014,ST045,2026-09-29 13:26:00,5,9230.95,0.05,COD
S0067676,C05875,P01197,ST039,2026-11-23 22:58:00,2,159.43,0.15,UPI
S0067677,C03162,P00400,ST031,2027-03-22 09:11:00,1,11156.69,0.10,WALLET
S0067678,C04767,P00957,ST032,2027-02-07 09:23:00,6,13167.89,0.15,CARD
S0067679,C02675,P00278,ST024,2026-09-24 03:34:00,5,3088.10,0.00,WALLET
S0067680,C05032,P00989,ST043,2027-03-16 15:22:00,6,6367.31,0.00,CARD
S0067681,C01627,P00724,ST043,2026-10-09 10:20:00,3,842.59,0.05,UPI
S0067682,C04012,P00415,ST015,2027-04-16 14:14:00,2,3287.41,0.05,CARD
S0067683,C02514,P00909,ST017,2027-04-01 10:02:00,6,12153.06,0.15,UPI
S0067684,C02768,P00342,ST013,2027-02-23 11:41:00,8,2514.86,0.05,CARD
S0067685,C04703,P00909,ST013,2026-09-21 16:47:00,5,12153.06,0.10,COD
S0067686,C01569,P00407,ST047,2027-04-27 13:14:00,8,6517.00,0.00,COD
S0067687,C02860,P00573,ST005,2027-05-14 07:57:00,7,7520.25,0.00,COD
S0067688,C01204,P00246,ST026,2027-05-31 23:30:00,7,9342.29,0.00,CARD
S0067689,C05681,P00642,ST002,2026-09-17 04:57:00,5,4616.48,0.05,CARD
S0067690,C04537,P00672,ST012,2027-05-01 15:04:00,2,7478.34,0.15,UPI
S0067691,C02398,P00227,ST043,2026-11-23 22:00:00,3,7877.11,0.10,COD
S0067692,C04861,P00992,ST028,2026-12-08 08:42:00,6,9363.29,0.00,COD
S0067693,C01273,P01052,ST016,2027-01-31 04:29:00,8,4196.63,0.05,COD
S0067694,C05216,P00033,ST049,2026-12-16 06:23:00,8,11598.07,0.15,CARD
S0067695,C02043,P00771,ST043,2027-04-03 21:55:00,7,9138.48,0.05,CARD
S0067696,C04141,P01085,ST022,2027-01-22 17:17:00,2,1910.89,0.05,UPI
S0067697,C05238,P01034,ST021,2026-10-24 10:39:00,8,3274.19,0.15,CARD
S0067698,C00386,P01041,ST049,2026-11-28 15:49:00,8,3268.94,0.00,COD
S0067699,C02394,P00447,ST009,2027-03-24 22:43:00,8,13780.12,0.10,WALLET
S0067700,C03095,P00245,ST043,2027-01-14 12:30:00,1,8201.28,0.05,NET_BANKING
S0067701,C02092,P01177,ST023,2027-02-18 04:01:00,2,1992.94,0.15,NET_BANKING
S0067702,C01933,P01039,ST019,2027-04-03 23:31:00,6,2910.68,0.15,CARD
S0067703,C03685,P00684,ST038,2027-05-17 22:18:00,5,9364.88,0.00,WALLET
S0067704,C01873,P00350,ST024,2026-11-12 18:17:00,1,12905.92,0.10,UPI
S0067705,C05270,P00612,ST030,2027-01-16 01:26:00,2,12611.50,0.00,COD
S0067706,C05035,P00322,ST031,2026-12-10 15:59:00,3,7023.69,0.10,NET_BANKING
S0067707,C02988,P00565,ST034,2026-11-26 14:03:00,4,2663.33,0.00,UPI
S0067708,C01391,P00201,ST023,2026-09-27 16:15:00,2,7729.31,0.00,WALLET
S0067709,C04273,P00864,ST027,2026-11-17 01:15:00,3,934.40,0.00,NET_BANKING
S0067710,C04420,P00300,ST044,2026-09-20 14:15:00,5,14429.61,0.00,UPI
S0067711,C03856,P00693,ST034,2026-10-06 07:43:00,5,10171.16,0.00,COD
S0067712,C05792,P00284,ST011,2027-04-11 20:50:00,1,7052.39,0.00,COD
S0067713,C04518,P00500,ST028,2027-01-25 22:36:00,5,13885.62,0.05,CARD
S0067714,C04892,P00169,ST019,2026-12-01 08:37:00,3,11639.94,0.05,NET_BANKING
S0067715,C02352,P01193,ST001,2027-04-17 12:06:00,6,2508.87,0.00,CARD
S0067716,C03529,P00639,ST009,2027-02-06 10:43:00,2,5321.74,0.00,WALLET
S0067717,C03917,P01002,ST021,2026-12-29 05:52:00,7,3548.72,0.05,WALLET
S0067718,C04494,P00353,ST032,2026-11-12 14:49:00,2,10161.42,0.00,COD
S0067719,C05267,P00351,ST036,2027-01-11 02:03:00,3,9073.84,0.00,NET_BANKING
S0067720,C02521,P00351,ST028,2027-02-02 02:59:00,2,9073.84,0.15,UPI
S0067721,C01802,P00620,ST044,2026-10-12 16:31:00,6,1987.43,0.10,NET_BANKING
S0067722,C04224,P00260,ST017,2027-04-12 07:39:00,1,11471.26,0.00,NET_BANKING
S0067723,C04017,P00794,ST048,2027-01-10 04:14:00,3,9152.31,0.10,CARD
S0067724,C00936,P00209,ST023,2027-03-01 08:24:00,1,6800.00,0.05,UPI
S0067725,C00254,P00947,ST048,2027-02-17 00:58:00,3,5493.18,0.00,WALLET
S0067726,C02616,P00177,ST024,2026-10-09 15:32:00,5,5272.03,0.05,NET_BANKING
S0067727,C02853,P00078,ST010,2026-11-02 04:02:00,4,6017.13,0.00,COD
S0067728,C03960,P00083,ST010,2026-10-08 22:48:00,7,6669.82,0.05,CARD
S0067729,C04191,P00214,ST005,2027-02-16 03:07:00,7,8311.62,0.00,UPI
S0067730,C00182,P00842,ST029,2026-11-29 09:34:00,6,12208.32,0.00,WALLET
S0067731,C04213,P00731,ST002,2027-05-07 09:12:00,8,6650.71,0.00,NET_BANKING
S0067732,C04446,P00722,ST039,2026-11-15 10:00:00,4,2303.35,0.05,CARD
S0067733,C00386,P01135,ST035,2026-10-19 12:18:00,6,1405.03,0.15,COD
S0067734,C05573,P00751,ST034,2026-10-03 14:10:00,3,4310.47,0.00,COD
S0067735,C02491,P00339,ST045,2026-10-14 11:39:00,6,2464.80,0.15,WALLET
S0067736,C02035,P00013,ST041,2027-05-20 18:17:00,6,6028.43,0.00,NET_BANKING
S0067737,C00017,P00761,ST046,2026-10-07 00:23:00,2,7126.90,0.00,NET_BANKING
S0067738,C03807,P00365,ST028,2027-03-30 01:51:00,1,14402.02,0.00,NET_BANKING
S0067739,C02958,P00304,ST005,2027-02-07 15:08:00,8,8379.11,0.10,WALLET
S0067740,C01878,P01128,ST001,2027-04-29 18:12:00,2,1028.15,0.15,WALLET
S0067741,C05773,P00009,ST029,2027-03-23 05:55:00,2,14426.84,0.00,CARD
S0067742,C05701,P00480,ST032,2027-02-20 14:19:00,5,2188.07,0.15,UPI
S0067743,C05926,P00195,ST014,2026-11-30 09:13:00,3,10101.96,0.10,UPI
S0067744,C01315,P01085,ST038,2026-09-15 19:54:00,5,3049.93,0.05,UPI
S0067745,C03956,P00235,ST029,2026-09-30 13:03:00,4,5077.58,0.00,UPI
S0067746,C00079,P00128,ST017,2027-02-08 23:03:00,8,12585.65,0.05,CARD
S0067747,C01191,P00009,ST016,2026-10-12 18:49:00,5,14426.84,0.15,CARD
S0067748,C01902,P00580,ST005,2026-12-30 20:18:00,8,4489.50,0.10,UPI
S0067749,C00453,P00747,ST021,2026-10-20 19:50:00,7,91.31,0.10,WALLET
S0067750,C05383,P00414,ST037,2027-04-13 12:07:00,6,11326.94,0.00,UPI
S0067751,C03767,P00982,ST037,2027-03-15 16:39:00,2,1313.93,0.00,UPI
S0067752,C02851,P00415,ST036,2027-06-01 03:51:00,5,3287.41,0.05,COD
S0067753,C01599,P00698,ST040,2027-05-02 00:23:00,1,4891.44,0.00,WALLET
S0067754,C02667,P00001,ST040,2026-12-13 14:55:00,3,14748.70,0.10,CARD
S0067755,C02008,P00777,ST027,2027-02-28 10:27:00,3,7574.57,0.00,NET_BANKING
S0067756,C04298,P00117,ST049,2027-01-24 23:58:00,2,9637.83,0.15,CARD
S0067757,C04177,P00695,ST042,2027-02-24 00:16:00,3,13599.96,0.10,NET_BANKING
S0067758,C02295,P00233,ST050,2026-12-27 17:59:00,1,5834.21,0.10,UPI
S0067759,C01564,P00914,ST038,2027-04-08 02:23:00,2,14608.30,0.10,CARD
S0067760,C01048,P01052,ST009,2026-12-15 16:06:00,2,1504.39,0.00,CARD
S0067761,C00960,P00106,ST018,2026-12-01 01:13:00,1,14238.90,0.00,WALLET
S0067762,C03808,P00146,ST032,2026-11-09 12:05:00,4,1016.88,0.10,NET_BANKING
S0067763,C02423,P00329,ST010,2027-02-13 01:46:00,5,1364.47,0.15,UPI
S0067764,C04477,P01008,ST017,2027-03-20 17:50:00,2,4166.39,0.05,CARD
S0067765,C04104,P00456,ST014,2027-01-25 03:13:00,5,2960.04,0.00,NET_BANKING
S0067766,C05631,P00358,ST014,2027-03-29 12:14:00,6,7269.79,0.15,UPI
S0067767,C01487,P00910,ST008,2027-03-13 14:14:00,3,1660.00,0.05,UPI
S0067768,C05755,P00007,ST047,2027-02-16 23:58:00,6,8987.92,0.05,UPI
S0067769,C02847,P00391,ST039,2027-01-25 07:40:00,5,3490.76,0.00,WALLET
S0067770,C02064,P00862,ST031,2027-04-21 13:04:00,8,12635.93,0.05,WALLET
S0067771,C03536,P00590,ST014,2026-09-28 14:25:00,4,265.48,0.00,UPI
S0067772,C02682,P01078,ST002,2026-12-29 21:30:00,3,1852.34,0.00,CARD
S0067773,C03861,P00323,ST048,2027-03-14 09:18:00,8,2608.20,0.15,COD
S0067774,C05275,P00174,ST036,2026-12-06 13:05:00,4,322.73,0.00,CARD
S0067775,C05045,P00730,ST027,2026-12-10 23:33:00,8,3796.60,0.00,UPI
S0067776,C01978,P00536,ST047,2027-05-09 04:43:00,8,8908.32,0.00,UPI
S0067777,C02445,P00248,ST050,2026-10-27 15:05:00,2,13778.23,0.15,UPI
S0067778,C05516,P00690,ST045,2027-04-17 22:22:00,8,4018.76,0.15,CARD
S0067779,C02757,P00857,ST047,2027-04-10 14:44:00,6,10083.38,0.10,WALLET
S0067780,C03391,P00406,ST038,2027-05-18 22:10:00,3,1162.78,0.05,CARD
S0067781,C02483,P00625,ST034,2027-03-26 16:49:00,1,12569.93,0.05,WALLET
S0067782,C01461,P00735,ST029,2026-11-10 15:30:00,6,7714.11,0.00,WALLET
S0067783,C03704,P00463,ST004,2026-12-19 17:12:00,8,13244.30,0.00,UPI
S0067784,C00593,P00949,ST020,2027-02-15 06:04:00,2,5923.78,0.15,COD
S0067785,C01531,P01009,ST003,2027-01-27 08:12:00,2,2208.23,0.00,WALLET
S0067786,C05041,P00821,ST032,2026-10-29 17:09:00,6,7398.56,0.15,CARD
S0067787,C05055,P00861,ST043,2026-09-17 02:48:00,7,3963.47,0.05,UPI
S0067788,C02035,P00428,ST020,2026-11-29 13:28:00,8,11541.27,0.00,UPI
S0067789,C03362,P00783,ST027,2026-11-20 09:11:00,4,1108.76,0.00,UPI
S0067790,C04461,P00481,ST020,2026-12-06 05:39:00,8,10052.76,0.15,COD
S0067791,C00627,P00203,ST004,2027-03-13 20:13:00,3,1071.23,0.00,COD
S0067792,C01488,P00980,ST003,2027-05-05 20:45:00,6,8929.07,0.00,NET_BANKING
S0067793,C00639,P00243,ST007,2027-01-02 19:57:00,1,6859.66,0.15,CARD
S0067794,C04126,P00003,ST023,2027-03-24 09:40:00,8,9487.90,0.05,WALLET
S0067795,C04510,P00688,ST036,2027-03-14 05:09:00,8,14801.08,0.05,WALLET
S0067796,C00404,P01011,ST011,2027-01-01 09:07:00,3,2622.81,0.10,NET_BANKING
S0067797,C02713,P01039,ST018,2027-01-18 02:44:00,2,2439.25,0.10,CARD
S0067798,C04878,P00074,ST042,2027-04-21 16:14:00,5,9655.66,0.05,UPI
S0067799,C01565,P00897,ST006,2027-01-25 01:15:00,1,3588.17,0.15,UPI
S0067800,C00315,P00065,ST048,2027-04-19 21:54:00,8,505.63,0.10,NET_BANKING
S0067801,C02327,P00760,ST013,2027-05-07 23:40:00,5,13523.24,0.00,WALLET
S0067802,C01271,P00185,ST049,2026-12-29 09:28:00,1,5998.13,0.15,NET_BANKING
S0067803,C05852,P01067,ST029,2027-02-08 18:29:00,7,1057.78,0.00,WALLET
S0067804,C05117,P00529,ST035,2026-10-01 11:38:00,4,10534.37,0.05,CARD
S0067805,C01289,P00149,ST012,2027-04-29 07:02:00,2,6470.19,0.10,UPI
S0067806,C01852,P00460,ST009,2027-03-17 20:37:00,8,11166.19,0.00,UPI
S0067807,C05232,P00657,ST008,2027-05-11 21:42:00,4,5978.63,0.05,NET_BANKING
S0067808,C04174,P00854,ST050,2026-10-05 16:54:00,1,6348.82,0.00,WALLET
S0067809,C03928,P00890,ST002,2027-04-18 08:58:00,6,2569.54,0.05,WALLET
S0067810,C00491,P01180,ST025,2027-01-16 11:56:00,2,175.16,0.10,COD
S0067811,C03508,P00035,ST011,2027-04-19 10:12:00,3,1827.96,0.15,WALLET
S0067812,C00764,P00568,ST024,2027-01-22 14:05:00,2,11436.07,0.10,CARD
S0067813,C01940,P00182,ST021,2027-01-31 10:59:00,8,11258.08,0.05,CARD
S0067814,C03863,P00428,ST006,2027-03-11 12:02:00,2,11541.27,0.05,CARD
S0067815,C00404,P00085,ST048,2026-12-09 02:59:00,7,14386.77,0.00,WALLET
S0067816,C02879,P00571,ST033,2026-09-27 18:35:00,8,4671.20,0.10,CARD
S0067817,C02516,P00647,ST046,2027-03-12 08:12:00,5,8946.93,0.00,COD
S0067818,C02559,P01179,ST029,2026-12-14 19:50:00,4,666.23,0.10,WALLET
S0067819,C01561,P01031,ST030,2027-04-22 09:41:00,3,277.80,0.00,WALLET
S0067820,C04092,P00577,ST047,2027-03-28 12:55:00,3,286.38,0.00,COD
S0067821,C03989,P00540,ST035,2027-04-17 00:10:00,1,8768.71,0.00,UPI
S0067822,C02300,P01047,ST014,2027-01-11 06:14:00,8,147.94,0.15,WALLET
S0067823,C04938,P00244,ST008,2026-11-23 08:44:00,2,12653.48,0.05,CARD
S0067824,C04900,P00946,ST023,2027-01-07 05:14:00,4,536.50,0.00,NET_BANKING
S0067825,C01046,P01018,ST037,2027-04-15 08:25:00,7,2195.37,0.10,UPI
S0067826,C00886,P00524,ST045,2026-12-16 20:12:00,1,11462.06,0.05,WALLET
S0067827,C00210,P00434,ST031,2027-05-06 21:25:00,5,11454.78,0.15,UPI
S0067828,C05973,P01089,ST037,2026-11-26 13:24:00,8,4539.36,0.00,CARD
S0067829,C04262,P00767,ST002,2026-10-09 06:41:00,7,11689.48,0.00,COD
S0067830,C02949,P00206,ST004,2026-12-20 20:02:00,3,12086.30,0.00,NET_BANKING
S0067831,C01736,P00924,ST007,2027-03-05 09:16:00,3,2977.90,0.00,COD
S0067832,C00761,P00927,ST048,2026-11-01 12:28:00,2,9200.17,0.10,UPI
S0067833,C00899,P00827,ST008,2027-04-26 21:46:00,4,14075.22,0.00,NET_BANKING
S0067834,C02886,P00146,ST003,2027-04-26 16:30:00,2,1016.88,0.10,COD
S0067835,C02147,P01149,ST005,2027-04-20 13:26:00,2,3528.87,0.05,UPI
S0067836,C00126,P00663,ST019,2027-03-01 03:45:00,4,4192.70,0.00,COD
S0067837,C04987,P00660,ST022,2026-11-21 02:32:00,6,7080.45,0.00,WALLET
S0067838,C05818,P00177,ST026,2026-12-24 14:59:00,6,5272.03,0.05,UPI
S0067839,C02330,P00698,ST049,2026-12-30 18:59:00,4,4891.44,0.15,WALLET
S0067840,C04793,P00635,ST030,2027-05-09 13:02:00,3,7089.77,0.05,NET_BANKING
S0067841,C04998,P00314,ST012,2026-11-26 08:30:00,1,1767.09,0.05,UPI
S0067842,C04339,P00966,ST018,2026-12-18 05:52:00,4,14692.30,0.15,UPI
S0067843,C01380,P00383,ST016,2027-04-22 22:17:00,6,4193.79,0.00,NET_BANKING
S0067844,C02355,P00895,ST028,2026-12-29 01:49:00,2,8765.77,0.00,CARD
S0067845,C01019,P00890,ST027,2027-03-08 15:55:00,7,2569.54,0.00,COD
S0067846,C00710,P00347,ST025,2027-04-28 07:15:00,7,13728.26,0.15,NET_BANKING
S0067847,C05045,P00434,ST047,2026-09-20 10:13:00,3,11454.78,0.05,UPI
S0067848,C01201,P01063,ST032,2027-04-19 03:48:00,6,2846.16,0.10,WALLET
S0067849,C00222,P01117,ST016,2027-01-08 18:13:00,4,2684.04,0.15,UPI
S0067850,C05630,P01075,ST032,2027-02-12 14:55:00,1,1966.41,0.00,UPI
S0067851,C02733,P00165,ST030,2027-03-07 16:59:00,6,14497.74,0.15,CARD
S0067852,C02070,P00173,ST047,2027-05-25 04:53:00,4,2556.28,0.00,NET_BANKING
S0067853,C00506,P00304,ST050,2027-03-18 14:20:00,2,8379.11,0.05,COD
S0067854,C00673,P00152,ST004,2026-10-24 14:02:00,8,5290.05,0.05,COD
S0067855,C05510,P00510,ST009,2027-03-18 07:36:00,6,8953.00,0.05,CARD
S0067856,C00673,P00812,ST001,2027-02-23 13:09:00,8,13449.06,0.10,UPI
S0067857,C05467,P00207,ST036,2027-01-25 04:09:00,6,9646.57,0.15,CARD
S0067858,C04188,P00046,ST024,2026-11-24 04:55:00,5,4750.20,0.15,NET_BANKING
S0067859,C01582,P00034,ST019,2027-04-18 16:08:00,1,14038.19,0.00,NET_BANKING
S0067860,C00161,P00596,ST033,2026-11-10 16:45:00,1,8194.29,0.00,CARD
S0067861,C01809,P00763,ST029,2026-10-20 16:00:00,1,4853.30,0.00,UPI
S0067862,C05812,P00713,ST011,2026-09-29 18:49:00,6,3603.18,0.10,UPI
S0067863,C01072,P00711,ST029,2026-11-25 20:57:00,1,6883.58,0.10,UPI
S0067864,C05924,P00626,ST049,2026-11-23 15:17:00,6,4597.20,0.10,CARD
S0067865,C00218,P00130,ST048,2027-03-10 01:24:00,3,1609.69,0.00,UPI
S0067866,C03071,P00440,ST027,2027-02-19 09:29:00,6,11929.30,0.00,COD
S0067867,C04141,P00807,ST027,2026-09-21 14:03:00,8,3804.96,0.00,NET_BANKING
S0067868,C00388,P00823,ST028,2027-02-07 19:29:00,6,13235.97,0.10,WALLET
S0067869,C00871,P00761,ST005,2026-11-09 09:40:00,5,7126.90,0.00,UPI
S0067870,C00648,P00223,ST020,2027-05-27 07:27:00,7,6560.58,0.10,WALLET
S0067871,C04699,P00276,ST008,2027-05-02 07:33:00,1,6865.96,0.05,UPI
S0067872,C00198,P00645,ST050,2026-12-27 22:35:00,7,11979.98,0.10,CARD
S0067873,C01382,P00836,ST020,2027-03-09 17:21:00,8,8199.84,0.15,WALLET
S0067874,C02476,P00831,ST020,2027-01-11 07:45:00,6,4958.66,0.00,WALLET
S0067875,C00204,P00280,ST037,2027-05-01 04:40:00,8,5715.39,0.00,WALLET
S0067876,C04256,P00978,ST017,2026-10-30 11:09:00,5,12166.54,0.10,CARD
S0067877,C01291,P00110,ST030,2027-02-10 16:50:00,7,11820.01,0.15,CARD
S0067878,C05742,P00627,ST002,2027-05-11 10:30:00,7,12769.96,0.10,COD
S0067879,C04488,P00443,ST018,2026-10-21 00:04:00,4,10115.80,0.10,UPI
S0067880,C03422,P01023,ST034,2027-01-28 09:17:00,1,3460.68,0.05,COD
S0067881,C00520,P00425,ST009,2026-11-12 20:00:00,6,14157.41,0.15,UPI
S0067882,C00739,P00265,ST004,2027-04-06 23:32:00,6,11238.83,0.05,WALLET
S0067883,C05643,P00267,ST006,2026-12-02 22:17:00,1,4567.81,0.15,UPI
S0067884,C04040,P00057,ST003,2026-10-29 17:44:00,4,6283.79,0.00,UPI
S0067885,C04806,P00732,ST004,2026-11-21 21:14:00,7,7048.14,0.10,WALLET
S0067886,C00810,P00085,ST026,2027-05-30 09:30:00,3,14386.77,0.05,UPI
S0067887,C03570,P01071,ST021,2027-05-26 09:14:00,5,1669.18,0.00,UPI
S0067888,C05972,P00212,ST046,2027-01-20 22:32:00,3,13581.02,0.00,NET_BANKING
S0067889,C05534,P00697,ST027,2026-12-27 03:50:00,7,10439.87,0.00,WALLET
S0067890,C00826,P00632,ST002,2027-05-05 22:29:00,6,6057.90,0.00,CARD
S0067891,C01917,P01196,ST045,2027-03-17 03:58:00,4,3230.07,0.00,CARD
S0067892,C00377,P00600,ST036,2026-11-15 06:29:00,4,6476.74,0.10,WALLET
S0067893,C05386,P00384,ST005,2026-11-22 09:16:00,4,2659.04,0.00,UPI
S0067894,C00707,P01010,ST048,2026-12-07 21:28:00,8,704.50,0.00,WALLET
S0067895,C05533,P00451,ST033,2026-12-06 01:21:00,6,10085.19,0.05,CARD
S0067896,C00807,P00249,ST021,2027-03-29 18:10:00,8,10604.98,0.00,UPI
S0067897,C00979,P00891,ST011,2027-03-12 03:24:00,5,2634.44,0.05,NET_BANKING
S0067898,C00768,P00593,ST040,2027-02-04 08:56:00,1,3386.42,0.00,NET_BANKING
S0067899,C01963,P00939,ST015,2026-11-22 17:14:00,8,7892.75,0.10,NET_BANKING
S0067900,C00461,P00908,ST017,2027-01-21 08:07:00,1,10685.50,0.00,UPI
S0067901,C03671,P00766,ST002,2027-05-17 20:19:00,5,889.54,0.05,COD
S0067902,C00540,P00894,ST039,2026-12-10 08:20:00,5,12465.27,0.00,NET_BANKING
S0067903,C00525,P00373,ST012,2026-11-12 09:47:00,1,11139.22,0.15,UPI
S0067904,C02350,P00722,ST013,2026-09-30 09:35:00,7,2303.35,0.00,WALLET
S0067905,C02975,P01078,ST022,2026-12-28 11:55:00,5,1306.66,0.00,UPI
S0067906,C04924,P00583,ST011,2027-05-04 16:56:00,3,5417.09,0.10,COD
S0067907,C01025,P00478,ST040,2027-02-11 12:31:00,2,1905.90,0.00,COD
S0067908,C04748,P00711,ST015,2026-12-19 19:19:00,2,6883.58,0.05,UPI
S0067909,C03676,P00092,ST007,2027-05-10 16:00:00,8,8564.59,0.00,CARD
S0067910,C04344,P00089,ST011,2026-11-13 09:34:00,5,9250.21,0.00,NET_BANKING
S0067911,C00902,P00847,ST029,2026-11-13 11:39:00,2,11650.44,0.00,UPI
S0067912,C00138,P00207,ST040,2026-12-26 03:27:00,3,9646.57,0.05,UPI
S0067913,C03993,P00970,ST014,2026-11-24 09:58:00,7,11802.25,0.15,WALLET
S0067914,C02823,P00765,ST004,2027-02-26 09:09:00,8,9252.17,0.15,COD
S0067915,C03069,P00198,ST036,2027-03-20 00:14:00,6,11526.28,0.00,NET_BANKING
S0067916,C01665,P00440,ST015,2027-02-17 22:33:00,2,11929.30,0.15,COD
S0067917,C04245,P00475,ST027,2027-01-31 04:29:00,1,1870.66,0.05,CARD
S0067918,C01174,P00372,ST034,2027-02-16 21:28:00,1,8947.17,0.00,NET_BANKING
S0067919,C00015,P00890,ST043,2026-11-20 13:16:00,5,2569.54,0.15,UPI
S0067920,C05223,P00933,ST006,2027-03-21 00:30:00,6,7457.39,0.05,CARD
S0067921,C03188,P01175,ST032,2027-04-14 02:55:00,8,97.45,0.00,COD
S0067922,C01074,P00183,ST015,2027-04-10 06:23:00,5,4082.17,0.15,NET_BANKING
S0067923,C02034,P00983,ST003,2027-01-17 23:43:00,6,14539.34,0.00,NET_BANKING
S0067924,C04119,P00180,ST003,2027-02-24 03:58:00,4,12378.45,0.00,COD
S0067925,C02376,P00107,ST011,2026-10-16 14:51:00,5,7220.47,0.15,COD
S0067926,C05425,P00105,ST012,2027-03-24 23:39:00,6,7300.13,0.00,UPI
S0067927,C05207,P00811,ST048,2027-03-13 04:41:00,8,12059.60,0.05,UPI
S0067928,C01377,P00276,ST022,2027-02-05 19:14:00,8,6865.96,0.00,CARD
S0067929,C03057,P00454,ST005,2027-03-06 02:32:00,1,8517.58,0.00,CARD
S0067930,C01928,P00138,ST023,2027-01-25 12:05:00,2,11081.05,0.10,UPI
S0067931,C03600,P00204,ST036,2026-10-04 02:37:00,1,1600.11,0.00,WALLET
S0067932,C03720,P01181,ST008,2026-11-24 19:50:00,2,3203.28,0.05,UPI
S0067933,C02156,P00600,ST042,2026-10-19 05:46:00,1,6476.74,0.10,NET_BANKING
S0067934,C01617,P00697,ST030,2026-10-28 11:48:00,2,10439.87,0.10,COD
S0067935,C02388,P00516,ST048,2026-10-04 02:38:00,5,7808.79,0.05,UPI
S0067936,C00979,P00716,ST012,2026-11-14 16:40:00,5,3403.75,0.00,CARD
S0067937,C05839,P00204,ST040,2027-01-12 06:05:00,7,1600.11,0.15,COD
S0067938,C02847,P00521,ST020,2027-05-26 11:50:00,5,6093.07,0.15,WALLET
S0067939,C02365,P01012,ST015,2026-10-26 04:41:00,1,1652.03,0.15,UPI
S0067940,C04347,P00227,ST041,2026-12-14 01:21:00,8,7877.11,0.15,COD
S0067941,C00299,P00047,ST040,2027-04-08 10:13:00,3,4471.06,0.00,CARD
S0067942,C05883,P00956,ST046,2027-04-11 09:48:00,4,1818.03,0.05,COD
S0067943,C01557,P00942,ST048,2026-11-26 17:34:00,2,13417.77,0.00,NET_BANKING
S0067944,C03453,P00007,ST004,2027-03-02 04:10:00,8,8987.92,0.05,NET_BANKING
S0067945,C03360,P00752,ST016,2027-01-12 21:42:00,7,10993.54,0.00,WALLET
S0067946,C02551,P00002,ST026,2027-04-29 17:19:00,8,14309.77,0.15,UPI
S0067947,C01332,P00906,ST010,2027-04-02 13:39:00,5,12896.50,0.10,CARD
S0067948,C02946,P00828,ST003,2026-09-27 09:20:00,3,6520.23,0.15,UPI
S0067949,C02874,P01115,ST036,2026-11-11 03:29:00,1,1557.91,0.00,WALLET
S0067950,C02223,P00625,ST032,2026-12-03 23:44:00,4,12569.93,0.00,CARD
S0067951,C02541,P00227,ST024,2027-02-13 07:10:00,7,7877.11,0.15,CARD
S0067952,C03306,P01036,ST042,2027-01-11 05:47:00,8,2058.73,0.00,UPI
S0067953,C05003,P00243,ST047,2027-04-06 23:18:00,7,6859.66,0.10,COD
S0067954,C01822,P00851,ST048,2026-10-15 19:44:00,4,10520.35,0.05,COD
S0067955,C02497,P01146,ST047,2026-09-23 01:46:00,8,1141.37,0.15,COD
S0067956,C00148,P00594,ST007,2027-05-07 14:23:00,4,10755.95,0.05,UPI
S0067957,C03346,P00461,ST030,2027-01-20 06:16:00,4,9906.46,0.00,NET_BANKING
S0067958,C03880,P00003,ST045,2027-04-21 10:49:00,1,9487.90,0.05,CARD
S0067959,C00627,P00843,ST031,2027-02-04 01:28:00,3,13366.08,0.00,UPI
S0067960,C01218,P01153,ST008,2027-02-14 02:04:00,2,2552.57,0.05,NET_BANKING
S0067961,C04468,P00295,ST013,2026-11-03 21:01:00,2,8088.40,0.05,CARD
S0067962,C02378,P00205,ST019,2026-09-22 22:57:00,1,2535.39,0.10,COD
S0067963,C04629,P00117,ST030,2027-04-18 07:50:00,8,9637.83,0.00,CARD
S0067964,C02747,P00526,ST005,2027-04-17 00:09:00,8,8424.35,0.00,COD
S0067965,C05825,P01171,ST011,2027-04-20 07:40:00,3,1972.45,0.00,WALLET
S0067966,C04311,P00618,ST018,2027-05-20 06:08:00,2,9855.53,0.00,UPI
S0067967,C03798,P00824,ST025,2026-09-18 12:18:00,2,5681.80,0.00,WALLET
S0067968,C04269,P00495,ST017,2027-03-04 10:20:00,8,105.46,0.00,NET_BANKING
S0067969,C05781,P00017,ST050,2027-01-07 12:26:00,5,3528.42,0.00,WALLET
S0067970,C01110,P00414,ST044,2027-03-15 20:40:00,2,11326.94,0.15,COD
S0067971,C03123,P01084,ST050,2027-02-17 14:19:00,8,4461.02,0.00,WALLET
S0067972,C03408,P00659,ST037,2027-04-22 09:00:00,6,3678.56,0.00,COD
S0067973,C05831,P00075,ST030,2026-10-12 01:33:00,3,288.24,0.15,NET_BANKING
S0067974,C03833,P00770,ST049,2027-06-02 05:34:00,6,6385.04,0.15,NET_BANKING
S0067975,C04694,P00147,ST040,2027-04-26 18:21:00,2,8610.17,0.15,NET_BANKING
S0067976,C05870,P00851,ST016,2026-12-18 10:27:00,5,10520.35,0.15,WALLET
S0067977,C05571,P00240,ST011,2026-11-04 17:11:00,2,9582.36,0.00,UPI
S0067978,C02403,P00370,ST025,2026-10-22 06:37:00,4,9728.34,0.00,WALLET
S0067979,C00188,P00718,ST038,2027-04-24 22:31:00,2,3535.94,0.15,COD
S0067980,C00247,P00715,ST014,2027-04-18 12:57:00,5,9749.53,0.00,COD
S0067981,C04691,P00562,ST037,2027-01-10 06:20:00,6,10013.06,0.00,UPI
S0067982,C00438,P00495,ST016,2027-02-15 15:54:00,7,105.46,0.10,CARD
S0067983,C00728,P01053,ST028,2027-02-17 13:11:00,8,124.94,0.00,CARD
S0067984,C03839,P00824,ST007,2026-10-18 21:18:00,5,5681.80,0.05,COD
S0067985,C03626,P00902,ST029,2026-12-12 06:18:00,5,6441.41,0.00,CARD
S0067986,C01438,P00455,ST032,2027-03-23 10:12:00,6,11331.19,0.10,COD
S0067987,C04390,P01014,ST019,2027-02-14 00:44:00,4,3310.40,0.15,NET_BANKING
S0067988,C00211,P00891,ST031,2027-04-29 01:40:00,4,2634.44,0.15,WALLET
S0067989,C03277,P00898,ST036,2027-04-18 13:43:00,2,1340.84,0.00,CARD
S0067990,C03032,P00791,ST014,2027-01-17 18:26:00,6,5011.64,0.05,WALLET
S0067991,C05654,P00689,ST037,2027-05-16 00:00:00,6,1747.51,0.00,WALLET
S0067992,C00065,P01130,ST004,2026-10-04 20:36:00,2,3735.43,0.00,NET_BANKING
S0067993,C02019,P00381,ST050,2027-01-14 08:48:00,5,12953.05,0.00,NET_BANKING
S0067994,C02433,P01068,ST001,2026-10-13 22:48:00,7,1868.86,0.00,NET_BANKING
S0067995,C00655,P01058,ST048,2026-09-17 19:32:00,4,2421.06,0.15,COD
S0067996,C02099,P00467,ST041,2027-02-20 03:16:00,4,8776.36,0.00,WALLET
S0067997,C03100,P01002,ST031,2027-03-29 16:34:00,4,278.04,0.05,COD
S0067998,C03792,P00537,ST037,2026-09-22 16:50:00,1,9956.19,0.05,NET_BANKING
S0067999,C04581,P00006,ST047,2026-10-05 15:39:00,2,12375.85,0.00,UPI
S0068000,C01345,P01099,ST006,2027-01-25 14:26:00,2,1662.69,0.15,COD
S0068001,C03091,P00923,ST042,2027-05-01 04:41:00,8,12391.37,0.00,UPI
S0068002,C01873,P00598,ST027,2027-03-09 05:22:00,5,4459.15,0.05,CARD
S0068003,C03252,P00489,ST012,2027-05-30 04:22:00,6,12272.05,0.15,COD
S0068004,C02180,P00772,ST026,2026-11-16 00:37:00,4,13512.62,0.10,NET_BANKING
S0068005,C03213,P00294,ST023,2026-12-05 16:24:00,7,9198.98,0.10,WALLET
S0068006,C05830,P00973,ST007,2027-05-08 20:27:00,8,13784.89,0.05,COD
S0068007,C00556,P01187,ST046,2026-11-01 15:18:00,5,3269.96,0.00,CARD
S0068008,C04212,P01160,ST036,2027-05-03 06:27:00,4,1928.20,0.10,WALLET
S0068009,C01947,P00455,ST049,2027-04-19 07:36:00,3,11331.19,0.00,WALLET
S0068010,C03058,P00772,ST042,2026-11-16 01:06:00,1,13512.62,0.00,UPI
S0068011,C02308,P00425,ST011,2027-03-21 09:32:00,2,14157.41,0.10,CARD
S0068012,C01148,P00689,ST037,2026-12-25 20:14:00,5,1747.51,0.00,UPI
S0068013,C03908,P00687,ST035,2026-10-30 21:51:00,2,10669.90,0.15,WALLET
S0068014,C04423,P00205,ST045,2026-10-17 06:09:00,2,2535.39,0.05,NET_BANKING
S0068015,C02168,P00776,ST029,2027-04-17 15:57:00,8,571.16,0.15,CARD
S0068016,C00857,P00616,ST010,2027-01-03 01:34:00,7,114.05,0.05,NET_BANKING
S0068017,C05003,P00155,ST025,2027-01-20 09:05:00,2,7087.72,0.05,WALLET
S0068018,C05065,P00257,ST034,2027-02-13 20:39:00,5,14449.49,0.15,UPI
S0068019,C04577,P00186,ST016,2026-11-04 06:50:00,6,5509.22,0.15,COD
S0068020,C02829,P01013,ST041,2026-10-02 21:30:00,8,4454.53,0.05,COD
S0068021,C00219,P00558,ST043,2026-11-30 01:40:00,1,2884.27,0.10,CARD
S0068022,C01858,P00414,ST033,2027-01-02 10:19:00,1,11326.94,0.10,NET_BANKING
S0068023,C05878,P01186,ST017,2027-02-24 10:40:00,3,558.26,0.00,NET_BANKING
S0068024,C02573,P00494,ST026,2026-10-16 07:59:00,8,4019.59,0.05,WALLET
S0068025,C02848,P00360,ST020,2026-10-09 13:49:00,5,8928.80,0.05,NET_BANKING
S0068026,C03478,P01177,ST008,2027-01-14 02:27:00,6,921.58,0.00,UPI
S0068027,C01945,P00631,ST019,2026-10-13 23:04:00,8,2764.58,0.00,COD
S0068028,C02711,P00464,ST018,2027-01-08 04:43:00,3,6498.78,0.00,WALLET
S0068029,C00617,P00457,ST021,2026-12-28 00:45:00,7,2393.60,0.00,WALLET
S0068030,C02147,P00947,ST024,2027-01-09 12:32:00,2,5493.18,0.00,CARD
S0068031,C01102,P00433,ST027,2027-03-25 08:54:00,2,6296.95,0.00,COD
S0068032,C01220,P00909,ST032,2027-03-19 21:49:00,6,12153.06,0.10,NET_BANKING
S0068033,C00344,P00400,ST003,2027-01-01 16:55:00,5,11156.69,0.05,CARD
S0068034,C05638,P00376,ST008,2026-12-25 17:46:00,2,6826.58,0.00,UPI
S0068035,C05975,P00107,ST021,2026-11-18 03:31:00,4,7220.47,0.10,COD
S0068036,C02064,P01161,ST002,2027-03-11 18:33:00,4,3461.35,0.00,CARD
S0068037,C04110,P00567,ST009,2027-04-05 07:31:00,4,2522.97,0.15,WALLET
S0068038,C00098,P00289,ST033,2026-12-02 23:25:00,7,535.61,0.00,UPI
S0068039,C04483,P00181,ST026,2026-12-16 06:21:00,8,9255.83,0.00,NET_BANKING
S0068040,C02943,P00345,ST037,2027-05-22 10:07:00,5,1997.78,0.05,CARD
S0068041,C03929,P00121,ST024,2027-03-22 14:34:00,8,612.71,0.00,UPI
S0068042,C00158,P00131,ST011,2027-03-26 01:49:00,7,13217.23,0.00,UPI
S0068043,C05553,P00348,ST015,2026-11-05 17:00:00,2,6541.94,0.10,CARD
S0068044,C02568,P00753,ST045,2027-04-07 22:11:00,5,9739.34,0.00,COD
S0068045,C03145,P01083,ST012,2026-09-29 04:31:00,5,3214.08,0.10,CARD
S0068046,C03721,P01001,ST015,2026-11-17 19:27:00,2,1021.14,0.15,WALLET
S0068047,C03270,P00231,ST032,2027-03-09 19:30:00,8,4512.73,0.00,UPI
S0068048,C05232,P00312,ST002,2027-05-28 23:50:00,5,5466.28,0.10,NET_BANKING
S0068049,C04333,P00243,ST017,2026-12-25 02:17:00,6,6859.66,0.00,WALLET
S0068050,C01324,P01117,ST023,2027-05-30 03:22:00,7,1067.91,0.10,COD
S0068051,C02981,P00617,ST022,2027-01-29 12:35:00,6,11028.99,0.00,CARD
S0068052,C04199,P00985,ST046,2026-12-27 16:28:00,1,12971.94,0.00,NET_BANKING
S0068053,C04454,P00897,ST036,2027-01-14 23:54:00,3,3588.17,0.15,NET_BANKING
S0068054,C02622,P00708,ST022,2027-01-26 02:01:00,4,605.04,0.15,NET_BANKING
S0068055,C00227,P00808,ST018,2026-10-06 22:53:00,4,2340.21,0.15,CARD
S0068056,C03217,P00603,ST016,2026-10-01 15:52:00,1,7723.35,0.00,UPI
S0068057,C03457,P01118,ST031,2027-05-13 15:18:00,2,742.02,0.00,CARD
S0068058,C03081,P00132,ST010,2026-10-15 21:23:00,1,661.50,0.10,WALLET
S0068059,C04427,P00900,ST011,2027-05-20 18:40:00,4,10665.28,0.00,NET_BANKING
S0068060,C00130,P00178,ST022,2026-10-21 06:24:00,5,10707.38,0.00,NET_BANKING
S0068061,C00327,P00307,ST018,2027-03-15 00:12:00,3,13759.94,0.10,CARD
S0068062,C01567,P00291,ST014,2026-10-11 03:02:00,8,3274.34,0.00,COD
S0068063,C01353,P00890,ST049,2027-05-23 01:59:00,6,2569.54,0.00,NET_BANKING
S0068064,C01988,P00396,ST040,2026-11-19 04:47:00,1,1114.54,0.00,WALLET
S0068065,C02049,P00292,ST038,2027-03-31 02:32:00,2,387.24,0.00,NET_BANKING
S0068066,C04294,P00327,ST008,2027-04-04 02:31:00,6,7639.94,0.10,COD
S0068067,C01568,P00076,ST029,2027-02-07 16:22:00,6,2643.86,0.15,COD
S0068068,C02438,P01104,ST045,2027-02-26 07:35:00,3,832.79,0.00,WALLET
S0068069,C04274,P00441,ST013,2027-05-31 07:50:00,2,10328.32,0.15,NET_BANKING
S0068070,C03861,P00167,ST046,2027-02-21 07:04:00,5,9994.61,0.00,UPI
S0068071,C02400,P00294,ST010,2027-01-29 22:49:00,8,9198.98,0.10,NET_BANKING
S0068072,C01709,P00086,ST006,2027-01-24 23:00:00,8,394.30,0.05,WALLET
S0068073,C05653,P00666,ST020,2027-03-28 11:53:00,1,12463.65,0.05,UPI
S0068074,C00810,P00034,ST004,2027-02-12 16:51:00,7,14038.19,0.00,WALLET
S0068075,C03637,P00704,ST014,2027-02-23 17:42:00,6,3700.74,0.15,CARD
S0068076,C01828,P00508,ST046,2026-10-31 20:03:00,1,14824.01,0.00,WALLET
S0068077,C02592,P00485,ST046,2026-11-19 05:25:00,6,2390.76,0.05,CARD
S0068078,C03967,P01128,ST048,2026-11-04 07:25:00,3,663.49,0.00,WALLET
S0068079,C02871,P00752,ST045,2027-05-26 03:14:00,8,10993.54,0.05,COD
S0068080,C05909,P00042,ST006,2027-05-29 22:20:00,8,14409.73,0.15,NET_BANKING
S0068081,C03009,P00688,ST050,2026-10-14 05:19:00,5,14801.08,0.00,COD
S0068082,C04106,P00234,ST039,2027-01-06 13:20:00,2,10659.34,0.05,NET_BANKING
S0068083,C05970,P00464,ST020,2027-04-27 10:12:00,1,6498.78,0.00,COD
S0068084,C03015,P00877,ST029,2027-01-30 18:10:00,7,9491.54,0.05,COD
S0068085,C00123,P00487,ST032,2026-09-17 08:19:00,5,5449.32,0.00,WALLET
S0068086,C02458,P01084,ST026,2027-04-25 04:58:00,2,2269.53,0.15,COD
S0068087,C04693,P00664,ST021,2026-10-15 01:44:00,5,2596.83,0.05,COD
S0068088,C04963,P00321,ST026,2027-02-03 01:24:00,3,1068.85,0.15,WALLET
S0068089,C01506,P00465,ST012,2026-12-09 00:17:00,8,2736.41,0.15,COD
S0068090,C00852,P00518,ST028,2026-11-02 19:52:00,5,7226.67,0.15,CARD
S0068091,C02485,P00589,ST004,2026-12-12 07:29:00,7,4410.37,0.00,WALLET
S0068092,C04094,P01103,ST012,2026-11-28 03:48:00,8,3762.49,0.05,CARD
S0068093,C02512,P00955,ST024,2027-02-07 15:35:00,5,5719.71,0.10,NET_BANKING
S0068094,C04664,P00113,ST019,2027-05-16 17:13:00,6,13315.47,0.15,WALLET
S0068095,C00574,P00532,ST008,2027-05-30 15:22:00,7,13097.07,0.15,NET_BANKING
S0068096,C02646,P00078,ST007,2026-10-16 22:11:00,6,6017.13,0.00,CARD
S0068097,C02579,P01018,ST021,2026-10-05 17:56:00,7,2135.80,0.10,NET_BANKING
S0068098,C02172,P00175,ST024,2027-04-02 13:45:00,6,14956.51,0.00,CARD
S0068099,C02881,P00300,ST005,2026-10-16 20:34:00,7,14429.61,0.05,COD
S0068100,C05968,P00978,ST038,2027-04-09 03:30:00,1,12166.54,0.05,UPI
S0068101,C00733,P00880,ST019,2026-11-18 09:34:00,1,9958.92,0.00,COD
S0068102,C05307,P00213,ST028,2027-03-03 12:27:00,6,2854.32,0.10,COD
S0068103,C02072,P00326,ST009,2027-02-01 10:48:00,7,13983.47,0.00,COD
S0068104,C03017,P00351,ST036,2027-04-07 07:07:00,2,9073.84,0.00,NET_BANKING
S0068105,C02557,P01034,ST048,2026-10-20 01:14:00,1,1636.78,0.00,WALLET
S0068106,C04863,P00988,ST002,2026-11-22 00:08:00,7,6169.02,0.10,COD
S0068107,C05210,P00911,ST028,2027-02-22 07:23:00,7,10076.98,0.00,NET_BANKING
S0068108,C00170,P00259,ST026,2027-02-27 13:03:00,4,5808.51,0.15,NET_BANKING
S0068109,C02077,P01140,ST009,2027-03-30 20:28:00,4,3190.24,0.10,CARD
S0068110,C01758,P00207,ST002,2027-03-05 17:45:00,4,9646.57,0.00,NET_BANKING
S0068111,C01646,P00455,ST017,2026-10-11 20:56:00,6,11331.19,0.15,CARD
S0068112,C03682,P01102,ST015,2026-11-01 21:44:00,2,3275.05,0.00,UPI
S0068113,C05415,P00537,ST020,2027-04-24 05:04:00,5,9956.19,0.10,CARD
S0068114,C05084,P00242,ST012,2027-02-08 03:35:00,4,6380.48,0.05,COD
S0068115,C00571,P00414,ST040,2027-04-25 20:10:00,5,11326.94,0.10,WALLET
S0068116,C00333,P00815,ST010,2027-03-19 04:27:00,2,9553.20,0.05,WALLET
S0068117,C05206,P01021,ST025,2026-09-17 12:19:00,3,2179.49,0.15,UPI
S0068118,C04863,P00489,ST031,2026-11-13 18:56:00,2,12272.05,0.00,COD
S0068119,C03984,P00009,ST020,2026-10-23 18:23:00,5,14426.84,0.10,NET_BANKING
S0068120,C04905,P01066,ST007,2027-04-14 08:29:00,1,3034.06,0.00,UPI
S0068121,C05288,P00346,ST011,2027-01-05 03:56:00,7,10411.85,0.10,CARD
S0068122,C04296,P00568,ST038,2027-03-03 00:05:00,7,11436.07,0.00,NET_BANKING
S0068123,C05208,P00745,ST009,2026-10-15 12:16:00,8,11887.46,0.05,CARD
S0068124,C05578,P00275,ST017,2027-05-29 01:51:00,3,6304.00,0.10,UPI
S0068125,C04440,P01094,ST008,2026-12-05 19:09:00,4,4472.14,0.05,CARD
S0068126,C04605,P01118,ST027,2026-09-16 13:44:00,3,1936.31,0.05,CARD
S0068127,C04807,P00485,ST023,2026-11-16 15:33:00,7,2390.76,0.15,WALLET
S0068128,C03155,P01078,ST046,2027-01-08 09:08:00,2,2472.94,0.00,NET_BANKING
S0068129,C05016,P00055,ST031,2026-10-31 00:24:00,6,8397.51,0.00,UPI
S0068130,C05575,P01130,ST041,2027-02-06 02:50:00,1,2878.56,0.15,NET_BANKING
S0068131,C04074,P00439,ST044,2027-05-19 13:10:00,7,11875.56,0.15,UPI
S0068132,C03630,P00437,ST018,2027-02-15 09:27:00,7,9854.53,0.05,COD
S0068133,C02405,P00314,ST049,2026-12-13 00:53:00,5,1767.09,0.15,WALLET
S0068134,C01829,P01064,ST041,2027-05-17 23:00:00,3,3287.35,0.00,CARD
S0068135,C03467,P00045,ST042,2026-09-30 17:42:00,5,3670.33,0.05,CARD
S0068136,C02705,P00076,ST010,2026-10-21 17:18:00,2,2643.86,0.15,UPI
S0068137,C04588,P00841,ST046,2027-01-21 22:07:00,4,8077.31,0.00,COD
S0068138,C02284,P00664,ST050,2026-09-20 13:53:00,3,2596.83,0.00,UPI
S0068139,C04347,P00105,ST044,2026-09-24 16:56:00,3,7300.13,0.10,UPI
S0068140,C01312,P00266,ST007,2027-02-05 04:53:00,1,13447.25,0.10,WALLET
S0068141,C04715,P00627,ST035,2026-11-03 21:12:00,5,12769.96,0.05,COD
S0068142,C05207,P00804,ST036,2027-05-21 06:33:00,5,13775.11,0.10,CARD
S0068143,C00749,P00162,ST021,2026-11-22 10:51:00,2,12288.78,0.00,WALLET
S0068144,C03958,P00378,ST039,2026-11-03 16:36:00,7,14078.19,0.05,CARD
S0068145,C01263,P00518,ST047,2027-05-13 11:51:00,1,7226.67,0.00,COD
S0068146,C05869,P00787,ST029,2027-03-19 03:18:00,6,12290.08,0.00,COD
S0068147,C01811,P00421,ST006,2027-02-28 19:55:00,7,9929.53,0.00,COD
S0068148,C00134,P00676,ST045,2027-03-03 17:35:00,8,13208.41,0.15,CARD
S0068149,C03659,P01169,ST036,2027-02-16 20:41:00,7,2324.64,0.00,WALLET
S0068150,C00836,P00871,ST024,2027-04-15 18:36:00,1,9556.52,0.10,UPI
S0068151,C01919,P01145,ST020,2026-11-05 07:27:00,2,3438.41,0.00,CARD
S0068152,C03289,P00852,ST001,2026-11-18 17:50:00,7,9756.12,0.05,WALLET
S0068153,C04898,P01023,ST003,2026-10-11 20:24:00,3,1446.83,0.00,COD
S0068154,C02286,P00569,ST020,2027-01-06 20:39:00,3,11413.80,0.00,UPI
S0068155,C05724,P00758,ST017,2026-10-13 13:55:00,7,8501.92,0.10,WALLET
S0068156,C03627,P00942,ST017,2026-11-19 10:05:00,6,13417.77,0.05,CARD
S0068157,C01473,P00942,ST041,2026-11-16 20:23:00,2,13417.77,0.15,UPI
S0068158,C00503,P00304,ST014,2026-11-24 03:17:00,3,8379.11,0.00,WALLET
S0068159,C01079,P00404,ST038,2027-05-10 22:20:00,8,2015.34,0.00,UPI
S0068160,C05651,P00594,ST047,2026-10-05 00:43:00,5,10755.95,0.10,UPI
S0068161,C03429,P01025,ST025,2027-01-29 07:50:00,1,3784.94,0.05,WALLET
S0068162,C01313,P00466,ST026,2026-12-09 19:22:00,3,4444.00,0.15,COD
S0068163,C02075,P00675,ST003,2026-10-24 19:42:00,3,10065.36,0.00,COD
S0068164,C00771,P00765,ST040,2027-03-27 21:10:00,7,9252.17,0.00,NET_BANKING
S0068165,C01580,P01111,ST015,2026-09-18 19:44:00,1,3841.86,0.10,WALLET
S0068166,C00457,P00086,ST032,2026-11-07 21:24:00,5,394.30,0.00,NET_BANKING
S0068167,C04266,P01135,ST031,2027-01-20 06:06:00,5,3395.61,0.00,CARD
S0068168,C00328,P00966,ST044,2027-01-13 06:02:00,7,14692.30,0.00,NET_BANKING
S0068169,C01347,P00938,ST047,2027-03-10 09:34:00,8,9016.69,0.15,NET_BANKING
S0068170,C02769,P00244,ST012,2026-10-22 20:49:00,7,12653.48,0.15,COD
S0068171,C04342,P00673,ST031,2027-03-23 02:03:00,3,7917.40,0.15,NET_BANKING
S0068172,C03604,P00203,ST009,2026-12-15 23:24:00,3,1071.23,0.15,WALLET
S0068173,C04220,P00825,ST043,2027-04-09 13:05:00,3,4481.95,0.15,UPI
S0068174,C04770,P00718,ST039,2026-11-22 08:51:00,2,3535.94,0.00,WALLET
S0068175,C02412,P01166,ST046,2027-05-22 02:17:00,4,3369.48,0.15,NET_BANKING
S0068176,C05178,P00345,ST024,2026-12-01 13:00:00,1,1997.78,0.15,COD
S0068177,C02833,P00028,ST012,2026-09-26 04:48:00,2,9694.84,0.00,CARD
S0068178,C05294,P00908,ST012,2027-04-20 21:25:00,7,10685.50,0.00,NET_BANKING
S0068179,C01194,P00001,ST033,2026-12-03 04:54:00,7,14748.70,0.15,WALLET
S0068180,C01739,P01086,ST034,2026-11-30 08:05:00,4,3039.69,0.05,NET_BANKING
S0068181,C02336,P00514,ST009,2026-11-21 04:22:00,2,14174.96,0.15,CARD
S0068182,C00814,P00994,ST008,2027-04-03 00:39:00,3,14986.15,0.05,NET_BANKING
S0068183,C04534,P00216,ST037,2026-12-20 20:31:00,5,1540.77,0.00,CARD
S0068184,C05132,P00653,ST033,2026-10-22 10:55:00,3,13600.13,0.15,CARD
S0068185,C04411,P00532,ST045,2026-11-14 18:08:00,6,13097.07,0.15,NET_BANKING
S0068186,C04230,P00582,ST043,2027-03-08 13:43:00,6,3449.31,0.15,CARD
S0068187,C05134,P00643,ST006,2027-04-27 11:49:00,6,13117.03,0.10,NET_BANKING
S0068188,C05206,P00952,ST035,2027-02-08 21:24:00,2,7725.11,0.00,UPI
S0068189,C02123,P01158,ST031,2026-12-30 16:31:00,5,1964.35,0.00,NET_BANKING
S0068190,C02083,P00958,ST032,2027-02-25 23:14:00,5,6025.05,0.05,COD
S0068191,C01097,P00204,ST032,2027-01-17 04:16:00,2,1600.11,0.10,WALLET
S0068192,C03857,P00111,ST037,2027-01-10 21:18:00,4,7353.74,0.00,UPI
S0068193,C03042,P00686,ST045,2027-02-15 05:20:00,8,1168.81,0.15,COD
S0068194,C03669,P00408,ST009,2027-03-31 17:59:00,8,61.60,0.05,COD
S0068195,C04799,P00802,ST043,2027-04-26 02:31:00,8,4433.25,0.00,UPI
S0068196,C05679,P00571,ST014,2027-01-24 14:17:00,4,4671.20,0.00,COD
S0068197,C00874,P00140,ST019,2027-05-07 09:18:00,4,343.17,0.00,UPI
S0068198,C04763,P00557,ST017,2027-02-01 23:15:00,6,9429.31,0.15,NET_BANKING
S0068199,C02684,P00884,ST011,2027-05-19 18:10:00,5,13619.78,0.00,WALLET
S0068200,C03694,P01107,ST025,2026-12-20 09:40:00,3,943.03,0.15,WALLET
S0068201,C01454,P00422,ST021,2026-10-02 10:12:00,3,8067.73,0.00,COD
S0068202,C01079,P00888,ST019,2027-01-21 17:51:00,4,2165.37,0.00,NET_BANKING
S0068203,C05353,P00030,ST023,2026-09-19 22:10:00,4,7478.66,0.00,CARD
S0068204,C04602,P01083,ST034,2026-09-28 21:18:00,5,3234.36,0.15,CARD
S0068205,C04099,P00505,ST011,2026-09-15 11:59:00,8,13158.37,0.05,WALLET
S0068206,C00712,P00559,ST026,2027-03-14 10:08:00,8,9132.88,0.05,NET_BANKING
S0068207,C02336,P00544,ST003,2026-09-23 10:11:00,5,6390.78,0.00,NET_BANKING
S0068208,C03418,P01152,ST011,2027-01-31 18:18:00,6,2527.24,0.15,NET_BANKING
S0068209,C05479,P01131,ST018,2027-01-10 04:08:00,3,1272.06,0.15,COD
S0068210,C01969,P01023,ST033,2027-04-01 05:45:00,3,4297.67,0.10,WALLET
S0068211,C00987,P00042,ST008,2026-10-02 10:41:00,3,14409.73,0.10,NET_BANKING
S0068212,C00276,P00096,ST022,2026-12-26 02:27:00,8,891.62,0.00,NET_BANKING
S0068213,C04798,P00360,ST022,2027-03-16 22:01:00,8,8928.80,0.00,UPI
S0068214,C02971,P00891,ST017,2027-02-05 02:46:00,8,2634.44,0.10,CARD
S0068215,C03124,P00510,ST041,2026-10-29 15:01:00,3,8953.00,0.10,UPI
S0068216,C05286,P00020,ST027,2027-04-17 15:18:00,2,1631.45,0.00,CARD
S0068217,C05021,P00149,ST012,2026-11-15 08:56:00,2,6470.19,0.15,NET_BANKING
S0068218,C01870,P00106,ST014,2026-09-28 18:52:00,2,14238.90,0.00,NET_BANKING
S0068219,C05433,P00826,ST005,2026-11-21 12:59:00,3,8287.08,0.00,WALLET
S0068220,C05343,P00951,ST033,2027-02-27 03:17:00,1,6661.86,0.00,UPI
S0068221,C02056,P00769,ST024,2026-10-05 03:34:00,4,14064.61,0.05,COD
S0068222,C03054,P00603,ST045,2027-01-31 11:36:00,8,7723.35,0.00,COD
S0068223,C01138,P00644,ST038,2027-05-27 18:06:00,7,8264.91,0.00,WALLET
S0068224,C01204,P00117,ST006,2027-03-12 03:57:00,1,9637.83,0.10,UPI
S0068225,C01256,P00522,ST038,2026-11-13 02:11:00,1,1719.44,0.00,WALLET
S0068226,C03649,P00003,ST042,2026-12-18 06:21:00,5,9487.90,0.10,CARD
S0068227,C04363,P00774,ST049,2027-05-07 03:02:00,8,12009.08,0.10,CARD
S0068228,C01028,P00405,ST041,2026-09-25 11:58:00,3,11768.32,0.15,NET_BANKING
S0068229,C04937,P00350,ST016,2027-03-15 15:24:00,6,12905.92,0.15,CARD
S0068230,C01712,P00353,ST029,2027-01-27 17:09:00,3,10161.42,0.10,WALLET
S0068231,C00168,P00667,ST045,2027-05-15 10:54:00,4,14053.41,0.10,NET_BANKING
S0068232,C02014,P00745,ST031,2026-11-02 22:05:00,7,11887.46,0.00,NET_BANKING
S0068233,C04821,P00403,ST048,2027-01-28 20:15:00,2,6512.03,0.00,CARD
S0068234,C05870,P00375,ST032,2026-11-25 22:42:00,4,8641.01,0.05,UPI
S0068235,C05789,P00980,ST018,2027-03-23 07:51:00,7,8929.07,0.15,COD
S0068236,C04601,P00905,ST032,2027-03-14 14:27:00,1,7562.39,0.15,UPI
S0068237,C00230,P00232,ST028,2026-11-14 03:56:00,8,10782.96,0.00,NET_BANKING
S0068238,C04004,P00453,ST002,2027-02-17 20:27:00,4,7401.19,0.05,CARD
S0068239,C04596,P01116,ST008,2027-01-06 01:10:00,7,792.43,0.00,NET_BANKING
S0068240,C00399,P00689,ST038,2026-09-26 13:49:00,5,1747.51,0.05,UPI
S0068241,C01555,P00923,ST001,2026-10-06 17:41:00,8,12391.37,0.05,WALLET
S0068242,C00312,P00217,ST016,2027-04-23 22:02:00,1,10077.87,0.15,WALLET
S0068243,C04082,P00841,ST036,2026-09-23 05:18:00,3,8077.31,0.15,UPI
S0068244,C01150,P00883,ST031,2027-04-13 21:56:00,6,9173.36,0.00,COD
S0068245,C03727,P00749,ST040,2027-03-01 04:15:00,2,5536.94,0.00,COD
S0068246,C03025,P01068,ST038,2027-03-18 07:41:00,2,721.92,0.00,WALLET
S0068247,C03429,P00165,ST012,2026-10-14 15:53:00,6,14497.74,0.05,CARD
S0068248,C03231,P00356,ST005,2026-11-07 15:34:00,4,6310.49,0.15,UPI
S0068249,C02963,P00449,ST034,2027-01-03 20:48:00,1,4682.35,0.10,COD
S0068250,C04737,P00576,ST043,2027-01-13 17:34:00,4,829.35,0.15,NET_BANKING
S0068251,C00911,P00376,ST047,2027-01-10 10:33:00,8,6826.58,0.05,NET_BANKING
S0068252,C04845,P00185,ST041,2027-03-20 02:09:00,4,5998.13,0.05,WALLET
S0068253,C01236,P01017,ST005,2026-10-24 06:41:00,7,1239.02,0.05,COD
S0068254,C00140,P00747,ST028,2027-04-19 22:26:00,1,91.31,0.00,COD
S0068255,C00005,P00024,ST009,2027-01-24 07:32:00,5,7530.12,0.00,WALLET
S0068256,C05411,P00780,ST016,2026-12-13 02:25:00,6,5639.59,0.15,UPI
S0068257,C00240,P00920,ST002,2027-04-06 14:28:00,3,13420.77,0.10,NET_BANKING
S0068258,C01036,P00630,ST014,2026-10-04 10:04:00,8,12265.22,0.15,CARD
S0068259,C00900,P00355,ST021,2027-01-25 03:24:00,1,9628.58,0.00,WALLET
S0068260,C01454,P00059,ST025,2026-10-27 03:03:00,1,14733.93,0.15,CARD
S0068261,C00601,P00958,ST038,2026-11-07 19:51:00,7,6025.05,0.00,UPI
S0068262,C04258,P00755,ST033,2027-02-24 03:17:00,3,13881.05,0.00,CARD
S0068263,C05721,P00419,ST045,2027-01-11 07:10:00,8,11021.19,0.10,UPI
S0068264,C03570,P00320,ST050,2027-02-24 01:50:00,4,7970.92,0.15,UPI
S0068265,C01737,P00815,ST003,2027-04-16 13:31:00,5,9553.20,0.15,UPI
S0068266,C04123,P00347,ST001,2027-04-25 08:23:00,4,13728.26,0.05,NET_BANKING
S0068267,C05972,P01125,ST016,2027-04-29 07:01:00,5,3382.87,0.15,WALLET
S0068268,C04594,P00230,ST014,2027-05-15 10:18:00,8,9832.40,0.05,NET_BANKING
S0068269,C02470,P00706,ST023,2027-01-13 17:10:00,7,2797.24,0.10,NET_BANKING
S0068270,C00715,P00201,ST019,2027-04-21 08:06:00,1,7729.31,0.15,COD
S0068271,C04467,P00755,ST038,2027-05-15 13:05:00,2,13881.05,0.00,COD
S0068272,C02879,P01190,ST007,2026-12-23 15:37:00,2,357.43,0.00,UPI
S0068273,C00472,P00355,ST044,2027-01-24 19:46:00,3,9628.58,0.00,UPI
S0068274,C04501,P00361,ST043,2027-02-04 07:16:00,8,3502.39,0.10,WALLET
S0068275,C04860,P00801,ST019,2027-04-04 18:38:00,8,6852.19,0.15,CARD
S0068276,C02356,P01087,ST025,2027-01-31 13:25:00,8,2521.28,0.00,CARD
S0068277,C05412,P00494,ST050,2027-01-01 19:25:00,4,4019.59,0.05,UPI
S0068278,C02392,P01153,ST018,2026-11-07 19:40:00,8,2460.85,0.10,UPI
S0068279,C03187,P00662,ST021,2027-03-24 16:17:00,4,6965.19,0.00,CARD
S0068280,C03725,P00100,ST017,2027-05-11 05:20:00,8,2281.28,0.00,COD
S0068281,C04786,P00003,ST003,2027-04-29 16:09:00,4,9487.90,0.00,WALLET
S0068282,C03591,P00781,ST042,2027-04-02 17:23:00,4,8887.88,0.05,CARD
S0068283,C03741,P00720,ST031,2027-01-07 16:25:00,6,4896.05,0.00,NET_BANKING
S0068284,C04546,P00775,ST033,2026-10-12 01:25:00,2,7767.36,0.15,CARD
S0068285,C00103,P00607,ST008,2026-09-27 05:36:00,5,9830.20,0.10,UPI
S0068286,C02080,P00327,ST001,2026-10-09 19:40:00,8,7639.94,0.15,CARD
S0068287,C02551,P00761,ST023,2026-11-03 02:02:00,3,7126.90,0.15,CARD
S0068288,C02678,P01099,ST050,2027-04-29 23:37:00,2,3713.01,0.00,WALLET
S0068289,C03409,P00456,ST034,2026-11-21 15:24:00,2,2960.04,0.05,CARD
S0068290,C00058,P00957,ST022,2027-03-30 22:35:00,2,13167.89,0.10,NET_BANKING
S0068291,C01071,P01082,ST020,2027-03-05 16:20:00,6,4517.17,0.05,NET_BANKING
S0068292,C04119,P01009,ST034,2026-12-07 02:10:00,7,3839.42,0.00,COD
S0068293,C02596,P00999,ST049,2026-11-11 00:02:00,5,6110.48,0.15,COD
S0068294,C01371,P01171,ST021,2027-03-04 07:59:00,1,1902.93,0.00,UPI
S0068295,C05335,P00420,ST047,2026-09-23 11:01:00,3,13992.32,0.00,NET_BANKING
S0068296,C03356,P01090,ST020,2027-01-22 07:40:00,7,810.78,0.10,WALLET
S0068297,C02544,P00886,ST034,2027-04-04 16:40:00,4,2075.82,0.15,NET_BANKING
S0068298,C05631,P00629,ST027,2026-11-12 02:14:00,7,11585.25,0.10,WALLET
S0068299,C05837,P00937,ST008,2026-12-26 10:15:00,1,2930.83,0.00,UPI
S0068300,C02702,P01136,ST002,2026-11-25 16:12:00,4,2818.87,0.00,CARD
S0068301,C01243,P00164,ST022,2027-03-19 22:03:00,3,6049.30,0.00,CARD
S0068302,C01288,P01003,ST001,2027-05-19 21:45:00,8,2696.24,0.05,NET_BANKING
S0068303,C05594,P00528,ST006,2027-03-04 15:34:00,1,12190.45,0.00,CARD
S0068304,C02511,P00928,ST046,2027-03-09 13:40:00,6,6951.77,0.00,COD
S0068305,C03598,P00841,ST036,2026-11-17 08:33:00,2,8077.31,0.00,CARD
S0068306,C05476,P00675,ST041,2027-03-21 14:07:00,4,10065.36,0.00,UPI
S0068307,C00599,P00711,ST039,2026-10-13 19:40:00,8,6883.58,0.15,CARD
S0068308,C02662,P00576,ST045,2026-12-30 18:43:00,1,829.35,0.05,NET_BANKING
S0068309,C04934,P00348,ST037,2027-04-05 15:18:00,7,6541.94,0.15,NET_BANKING
S0068310,C05676,P00444,ST044,2027-02-22 03:16:00,7,910.78,0.05,NET_BANKING
S0068311,C01356,P00032,ST031,2027-01-27 06:12:00,5,2163.25,0.00,WALLET
S0068312,C03157,P00078,ST021,2027-01-24 02:41:00,6,6017.13,0.00,UPI
S0068313,C01100,P01046,ST010,2027-04-10 05:45:00,4,2593.12,0.00,CARD
S0068314,C00013,P00773,ST016,2026-10-21 21:52:00,3,11513.99,0.00,CARD
S0068315,C04405,P01074,ST027,2027-05-18 04:38:00,6,4200.65,0.15,COD
S0068316,C00688,P00260,ST018,2027-04-25 02:15:00,8,11471.26,0.00,COD
S0068317,C02480,P00676,ST048,2026-11-30 22:51:00,7,13208.41,0.05,WALLET
S0068318,C00187,P00242,ST028,2026-12-20 09:27:00,5,6380.48,0.00,COD
S0068319,C05057,P00341,ST011,2026-12-05 07:10:00,2,12040.98,0.10,COD
S0068320,C00276,P00292,ST042,2026-09-29 12:43:00,7,387.24,0.15,CARD
S0068321,C04191,P00573,ST027,2026-09-28 18:10:00,4,7520.25,0.00,UPI
S0068322,C02137,P00288,ST016,2027-02-17 16:01:00,3,8330.78,0.15,UPI
S0068323,C05664,P00920,ST001,2027-04-10 07:39:00,5,13420.77,0.05,COD
S0068324,C03038,P00940,ST021,2027-05-23 18:13:00,8,10304.16,0.00,WALLET
S0068325,C03172,P00393,ST005,2027-05-16 16:12:00,8,7337.73,0.00,WALLET
S0068326,C02806,P00675,ST006,2026-12-20 23:37:00,2,10065.36,0.05,UPI
S0068327,C01694,P01007,ST006,2027-02-26 08:08:00,1,3979.28,0.15,COD
S0068328,C03155,P00635,ST024,2026-09-17 16:47:00,8,7089.77,0.15,UPI
S0068329,C04872,P01089,ST040,2027-05-21 09:13:00,4,3696.00,0.00,UPI
S0068330,C01040,P00026,ST017,2027-02-18 01:02:00,2,3973.71,0.05,WALLET
S0068331,C05492,P00688,ST005,2026-11-21 21:57:00,7,14801.08,0.00,COD
S0068332,C02388,P01178,ST035,2027-02-01 11:35:00,8,1994.28,0.00,CARD
S0068333,C04371,P00467,ST049,2027-05-16 00:32:00,4,8776.36,0.15,CARD
S0068334,C03158,P00182,ST009,2027-01-11 00:36:00,4,11258.08,0.00,CARD
S0068335,C00261,P00616,ST030,2027-01-24 10:16:00,7,114.05,0.05,NET_BANKING
S0068336,C02424,P00737,ST047,2027-03-16 14:44:00,1,69.58,0.05,WALLET
S0068337,C04855,P01182,ST008,2026-10-27 14:27:00,4,1854.05,0.10,COD
S0068338,C00279,P00688,ST047,2027-04-09 17:25:00,4,14801.08,0.05,CARD
S0068339,C04228,P00272,ST022,2027-03-07 07:27:00,1,13352.08,0.05,WALLET
S0068340,C04245,P00444,ST024,2026-12-18 20:57:00,1,910.78,0.00,WALLET
S0068341,C05218,P00089,ST014,2027-01-18 03:51:00,1,9250.21,0.00,COD
S0068342,C00831,P01197,ST037,2026-10-06 18:51:00,2,1699.25,0.00,NET_BANKING
S0068343,C05651,P00622,ST036,2027-05-04 09:49:00,5,6264.75,0.10,CARD
S0068344,C04417,P01188,ST027,2027-03-22 00:40:00,7,4175.90,0.00,NET_BANKING
S0068345,C00438,P00192,ST027,2027-03-11 15:09:00,7,1641.73,0.00,UPI
S0068346,C01884,P01107,ST013,2027-04-27 21:21:00,3,2820.23,0.15,WALLET
S0068347,C02834,P01015,ST047,2027-03-26 02:50:00,1,4881.90,0.00,CARD
S0068348,C05985,P01010,ST036,2026-10-16 23:52:00,4,700.75,0.15,NET_BANKING
S0068349,C04710,P01120,ST041,2027-02-17 07:36:00,8,413.57,0.10,NET_BANKING
S0068350,C02558,P00788,ST019,2027-03-13 08:12:00,7,14058.06,0.00,NET_BANKING
S0068351,C02159,P01125,ST017,2026-11-24 07:47:00,2,3243.95,0.15,CARD
S0068352,C01975,P01161,ST029,2027-04-27 20:45:00,8,2516.23,0.00,COD
S0068353,C05696,P00080,ST046,2027-04-16 06:26:00,3,4990.71,0.00,NET_BANKING
S0068354,C00335,P00584,ST048,2026-10-23 18:54:00,5,1058.35,0.00,NET_BANKING
S0068355,C05473,P00351,ST010,2026-12-16 16:17:00,1,9073.84,0.00,UPI
S0068356,C03182,P01091,ST018,2026-11-15 09:24:00,4,3195.07,0.05,WALLET
S0068357,C00197,P00674,ST040,2027-02-16 03:55:00,3,12623.07,0.05,UPI
S0068358,C05365,P00259,ST032,2027-04-13 13:42:00,8,5808.51,0.00,CARD
S0068359,C00222,P00691,ST013,2026-12-19 05:42:00,6,11997.97,0.10,COD
S0068360,C02436,P00924,ST007,2027-01-16 06:19:00,4,2977.90,0.15,CARD
S0068361,C04588,P01052,ST033,2026-09-23 18:38:00,5,93.42,0.05,CARD
S0068362,C02499,P00352,ST037,2026-10-20 13:06:00,4,13564.85,0.00,COD
S0068363,C02140,P00924,ST049,2026-11-27 06:49:00,4,2977.90,0.10,COD
S0068364,C03827,P00897,ST035,2027-03-15 20:23:00,4,3588.17,0.10,CARD
S0068365,C03013,P00289,ST040,2026-09-30 14:55:00,1,535.61,0.05,WALLET
S0068366,C02034,P00289,ST009,2026-10-30 08:56:00,2,535.61,0.05,WALLET
S0068367,C00215,P00542,ST034,2027-01-31 01:48:00,6,13862.55,0.10,UPI
S0068368,C05180,P00387,ST049,2027-04-20 08:59:00,8,9454.62,0.00,NET_BANKING
S0068369,C04325,P00244,ST029,2026-09-19 17:32:00,4,12653.48,0.15,WALLET
S0068370,C00094,P00779,ST033,2026-11-30 21:47:00,7,9277.18,0.00,CARD
S0068371,C05063,P00899,ST013,2027-05-29 02:12:00,3,12008.75,0.05,NET_BANKING
S0068372,C00719,P00494,ST032,2026-11-25 19:07:00,8,4019.59,0.15,COD
S0068373,C01572,P00050,ST020,2026-12-31 22:03:00,8,930.35,0.00,COD
S0068374,C04554,P00210,ST044,2027-03-28 13:35:00,7,3260.81,0.00,NET_BANKING
S0068375,C03510,P00215,ST050,2026-11-19 17:53:00,8,3285.00,0.00,UPI
S0068376,C03017,P00063,ST034,2027-02-02 10:36:00,1,9510.65,0.15,COD
S0068377,C00233,P00990,ST029,2027-01-17 05:25:00,8,1411.89,0.00,WALLET
S0068378,C00772,P00773,ST008,2027-04-04 07:09:00,5,11513.99,0.10,UPI
S0068379,C01046,P00359,ST019,2027-04-14 18:47:00,3,6112.49,0.15,COD
S0068380,C00141,P00168,ST048,2027-06-02 04:09:00,1,5532.44,0.05,UPI
S0068381,C01852,P00857,ST049,2026-12-11 03:20:00,2,10083.38,0.00,UPI
S0068382,C02488,P01121,ST032,2026-10-25 21:00:00,4,2881.96,0.00,NET_BANKING
S0068383,C02098,P00247,ST008,2027-03-22 11:31:00,2,3627.73,0.00,COD
S0068384,C04155,P00321,ST015,2027-01-28 13:01:00,3,1068.85,0.15,NET_BANKING
S0068385,C02179,P00830,ST012,2027-04-08 10:53:00,7,8076.01,0.00,UPI
S0068386,C04710,P00575,ST045,2026-10-19 17:56:00,8,10494.08,0.15,COD
S0068387,C02743,P00565,ST043,2026-11-20 15:46:00,2,2663.33,0.15,CARD
S0068388,C00824,P00144,ST044,2027-02-04 18:21:00,5,9162.18,0.00,COD
S0068389,C00746,P00432,ST008,2027-01-15 00:33:00,6,578.01,0.05,UPI
S0068390,C04657,P00328,ST018,2027-01-09 11:01:00,4,3281.70,0.05,COD
S0068391,C04570,P01071,ST041,2026-12-11 01:20:00,6,1915.78,0.15,CARD
S0068392,C00949,P00511,ST030,2027-05-06 07:43:00,1,1704.19,0.10,UPI
S0068393,C05580,P00015,ST025,2026-11-09 21:55:00,7,6091.54,0.15,UPI
S0068394,C04426,P00651,ST037,2026-10-14 22:50:00,7,1796.64,0.10,CARD
S0068395,C05386,P00351,ST030,2027-04-20 03:45:00,8,9073.84,0.05,COD
S0068396,C03838,P00026,ST027,2027-02-09 03:22:00,2,3973.71,0.05,COD
S0068397,C03599,P00306,ST019,2026-12-15 01:57:00,7,8871.87,0.00,CARD
S0068398,C00402,P00791,ST031,2026-11-24 17:15:00,6,5011.64,0.15,COD
S0068399,C04278,P00459,ST022,2026-12-12 10:28:00,4,608.46,0.00,UPI
S0068400,C02567,P01094,ST042,2027-04-07 11:36:00,2,948.67,0.00,UPI
S0068401,C04530,P00344,ST021,2026-11-19 09:12:00,1,12170.01,0.00,COD
S0068402,C00600,P01167,ST020,2026-12-10 05:58:00,2,1404.51,0.00,NET_BANKING
S0068403,C04883,P00161,ST008,2026-11-29 14:42:00,3,3469.31,0.15,NET_BANKING
S0068404,C02410,P00058,ST032,2026-11-29 04:23:00,5,1589.53,0.00,CARD
S0068405,C03383,P01120,ST040,2027-05-08 16:04:00,3,3992.71,0.10,CARD
S0068406,C05685,P00498,ST001,2026-11-20 14:43:00,2,302.97,0.00,UPI
S0068407,C00435,P00845,ST027,2026-11-11 05:12:00,7,596.43,0.05,UPI
S0068408,C03601,P01129,ST031,2027-04-20 00:48:00,3,4287.24,0.15,NET_BANKING
S0068409,C03142,P00801,ST017,2026-12-25 06:52:00,4,6852.19,0.05,CARD
S0068410,C01206,P00317,ST001,2026-12-22 14:24:00,1,4717.68,0.00,NET_BANKING
S0068411,C00826,P00848,ST001,2026-10-01 11:22:00,5,12246.43,0.00,COD
S0068412,C01912,P00021,ST022,2026-12-31 22:36:00,1,2102.80,0.00,UPI
S0068413,C01544,P01159,ST005,2026-10-08 01:11:00,4,2425.57,0.05,UPI
S0068414,C01620,P00204,ST015,2026-11-11 23:26:00,6,1600.11,0.05,COD
S0068415,C04755,P01002,ST033,2026-09-26 19:56:00,1,2366.56,0.15,NET_BANKING
S0068416,C05428,P01188,ST016,2026-11-16 15:16:00,3,2971.61,0.10,WALLET
S0068417,C01651,P00204,ST005,2026-11-24 22:39:00,7,1600.11,0.10,NET_BANKING
S0068418,C04964,P00305,ST048,2026-11-30 23:01:00,7,8188.13,0.00,UPI
S0068419,C04286,P00359,ST015,2027-04-08 06:51:00,3,6112.49,0.15,NET_BANKING
S0068420,C04185,P00813,ST002,2026-11-30 11:50:00,2,9218.67,0.10,UPI
S0068421,C05659,P00486,ST044,2027-04-02 20:13:00,7,10044.32,0.10,NET_BANKING
S0068422,C03463,P00374,ST016,2027-04-30 18:57:00,2,688.46,0.05,UPI
S0068423,C02614,P00608,ST006,2026-11-10 06:45:00,8,4112.16,0.10,NET_BANKING
S0068424,C00558,P00735,ST001,2027-01-26 04:26:00,4,7714.11,0.05,NET_BANKING
S0068425,C01415,P00687,ST010,2026-12-21 13:20:00,6,10669.90,0.10,WALLET
S0068426,C02525,P00483,ST003,2026-10-01 21:40:00,1,7759.25,0.15,CARD
S0068427,C04017,P00836,ST039,2027-01-09 21:18:00,3,8199.84,0.00,CARD
S0068428,C05915,P00531,ST004,2026-12-23 11:54:00,5,137.66,0.05,NET_BANKING
S0068429,C00014,P00539,ST050,2026-10-16 15:49:00,2,7157.77,0.10,NET_BANKING
S0068430,C02430,P00219,ST012,2027-03-20 00:56:00,6,13496.03,0.00,COD
S0068431,C02864,P00643,ST021,2026-09-22 17:10:00,6,13117.03,0.00,WALLET
S0068432,C03378,P00353,ST029,2027-05-07 10:49:00,4,10161.42,0.00,CARD
S0068433,C05614,P00426,ST017,2027-04-19 12:45:00,1,6898.62,0.15,CARD
S0068434,C04284,P00208,ST017,2027-05-18 18:28:00,7,9299.51,0.00,UPI
S0068435,C01757,P00074,ST045,2027-05-14 17:59:00,8,9655.66,0.15,UPI
S0068436,C00665,P00667,ST031,2026-12-10 21:41:00,5,14053.41,0.00,COD
S0068437,C05167,P00016,ST011,2027-05-29 04:53:00,3,9646.46,0.05,NET_BANKING
S0068438,C04845,P00201,ST050,2026-11-14 06:59:00,2,7729.31,0.00,WALLET
S0068439,C04970,P00544,ST001,2027-04-18 13:11:00,4,6390.78,0.10,COD
S0068440,C05903,P00935,ST008,2026-12-13 19:56:00,6,12673.48,0.05,NET_BANKING
S0068441,C04460,P00227,ST040,2026-12-18 10:16:00,5,7877.11,0.00,WALLET
S0068442,C02272,P00726,ST002,2027-06-01 14:25:00,4,7391.49,0.10,UPI
S0068443,C02984,P01073,ST022,2026-09-30 10:20:00,6,1764.51,0.00,WALLET
S0068444,C02108,P00426,ST012,2027-05-02 22:16:00,6,6898.62,0.00,UPI
S0068445,C03341,P00615,ST038,2027-06-02 04:12:00,5,5873.54,0.05,WALLET
S0068446,C05558,P00830,ST037,2026-11-05 08:33:00,5,8076.01,0.10,WALLET
S0068447,C01100,P00956,ST017,2027-05-08 04:10:00,7,1818.03,0.00,WALLET
S0068448,C04407,P00993,ST011,2026-12-15 10:41:00,4,11078.12,0.00,NET_BANKING
S0068449,C00214,P00503,ST044,2027-01-28 16:59:00,7,5972.66,0.00,COD
S0068450,C04720,P00635,ST020,2026-10-11 02:41:00,7,7089.77,0.15,COD
S0068451,C00684,P00260,ST007,2027-01-28 17:19:00,7,11471.26,0.00,UPI
S0068452,C04309,P01189,ST005,2026-09-28 14:00:00,3,993.54,0.05,WALLET
S0068453,C04947,P00706,ST001,2026-11-17 21:53:00,8,2797.24,0.15,COD
S0068454,C00397,P00518,ST005,2027-01-16 06:40:00,1,7226.67,0.00,UPI
S0068455,C02284,P00281,ST026,2027-05-31 15:01:00,4,12950.39,0.10,CARD
S0068456,C00310,P00179,ST014,2027-02-24 11:51:00,8,6066.21,0.00,COD
S0068457,C00844,P00962,ST005,2027-01-27 03:47:00,1,12113.97,0.15,COD
S0068458,C03906,P00076,ST010,2027-05-08 04:23:00,7,2643.86,0.10,COD
S0068459,C05118,P00768,ST023,2026-10-26 06:22:00,1,11814.22,0.10,NET_BANKING
S0068460,C02078,P00208,ST008,2027-03-30 20:39:00,7,9299.51,0.00,UPI
S0068461,C04944,P00980,ST046,2026-09-23 15:03:00,1,8929.07,0.00,NET_BANKING
S0068462,C04437,P00963,ST020,2027-03-06 20:22:00,1,9496.66,0.15,NET_BANKING
S0068463,C02907,P00669,ST016,2027-02-14 06:08:00,1,14324.33,0.00,NET_BANKING
S0068464,C01623,P00077,ST017,2026-10-02 06:27:00,1,5411.25,0.00,COD
S0068465,C04904,P00325,ST002,2026-12-03 02:13:00,4,878.26,0.00,WALLET
S0068466,C01905,P01115,ST046,2027-04-17 19:42:00,7,2709.76,0.00,UPI
S0068467,C00514,P00677,ST017,2027-05-09 10:28:00,4,9646.68,0.15,CARD
S0068468,C05012,P00499,ST024,2027-03-13 12:12:00,2,5291.36,0.15,UPI
S0068469,C04295,P00948,ST034,2027-03-18 23:46:00,2,7783.05,0.00,CARD
S0068470,C02750,P00788,ST004,2027-02-25 04:54:00,6,14058.06,0.10,NET_BANKING
S0068471,C01456,P01163,ST029,2026-12-15 23:26:00,4,3610.42,0.05,COD
S0068472,C03474,P00569,ST024,2026-10-15 17:02:00,1,11413.80,0.15,WALLET
S0068473,C02377,P00785,ST031,2027-05-21 03:34:00,8,8966.99,0.00,CARD
S0068474,C02544,P00781,ST032,2026-12-07 15:25:00,7,8887.88,0.10,WALLET
S0068475,C04032,P00215,ST007,2026-11-10 04:28:00,3,3285.00,0.00,WALLET
S0068476,C04693,P00429,ST035,2027-04-22 10:25:00,2,8780.62,0.00,CARD
S0068477,C03589,P00550,ST037,2027-04-28 19:20:00,6,1961.46,0.10,WALLET
S0068478,C01957,P00167,ST005,2026-10-01 09:10:00,8,9994.61,0.00,NET_BANKING
S0068479,C02650,P00557,ST013,2027-01-20 14:09:00,4,9429.31,0.00,UPI
S0068480,C02484,P00599,ST025,2026-12-07 00:04:00,4,1086.85,0.05,UPI
S0068481,C05656,P00588,ST014,2027-04-16 22:19:00,3,12949.54,0.00,UPI
S0068482,C03786,P00161,ST006,2027-03-17 07:20:00,6,3469.31,0.10,COD
S0068483,C03279,P01137,ST030,2027-05-11 22:25:00,2,1518.97,0.00,NET_BANKING
S0068484,C04111,P01080,ST041,2026-12-18 20:53:00,4,1004.45,0.10,CARD
S0068485,C02949,P00171,ST046,2027-02-25 00:17:00,1,6161.32,0.05,NET_BANKING
S0068486,C04458,P00493,ST016,2026-12-31 06:17:00,3,10898.38,0.10,COD
S0068487,C03606,P00752,ST028,2026-10-10 21:31:00,1,10993.54,0.10,COD
S0068488,C05246,P00302,ST025,2026-10-06 13:24:00,4,146.60,0.10,COD
S0068489,C00118,P00854,ST028,2026-11-16 06:11:00,5,6348.82,0.05,WALLET
S0068490,C00950,P00509,ST026,2027-05-10 16:42:00,7,6695.51,0.00,NET_BANKING
S0068491,C03205,P01105,ST047,2027-05-23 23:42:00,7,809.44,0.00,CARD
S0068492,C01528,P00501,ST042,2027-05-28 23:24:00,7,591.28,0.00,CARD
S0068493,C00929,P00078,ST008,2027-04-25 06:03:00,4,6017.13,0.05,UPI
S0068494,C01529,P00071,ST001,2026-10-11 01:40:00,3,11038.49,0.05,NET_BANKING
S0068495,C04141,P00496,ST041,2026-11-05 09:19:00,4,3469.95,0.00,COD
S0068496,C01518,P00202,ST005,2026-12-27 11:49:00,7,13459.06,0.05,NET_BANKING
S0068497,C04298,P00977,ST021,2027-05-27 01:35:00,5,12203.63,0.10,COD
S0068498,C00309,P00088,ST049,2027-03-03 13:00:00,3,8857.37,0.10,CARD
S0068499,C02578,P00817,ST040,2026-09-28 18:07:00,3,11269.31,0.00,NET_BANKING
S0068500,C04280,P00384,ST046,2026-12-25 07:19:00,1,2659.04,0.00,CARD
S0068501,C01599,P00328,ST015,2027-04-25 04:35:00,3,3281.70,0.00,CARD
S0068502,C04758,P00514,ST034,2026-11-13 13:12:00,5,14174.96,0.00,UPI
S0068503,C01228,P00762,ST005,2027-04-11 11:14:00,1,9970.99,0.10,UPI
S0068504,C04565,P01199,ST006,2027-04-07 04:03:00,1,1892.62,0.00,COD
S0068505,C00164,P00692,ST011,2027-02-15 22:16:00,7,3776.76,0.10,NET_BANKING
S0068506,C03131,P00354,ST013,2027-04-10 20:02:00,6,11455.34,0.05,WALLET
S0068507,C03537,P00379,ST030,2026-09-20 13:55:00,8,1917.87,0.15,NET_BANKING
S0068508,C02484,P01071,ST036,2027-01-23 12:28:00,8,1611.77,0.00,NET_BANKING
S0068509,C05065,P00862,ST009,2026-12-16 15:05:00,2,12635.93,0.10,NET_BANKING
S0068510,C02701,P01108,ST034,2027-05-10 03:47:00,3,3751.27,0.00,WALLET
S0068511,C03429,P01187,ST030,2026-12-24 00:27:00,8,3689.33,0.00,NET_BANKING
S0068512,C00884,P00960,ST031,2027-01-18 11:51:00,2,6003.64,0.15,UPI
S0068513,C02898,P01065,ST016,2027-01-02 19:42:00,7,151.42,0.00,COD
S0068514,C02309,P00829,ST007,2027-04-01 02:26:00,2,5882.19,0.00,WALLET
S0068515,C05839,P00702,ST029,2027-01-24 23:54:00,5,10861.46,0.10,COD
S0068516,C02872,P00982,ST019,2026-10-06 17:11:00,3,1313.93,0.10,NET_BANKING
S0068517,C00420,P00164,ST021,2027-05-17 13:05:00,3,6049.30,0.00,COD
S0068518,C05608,P00720,ST013,2027-02-12 02:24:00,3,4896.05,0.10,WALLET
S0068519,C03342,P00307,ST038,2027-02-09 07:55:00,5,13759.94,0.00,WALLET
S0068520,C02182,P00455,ST035,2027-02-10 00:01:00,7,11331.19,0.00,WALLET
S0068521,C04545,P00469,ST033,2027-01-25 16:02:00,2,12189.67,0.05,WALLET
S0068522,C02099,P00583,ST009,2026-11-21 02:36:00,7,5417.09,0.05,CARD
S0068523,C00507,P00207,ST018,2027-02-18 10:36:00,8,9646.57,0.10,WALLET
S0068524,C04523,P00516,ST042,2026-12-22 08:56:00,2,7808.79,0.10,CARD
S0068525,C01998,P00968,ST038,2027-01-17 18:07:00,3,10372.46,0.05,NET_BANKING
S0068526,C04649,P00082,ST037,2027-03-06 04:05:00,1,3347.34,0.05,NET_BANKING
S0068527,C05237,P00564,ST021,2027-03-29 13:19:00,7,13288.39,0.15,COD
S0068528,C04257,P00552,ST014,2027-04-20 08:45:00,7,14232.88,0.15,COD
S0068529,C05482,P00604,ST016,2027-02-07 03:25:00,8,3876.20,0.00,WALLET
S0068530,C00123,P00727,ST048,2026-12-21 12:49:00,6,12337.64,0.10,NET_BANKING
S0068531,C04755,P00666,ST010,2026-12-08 11:29:00,5,12463.65,0.00,UPI
S0068532,C02283,P00308,ST045,2027-01-04 11:50:00,2,8424.73,0.05,UPI
S0068533,C00813,P00179,ST050,2026-10-16 01:25:00,5,6066.21,0.15,CARD
S0068534,C03823,P00367,ST039,2026-11-12 15:01:00,6,13780.17,0.15,COD
S0068535,C05704,P00019,ST018,2027-02-16 07:14:00,5,4767.41,0.15,NET_BANKING
S0068536,C03488,P00347,ST031,2027-01-04 15:14:00,6,13728.26,0.15,NET_BANKING
S0068537,C01104,P00692,ST015,2026-09-24 08:10:00,6,3776.76,0.10,COD
S0068538,C01865,P00945,ST027,2027-04-19 03:59:00,5,12625.76,0.15,WALLET
S0068539,C05572,P00749,ST034,2027-04-16 14:18:00,7,5536.94,0.05,NET_BANKING
S0068540,C02042,P01094,ST039,2027-01-20 04:48:00,6,1315.39,0.05,CARD
S0068541,C01978,P00438,ST031,2026-09-21 03:15:00,5,2063.81,0.05,NET_BANKING
S0068542,C01494,P00166,ST003,2027-02-21 15:04:00,8,8032.81,0.00,NET_BANKING
S0068543,C00602,P01196,ST005,2026-11-30 12:36:00,4,2285.28,0.15,WALLET
S0068544,C04136,P00551,ST018,2027-01-29 00:49:00,5,9996.39,0.00,WALLET
S0068545,C02732,P00993,ST018,2027-03-18 22:12:00,1,11078.12,0.10,WALLET
S0068546,C02101,P00166,ST024,2027-02-10 14:04:00,7,8032.81,0.05,WALLET
S0068547,C04479,P00629,ST012,2027-02-14 07:31:00,8,11585.25,0.10,NET_BANKING
S0068548,C05066,P01014,ST014,2026-11-24 18:19:00,8,2342.06,0.05,COD
S0068549,C05311,P01161,ST041,2027-01-01 11:34:00,8,3795.42,0.00,WALLET
S0068550,C02322,P00673,ST039,2026-11-09 05:15:00,7,7917.40,0.10,COD
S0068551,C01964,P00386,ST032,2027-01-17 19:46:00,3,344.42,0.05,CARD
S0068552,C01013,P00235,ST003,2026-10-31 15:06:00,2,5077.58,0.05,CARD
S0068553,C02432,P00139,ST016,2027-01-06 19:07:00,6,13296.70,0.00,COD
S0068554,C05974,P00418,ST005,2027-01-11 19:06:00,1,7868.89,0.10,COD
S0068555,C04908,P00659,ST045,2026-09-27 20:07:00,5,3678.56,0.10,WALLET
S0068556,C04739,P00273,ST031,2027-04-16 23:13:00,8,1657.16,0.00,UPI
S0068557,C05762,P00974,ST036,2026-11-08 21:26:00,3,2875.19,0.00,COD
S0068558,C05500,P00837,ST032,2026-11-22 07:51:00,7,11678.05,0.15,NET_BANKING
S0068559,C02860,P01102,ST034,2027-01-04 00:36:00,1,4109.52,0.05,UPI
S0068560,C05451,P00022,ST017,2026-10-25 23:05:00,3,4659.49,0.10,WALLET
S0068561,C00697,P00984,ST038,2026-11-06 01:37:00,5,7532.32,0.10,COD
S0068562,C00376,P00287,ST023,2026-10-04 06:17:00,5,1326.71,0.00,WALLET
S0068563,C03049,P00471,ST018,2027-03-07 04:13:00,2,8186.09,0.00,UPI
S0068564,C05734,P00785,ST023,2027-02-06 06:40:00,8,8966.99,0.10,NET_BANKING
S0068565,C01332,P00828,ST004,2026-11-01 21:26:00,5,6520.23,0.05,COD
S0068566,C00360,P00260,ST020,2027-02-03 11:30:00,1,11471.26,0.15,CARD
S0068567,C04910,P00906,ST028,2027-02-11 16:07:00,8,12896.50,0.05,COD
S0068568,C00001,P00851,ST024,2027-02-16 10:18:00,4,10520.35,0.10,NET_BANKING
S0068569,C04698,P00626,ST047,2026-10-12 16:08:00,4,4597.20,0.00,CARD
S0068570,C04736,P01015,ST043,2027-02-14 22:41:00,3,1147.39,0.15,UPI
S0068571,C05200,P00142,ST044,2027-03-02 12:12:00,7,3934.33,0.10,CARD
S0068572,C03587,P00710,ST036,2026-12-27 23:21:00,4,3147.74,0.15,CARD
S0068573,C00518,P00221,ST002,2027-02-28 05:09:00,3,7251.17,0.00,COD
S0068574,C00427,P01125,ST007,2027-02-16 02:52:00,1,2052.28,0.10,WALLET
S0068575,C04421,P00055,ST038,2027-04-30 00:24:00,5,8397.51,0.05,NET_BANKING
S0068576,C01122,P00511,ST034,2027-04-22 05:12:00,2,1704.19,0.00,WALLET
S0068577,C03683,P00982,ST030,2026-11-21 12:53:00,5,1313.93,0.05,WALLET
S0068578,C05351,P00119,ST037,2026-11-20 11:55:00,2,794.81,0.10,CARD
S0068579,C04304,P00418,ST014,2026-10-08 19:50:00,2,7868.89,0.00,COD
S0068580,C04502,P01004,ST008,2027-02-07 13:49:00,4,3098.07,0.00,COD
S0068581,C04186,P00449,ST009,2027-03-19 21:57:00,7,4682.35,0.15,UPI
S0068582,C02935,P00677,ST028,2026-12-01 11:00:00,1,9646.68,0.10,WALLET
S0068583,C02760,P00618,ST044,2026-09-18 06:06:00,4,9855.53,0.00,NET_BANKING
S0068584,C05909,P00337,ST039,2026-10-01 23:54:00,6,14544.49,0.10,WALLET
S0068585,C00521,P00557,ST043,2027-04-09 21:32:00,3,9429.31,0.10,NET_BANKING
S0068586,C02832,P00435,ST042,2027-03-22 17:32:00,7,6495.05,0.00,COD
S0068587,C04130,P00575,ST029,2026-11-28 17:43:00,7,10494.08,0.00,WALLET
S0068588,C00148,P00015,ST049,2026-11-24 17:07:00,5,6091.54,0.15,CARD
S0068589,C01239,P00303,ST019,2027-05-21 08:49:00,2,14560.81,0.00,CARD
S0068590,C00715,P01191,ST048,2026-10-02 10:04:00,4,1252.44,0.00,NET_BANKING
S0068591,C03533,P01103,ST046,2026-10-30 09:38:00,1,864.19,0.05,NET_BANKING
S0068592,C03574,P00535,ST048,2027-04-04 04:24:00,6,11264.22,0.05,UPI
S0068593,C05947,P00164,ST034,2026-12-01 03:02:00,4,6049.30,0.00,WALLET
S0068594,C03750,P00532,ST040,2026-11-22 07:50:00,5,13097.07,0.05,COD
S0068595,C01579,P00220,ST014,2027-03-20 12:31:00,4,3145.53,0.15,CARD
S0068596,C02551,P00309,ST009,2026-11-23 10:01:00,6,9944.41,0.05,CARD
S0068597,C01465,P00986,ST010,2027-01-20 08:33:00,8,6941.31,0.05,CARD
S0068598,C05168,P00505,ST041,2027-03-16 02:37:00,4,13158.37,0.05,CARD
S0068599,C04806,P00449,ST024,2027-04-19 11:01:00,2,4682.35,0.05,UPI
S0068600,C03262,P00258,ST041,2027-05-17 04:02:00,3,9537.16,0.05,NET_BANKING
S0068601,C01364,P00269,ST029,2027-04-11 11:18:00,5,1436.31,0.10,NET_BANKING
S0068602,C01899,P01000,ST019,2027-02-27 23:04:00,8,3161.37,0.00,COD
S0068603,C05660,P00248,ST045,2026-11-16 16:19:00,6,13778.23,0.15,CARD
S0068604,C01970,P00878,ST002,2026-11-14 15:54:00,8,13136.21,0.10,UPI
S0068605,C00405,P00685,ST031,2027-05-03 05:14:00,1,2866.20,0.10,COD
S0068606,C03501,P00683,ST026,2027-05-01 15:48:00,8,6906.08,0.00,COD
S0068607,C04321,P00186,ST044,2027-03-25 04:18:00,3,5509.22,0.00,COD
S0068608,C00140,P00051,ST044,2026-12-28 01:14:00,4,8015.72,0.10,WALLET
S0068609,C01822,P00932,ST010,2027-03-18 03:58:00,8,10233.75,0.00,NET_BANKING
S0068610,C02473,P00866,ST003,2026-11-15 03:19:00,2,7507.05,0.15,UPI
S0068611,C02577,P00746,ST012,2027-02-21 05:37:00,4,8367.69,0.00,COD
S0068612,C02602,P00853,ST046,2027-02-20 03:15:00,1,14567.44,0.15,COD
S0068613,C02254,P00553,ST023,2027-03-04 01:06:00,1,10883.36,0.10,UPI
S0068614,C03004,P00483,ST043,2026-10-22 13:12:00,6,7759.25,0.00,WALLET
S0068615,C04304,P00036,ST048,2027-02-28 20:13:00,4,9317.16,0.00,NET_BANKING
S0068616,C02331,P00309,ST037,2026-12-01 17:46:00,8,9944.41,0.05,COD
S0068617,C05143,P00930,ST034,2027-02-23 20:51:00,7,3721.19,0.15,NET_BANKING
S0068618,C05238,P00341,ST030,2027-01-15 11:33:00,5,12040.98,0.05,COD
S0068619,C01904,P00954,ST021,2026-11-23 20:17:00,3,8183.55,0.05,NET_BANKING
S0068620,C02512,P00494,ST002,2027-03-15 11:56:00,5,4019.59,0.15,UPI
S0068621,C02029,P00872,ST050,2026-11-10 01:51:00,8,6939.07,0.05,UPI
S0068622,C03187,P00255,ST047,2026-11-29 14:03:00,7,6191.54,0.15,COD
S0068623,C03576,P01139,ST033,2027-01-03 02:34:00,7,2545.36,0.05,WALLET
S0068624,C01563,P01026,ST048,2027-03-05 03:57:00,8,4553.24,0.05,WALLET
S0068625,C05135,P00692,ST010,2027-02-28 17:53:00,3,3776.76,0.10,WALLET
S0068626,C03535,P00394,ST033,2027-01-12 19:36:00,2,12895.03,0.05,UPI
S0068627,C00110,P00421,ST015,2026-12-27 14:56:00,4,9929.53,0.00,UPI
S0068628,C04466,P00247,ST031,2027-03-13 16:54:00,4,3627.73,0.00,CARD
S0068629,C03729,P00208,ST010,2027-01-01 22:05:00,5,9299.51,0.05,CARD
S0068630,C02258,P00661,ST041,2027-05-10 00:17:00,3,12752.32,0.10,CARD
S0068631,C03027,P00127,ST023,2027-03-21 21:45:00,7,11914.83,0.15,WALLET
S0068632,C02192,P00674,ST005,2026-11-19 05:29:00,8,12623.07,0.15,WALLET
S0068633,C00829,P00329,ST044,2027-02-24 16:52:00,4,1364.47,0.15,COD
S0068634,C02647,P00173,ST035,2027-01-31 14:37:00,8,2556.28,0.00,WALLET
S0068635,C02474,P00523,ST030,2026-12-10 21:35:00,6,3568.60,0.00,WALLET
S0068636,C05772,P00513,ST024,2026-11-18 14:44:00,7,2594.81,0.00,CARD
S0068637,C03038,P01114,ST033,2027-05-23 10:35:00,4,2317.01,0.00,COD
S0068638,C01054,P00722,ST018,2027-03-14 01:16:00,7,2303.35,0.15,CARD
S0068639,C04875,P00574,ST016,2026-10-06 01:02:00,2,8927.79,0.15,UPI
S0068640,C00538,P00888,ST020,2027-02-04 12:16:00,4,2165.37,0.10,NET_BANKING
S0068641,C04830,P00785,ST009,2026-09-15 16:00:00,3,8966.99,0.05,NET_BANKING
S0068642,C03328,P00208,ST021,2027-02-26 13:18:00,8,9299.51,0.15,NET_BANKING
S0068643,C02468,P00080,ST022,2026-12-21 14:46:00,4,4990.71,0.15,UPI
S0068644,C03023,P00125,ST001,2027-03-12 00:51:00,1,8537.50,0.15,COD
S0068645,C04842,P00239,ST025,2026-10-29 21:55:00,1,2668.52,0.00,NET_BANKING
S0068646,C03625,P00916,ST031,2027-05-03 05:15:00,7,1771.51,0.05,NET_BANKING
S0068647,C04207,P00737,ST001,2026-10-15 05:34:00,6,69.58,0.10,COD
S0068648,C01539,P00421,ST041,2027-02-28 16:16:00,5,9929.53,0.00,COD
S0068649,C01698,P00293,ST047,2026-09-18 09:47:00,8,8511.68,0.10,CARD
S0068650,C05737,P00603,ST017,2027-03-12 14:37:00,8,7723.35,0.15,WALLET
S0068651,C04675,P00780,ST026,2027-03-25 08:43:00,7,5639.59,0.15,WALLET
S0068652,C03973,P00544,ST045,2027-01-09 18:09:00,2,6390.78,0.00,CARD
S0068653,C01277,P00174,ST032,2027-04-13 22:34:00,4,322.73,0.10,COD
S0068654,C04897,P00705,ST021,2027-04-25 09:21:00,3,12535.43,0.00,UPI
S0068655,C00897,P00099,ST015,2027-04-04 07:48:00,2,7954.37,0.15,WALLET
S0068656,C00549,P00476,ST027,2027-05-14 23:45:00,2,10059.57,0.00,UPI
S0068657,C02349,P01017,ST019,2027-05-27 09:48:00,4,1598.53,0.15,NET_BANKING
S0068658,C03141,P01183,ST006,2027-04-12 01:43:00,7,2559.06,0.10,WALLET
S0068659,C02603,P01054,ST016,2026-11-29 10:08:00,7,2632.08,0.00,UPI
S0068660,C02830,P00109,ST026,2027-02-08 06:18:00,1,9560.87,0.00,CARD
S0068661,C01739,P00338,ST024,2026-10-28 14:51:00,6,9729.31,0.10,COD
S0068662,C00159,P00675,ST036,2026-11-04 16:45:00,7,10065.36,0.00,CARD
S0068663,C05421,P00841,ST020,2027-01-05 23:33:00,1,8077.31,0.00,UPI
S0068664,C02993,P01005,ST004,2027-03-23 10:12:00,7,1369.24,0.15,COD
S0068665,C00537,P00490,ST015,2026-10-27 07:54:00,7,3009.09,0.05,UPI
S0068666,C04497,P00640,ST011,2027-05-04 04:39:00,2,9013.79,0.00,NET_BANKING
S0068667,C01516,P00683,ST025,2026-10-05 09:52:00,5,6906.08,0.10,UPI
S0068668,C02006,P00854,ST028,2027-03-28 07:21:00,7,6348.82,0.00,WALLET
S0068669,C00430,P00677,ST042,2027-03-05 15:42:00,8,9646.68,0.05,CARD
S0068670,C01474,P00088,ST001,2027-04-08 14:50:00,7,8857.37,0.05,COD
S0068671,C04678,P01108,ST029,2026-12-30 17:09:00,3,4510.26,0.10,UPI
S0068672,C05830,P00291,ST013,2026-11-01 07:46:00,8,3274.34,0.00,COD
S0068673,C00735,P00779,ST036,2027-02-16 14:02:00,5,9277.18,0.00,WALLET
S0068674,C02260,P00201,ST016,2026-09-20 12:36:00,6,7729.31,0.10,WALLET
S0068675,C02727,P00286,ST035,2026-10-11 20:34:00,8,2796.88,0.15,CARD
S0068676,C02057,P00073,ST002,2027-05-28 10:34:00,1,13519.47,0.15,CARD
S0068677,C03409,P00849,ST028,2026-12-11 05:01:00,2,11840.46,0.05,WALLET
S0068678,C02089,P00841,ST007,2027-01-08 06:15:00,2,8077.31,0.15,WALLET
S0068679,C01493,P00364,ST028,2027-01-30 16:29:00,2,12302.90,0.15,COD
S0068680,C03146,P00742,ST015,2027-04-12 07:54:00,8,7019.87,0.00,NET_BANKING
S0068681,C04320,P01073,ST004,2027-04-26 01:50:00,4,2318.41,0.15,NET_BANKING
S0068682,C04818,P01067,ST026,2026-12-15 19:10:00,6,3460.93,0.05,CARD
S0068683,C02780,P00888,ST003,2026-12-31 10:19:00,6,2165.37,0.00,COD
S0068684,C01025,P00734,ST026,2027-04-14 09:28:00,8,2368.19,0.00,WALLET
S0068685,C05445,P00516,ST009,2027-04-27 20:10:00,2,7808.79,0.05,COD
S0068686,C02488,P01147,ST020,2026-11-24 20:18:00,8,1615.13,0.10,CARD
S0068687,C04608,P00558,ST008,2027-02-22 01:29:00,2,2884.27,0.05,UPI
S0068688,C01444,P00680,ST020,2026-12-31 05:46:00,7,6161.56,0.10,CARD
S0068689,C04400,P01174,ST023,2026-11-18 04:22:00,8,4027.90,0.00,CARD
S0068690,C05546,P00344,ST039,2026-11-10 14:53:00,6,12170.01,0.05,CARD
S0068691,C04250,P01182,ST028,2026-11-17 02:17:00,5,4484.99,0.10,NET_BANKING
S0068692,C01328,P00375,ST044,2027-01-15 20:02:00,5,8641.01,0.00,COD
S0068693,C05139,P00484,ST015,2026-10-12 16:45:00,6,195.13,0.00,UPI
S0068694,C03888,P00311,ST010,2027-04-03 02:55:00,6,10510.03,0.00,CARD
S0068695,C01479,P00451,ST048,2027-04-26 04:09:00,8,10085.19,0.10,COD
S0068696,C04968,P00585,ST032,2027-05-23 12:55:00,5,4078.01,0.10,WALLET
S0068697,C00829,P00645,ST031,2027-05-19 04:51:00,3,11979.98,0.00,NET_BANKING
S0068698,C01185,P00639,ST007,2027-03-25 05:39:00,1,5321.74,0.15,WALLET
S0068699,C00051,P00495,ST047,2027-05-02 06:26:00,3,105.46,0.15,WALLET
S0068700,C00348,P00227,ST017,2026-11-07 01:48:00,4,7877.11,0.05,WALLET
S0068701,C04835,P00759,ST050,2026-12-10 21:23:00,3,2675.60,0.05,UPI
S0068702,C02813,P00034,ST026,2027-04-18 23:48:00,4,14038.19,0.15,CARD
S0068703,C04850,P00528,ST024,2027-01-27 00:22:00,5,12190.45,0.15,COD
S0068704,C01295,P00551,ST013,2026-10-05 11:01:00,7,9996.39,0.10,COD
S0068705,C02426,P00586,ST008,2026-10-18 07:39:00,1,3287.74,0.05,CARD
S0068706,C02273,P01116,ST046,2026-12-16 17:02:00,3,3478.83,0.10,UPI
S0068707,C04715,P00819,ST044,2027-04-29 16:58:00,4,5314.55,0.00,CARD
S0068708,C01586,P00910,ST047,2027-03-11 16:54:00,7,1660.00,0.00,COD
S0068709,C04589,P01140,ST005,2027-01-08 11:47:00,4,1988.23,0.00,UPI
S0068710,C05509,P00812,ST029,2027-01-24 03:53:00,6,13449.06,0.05,UPI
S0068711,C05922,P00539,ST008,2027-02-26 00:37:00,1,7157.77,0.00,NET_BANKING
S0068712,C03068,P00800,ST043,2027-04-18 15:06:00,2,14143.96,0.05,NET_BANKING
S0068713,C03897,P00726,ST011,2026-11-01 07:02:00,5,7391.49,0.00,CARD
S0068714,C00038,P00049,ST044,2026-12-25 06:34:00,4,856.91,0.00,UPI
S0068715,C05562,P00508,ST038,2027-05-29 22:39:00,3,14824.01,0.10,COD
S0068716,C02666,P00455,ST021,2027-02-16 12:04:00,8,11331.19,0.00,WALLET
S0068717,C04117,P00053,ST011,2026-12-03 01:47:00,2,4727.29,0.15,NET_BANKING
S0068718,C04838,P00490,ST045,2027-03-23 22:52:00,4,3009.09,0.00,NET_BANKING
S0068719,C00605,P00245,ST028,2026-12-22 06:55:00,5,8201.28,0.00,WALLET
S0068720,C02124,P00338,ST047,2026-12-30 05:56:00,4,9729.31,0.00,WALLET
S0068721,C04834,P00144,ST004,2026-09-29 13:35:00,8,9162.18,0.15,COD
S0068722,C05362,P00794,ST021,2026-09-24 20:43:00,1,9152.31,0.15,CARD
S0068723,C02622,P01065,ST029,2027-02-22 19:45:00,5,4185.26,0.10,NET_BANKING
S0068724,C05405,P01161,ST008,2026-11-29 16:50:00,1,2818.37,0.15,COD
S0068725,C01261,P00257,ST024,2027-04-11 06:34:00,8,14449.49,0.05,COD
S0068726,C02140,P00845,ST037,2026-12-23 01:48:00,5,596.43,0.15,UPI
S0068727,C05255,P00393,ST040,2026-11-20 10:30:00,4,7337.73,0.05,CARD
S0068728,C02050,P00645,ST024,2027-01-12 14:00:00,3,11979.98,0.15,UPI
S0068729,C04149,P00007,ST023,2027-01-01 09:06:00,6,8987.92,0.10,CARD
S0068730,C02348,P00337,ST022,2026-10-14 05:29:00,7,14544.49,0.00,CARD
S0068731,C03510,P00869,ST037,2026-10-29 12:52:00,5,5521.33,0.00,WALLET
S0068732,C02852,P00334,ST021,2026-12-05 23:41:00,1,10056.18,0.15,WALLET
S0068733,C04908,P00075,ST044,2026-10-03 23:24:00,2,288.24,0.10,CARD
S0068734,C04987,P00679,ST004,2026-11-22 19:51:00,5,10688.41,0.05,WALLET
S0068735,C02474,P00248,ST009,2026-12-24 00:59:00,8,13778.23,0.15,UPI
S0068736,C01473,P00973,ST017,2027-03-30 18:46:00,6,13784.89,0.15,COD
S0068737,C04406,P01156,ST043,2027-04-25 11:07:00,2,3760.14,0.00,WALLET
S0068738,C02472,P00969,ST031,2026-11-18 20:59:00,2,3154.51,0.00,WALLET
S0068739,C05551,P00708,ST047,2027-01-08 06:41:00,6,605.04,0.15,WALLET
S0068740,C02176,P00552,ST023,2026-11-01 11:13:00,7,14232.88,0.00,COD
S0068741,C03174,P00740,ST047,2027-04-29 21:48:00,1,10365.11,0.00,COD
S0068742,C02317,P01041,ST005,2026-11-25 08:22:00,5,551.11,0.15,WALLET
S0068743,C05836,P00332,ST020,2027-02-23 22:51:00,3,9532.30,0.00,NET_BANKING
S0068744,C01480,P00981,ST030,2027-03-19 13:46:00,5,5838.61,0.05,CARD
S0068745,C04855,P01142,ST022,2027-01-26 08:17:00,8,4137.26,0.00,WALLET
S0068746,C05907,P00681,ST016,2027-05-02 12:11:00,2,10247.66,0.15,NET_BANKING
S0068747,C04528,P00710,ST050,2027-02-04 20:44:00,4,3147.74,0.05,COD
S0068748,C01578,P00423,ST018,2027-01-09 03:42:00,8,562.41,0.15,CARD
S0068749,C05797,P01153,ST028,2027-01-06 11:05:00,1,1803.46,0.10,CARD
S0068750,C02399,P00817,ST044,2027-03-15 10:45:00,4,11269.31,0.00,WALLET
S0068751,C01437,P00257,ST015,2027-03-18 04:30:00,7,14449.49,0.10,CARD
S0068752,C04397,P01101,ST031,2027-02-21 14:20:00,7,284.22,0.05,COD
S0068753,C01216,P00966,ST013,2026-11-11 04:12:00,3,14692.30,0.15,NET_BANKING
S0068754,C02851,P00560,ST020,2027-05-31 08:40:00,6,9161.86,0.10,NET_BANKING
S0068755,C03287,P00686,ST006,2026-12-17 15:43:00,8,1168.81,0.00,UPI
S0068756,C01740,P00216,ST015,2026-11-11 20:48:00,2,1540.77,0.15,CARD
S0068757,C00601,P00763,ST046,2027-02-04 23:04:00,8,4853.30,0.10,NET_BANKING
S0068758,C05922,P01004,ST020,2026-09-29 06:38:00,8,1720.09,0.10,WALLET
S0068759,C01519,P00629,ST026,2027-05-26 16:58:00,2,11585.25,0.15,NET_BANKING
S0068760,C05923,P01182,ST007,2027-03-08 18:27:00,1,957.24,0.15,UPI
S0068761,C00345,P00578,ST015,2027-02-27 20:31:00,1,2566.07,0.05,WALLET
S0068762,C04902,P00760,ST043,2027-03-17 15:25:00,3,13523.24,0.15,UPI
S0068763,C04013,P00869,ST049,2026-09-15 03:17:00,5,5521.33,0.15,UPI
S0068764,C02080,P00678,ST039,2027-03-23 16:10:00,5,5849.17,0.05,WALLET
S0068765,C03314,P00441,ST026,2026-09-16 21:43:00,7,10328.32,0.05,NET_BANKING
S0068766,C04349,P00910,ST026,2027-04-09 06:47:00,6,1660.00,0.00,COD
S0068767,C05199,P00078,ST047,2027-03-16 21:20:00,5,6017.13,0.05,COD
S0068768,C01043,P01034,ST005,2027-05-11 03:55:00,1,3410.83,0.05,WALLET
S0068769,C04889,P00478,ST026,2027-01-30 17:59:00,3,1905.90,0.10,NET_BANKING
S0068770,C03299,P00808,ST015,2027-05-07 20:18:00,6,2340.21,0.10,WALLET
S0068771,C02075,P00549,ST021,2026-10-06 06:37:00,6,8615.76,0.05,COD
S0068772,C00532,P01029,ST009,2027-03-24 09:13:00,5,4022.81,0.05,CARD
S0068773,C00211,P00963,ST038,2026-10-19 16:57:00,3,9496.66,0.10,COD
S0068774,C05447,P01069,ST026,2027-01-15 22:32:00,1,4613.32,0.00,NET_BANKING
S0068775,C02707,P00665,ST030,2027-04-30 22:18:00,2,13897.47,0.10,COD
S0068776,C03070,P00704,ST047,2027-03-20 15:11:00,6,3700.74,0.00,COD
S0068777,C05402,P00043,ST040,2027-02-11 09:14:00,3,3923.78,0.10,UPI
S0068778,C00931,P01053,ST023,2026-09-25 19:52:00,7,4031.59,0.10,WALLET
S0068779,C05862,P00687,ST036,2026-11-23 12:56:00,1,10669.90,0.00,CARD
S0068780,C01851,P00019,ST020,2026-11-23 16:45:00,3,4767.41,0.00,CARD
S0068781,C04670,P00129,ST034,2027-03-02 14:26:00,7,5652.18,0.05,NET_BANKING
S0068782,C00123,P01146,ST033,2026-10-28 08:35:00,3,716.65,0.05,UPI
S0068783,C01507,P00344,ST029,2027-01-07 02:30:00,6,12170.01,0.15,COD
S0068784,C04915,P00136,ST018,2027-04-12 19:10:00,8,2339.70,0.10,NET_BANKING
S0068785,C01084,P00981,ST039,2027-01-15 19:15:00,8,5838.61,0.05,WALLET
S0068786,C04188,P00572,ST029,2027-02-17 15:05:00,4,413.41,0.10,NET_BANKING
S0068787,C03313,P00995,ST048,2027-02-18 14:11:00,4,10497.82,0.05,NET_BANKING
S0068788,C05779,P00937,ST030,2027-01-16 12:31:00,4,2930.83,0.15,WALLET
S0068789,C05724,P00145,ST025,2027-01-01 02:24:00,2,10011.24,0.05,WALLET
S0068790,C01886,P00636,ST032,2027-01-07 10:50:00,6,12658.75,0.15,CARD
S0068791,C05278,P00788,ST005,2027-05-26 15:53:00,1,14058.06,0.00,WALLET
S0068792,C01728,P00100,ST034,2026-11-10 10:21:00,2,2281.28,0.00,UPI
S0068793,C05161,P01165,ST014,2026-10-13 06:06:00,3,1752.62,0.15,WALLET
S0068794,C01357,P00832,ST039,2026-12-19 18:31:00,5,12604.04,0.15,CARD
S0068795,C01788,P00626,ST017,2026-09-29 20:39:00,6,4597.20,0.10,CARD
S0068796,C03121,P00675,ST016,2026-09-18 19:30:00,8,10065.36,0.00,CARD
S0068797,C03120,P00457,ST018,2027-02-22 10:46:00,7,2393.60,0.05,COD
S0068798,C02610,P00006,ST046,2027-05-25 05:58:00,7,12375.85,0.00,WALLET
S0068799,C02711,P00968,ST022,2026-09-22 20:37:00,8,10372.46,0.15,WALLET
S0068800,C02993,P00949,ST031,2027-04-17 01:35:00,6,5923.78,0.10,WALLET
S0068801,C01648,P00946,ST034,2027-03-15 16:49:00,4,536.50,0.00,WALLET
S0068802,C01355,P01116,ST040,2026-11-02 00:38:00,5,2126.25,0.10,UPI
S0068803,C03696,P00399,ST018,2027-03-15 19:51:00,6,12674.98,0.15,UPI
S0068804,C05591,P00799,ST008,2027-04-07 02:00:00,6,5194.85,0.10,WALLET
S0068805,C00787,P00286,ST018,2027-02-13 07:30:00,4,2796.88,0.15,CARD
S0068806,C04148,P00225,ST010,2027-03-24 17:12:00,5,9830.38,0.10,COD
S0068807,C01403,P00943,ST050,2027-04-20 14:05:00,4,12935.87,0.05,UPI
S0068808,C05272,P01061,ST045,2027-05-12 22:08:00,8,401.97,0.00,NET_BANKING
S0068809,C04535,P00634,ST014,2027-03-25 12:47:00,3,13541.02,0.00,NET_BANKING
S0068810,C05056,P00102,ST007,2027-01-09 00:27:00,1,8070.99,0.00,COD
S0068811,C04267,P00248,ST013,2027-01-05 02:56:00,5,13778.23,0.00,UPI
S0068812,C03500,P00867,ST032,2026-11-19 08:48:00,8,5370.01,0.00,COD
S0068813,C02883,P01104,ST014,2027-03-17 09:42:00,2,1044.18,0.00,WALLET
S0068814,C02887,P00693,ST049,2026-12-07 07:17:00,5,10171.16,0.00,WALLET
S0068815,C03017,P00137,ST045,2026-12-16 08:51:00,7,9416.73,0.00,WALLET
S0068816,C00463,P00770,ST021,2027-06-01 23:12:00,3,6385.04,0.00,UPI
S0068817,C05181,P00962,ST010,2026-12-14 16:01:00,2,12113.97,0.15,WALLET
S0068818,C00205,P00317,ST039,2027-05-13 11:05:00,8,4717.68,0.15,NET_BANKING
S0068819,C02819,P00177,ST031,2026-09-23 04:30:00,2,5272.03,0.10,COD
S0068820,C01973,P00857,ST001,2027-03-02 19:25:00,7,10083.38,0.00,NET_BANKING
S0068821,C05318,P00903,ST020,2027-05-28 22:03:00,7,4390.79,0.15,COD
S0068822,C05855,P01115,ST027,2027-01-21 01:40:00,3,2994.15,0.05,WALLET
S0068823,C05623,P00401,ST008,2027-04-01 15:53:00,8,14612.89,0.00,CARD
S0068824,C02584,P01181,ST015,2027-05-01 06:00:00,7,4690.71,0.10,COD
S0068825,C04277,P00547,ST030,2027-02-03 22:10:00,6,68.05,0.10,UPI
S0068826,C04621,P00550,ST030,2027-03-27 06:39:00,8,1961.46,0.00,NET_BANKING
S0068827,C02857,P00209,ST027,2027-04-13 05:41:00,2,6800.00,0.10,CARD
S0068828,C04677,P00778,ST044,2026-12-23 08:08:00,3,5364.50,0.00,WALLET
S0068829,C04725,P00846,ST030,2026-10-03 23:53:00,3,5378.97,0.00,NET_BANKING
S0068830,C03971,P00219,ST019,2027-01-27 10:48:00,7,13496.03,0.15,COD
S0068831,C03409,P00179,ST032,2027-05-20 17:21:00,2,6066.21,0.10,WALLET
S0068832,C04249,P00603,ST033,2027-04-19 01:10:00,4,7723.35,0.10,CARD
S0068833,C00672,P00896,ST013,2026-12-02 10:20:00,8,9136.34,0.05,WALLET
S0068834,C03239,P00806,ST024,2026-09-18 05:55:00,1,10445.92,0.15,COD
S0068835,C00840,P00606,ST047,2027-02-02 01:16:00,1,2062.87,0.00,WALLET
S0068836,C04116,P00599,ST017,2026-10-14 21:00:00,7,1086.85,0.00,CARD
S0068837,C02306,P01173,ST046,2026-11-10 02:53:00,6,2796.01,0.00,CARD
S0068838,C04726,P00549,ST031,2026-11-18 18:04:00,4,8615.76,0.05,CARD
S0068839,C00888,P00180,ST009,2027-05-19 15:32:00,6,12378.45,0.05,CARD
S0068840,C05210,P01125,ST023,2026-11-08 23:54:00,6,3357.25,0.05,CARD
S0068841,C02830,P00730,ST028,2027-05-21 01:05:00,4,3796.60,0.00,COD
S0068842,C03160,P00780,ST003,2026-09-15 18:00:00,8,5639.59,0.15,WALLET
S0068843,C01836,P00755,ST044,2026-12-17 04:42:00,6,13881.05,0.05,COD
S0068844,C01850,P00217,ST006,2027-04-29 20:04:00,6,10077.87,0.00,CARD
S0068845,C01092,P00804,ST018,2027-05-26 05:52:00,1,13775.11,0.15,NET_BANKING
S0068846,C05739,P00172,ST018,2026-10-19 21:07:00,4,13640.80,0.00,CARD
S0068847,C03723,P00103,ST043,2027-02-28 08:38:00,7,3719.77,0.15,UPI
S0068848,C04676,P00768,ST044,2026-11-03 07:53:00,2,11814.22,0.05,COD
S0068849,C04450,P00379,ST002,2026-10-09 03:49:00,2,1917.87,0.10,NET_BANKING
S0068850,C05127,P00573,ST035,2027-02-14 08:49:00,8,7520.25,0.05,CARD
S0068851,C04142,P00998,ST028,2027-03-27 08:56:00,8,2576.28,0.05,UPI
S0068852,C02075,P01154,ST010,2027-02-07 18:00:00,7,3207.97,0.00,COD
S0068853,C01670,P00840,ST019,2027-02-25 14:39:00,1,4066.13,0.00,WALLET
S0068854,C01719,P00733,ST008,2027-02-14 05:48:00,3,7733.54,0.10,WALLET
S0068855,C03900,P00668,ST017,2027-02-06 06:34:00,7,9801.28,0.10,UPI
S0068856,C05515,P01084,ST048,2026-11-18 13:46:00,7,225.64,0.05,COD
S0068857,C00585,P00371,ST048,2027-03-29 23:07:00,5,7245.43,0.10,UPI
S0068858,C02797,P00681,ST037,2027-03-11 22:24:00,7,10247.66,0.00,COD
S0068859,C04719,P01115,ST024,2026-09-27 12:35:00,6,851.54,0.10,CARD
S0068860,C02093,P00460,ST022,2027-04-25 18:09:00,4,11166.19,0.15,UPI
S0068861,C01423,P00891,ST048,2026-11-18 18:24:00,3,2634.44,0.15,COD
S0068862,C00038,P00115,ST043,2027-04-03 10:48:00,5,7420.65,0.05,UPI
S0068863,C05895,P01142,ST041,2027-04-29 08:25:00,8,4315.45,0.15,UPI
S0068864,C01094,P00700,ST014,2026-11-27 00:29:00,6,7501.36,0.00,WALLET
S0068865,C03910,P00134,ST003,2027-04-18 12:43:00,6,9455.44,0.05,CARD
S0068866,C03488,P00579,ST019,2027-02-16 03:32:00,1,10886.45,0.10,WALLET
S0068867,C00963,P00042,ST013,2026-11-03 16:23:00,4,14409.73,0.15,WALLET
S0068868,C05142,P00760,ST036,2027-04-15 18:14:00,7,13523.24,0.10,WALLET
S0068869,C03497,P00223,ST010,2027-04-17 18:55:00,6,6560.58,0.10,NET_BANKING
S0068870,C00285,P00190,ST037,2026-10-28 01:39:00,1,6844.10,0.00,NET_BANKING
S0068871,C01302,P00430,ST048,2027-01-12 22:11:00,1,5232.86,0.10,COD
S0068872,C03296,P01083,ST050,2027-02-03 20:04:00,6,1785.74,0.10,CARD
S0068873,C03359,P00612,ST008,2027-04-30 05:32:00,7,12611.50,0.05,CARD
S0068874,C01826,P00131,ST022,2027-03-24 15:50:00,7,13217.23,0.00,NET_BANKING
S0068875,C03128,P00059,ST049,2027-01-29 08:40:00,6,14733.93,0.10,CARD
S0068876,C02355,P00954,ST001,2026-12-26 11:15:00,2,8183.55,0.00,COD
S0068877,C02634,P00323,ST023,2027-01-03 06:50:00,8,2608.20,0.15,CARD
S0068878,C04627,P01141,ST043,2026-09-19 12:12:00,8,862.22,0.10,CARD
S0068879,C05741,P00706,ST034,2027-03-28 01:26:00,7,2797.24,0.05,UPI
S0068880,C05004,P00814,ST005,2026-11-22 09:47:00,7,1576.96,0.00,WALLET
S0068881,C00575,P00446,ST045,2027-01-03 16:39:00,5,14903.24,0.00,WALLET
S0068882,C04945,P01008,ST026,2027-05-05 10:54:00,6,4797.88,0.05,NET_BANKING
S0068883,C02452,P00651,ST039,2026-09-27 01:59:00,1,1796.64,0.05,CARD
S0068884,C04448,P00412,ST034,2026-11-06 06:39:00,1,14467.07,0.00,COD
S0068885,C05178,P00575,ST016,2027-03-03 21:57:00,2,10494.08,0.15,NET_BANKING
S0068886,C04790,P00988,ST005,2027-05-29 17:11:00,5,6169.02,0.05,WALLET
S0068887,C05831,P00277,ST031,2027-04-15 23:58:00,8,4475.85,0.05,WALLET
S0068888,C05625,P00262,ST002,2026-10-07 15:43:00,3,4686.95,0.05,CARD
S0068889,C01827,P00084,ST032,2027-03-20 16:24:00,6,9370.43,0.00,COD
S0068890,C00169,P00353,ST022,2027-05-23 14:34:00,6,10161.42,0.15,UPI
S0068891,C02111,P00054,ST034,2027-03-11 13:52:00,4,6510.78,0.00,COD
S0068892,C03036,P00734,ST030,2026-09-24 09:16:00,5,2368.19,0.10,CARD
S0068893,C03875,P00386,ST037,2026-12-09 17:45:00,7,344.42,0.15,UPI
S0068894,C02498,P01055,ST021,2027-02-05 23:52:00,7,3111.28,0.00,CARD
S0068895,C03947,P00886,ST007,2027-02-19 06:50:00,5,2075.82,0.00,UPI
S0068896,C05646,P00233,ST008,2026-09-27 16:54:00,2,5834.21,0.10,COD
S0068897,C02204,P00194,ST005,2026-11-02 19:30:00,1,4680.85,0.10,CARD
S0068898,C01222,P01110,ST037,2027-04-04 14:01:00,7,3308.64,0.05,WALLET
S0068899,C04310,P00474,ST042,2026-09-21 04:53:00,5,2329.87,0.10,CARD
S0068900,C01423,P00238,ST015,2027-02-20 05:31:00,7,2175.91,0.10,WALLET
S0068901,C01214,P00167,ST017,2027-01-23 09:32:00,4,9994.61,0.00,UPI
S0068902,C04017,P00539,ST030,2026-11-25 03:48:00,2,7157.77,0.00,COD
S0068903,C03803,P00064,ST001,2026-10-17 12:05:00,2,9773.23,0.05,NET_BANKING
S0068904,C00882,P00067,ST003,2026-11-05 18:44:00,5,3494.40,0.10,CARD
S0068905,C01211,P00983,ST046,2026-10-16 00:29:00,3,14539.34,0.00,COD
S0068906,C00359,P00374,ST009,2026-09-16 14:08:00,1,688.46,0.10,NET_BANKING
S0068907,C01464,P00577,ST042,2026-09-15 18:55:00,3,286.38,0.00,NET_BANKING
S0068908,C03437,P00926,ST041,2027-02-16 18:49:00,4,11337.89,0.15,NET_BANKING
S0068909,C00037,P00204,ST045,2027-01-29 01:57:00,7,1600.11,0.10,WALLET
S0068910,C02971,P00862,ST047,2026-11-26 04:16:00,3,12635.93,0.05,COD
S0068911,C00327,P00901,ST035,2027-01-12 12:06:00,4,11518.70,0.00,WALLET
S0068912,C02748,P01200,ST020,2026-11-27 08:42:00,3,1731.12,0.05,NET_BANKING
S0068913,C01715,P00530,ST023,2027-02-01 04:51:00,3,1909.30,0.00,COD
S0068914,C01579,P00567,ST032,2027-03-13 20:58:00,4,2522.97,0.05,NET_BANKING
S0068915,C04652,P01184,ST039,2027-01-05 19:39:00,7,1317.54,0.10,COD
S0068916,C04419,P01187,ST018,2027-01-24 07:36:00,8,4048.84,0.05,NET_BANKING
S0068917,C02283,P00402,ST029,2027-01-01 09:51:00,6,7483.33,0.05,NET_BANKING
S0068918,C05210,P01124,ST005,2027-02-17 13:22:00,2,4002.75,0.10,NET_BANKING
S0068919,C01552,P00153,ST011,2027-01-03 22:54:00,1,5456.59,0.05,CARD
S0068920,C02602,P01092,ST044,2027-02-04 12:21:00,6,4976.73,0.00,NET_BANKING
S0068921,C00006,P00235,ST036,2026-12-09 21:44:00,6,5077.58,0.05,NET_BANKING
S0068922,C05732,P00529,ST027,2026-10-08 14:37:00,2,10534.37,0.10,COD
S0068923,C00110,P00201,ST012,2026-11-13 14:35:00,6,7729.31,0.10,CARD
S0068924,C05810,P00422,ST042,2027-01-18 10:42:00,6,8067.73,0.00,WALLET
S0068925,C02884,P00254,ST038,2027-03-02 15:17:00,1,1267.62,0.00,NET_BANKING
S0068926,C03618,P00068,ST043,2027-05-30 16:05:00,8,2033.40,0.10,CARD
S0068927,C02170,P00371,ST018,2027-04-11 08:55:00,4,7245.43,0.10,UPI
S0068928,C00504,P00837,ST037,2026-12-22 14:03:00,2,11678.05,0.00,COD
S0068929,C01906,P00035,ST029,2026-12-23 19:35:00,1,1827.96,0.00,NET_BANKING
S0068930,C02026,P00346,ST049,2027-04-15 17:56:00,5,10411.85,0.00,CARD
S0068931,C03792,P00576,ST015,2027-05-30 20:41:00,7,829.35,0.05,NET_BANKING
S0068932,C03481,P00540,ST047,2026-11-08 19:08:00,6,8768.71,0.15,UPI
S0068933,C03957,P00876,ST049,2027-01-19 05:37:00,4,13453.44,0.05,COD
S0068934,C03547,P00106,ST017,2026-12-14 09:16:00,8,14238.90,0.00,UPI
S0068935,C04105,P00987,ST050,2027-03-27 09:39:00,6,8796.88,0.10,CARD
S0068936,C00034,P00997,ST046,2027-01-24 20:37:00,7,2288.79,0.00,CARD
S0068937,C05761,P00508,ST016,2027-01-22 22:35:00,7,14824.01,0.10,UPI
S0068938,C02294,P01038,ST041,2027-05-04 17:53:00,8,3476.62,0.00,WALLET
S0068939,C03918,P01172,ST002,2026-11-19 04:54:00,8,974.47,0.00,COD
S0068940,C00032,P00473,ST026,2027-03-04 11:09:00,2,671.21,0.00,COD
S0068941,C03261,P00810,ST034,2027-01-27 16:24:00,8,5274.62,0.05,CARD
S0068942,C01510,P00496,ST027,2026-09-24 01:25:00,2,3469.95,0.00,WALLET
S0068943,C05523,P00832,ST044,2027-01-06 20:35:00,6,12604.04,0.00,CARD
S0068944,C05683,P00276,ST018,2026-12-10 15:34:00,7,6865.96,0.10,CARD
S0068945,C02617,P00276,ST044,2027-01-28 15:48:00,7,6865.96,0.05,COD
S0068946,C01641,P00606,ST010,2026-11-02 17:04:00,1,2062.87,0.10,UPI
S0068947,C01507,P00779,ST003,2027-01-18 01:23:00,2,9277.18,0.10,UPI
S0068948,C00489,P01163,ST008,2027-02-20 01:41:00,6,3976.82,0.10,UPI
S0068949,C00994,P00319,ST008,2027-03-03 17:06:00,7,5444.74,0.10,NET_BANKING
S0068950,C05336,P01149,ST049,2027-04-18 17:15:00,8,2661.05,0.00,UPI
S0068951,C01792,P00581,ST004,2027-03-12 03:19:00,3,5203.27,0.00,NET_BANKING
S0068952,C00198,P00903,ST043,2026-11-16 22:53:00,4,4390.79,0.10,CARD
S0068953,C04016,P01087,ST026,2026-09-29 10:23:00,6,1683.34,0.10,CARD
S0068954,C01614,P00006,ST021,2027-03-07 19:55:00,4,12375.85,0.05,CARD
S0068955,C05883,P00893,ST026,2026-11-12 21:54:00,3,11968.39,0.00,NET_BANKING
S0068956,C05746,P00822,ST037,2027-01-05 01:45:00,3,11979.30,0.05,UPI
S0068957,C00639,P00340,ST030,2027-05-14 11:22:00,7,13721.56,0.00,COD
S0068958,C05977,P00736,ST037,2027-01-13 16:19:00,3,10626.28,0.10,NET_BANKING
S0068959,C03369,P00439,ST040,2026-10-06 08:26:00,1,11875.56,0.00,CARD
S0068960,C00693,P00113,ST010,2027-05-07 21:21:00,3,13315.47,0.05,NET_BANKING
S0068961,C03966,P00752,ST039,2026-12-16 22:05:00,8,10993.54,0.15,WALLET
S0068962,C00447,P00332,ST050,2027-05-11 01:27:00,3,9532.30,0.00,WALLET
S0068963,C05580,P01131,ST036,2027-05-10 03:42:00,8,3783.65,0.10,CARD
S0068964,C01995,P00268,ST035,2026-11-05 23:57:00,8,4586.89,0.00,CARD
S0068965,C05550,P00956,ST009,2027-01-02 09:06:00,4,1818.03,0.15,NET_BANKING
S0068966,C03669,P00894,ST040,2026-11-21 05:12:00,6,12465.27,0.10,UPI
S0068967,C02666,P00288,ST017,2027-04-25 00:20:00,7,8330.78,0.00,CARD
S0068968,C02659,P00427,ST011,2027-05-14 22:00:00,4,7760.69,0.00,NET_BANKING
S0068969,C01431,P00510,ST032,2027-01-30 22:03:00,3,8953.00,0.10,NET_BANKING
S0068970,C00717,P00617,ST023,2027-02-02 08:08:00,7,11028.99,0.10,COD
S0068971,C02583,P00467,ST024,2027-01-26 01:24:00,4,8776.36,0.05,NET_BANKING
S0068972,C05704,P00107,ST019,2027-01-10 03:06:00,6,7220.47,0.10,NET_BANKING
S0068973,C03025,P00955,ST008,2027-05-13 13:07:00,2,5719.71,0.10,WALLET
S0068974,C03892,P00725,ST050,2027-04-01 08:45:00,7,5516.84,0.10,COD
S0068975,C00496,P00137,ST043,2027-03-17 04:08:00,4,9416.73,0.00,UPI
S0068976,C01628,P00447,ST048,2027-05-02 20:32:00,4,13780.12,0.10,NET_BANKING
S0068977,C02927,P00163,ST017,2027-05-23 23:20:00,7,2045.70,0.05,COD
S0068978,C05566,P00406,ST046,2027-04-21 23:14:00,1,1162.78,0.05,WALLET
S0068979,C00522,P00238,ST021,2027-02-19 09:44:00,5,2175.91,0.00,COD
S0068980,C02265,P00851,ST049,2027-05-13 06:01:00,2,10520.35,0.15,COD
S0068981,C03953,P01172,ST003,2027-04-08 06:35:00,2,1159.50,0.15,UPI
S0068982,C04885,P00825,ST020,2027-05-12 19:47:00,1,4481.95,0.10,WALLET
S0068983,C01104,P00016,ST047,2026-11-03 03:30:00,7,9646.46,0.05,CARD
S0068984,C05979,P00724,ST001,2027-04-06 18:16:00,8,842.59,0.00,CARD
S0068985,C02999,P00322,ST027,2027-03-14 14:25:00,3,7023.69,0.00,WALLET
S0068986,C03657,P00483,ST026,2026-10-18 15:08:00,2,7759.25,0.05,UPI
S0068987,C01056,P00158,ST008,2027-01-16 00:24:00,7,3652.82,0.00,UPI
S0068988,C03402,P01192,ST012,2027-03-01 23:42:00,2,4053.57,0.05,UPI
S0068989,C04621,P01180,ST020,2027-05-15 05:45:00,1,1935.15,0.10,CARD
S0068990,C00275,P00515,ST043,2026-11-29 20:06:00,8,6743.70,0.10,UPI
S0068991,C00330,P00986,ST013,2027-06-01 02:45:00,3,6941.31,0.05,COD
S0068992,C03496,P00717,ST027,2027-01-21 00:28:00,2,679.75,0.05,CARD
S0068993,C05290,P00281,ST005,2026-09-23 03:37:00,1,12950.39,0.00,CARD
S0068994,C03356,P00410,ST006,2026-09-29 11:07:00,8,12139.70,0.00,CARD
S0068995,C01624,P00181,ST026,2026-11-17 13:24:00,8,9255.83,0.00,COD
S0068996,C05765,P00827,ST029,2027-05-25 01:43:00,7,14075.22,0.00,COD
S0068997,C02043,P00640,ST018,2026-10-24 10:39:00,4,9013.79,0.10,WALLET
S0068998,C05804,P00948,ST050,2027-04-04 16:55:00,6,7783.05,0.00,COD
S0068999,C05231,P00689,ST045,2027-03-13 09:02:00,1,1747.51,0.00,WALLET
S0069000,C05895,P01025,ST012,2027-03-13 18:06:00,1,2018.56,0.00,COD
S0069001,C00148,P00972,ST016,2027-05-19 12:22:00,3,11724.34,0.05,UPI
S0069002,C04547,P00387,ST024,2027-04-07 11:09:00,6,9454.62,0.05,CARD
S0069003,C00622,P01043,ST025,2026-11-07 09:29:00,3,4760.43,0.05,COD
S0069004,C00174,P00832,ST010,2027-04-27 11:49:00,6,12604.04,0.05,NET_BANKING
S0069005,C00106,P00439,ST036,2027-02-28 01:48:00,5,11875.56,0.15,UPI
S0069006,C01261,P01104,ST008,2027-02-14 18:52:00,5,4678.01,0.10,NET_BANKING
S0069007,C00902,P00788,ST022,2027-03-18 18:47:00,2,14058.06,0.05,WALLET
S0069008,C00742,P00557,ST030,2027-02-28 05:10:00,1,9429.31,0.05,NET_BANKING
S0069009,C04732,P00635,ST022,2027-04-26 00:05:00,7,7089.77,0.10,UPI
S0069010,C01202,P00723,ST020,2026-09-18 22:10:00,5,11150.41,0.00,UPI
S0069011,C01475,P00737,ST013,2027-03-12 00:27:00,5,69.58,0.10,CARD
S0069012,C01973,P00919,ST004,2027-03-23 06:14:00,2,8906.88,0.10,CARD
S0069013,C01613,P00201,ST003,2027-05-12 18:50:00,1,7729.31,0.05,WALLET
S0069014,C00219,P00353,ST033,2027-03-19 06:41:00,3,10161.42,0.00,COD
S0069015,C03834,P00182,ST003,2026-09-27 11:08:00,6,11258.08,0.10,WALLET
S0069016,C02156,P00458,ST033,2026-11-18 15:09:00,2,9495.95,0.05,CARD
S0069017,C00211,P00176,ST010,2026-11-03 22:28:00,1,10058.14,0.00,COD
S0069018,C03948,P00441,ST019,2027-02-02 18:20:00,8,10328.32,0.00,WALLET
S0069019,C05562,P00847,ST026,2027-03-15 01:21:00,3,11650.44,0.05,UPI
S0069020,C04041,P00502,ST030,2027-01-15 07:48:00,3,5017.69,0.15,NET_BANKING
S0069021,C02601,P00392,ST047,2027-05-03 18:11:00,5,1926.43,0.10,NET_BANKING
S0069022,C03098,P00886,ST028,2027-04-18 13:20:00,1,2075.82,0.05,WALLET
S0069023,C05651,P00080,ST003,2027-03-26 02:52:00,7,4990.71,0.00,COD
S0069024,C00286,P00589,ST024,2027-02-25 15:10:00,2,4410.37,0.00,NET_BANKING
S0069025,C03825,P00080,ST025,2027-06-01 19:13:00,8,4990.71,0.00,COD
S0069026,C04569,P00136,ST048,2027-01-11 16:57:00,5,2339.70,0.10,NET_BANKING
S0069027,C00640,P00162,ST027,2027-02-20 00:33:00,3,12288.78,0.10,WALLET
S0069028,C04333,P00932,ST036,2027-05-03 20:50:00,6,10233.75,0.15,COD
S0069029,C02651,P00888,ST021,2026-12-19 23:29:00,3,2165.37,0.00,UPI
S0069030,C00338,P00760,ST024,2026-10-10 19:47:00,5,13523.24,0.10,CARD
S0069031,C01302,P00604,ST007,2026-12-06 08:15:00,8,3876.20,0.00,COD
S0069032,C02880,P00163,ST024,2026-12-01 22:46:00,8,2045.70,0.00,COD
S0069033,C04184,P00377,ST050,2026-12-03 07:10:00,6,7573.41,0.00,UPI
S0069034,C00163,P00076,ST023,2027-03-21 22:33:00,6,2643.86,0.15,COD
S0069035,C00186,P00755,ST015,2027-02-18 02:44:00,6,13881.05,0.10,COD
S0069036,C04204,P00415,ST022,2026-12-25 18:25:00,3,3287.41,0.00,UPI
S0069037,C05417,P00938,ST001,2026-12-19 04:54:00,2,9016.69,0.00,UPI
S0069038,C04506,P00810,ST034,2027-01-23 09:29:00,8,5274.62,0.00,UPI
S0069039,C05944,P00348,ST037,2027-05-29 19:58:00,5,6541.94,0.15,NET_BANKING
S0069040,C01741,P00200,ST003,2026-12-11 07:58:00,6,12660.04,0.00,UPI
S0069041,C04260,P00071,ST025,2026-11-26 15:01:00,3,11038.49,0.00,CARD
S0069042,C03413,P00649,ST047,2027-02-28 10:06:00,4,9552.52,0.15,CARD
S0069043,C01291,P00588,ST048,2026-11-29 07:31:00,1,12949.54,0.10,COD
S0069044,C04442,P00716,ST003,2026-12-21 14:41:00,6,3403.75,0.00,COD
S0069045,C01565,P00442,ST024,2026-12-06 07:48:00,3,12602.76,0.00,WALLET
S0069046,C02351,P00709,ST018,2027-02-27 19:51:00,3,14344.98,0.00,WALLET
S0069047,C05323,P00334,ST048,2026-10-03 22:07:00,8,10056.18,0.05,COD
S0069048,C05612,P00864,ST033,2026-12-30 15:23:00,5,934.40,0.00,NET_BANKING
S0069049,C05155,P00359,ST033,2026-09-21 00:28:00,5,6112.49,0.00,NET_BANKING
S0069050,C05584,P00432,ST006,2026-12-02 05:03:00,3,578.01,0.10,UPI
S0069051,C01178,P00473,ST033,2026-10-06 07:57:00,2,671.21,0.00,NET_BANKING
S0069052,C00197,P00121,ST042,2026-11-17 18:12:00,1,612.71,0.00,UPI
S0069053,C04347,P00186,ST013,2026-09-28 12:30:00,4,5509.22,0.00,CARD
S0069054,C01375,P00031,ST011,2027-01-03 23:33:00,4,13784.17,0.00,UPI
S0069055,C03942,P00102,ST020,2027-05-25 16:41:00,3,8070.99,0.00,COD
S0069056,C03112,P00341,ST023,2026-12-04 06:39:00,8,12040.98,0.00,COD
S0069057,C05976,P01028,ST043,2027-02-07 15:11:00,6,1911.53,0.10,CARD
S0069058,C03683,P00104,ST040,2026-09-25 04:13:00,6,5175.58,0.05,UPI
S0069059,C01852,P00765,ST031,2026-11-07 08:50:00,2,9252.17,0.00,CARD
S0069060,C01965,P01162,ST047,2026-09-16 07:53:00,1,3297.24,0.15,WALLET
S0069061,C02798,P00644,ST045,2026-12-31 22:40:00,5,8264.91,0.05,CARD
S0069062,C04730,P00653,ST041,2026-12-21 19:34:00,8,13600.13,0.00,COD
S0069063,C05580,P00988,ST011,2026-09-17 00:27:00,2,6169.02,0.10,CARD
S0069064,C05130,P00683,ST048,2027-04-04 00:27:00,1,6906.08,0.00,NET_BANKING
S0069065,C04389,P00953,ST014,2027-02-12 16:22:00,7,11654.98,0.00,COD
S0069066,C00730,P00161,ST032,2027-04-07 21:51:00,4,3469.31,0.10,UPI
S0069067,C02659,P00414,ST049,2026-10-17 10:05:00,5,11326.94,0.05,COD
S0069068,C01091,P00910,ST043,2027-05-27 22:49:00,7,1660.00,0.00,CARD
S0069069,C04217,P00971,ST039,2026-12-07 11:08:00,4,9483.16,0.05,UPI
S0069070,C00014,P00208,ST022,2026-12-25 13:51:00,4,9299.51,0.00,COD
S0069071,C03080,P00240,ST012,2026-10-01 17:16:00,5,9582.36,0.10,WALLET
S0069072,C03146,P00571,ST008,2027-05-08 03:06:00,8,4671.20,0.00,COD
S0069073,C00198,P00322,ST038,2027-04-12 17:24:00,6,7023.69,0.05,WALLET
S0069074,C04841,P01078,ST041,2027-05-29 23:56:00,3,1264.26,0.00,UPI
S0069075,C04872,P01090,ST031,2026-11-11 18:06:00,6,2145.44,0.00,CARD
S0069076,C01729,P00758,ST048,2027-05-02 21:23:00,4,8501.92,0.00,WALLET
S0069077,C03477,P00058,ST005,2027-05-01 23:18:00,6,1589.53,0.00,CARD
S0069078,C02577,P00511,ST049,2026-09-27 10:27:00,2,1704.19,0.00,CARD
S0069079,C02026,P00642,ST042,2027-01-21 20:28:00,8,4616.48,0.00,UPI
S0069080,C05791,P00269,ST034,2027-04-14 21:49:00,2,1436.31,0.00,WALLET
S0069081,C00518,P00390,ST038,2027-05-12 00:43:00,7,5645.91,0.00,UPI
S0069082,C00677,P00080,ST024,2026-12-14 05:05:00,4,4990.71,0.00,CARD
S0069083,C04479,P00777,ST006,2026-11-28 09:38:00,4,7574.57,0.15,NET_BANKING
S0069084,C03098,P00145,ST041,2027-04-04 15:05:00,7,10011.24,0.15,COD
S0069085,C04749,P00662,ST008,2026-09-24 08:41:00,2,6965.19,0.00,WALLET
S0069086,C03400,P00437,ST034,2026-12-01 18:48:00,3,9854.53,0.00,CARD
S0069087,C05431,P00641,ST035,2026-12-09 15:10:00,7,6765.73,0.05,NET_BANKING
S0069088,C03915,P00388,ST010,2027-03-12 09:05:00,5,6375.35,0.00,CARD
S0069089,C00227,P00050,ST020,2026-09-29 21:34:00,3,930.35,0.05,CARD
S0069090,C04853,P00733,ST005,2026-12-10 08:55:00,6,7733.54,0.05,UPI
S0069091,C00357,P00120,ST037,2027-01-14 06:08:00,3,2796.10,0.00,COD
S0069092,C03720,P00342,ST016,2026-11-04 05:46:00,4,2514.86,0.10,UPI
S0069093,C00610,P00302,ST015,2026-11-13 10:36:00,3,146.60,0.00,CARD
S0069094,C01971,P00218,ST050,2026-11-04 12:30:00,6,7857.30,0.05,CARD
S0069095,C00847,P00133,ST028,2027-01-26 23:32:00,2,12379.20,0.00,WALLET
S0069096,C01956,P00513,ST005,2026-12-03 04:25:00,5,2594.81,0.00,UPI
S0069097,C02158,P00710,ST037,2026-10-03 05:11:00,1,3147.74,0.00,COD
S0069098,C04822,P00338,ST043,2027-05-30 02:51:00,2,9729.31,0.00,COD
S0069099,C04594,P00173,ST013,2026-10-02 00:12:00,2,2556.28,0.05,CARD
S0069100,C04502,P00931,ST003,2027-02-21 03:26:00,3,10365.83,0.00,CARD
S0069101,C02820,P00676,ST007,2026-10-04 18:06:00,3,13208.41,0.10,COD
S0069102,C05964,P00148,ST005,2026-10-02 16:35:00,8,4636.94,0.15,NET_BANKING
S0069103,C00432,P00722,ST038,2027-01-02 13:27:00,2,2303.35,0.00,WALLET
S0069104,C03468,P00040,ST027,2026-11-26 10:00:00,5,1501.66,0.05,CARD
S0069105,C00356,P00858,ST027,2026-11-08 08:49:00,7,2715.82,0.15,CARD
S0069106,C04149,P00704,ST024,2026-09-18 21:25:00,8,3700.74,0.15,NET_BANKING
S0069107,C03452,P00350,ST010,2027-04-30 07:25:00,4,12905.92,0.10,UPI
S0069108,C05499,P00814,ST031,2027-01-15 19:24:00,7,1576.96,0.10,WALLET
S0069109,C02761,P00566,ST022,2027-01-29 10:21:00,1,9094.95,0.05,COD
S0069110,C01970,P00665,ST003,2027-05-22 14:38:00,4,13897.47,0.00,UPI
S0069111,C04003,P00563,ST014,2027-01-12 21:45:00,3,2736.29,0.00,NET_BANKING
S0069112,C05982,P00066,ST009,2026-11-14 09:17:00,5,13989.36,0.05,COD
S0069113,C02497,P00601,ST011,2026-10-24 21:14:00,4,9389.35,0.00,CARD
S0069114,C02303,P00111,ST007,2026-09-29 15:56:00,1,7353.74,0.00,UPI
S0069115,C02940,P00899,ST049,2026-11-08 05:03:00,3,12008.75,0.15,WALLET
S0069116,C03330,P00462,ST019,2027-02-07 18:55:00,4,3972.80,0.05,WALLET
S0069117,C05802,P00233,ST032,2027-01-30 11:08:00,5,5834.21,0.05,COD
S0069118,C03733,P00134,ST032,2026-09-15 13:46:00,2,9455.44,0.10,NET_BANKING
S0069119,C00698,P00512,ST014,2027-02-03 12:01:00,5,11395.40,0.15,NET_BANKING
S0069120,C03882,P00058,ST047,2027-02-11 14:37:00,3,1589.53,0.00,UPI
S0069121,C02512,P00924,ST022,2027-05-10 09:58:00,8,2977.90,0.00,CARD
S0069122,C01276,P00575,ST025,2026-11-09 01:59:00,2,10494.08,0.00,NET_BANKING
S0069123,C03243,P00758,ST007,2026-11-20 19:50:00,4,8501.92,0.00,WALLET
S0069124,C00459,P00706,ST048,2026-12-19 13:37:00,3,2797.24,0.15,CARD
S0069125,C04916,P00200,ST010,2026-11-20 11:52:00,2,12660.04,0.15,WALLET
S0069126,C03170,P00963,ST007,2026-10-14 15:02:00,3,9496.66,0.15,WALLET
S0069127,C03776,P01149,ST017,2027-02-20 22:22:00,6,3795.34,0.15,UPI
S0069128,C04070,P01032,ST044,2027-02-27 09:33:00,7,2746.86,0.15,NET_BANKING
S0069129,C02762,P00063,ST033,2026-10-08 10:47:00,6,9510.65,0.15,CARD
S0069130,C01511,P00458,ST047,2027-05-28 13:28:00,6,9495.95,0.15,WALLET
S0069131,C05305,P00461,ST049,2026-09-23 19:26:00,6,9906.46,0.15,UPI
S0069132,C04857,P01024,ST039,2026-11-19 20:56:00,6,4597.97,0.00,CARD
S0069133,C02584,P00627,ST023,2027-03-08 23:32:00,4,12769.96,0.00,UPI
S0069134,C03693,P01185,ST050,2027-01-31 06:56:00,8,2945.64,0.00,UPI
S0069135,C05987,P01067,ST037,2027-02-06 12:49:00,6,4889.69,0.15,COD
S0069136,C00845,P00690,ST035,2027-02-03 02:07:00,6,4018.76,0.10,COD
S0069137,C02229,P00959,ST018,2027-01-30 03:32:00,8,9477.36,0.10,NET_BANKING
S0069138,C01514,P00862,ST004,2027-01-19 04:29:00,5,12635.93,0.10,COD
S0069139,C04862,P01051,ST021,2026-11-24 02:21:00,4,551.77,0.00,UPI
S0069140,C01081,P01153,ST013,2027-03-25 02:24:00,1,3552.73,0.10,NET_BANKING
S0069141,C01250,P00802,ST041,2027-01-06 10:42:00,7,4433.25,0.00,COD
S0069142,C04243,P00883,ST032,2027-02-11 13:39:00,1,9173.36,0.10,CARD
S0069143,C04619,P00148,ST001,2027-05-26 07:18:00,6,4636.94,0.00,CARD
S0069144,C04502,P00244,ST012,2027-05-25 16:06:00,5,12653.48,0.15,NET_BANKING
S0069145,C00072,P00581,ST022,2026-09-26 07:32:00,5,5203.27,0.00,WALLET
S0069146,C02541,P00419,ST040,2026-11-24 17:51:00,6,11021.19,0.00,WALLET
S0069147,C04207,P01073,ST013,2027-03-18 11:02:00,4,4723.82,0.00,UPI
S0069148,C02822,P00444,ST031,2027-04-20 00:24:00,5,910.78,0.05,COD
S0069149,C00405,P00031,ST045,2027-03-12 20:39:00,7,13784.17,0.15,COD
S0069150,C01913,P00403,ST033,2026-12-25 00:47:00,4,6512.03,0.15,WALLET
S0069151,C01433,P00333,ST010,2027-05-25 10:52:00,4,1647.52,0.00,COD
S0069152,C04199,P00790,ST010,2027-03-16 04:39:00,1,14518.69,0.15,WALLET
S0069153,C00756,P01096,ST033,2027-05-14 23:19:00,7,1492.52,0.05,CARD
S0069154,C02098,P00307,ST015,2027-02-10 08:31:00,5,13759.94,0.15,WALLET
S0069155,C04940,P00591,ST050,2027-02-24 20:44:00,4,11159.58,0.10,UPI
S0069156,C05311,P01155,ST036,2026-09-16 08:02:00,3,4382.32,0.00,CARD
S0069157,C04338,P00540,ST038,2026-11-24 01:16:00,8,8768.71,0.00,CARD
S0069158,C05293,P01125,ST038,2026-10-11 09:29:00,4,3879.91,0.15,WALLET
S0069159,C02183,P00039,ST015,2026-10-30 12:19:00,5,11380.58,0.00,WALLET
S0069160,C00666,P00927,ST007,2027-05-13 17:15:00,4,9200.17,0.05,NET_BANKING
S0069161,C00912,P00893,ST019,2027-02-16 10:21:00,3,11968.39,0.15,NET_BANKING
S0069162,C00737,P00987,ST020,2027-05-30 02:28:00,5,8796.88,0.05,UPI
S0069163,C01811,P00988,ST005,2026-11-15 15:27:00,8,6169.02,0.15,CARD
S0069164,C00094,P01034,ST014,2027-02-08 21:09:00,6,2966.81,0.00,COD
S0069165,C01201,P01171,ST019,2026-11-04 08:04:00,8,3518.51,0.05,CARD
S0069166,C01284,P00842,ST017,2027-05-30 03:30:00,8,12208.32,0.10,CARD
S0069167,C02938,P00348,ST046,2027-02-01 22:59:00,8,6541.94,0.05,WALLET
S0069168,C02460,P00338,ST036,2027-03-01 19:27:00,1,9729.31,0.00,CARD
S0069169,C01317,P00948,ST034,2026-11-19 14:00:00,7,7783.05,0.00,WALLET
S0069170,C03522,P00384,ST013,2027-05-08 10:53:00,7,2659.04,0.05,WALLET
S0069171,C03711,P00085,ST016,2026-09-19 10:59:00,3,14386.77,0.15,UPI
S0069172,C01971,P00059,ST045,2026-10-08 19:35:00,5,14733.93,0.00,NET_BANKING
S0069173,C05678,P00627,ST006,2027-04-19 03:27:00,3,12769.96,0.00,NET_BANKING
S0069174,C04824,P00606,ST013,2027-03-31 14:34:00,5,2062.87,0.00,WALLET
S0069175,C01699,P00612,ST043,2027-01-25 19:05:00,5,12611.50,0.15,COD
S0069176,C02971,P00810,ST017,2026-12-15 16:34:00,6,5274.62,0.15,WALLET
S0069177,C00080,P01176,ST049,2027-03-02 11:55:00,3,3234.81,0.15,WALLET
S0069178,C00009,P00689,ST017,2026-10-31 00:45:00,7,1747.51,0.15,CARD
S0069179,C01122,P00632,ST004,2027-02-15 03:08:00,6,6057.90,0.10,NET_BANKING
S0069180,C03240,P01045,ST004,2027-04-30 03:20:00,5,2112.84,0.05,WALLET
S0069181,C05143,P00854,ST018,2027-04-28 07:03:00,8,6348.82,0.15,WALLET
S0069182,C00977,P00333,ST036,2027-04-25 06:20:00,2,1647.52,0.15,UPI
S0069183,C02262,P00152,ST049,2026-12-18 01:28:00,3,5290.05,0.05,CARD
S0069184,C04776,P00097,ST023,2027-03-30 00:23:00,3,9879.74,0.00,CARD
S0069185,C00377,P00080,ST043,2027-01-29 04:06:00,4,4990.71,0.00,WALLET
S0069186,C04176,P01113,ST030,2026-09-21 02:57:00,6,3904.55,0.00,NET_BANKING
S0069187,C00916,P00365,ST015,2026-12-08 20:21:00,4,14402.02,0.00,NET_BANKING
S0069188,C05205,P00878,ST032,2027-01-24 21:51:00,6,13136.21,0.00,NET_BANKING
S0069189,C02592,P00937,ST047,2027-04-27 10:11:00,2,2930.83,0.00,COD
S0069190,C04122,P00987,ST026,2026-10-09 04:21:00,2,8796.88,0.05,NET_BANKING
S0069191,C03431,P00362,ST003,2026-12-26 21:24:00,1,9461.46,0.15,NET_BANKING
S0069192,C02162,P01017,ST030,2026-12-03 11:04:00,1,4917.16,0.00,COD
S0069193,C04702,P00975,ST005,2027-03-09 08:23:00,6,14210.52,0.00,WALLET
S0069194,C04056,P01193,ST034,2027-03-17 18:54:00,2,2798.96,0.05,CARD
S0069195,C05865,P00519,ST044,2027-02-26 07:32:00,8,3550.37,0.00,COD
S0069196,C02550,P00192,ST050,2026-11-22 17:41:00,8,1641.73,0.00,CARD
S0069197,C00981,P00252,ST019,2026-11-14 01:58:00,2,10612.68,0.00,COD
S0069198,C01626,P00656,ST013,2026-10-07 17:58:00,6,5514.15,0.05,WALLET
S0069199,C01564,P00979,ST023,2027-03-28 14:40:00,5,5063.99,0.05,COD
S0069200,C03571,P00835,ST050,2027-01-27 16:08:00,6,14703.43,0.05,COD
S0069201,C04088,P00069,ST050,2027-02-09 00:12:00,5,2410.61,0.00,CARD
S0069202,C01615,P00999,ST006,2027-05-14 08:18:00,2,6110.48,0.00,UPI
S0069203,C00595,P01121,ST047,2026-09-24 17:13:00,2,4116.57,0.15,CARD
S0069204,C04842,P01007,ST020,2026-11-26 07:42:00,5,680.79,0.00,WALLET
S0069205,C02004,P00984,ST008,2027-02-18 20:22:00,2,7532.32,0.00,UPI
S0069206,C05583,P00009,ST039,2026-10-31 11:44:00,4,14426.84,0.00,COD
S0069207,C04323,P00630,ST001,2026-09-24 08:36:00,3,12265.22,0.00,UPI
S0069208,C03633,P00624,ST025,2026-12-08 19:56:00,5,10459.90,0.05,COD
S0069209,C02126,P00876,ST031,2026-11-17 15:24:00,1,13453.44,0.00,NET_BANKING
S0069210,C01261,P00197,ST004,2027-01-09 09:20:00,8,14262.88,0.00,NET_BANKING
S0069211,C01279,P00196,ST028,2026-11-25 10:32:00,5,10921.34,0.05,COD
S0069212,C01227,P00815,ST002,2027-05-14 02:21:00,6,9553.20,0.10,UPI
S0069213,C03201,P00101,ST011,2027-04-02 21:03:00,5,8045.20,0.05,COD
S0069214,C01591,P00814,ST019,2026-10-10 22:48:00,5,1576.96,0.00,CARD
S0069215,C05333,P00634,ST031,2026-10-02 14:16:00,5,13541.02,0.00,CARD
S0069216,C05028,P00525,ST018,2026-09-20 08:47:00,2,10778.97,0.05,WALLET
S0069217,C00036,P00176,ST001,2027-02-24 21:05:00,5,10058.14,0.10,UPI
S0069218,C00353,P00657,ST030,2026-10-02 06:09:00,7,5978.63,0.00,WALLET
S0069219,C02255,P01107,ST013,2026-12-29 13:10:00,6,2724.42,0.10,NET_BANKING
S0069220,C04435,P00412,ST030,2027-04-02 19:25:00,3,14467.07,0.05,CARD
S0069221,C01264,P00396,ST036,2026-12-23 05:36:00,3,1114.54,0.15,COD
S0069222,C05274,P00339,ST022,2026-09-27 02:18:00,1,2464.80,0.00,UPI
S0069223,C00495,P00672,ST017,2027-04-17 05:47:00,5,7478.34,0.00,COD
S0069224,C00337,P00129,ST030,2026-12-26 02:35:00,1,5652.18,0.05,CARD
S0069225,C01902,P00545,ST021,2027-02-22 10:21:00,3,2928.27,0.15,UPI
S0069226,C02779,P00359,ST044,2027-02-03 13:41:00,2,6112.49,0.05,UPI
S0069227,C03512,P00156,ST039,2026-11-30 19:28:00,5,12020.51,0.10,COD
S0069228,C03222,P00182,ST038,2027-01-19 02:05:00,5,11258.08,0.10,CARD
S0069229,C02599,P00830,ST013,2027-01-03 13:31:00,6,8076.01,0.05,WALLET
S0069230,C04525,P00904,ST040,2026-12-16 04:54:00,3,437.50,0.00,WALLET
S0069231,C04115,P00309,ST040,2027-06-02 00:42:00,5,9944.41,0.00,COD
S0069232,C03271,P00091,ST022,2026-10-11 11:00:00,4,11974.70,0.05,COD
S0069233,C04747,P01112,ST022,2027-01-01 15:18:00,3,714.37,0.10,UPI
S0069234,C05962,P00471,ST048,2027-03-07 03:49:00,8,8186.09,0.10,UPI
S0069235,C04626,P00958,ST021,2027-02-05 07:05:00,5,6025.05,0.00,CARD
S0069236,C01897,P00702,ST012,2027-05-24 02:16:00,3,10861.46,0.00,WALLET
S0069237,C01069,P00710,ST045,2027-01-03 12:24:00,7,3147.74,0.10,CARD
S0069238,C01722,P00931,ST040,2026-12-02 04:25:00,5,10365.83,0.10,NET_BANKING
S0069239,C00438,P00419,ST046,2027-01-03 15:03:00,3,11021.19,0.00,COD
S0069240,C01403,P00725,ST027,2027-02-28 16:49:00,5,5516.84,0.05,UPI
S0069241,C02356,P00308,ST048,2027-02-03 14:17:00,4,8424.73,0.10,WALLET
S0069242,C00572,P00719,ST013,2026-10-30 14:17:00,3,6837.75,0.05,NET_BANKING
S0069243,C05785,P01179,ST002,2027-02-05 19:25:00,1,3050.49,0.00,WALLET
S0069244,C01685,P00249,ST017,2027-05-09 16:13:00,3,10604.98,0.10,WALLET
S0069245,C03002,P01199,ST011,2026-12-14 01:03:00,8,4052.02,0.10,CARD
S0069246,C01538,P01088,ST023,2026-12-06 01:27:00,5,2921.15,0.00,WALLET
S0069247,C04955,P01069,ST027,2027-02-12 15:50:00,8,391.45,0.10,COD
S0069248,C04286,P00519,ST029,2027-01-22 11:57:00,6,3550.37,0.05,WALLET
S0069249,C00481,P00263,ST025,2026-10-16 19:03:00,6,12638.42,0.00,WALLET
S0069250,C00790,P01188,ST017,2027-05-20 09:35:00,5,2167.80,0.15,COD
S0069251,C01147,P00083,ST019,2027-02-01 07:53:00,1,6669.82,0.00,CARD
S0069252,C03994,P00969,ST001,2027-02-04 14:29:00,3,3154.51,0.00,NET_BANKING
S0069253,C03206,P00293,ST032,2026-10-15 14:57:00,8,8511.68,0.00,UPI
S0069254,C00074,P00396,ST032,2026-10-08 13:49:00,6,1114.54,0.00,COD
S0069255,C05661,P00876,ST021,2026-10-03 14:51:00,5,13453.44,0.00,UPI
S0069256,C05796,P00801,ST033,2026-10-29 07:51:00,6,6852.19,0.05,WALLET
S0069257,C05240,P00984,ST018,2027-01-21 00:38:00,4,7532.32,0.00,WALLET
S0069258,C03540,P01146,ST024,2027-04-02 06:53:00,4,517.92,0.05,UPI
S0069259,C00688,P01145,ST044,2027-03-06 04:43:00,6,1849.35,0.00,WALLET
S0069260,C02964,P01117,ST023,2027-05-22 19:20:00,7,2487.73,0.00,CARD
S0069261,C04532,P00472,ST030,2027-05-06 08:38:00,1,13031.18,0.00,COD
S0069262,C02949,P00797,ST030,2026-10-31 03:27:00,2,13199.71,0.15,CARD
S0069263,C00007,P00258,ST003,2027-01-01 17:08:00,4,9537.16,0.10,NET_BANKING
S0069264,C05497,P00343,ST013,2026-11-02 19:48:00,1,4575.42,0.15,NET_BANKING
S0069265,C02031,P01109,ST024,2026-10-29 20:38:00,1,2726.69,0.15,WALLET
S0069266,C01697,P00659,ST005,2027-01-21 15:06:00,5,3678.56,0.15,NET_BANKING
S0069267,C02552,P00339,ST018,2026-10-15 15:37:00,1,2464.80,0.05,NET_BANKING
S0069268,C04499,P00568,ST034,2027-05-04 13:07:00,1,11436.07,0.00,CARD
S0069269,C01801,P00594,ST047,2027-02-24 07:49:00,3,10755.95,0.15,UPI
S0069270,C05224,P00983,ST030,2027-01-05 06:23:00,5,14539.34,0.10,CARD
S0069271,C03802,P00808,ST002,2026-12-25 04:57:00,1,2340.21,0.15,CARD
S0069272,C05824,P00557,ST026,2027-05-17 01:06:00,4,9429.31,0.00,NET_BANKING
S0069273,C04763,P00106,ST029,2027-04-17 13:28:00,3,14238.90,0.15,CARD
S0069274,C00753,P00271,ST007,2027-01-15 05:02:00,6,11702.78,0.15,COD
S0069275,C05261,P00054,ST043,2027-03-25 03:30:00,2,6510.78,0.15,NET_BANKING
S0069276,C01536,P00320,ST028,2026-11-13 10:30:00,5,7970.92,0.15,COD
S0069277,C02004,P01146,ST041,2027-02-11 04:19:00,7,408.79,0.00,WALLET
S0069278,C02300,P00411,ST033,2026-10-21 04:23:00,4,13165.10,0.15,CARD
S0069279,C01840,P00851,ST044,2027-04-09 22:53:00,7,10520.35,0.00,CARD
S0069280,C02141,P00841,ST023,2027-04-03 23:07:00,8,8077.31,0.05,UPI
S0069281,C02607,P00068,ST006,2026-12-16 23:01:00,4,2033.40,0.15,CARD
S0069282,C00381,P00927,ST003,2027-02-07 10:18:00,5,9200.17,0.00,UPI
S0069283,C04931,P00036,ST016,2027-04-01 18:07:00,2,9317.16,0.05,CARD
S0069284,C02627,P00053,ST038,2027-05-20 07:00:00,1,4727.29,0.00,NET_BANKING
S0069285,C03985,P00951,ST010,2026-09-18 13:45:00,1,6661.86,0.00,UPI
S0069286,C04923,P00577,ST013,2027-04-29 14:50:00,5,286.38,0.00,COD
S0069287,C01978,P00521,ST004,2027-03-11 17:04:00,2,6093.07,0.00,COD
S0069288,C00348,P00260,ST026,2027-02-21 20:27:00,6,11471.26,0.00,WALLET
S0069289,C00994,P00999,ST006,2026-10-12 13:49:00,2,6110.48,0.00,COD
S0069290,C01476,P00735,ST021,2027-04-29 16:06:00,7,7714.11,0.00,UPI
S0069291,C03062,P00073,ST032,2026-10-28 07:34:00,2,13519.47,0.15,WALLET
S0069292,C05777,P00201,ST021,2027-01-20 05:57:00,7,7729.31,0.05,WALLET
S0069293,C04730,P00133,ST050,2027-05-09 04:45:00,6,12379.20,0.00,WALLET
S0069294,C02428,P00166,ST016,2026-11-28 13:59:00,3,8032.81,0.00,CARD
S0069295,C03371,P00096,ST004,2027-03-02 04:47:00,7,891.62,0.00,CARD
S0069296,C04568,P01087,ST039,2026-10-20 17:56:00,7,2493.53,0.05,WALLET
S0069297,C05785,P00712,ST016,2027-03-21 03:43:00,8,2775.71,0.10,WALLET
S0069298,C00786,P00062,ST034,2027-04-17 10:04:00,5,6290.18,0.10,WALLET
S0069299,C05851,P00974,ST032,2027-01-12 11:30:00,2,2875.19,0.05,NET_BANKING
S0069300,C01979,P00014,ST039,2026-09-29 06:29:00,2,9230.95,0.05,WALLET
S0069301,C01284,P00742,ST003,2027-01-31 05:24:00,4,7019.87,0.05,CARD
S0069302,C04936,P01107,ST045,2027-01-21 12:24:00,8,2041.97,0.15,COD
S0069303,C02885,P00140,ST011,2027-04-25 05:47:00,1,343.17,0.15,COD
S0069304,C05734,P00369,ST004,2027-04-26 16:23:00,3,2410.82,0.15,NET_BANKING
S0069305,C01844,P00763,ST008,2026-11-17 11:53:00,6,4853.30,0.10,UPI
S0069306,C02032,P00675,ST038,2026-12-16 05:37:00,5,10065.36,0.10,CARD
S0069307,C04704,P00186,ST041,2027-04-21 02:42:00,6,5509.22,0.00,WALLET
S0069308,C02950,P00332,ST016,2026-12-30 18:33:00,5,9532.30,0.15,UPI
S0069309,C03080,P00148,ST024,2027-05-30 02:30:00,6,4636.94,0.10,WALLET
S0069310,C00001,P00817,ST024,2027-02-23 22:28:00,8,11269.31,0.05,COD
S0069311,C04173,P00307,ST036,2027-02-18 12:55:00,8,13759.94,0.00,WALLET
S0069312,C01217,P00433,ST047,2026-10-12 16:52:00,8,6296.95,0.00,COD
S0069313,C02056,P00595,ST002,2027-04-24 12:30:00,8,6648.58,0.00,WALLET
S0069314,C02204,P00762,ST018,2026-10-23 03:03:00,8,9970.99,0.05,NET_BANKING
S0069315,C00754,P01055,ST018,2027-03-04 13:57:00,5,1267.98,0.00,WALLET
S0069316,C02996,P00974,ST044,2027-01-14 09:18:00,5,2875.19,0.00,UPI
S0069317,C04145,P00997,ST030,2027-04-04 07:13:00,2,2288.79,0.00,CARD
S0069318,C04245,P00538,ST016,2026-10-27 20:47:00,8,12711.98,0.00,WALLET
S0069319,C05911,P00457,ST022,2027-04-06 10:49:00,6,2393.60,0.00,WALLET
S0069320,C00590,P00915,ST009,2026-11-16 02:31:00,7,12880.95,0.00,COD
S0069321,C04970,P00233,ST003,2027-05-06 08:19:00,5,5834.21,0.15,WALLET
S0069322,C01619,P00330,ST036,2027-02-09 02:40:00,1,3475.34,0.15,WALLET
S0069323,C01883,P00550,ST030,2027-04-09 21:10:00,1,1961.46,0.10,CARD
S0069324,C00729,P00357,ST032,2027-02-16 20:47:00,5,4341.85,0.00,WALLET
S0069325,C02570,P00561,ST032,2026-12-05 04:26:00,4,4145.03,0.15,UPI
S0069326,C04259,P01162,ST032,2027-05-21 18:40:00,4,1293.78,0.15,CARD
S0069327,C00900,P00022,ST012,2027-01-10 02:04:00,7,4659.49,0.00,UPI
S0069328,C01948,P00855,ST013,2026-10-06 09:15:00,4,3531.06,0.15,UPI
S0069329,C05350,P00436,ST025,2026-12-22 03:39:00,8,14953.84,0.05,WALLET
S0069330,C05664,P00384,ST025,2027-04-03 02:29:00,6,2659.04,0.10,UPI
S0069331,C04927,P00339,ST034,2027-05-06 00:30:00,2,2464.80,0.10,WALLET
S0069332,C01866,P00390,ST025,2026-12-26 17:21:00,6,5645.91,0.00,NET_BANKING
S0069333,C03922,P00756,ST045,2027-01-13 10:31:00,3,7470.61,0.15,COD
S0069334,C03184,P00893,ST019,2027-01-11 02:06:00,2,11968.39,0.00,NET_BANKING
S0069335,C00381,P00912,ST048,2026-12-01 20:46:00,8,12258.78,0.10,UPI
S0069336,C02503,P00102,ST015,2026-10-17 02:43:00,1,8070.99,0.10,WALLET
S0069337,C00638,P00980,ST035,2027-03-26 18:58:00,8,8929.07,0.05,CARD
S0069338,C01043,P00383,ST002,2026-10-04 20:17:00,5,4193.79,0.15,CARD
S0069339,C01282,P00751,ST005,2026-11-23 00:54:00,4,4310.47,0.15,UPI
S0069340,C01778,P00164,ST030,2027-03-27 04:19:00,4,6049.30,0.00,CARD
S0069341,C03029,P00185,ST012,2026-12-28 17:33:00,1,5998.13,0.05,COD
S0069342,C05523,P00489,ST039,2026-12-04 21:54:00,2,12272.05,0.00,CARD
S0069343,C05457,P00418,ST018,2027-02-12 08:05:00,2,7868.89,0.10,UPI
S0069344,C00548,P01094,ST035,2027-01-19 04:24:00,3,715.95,0.10,CARD
S0069345,C02301,P00798,ST024,2026-09-25 01:33:00,6,2788.26,0.05,WALLET
S0069346,C03506,P00307,ST038,2027-05-10 17:36:00,3,13759.94,0.15,COD
S0069347,C03643,P00796,ST014,2026-11-18 21:58:00,1,7252.60,0.05,NET_BANKING
S0069348,C05233,P00639,ST013,2027-05-23 03:43:00,3,5321.74,0.10,UPI
S0069349,C04736,P00009,ST007,2026-10-21 20:50:00,7,14426.84,0.15,COD
S0069350,C00228,P00391,ST044,2027-04-03 12:34:00,4,3490.76,0.10,COD
S0069351,C05893,P00589,ST044,2027-03-20 13:35:00,3,4410.37,0.00,NET_BANKING
S0069352,C01840,P00655,ST007,2027-03-22 02:05:00,5,8138.00,0.10,CARD
S0069353,C03864,P01118,ST029,2026-12-12 15:17:00,2,3450.09,0.00,WALLET
S0069354,C03210,P00191,ST020,2027-02-22 19:19:00,2,11697.40,0.00,COD
S0069355,C03604,P00669,ST025,2026-11-08 18:05:00,6,14324.33,0.05,CARD
S0069356,C01085,P01136,ST002,2027-03-08 18:08:00,3,4324.75,0.00,UPI
S0069357,C03984,P01043,ST044,2027-05-19 21:18:00,7,840.66,0.10,COD
S0069358,C03220,P01138,ST017,2026-09-21 09:04:00,3,883.53,0.05,CARD
S0069359,C05135,P01185,ST021,2026-09-21 14:24:00,5,1358.71,0.00,UPI
S0069360,C00857,P00205,ST048,2027-04-25 14:54:00,3,2535.39,0.00,COD
S0069361,C04239,P01138,ST008,2026-09-24 03:25:00,5,400.89,0.00,UPI
S0069362,C04699,P00869,ST010,2026-10-23 01:59:00,6,5521.33,0.10,NET_BANKING
S0069363,C01518,P00298,ST038,2026-11-26 04:37:00,6,14106.08,0.00,WALLET
S0069364,C05091,P01105,ST046,2027-04-29 20:00:00,2,1207.38,0.00,UPI
S0069365,C00019,P00496,ST019,2026-11-12 12:59:00,8,3469.95,0.00,NET_BANKING
S0069366,C04763,P00977,ST002,2027-01-14 14:24:00,1,12203.63,0.10,CARD
S0069367,C02570,P01124,ST013,2027-01-19 04:00:00,1,2591.57,0.00,WALLET
S0069368,C04666,P00837,ST008,2026-11-22 03:34:00,3,11678.05,0.10,WALLET
S0069369,C02227,P01092,ST009,2027-04-01 02:07:00,1,3394.85,0.05,COD
S0069370,C05175,P00486,ST019,2027-03-02 22:24:00,2,10044.32,0.15,NET_BANKING
S0069371,C01640,P01099,ST002,2027-02-04 21:26:00,7,1015.38,0.10,WALLET
S0069372,C00070,P01016,ST004,2027-05-05 15:32:00,2,3033.01,0.10,CARD
S0069373,C04304,P00032,ST012,2026-09-29 01:31:00,8,2163.25,0.15,WALLET
S0069374,C03234,P01171,ST030,2026-09-29 09:10:00,7,1795.95,0.15,CARD
S0069375,C05680,P01056,ST003,2027-04-18 03:06:00,3,2603.02,0.00,COD
S0069376,C05016,P01190,ST040,2027-03-10 21:32:00,8,739.81,0.05,WALLET
S0069377,C00531,P00870,ST023,2027-02-13 13:32:00,6,12131.34,0.10,COD
S0069378,C01917,P01085,ST014,2026-12-30 05:33:00,1,3039.27,0.00,WALLET
S0069379,C03265,P00911,ST047,2026-10-28 02:42:00,1,10076.98,0.00,WALLET
S0069380,C02483,P00675,ST001,2026-11-05 01:23:00,7,10065.36,0.00,NET_BANKING
S0069381,C02855,P00399,ST021,2026-11-19 03:28:00,5,12674.98,0.15,COD
S0069382,C03419,P00584,ST002,2026-10-14 04:59:00,6,1058.35,0.00,UPI
S0069383,C03401,P00528,ST034,2027-02-25 00:43:00,1,12190.45,0.15,COD
S0069384,C05304,P01188,ST050,2027-03-30 11:04:00,7,3597.23,0.15,COD
S0069385,C05852,P00569,ST020,2027-04-03 07:08:00,2,11413.80,0.00,UPI
S0069386,C00410,P00153,ST035,2026-11-12 00:47:00,1,5456.59,0.10,WALLET
S0069387,C01911,P00121,ST045,2026-09-17 02:18:00,7,612.71,0.15,CARD
S0069388,C00175,P00533,ST032,2027-02-28 16:58:00,3,13218.50,0.00,NET_BANKING
S0069389,C02827,P00730,ST042,2027-02-26 12:52:00,6,3796.60,0.00,NET_BANKING
S0069390,C05560,P00816,ST014,2027-04-06 17:36:00,8,12563.10,0.15,CARD
S0069391,C04315,P00506,ST001,2027-05-07 13:16:00,4,4110.78,0.00,UPI
S0069392,C02011,P00380,ST028,2027-05-26 11:45:00,7,10594.68,0.00,UPI
S0069393,C01450,P00201,ST020,2026-11-28 11:14:00,3,7729.31,0.00,NET_BANKING
S0069394,C05947,P01131,ST043,2026-12-04 16:43:00,7,1785.01,0.10,UPI
S0069395,C01756,P00383,ST029,2027-02-17 04:04:00,8,4193.79,0.05,COD
S0069396,C05330,P00954,ST031,2026-10-22 15:16:00,4,8183.55,0.00,COD
S0069397,C03065,P00831,ST010,2026-12-27 11:39:00,6,4958.66,0.10,CARD
S0069398,C04505,P00244,ST044,2027-02-08 18:47:00,3,12653.48,0.00,COD
S0069399,C03178,P00699,ST029,2027-05-23 06:03:00,1,14544.40,0.00,CARD
S0069400,C01033,P00854,ST028,2027-04-18 20:09:00,5,6348.82,0.00,UPI
S0069401,C05197,P00170,ST028,2026-10-11 17:20:00,2,4556.11,0.00,UPI
S0069402,C03036,P01136,ST035,2027-02-11 11:20:00,2,3316.64,0.05,CARD
S0069403,C04589,P00251,ST036,2026-10-12 19:54:00,2,1347.37,0.10,COD
S0069404,C02758,P01017,ST030,2026-09-23 03:55:00,6,814.73,0.00,UPI
S0069405,C01451,P00258,ST023,2027-05-11 18:47:00,7,9537.16,0.00,CARD
S0069406,C01822,P00769,ST031,2027-02-18 07:47:00,6,14064.61,0.15,WALLET
S0069407,C02604,P00943,ST044,2027-03-30 01:03:00,3,12935.87,0.10,CARD
S0069408,C02103,P00082,ST046,2027-04-17 21:36:00,1,3347.34,0.00,COD
S0069409,C00918,P00075,ST018,2026-12-30 06:00:00,3,288.24,0.15,NET_BANKING
S0069410,C02813,P00236,ST007,2027-03-06 15:35:00,3,10256.02,0.05,COD
S0069411,C04521,P01078,ST038,2027-05-21 17:14:00,7,2711.14,0.00,CARD
S0069412,C05541,P00505,ST032,2026-09-21 23:27:00,7,13158.37,0.00,COD
S0069413,C04303,P00787,ST042,2026-10-14 07:55:00,3,12290.08,0.00,COD
S0069414,C01864,P00557,ST019,2027-04-27 12:51:00,8,9429.31,0.00,CARD
S0069415,C03655,P00620,ST025,2026-10-09 23:58:00,8,1987.43,0.00,CARD
S0069416,C04777,P00421,ST044,2027-02-21 18:48:00,4,9929.53,0.05,CARD
S0069417,C05898,P00247,ST020,2027-03-15 16:36:00,6,3627.73,0.10,UPI
S0069418,C04633,P00573,ST014,2026-11-04 09:28:00,7,7520.25,0.15,WALLET
S0069419,C04249,P00615,ST041,2026-09-25 23:10:00,3,5873.54,0.15,COD
S0069420,C04452,P01148,ST049,2027-05-11 01:23:00,1,3214.31,0.00,CARD
S0069421,C04879,P00862,ST013,2026-09-21 19:43:00,1,12635.93,0.00,NET_BANKING
S0069422,C00449,P00007,ST031,2027-05-01 11:55:00,7,8987.92,0.00,COD
S0069423,C00290,P01084,ST017,2027-05-09 01:17:00,8,3026.09,0.10,CARD
S0069424,C04082,P00191,ST020,2026-11-19 18:51:00,5,11697.40,0.05,UPI
S0069425,C02579,P00294,ST041,2026-12-11 11:13:00,1,9198.98,0.05,UPI
S0069426,C03195,P00561,ST010,2027-04-21 03:38:00,2,4145.03,0.00,COD
S0069427,C02631,P00214,ST042,2027-03-31 08:06:00,1,8311.62,0.05,WALLET
S0069428,C03077,P00966,ST024,2027-05-04 12:30:00,8,14692.30,0.05,WALLET
S0069429,C04771,P00574,ST002,2026-11-28 02:59:00,4,8927.79,0.15,COD
S0069430,C03127,P00480,ST026,2027-05-24 17:01:00,1,2188.07,0.00,COD
S0069431,C00295,P00156,ST004,2027-02-25 12:32:00,7,12020.51,0.10,UPI
S0069432,C04734,P00748,ST013,2027-04-01 11:45:00,2,7740.82,0.10,WALLET
S0069433,C03980,P00688,ST049,2027-05-11 16:30:00,4,14801.08,0.00,CARD
S0069434,C02580,P00021,ST034,2026-11-04 12:19:00,5,1548.00,0.00,UPI
S0069435,C01477,P01143,ST002,2027-02-17 10:09:00,8,3846.39,0.05,UPI
S0069436,C00754,P00070,ST003,2027-03-22 21:36:00,1,13697.39,0.00,CARD
S0069437,C03134,P00781,ST018,2027-05-10 00:46:00,2,8887.88,0.15,UPI
S0069438,C02039,P00652,ST016,2026-11-22 18:05:00,7,7213.51,0.00,COD
S0069439,C00967,P00137,ST006,2026-12-16 23:11:00,8,9416.73,0.00,WALLET
S0069440,C03739,P00734,ST013,2026-12-09 00:41:00,2,2368.19,0.00,CARD
S0069441,C02366,P00325,ST003,2026-10-19 23:44:00,3,878.26,0.15,UPI
S0069442,C05403,P00310,ST049,2026-11-03 13:18:00,7,7286.34,0.15,CARD
S0069443,C01195,P00574,ST017,2026-11-27 04:33:00,2,8927.79,0.00,UPI
S0069444,C01400,P01102,ST027,2027-04-06 11:17:00,1,3987.49,0.00,COD
S0069445,C00712,P00679,ST036,2027-02-04 07:17:00,1,10688.41,0.15,CARD
S0069446,C01314,P00212,ST020,2027-02-17 12:29:00,2,13581.02,0.05,COD
S0069447,C05570,P00691,ST031,2026-10-07 23:29:00,8,11997.97,0.15,UPI
S0069448,C02745,P00675,ST045,2027-03-05 20:43:00,5,10065.36,0.05,NET_BANKING
S0069449,C01312,P00079,ST050,2027-04-18 21:32:00,3,398.24,0.00,WALLET
S0069450,C02035,P00031,ST035,2027-03-31 15:23:00,1,13784.17,0.10,WALLET
S0069451,C00172,P00746,ST047,2026-10-27 20:46:00,4,8367.69,0.00,UPI
S0069452,C01444,P00990,ST015,2027-01-25 09:08:00,4,1411.89,0.05,NET_BANKING
S0069453,C03552,P00253,ST025,2026-11-06 01:40:00,2,12129.99,0.15,COD
S0069454,C05550,P00914,ST018,2026-11-12 02:49:00,1,14608.30,0.00,WALLET
S0069455,C02675,P00144,ST005,2026-09-21 16:06:00,1,9162.18,0.10,NET_BANKING
S0069456,C03063,P00374,ST016,2027-01-02 01:35:00,7,688.46,0.10,UPI
S0069457,C04592,P00829,ST002,2026-11-17 10:36:00,5,5882.19,0.00,WALLET
S0069458,C03075,P00548,ST023,2027-01-24 16:38:00,3,11468.53,0.05,WALLET
S0069459,C05967,P00456,ST010,2026-10-27 02:14:00,8,2960.04,0.05,UPI
S0069460,C02494,P00656,ST029,2027-05-22 02:48:00,3,5514.15,0.15,NET_BANKING
S0069461,C01428,P00327,ST024,2026-11-19 07:35:00,2,7639.94,0.10,WALLET
S0069462,C00027,P00273,ST002,2026-10-31 02:28:00,6,1657.16,0.00,CARD
S0069463,C01306,P00676,ST045,2027-06-01 13:56:00,4,13208.41,0.10,NET_BANKING
S0069464,C01391,P00309,ST001,2026-11-19 05:21:00,2,9944.41,0.10,WALLET
S0069465,C01407,P01065,ST039,2026-10-22 16:57:00,7,3350.20,0.10,NET_BANKING
S0069466,C01599,P01128,ST033,2027-05-07 17:57:00,5,2770.94,0.05,NET_BANKING
S0069467,C02924,P00184,ST017,2027-03-19 19:19:00,1,8980.87,0.00,UPI
S0069468,C04837,P00297,ST047,2026-10-05 17:17:00,8,10745.27,0.05,NET_BANKING
S0069469,C04377,P00348,ST030,2026-09-29 11:14:00,7,6541.94,0.10,WALLET
S0069470,C02363,P00788,ST029,2026-11-17 07:15:00,4,14058.06,0.00,NET_BANKING
S0069471,C01570,P00548,ST025,2027-03-25 20:13:00,4,11468.53,0.00,CARD
S0069472,C00638,P01076,ST024,2026-12-23 10:31:00,5,1068.23,0.00,UPI
S0069473,C02448,P00441,ST024,2027-04-11 18:27:00,2,10328.32,0.10,NET_BANKING
S0069474,C05342,P00186,ST017,2027-05-03 00:18:00,6,5509.22,0.10,WALLET
S0069475,C04910,P00646,ST038,2027-02-21 12:34:00,6,1788.47,0.05,UPI
S0069476,C05524,P00557,ST039,2027-05-09 12:37:00,2,9429.31,0.15,CARD
S0069477,C03979,P00908,ST025,2027-03-30 08:44:00,8,10685.50,0.00,WALLET
S0069478,C03704,P00547,ST019,2026-12-24 13:38:00,1,68.05,0.10,NET_BANKING
S0069479,C03414,P00142,ST025,2027-02-23 01:38:00,4,3934.33,0.00,WALLET
S0069480,C05627,P00193,ST033,2027-05-09 21:26:00,3,754.57,0.10,NET_BANKING
S0069481,C01110,P01028,ST016,2027-04-25 20:52:00,5,702.68,0.15,WALLET
S0069482,C04520,P00814,ST017,2027-05-06 06:01:00,6,1576.96,0.00,UPI
S0069483,C00763,P00899,ST008,2027-05-02 14:09:00,8,12008.75,0.00,WALLET
S0069484,C01724,P00138,ST036,2026-11-16 21:41:00,3,11081.05,0.10,CARD
S0069485,C00875,P00235,ST040,2026-12-06 04:21:00,1,5077.58,0.00,COD
S0069486,C05944,P00186,ST027,2027-05-19 06:23:00,1,5509.22,0.00,UPI
S0069487,C00585,P00299,ST016,2027-01-27 11:48:00,2,4344.66,0.00,CARD
S0069488,C05102,P00391,ST027,2026-12-16 09:23:00,3,3490.76,0.15,WALLET
S0069489,C02510,P01059,ST005,2027-05-28 17:09:00,2,1524.28,0.00,WALLET
S0069490,C01561,P01116,ST006,2027-05-12 18:13:00,2,3875.04,0.00,UPI
S0069491,C02130,P00616,ST017,2027-04-18 09:56:00,5,114.05,0.15,WALLET
S0069492,C02423,P00793,ST030,2027-04-21 23:12:00,5,9165.88,0.00,WALLET
S0069493,C03867,P01195,ST020,2027-04-02 03:53:00,4,1035.88,0.05,UPI
S0069494,C03745,P00778,ST015,2026-11-05 06:03:00,5,5364.50,0.00,COD
S0069495,C00843,P01052,ST043,2026-11-06 20:04:00,6,4505.55,0.05,NET_BANKING
S0069496,C02945,P01170,ST024,2027-05-11 03:03:00,6,4098.77,0.00,NET_BANKING
S0069497,C03806,P00699,ST003,2027-05-11 09:31:00,5,14544.40,0.00,UPI
S0069498,C05250,P00594,ST009,2027-02-22 19:12:00,5,10755.95,0.05,COD
S0069499,C00460,P00457,ST045,2026-11-13 07:12:00,2,2393.60,0.00,NET_BANKING
S0069500,C03305,P00913,ST040,2026-11-17 09:27:00,2,11417.61,0.10,CARD
S0069501,C01025,P00446,ST017,2026-11-06 07:23:00,4,14903.24,0.00,COD
S0069502,C04054,P01101,ST042,2027-02-10 02:18:00,2,2990.73,0.00,CARD
S0069503,C00103,P00667,ST045,2027-01-20 21:46:00,4,14053.41,0.15,NET_BANKING
S0069504,C02532,P00906,ST034,2027-02-05 17:14:00,2,12896.50,0.00,COD
S0069505,C04476,P00194,ST029,2027-03-30 05:17:00,2,4680.85,0.15,CARD
S0069506,C00693,P01192,ST015,2027-05-23 05:31:00,8,113.16,0.10,WALLET
S0069507,C02403,P00670,ST013,2026-11-03 05:12:00,2,12195.01,0.15,WALLET
S0069508,C04558,P01104,ST041,2027-04-28 02:02:00,4,2967.28,0.05,UPI
S0069509,C01220,P00745,ST047,2027-02-05 09:03:00,6,11887.46,0.00,CARD
S0069510,C00594,P01033,ST017,2026-10-20 04:25:00,1,3017.31,0.15,WALLET
S0069511,C05630,P00500,ST030,2026-10-21 10:57:00,8,13885.62,0.15,NET_BANKING
S0069512,C00755,P00586,ST044,2026-12-24 22:01:00,3,3287.74,0.15,NET_BANKING
S0069513,C05255,P00982,ST016,2026-12-10 15:25:00,5,1313.93,0.05,CARD
S0069514,C04672,P01124,ST016,2026-11-27 10:42:00,8,583.50,0.00,UPI
S0069515,C04311,P00986,ST048,2026-12-14 00:14:00,4,6941.31,0.05,CARD
S0069516,C04875,P00455,ST001,2027-03-27 19:10:00,8,11331.19,0.00,WALLET
S0069517,C04600,P00090,ST026,2026-12-29 14:16:00,6,1862.74,0.10,WALLET
S0069518,C00209,P01004,ST042,2027-04-18 20:23:00,5,1768.33,0.00,UPI
S0069519,C03877,P00627,ST033,2027-03-20 12:38:00,8,12769.96,0.00,CARD
S0069520,C01991,P00356,ST003,2027-01-17 19:23:00,4,6310.49,0.00,UPI
S0069521,C02654,P00196,ST048,2027-05-02 17:29:00,1,10921.34,0.00,COD
S0069522,C03945,P00169,ST023,2027-04-19 23:31:00,2,11639.94,0.00,WALLET
S0069523,C01068,P00312,ST030,2026-12-08 07:18:00,7,5466.28,0.15,WALLET
S0069524,C05268,P00359,ST015,2027-02-12 03:16:00,5,6112.49,0.00,UPI
S0069525,C05897,P00920,ST028,2027-02-15 20:35:00,4,13420.77,0.15,UPI
S0069526,C03366,P00201,ST027,2027-03-02 09:01:00,8,7729.31,0.00,UPI
S0069527,C03433,P00307,ST042,2026-10-23 08:40:00,2,13759.94,0.00,CARD
S0069528,C04754,P01076,ST044,2027-04-19 23:08:00,3,3511.91,0.00,NET_BANKING
S0069529,C01004,P00754,ST002,2027-01-12 10:46:00,6,4946.47,0.00,CARD
S0069530,C02047,P00937,ST036,2026-10-23 13:09:00,5,2930.83,0.10,WALLET
S0069531,C03979,P00831,ST043,2026-12-08 01:50:00,5,4958.66,0.05,UPI
S0069532,C05130,P00078,ST012,2027-04-16 01:05:00,1,6017.13,0.00,NET_BANKING
S0069533,C02939,P00277,ST047,2027-01-11 07:29:00,5,4475.85,0.00,NET_BANKING
S0069534,C04184,P00581,ST038,2027-05-11 01:44:00,1,5203.27,0.10,COD
S0069535,C05854,P00008,ST047,2027-01-31 05:05:00,4,1347.12,0.00,NET_BANKING
S0069536,C01243,P00142,ST028,2027-02-10 04:27:00,3,3934.33,0.10,CARD
S0069537,C02344,P00203,ST031,2026-12-10 11:58:00,7,1071.23,0.00,UPI
S0069538,C05848,P00358,ST012,2026-12-16 07:21:00,1,7269.79,0.10,NET_BANKING
S0069539,C01913,P00659,ST008,2026-12-29 16:29:00,3,3678.56,0.05,COD
S0069540,C05748,P00040,ST030,2027-01-24 12:17:00,3,1501.66,0.00,UPI
S0069541,C05088,P00893,ST013,2027-04-04 01:40:00,6,11968.39,0.10,WALLET
S0069542,C00977,P00390,ST003,2027-02-23 15:28:00,8,5645.91,0.15,UPI
S0069543,C00131,P00812,ST014,2027-02-19 00:52:00,6,13449.06,0.15,NET_BANKING
S0069544,C04933,P00259,ST031,2027-02-05 20:42:00,5,5808.51,0.15,COD
S0069545,C05644,P00592,ST024,2027-03-17 02:12:00,1,3828.55,0.05,UPI
S0069546,C02509,P00469,ST028,2026-10-29 01:15:00,7,12189.67,0.10,COD
S0069547,C03662,P00664,ST020,2026-10-25 23:04:00,7,2596.83,0.10,COD
S0069548,C00845,P00869,ST012,2027-04-10 02:53:00,5,5521.33,0.00,NET_BANKING
S0069549,C02997,P01084,ST007,2026-12-10 17:23:00,5,4738.77,0.15,WALLET
S0069550,C04553,P00839,ST021,2027-05-12 23:33:00,1,14909.42,0.15,COD
S0069551,C03348,P00674,ST023,2026-11-26 09:48:00,6,12623.07,0.00,UPI
S0069552,C05033,P00989,ST010,2027-02-09 11:31:00,4,6367.31,0.00,NET_BANKING
S0069553,C03139,P00505,ST023,2026-12-20 23:23:00,7,13158.37,0.00,WALLET
S0069554,C02724,P01144,ST023,2026-12-04 14:37:00,8,4803.82,0.05,CARD
S0069555,C02472,P00230,ST043,2026-10-31 13:05:00,5,9832.40,0.05,WALLET
S0069556,C05878,P00456,ST045,2027-01-22 20:40:00,2,2960.04,0.00,CARD
S0069557,C02369,P01038,ST014,2026-12-27 16:24:00,5,1958.79,0.15,NET_BANKING
S0069558,C01597,P00950,ST035,2027-04-21 06:25:00,4,3458.38,0.00,UPI
S0069559,C04794,P00206,ST004,2026-11-25 03:35:00,6,12086.30,0.05,CARD
S0069560,C02815,P00155,ST002,2027-05-31 18:17:00,1,7087.72,0.10,UPI
S0069561,C04119,P00472,ST019,2027-04-20 09:18:00,5,13031.18,0.05,UPI
S0069562,C03454,P00030,ST042,2027-05-16 23:04:00,5,7478.66,0.05,COD
S0069563,C05056,P00712,ST039,2027-02-03 22:28:00,2,2775.71,0.00,UPI
S0069564,C02064,P00485,ST009,2027-01-21 04:49:00,4,2390.76,0.15,NET_BANKING
S0069565,C05333,P00478,ST030,2026-09-22 07:24:00,4,1905.90,0.00,WALLET
S0069566,C01440,P00739,ST027,2027-01-08 07:38:00,3,5997.32,0.00,UPI
S0069567,C04611,P00043,ST011,2027-05-23 04:15:00,2,3923.78,0.00,COD
S0069568,C03519,P00339,ST049,2027-03-28 09:39:00,1,2464.80,0.05,UPI
S0069569,C01600,P00028,ST022,2026-10-15 02:43:00,7,9694.84,0.10,UPI
S0069570,C01325,P00239,ST032,2027-02-01 01:37:00,7,2668.52,0.00,UPI
S0069571,C00071,P00667,ST028,2027-03-06 20:14:00,1,14053.41,0.00,COD
S0069572,C00401,P01051,ST036,2027-03-21 01:14:00,6,622.46,0.05,UPI
S0069573,C01224,P00145,ST014,2026-12-05 09:40:00,4,10011.24,0.00,CARD
S0069574,C05004,P00835,ST028,2027-03-17 00:19:00,5,14703.43,0.10,COD
S0069575,C02234,P00998,ST013,2027-01-20 16:47:00,7,2576.28,0.10,UPI
S0069576,C01859,P00132,ST012,2026-11-30 23:25:00,5,661.50,0.00,NET_BANKING
S0069577,C03639,P00425,ST034,2027-03-12 21:22:00,4,14157.41,0.00,COD
S0069578,C01874,P00938,ST019,2027-01-04 09:04:00,2,9016.69,0.15,UPI
S0069579,C01027,P00349,ST010,2027-01-25 03:18:00,4,4491.15,0.00,NET_BANKING
S0069580,C01608,P00063,ST048,2027-03-15 02:33:00,7,9510.65,0.10,COD
S0069581,C05154,P00508,ST004,2026-12-25 07:08:00,7,14824.01,0.10,COD
S0069582,C00912,P01092,ST021,2027-01-25 12:25:00,4,3195.01,0.05,COD
S0069583,C00481,P00618,ST007,2027-01-22 12:51:00,4,9855.53,0.15,COD
S0069584,C03513,P00886,ST014,2027-05-05 01:14:00,7,2075.82,0.10,UPI
S0069585,C03180,P00342,ST024,2026-10-17 12:44:00,6,2514.86,0.00,WALLET
S0069586,C00581,P00596,ST004,2027-02-11 17:26:00,4,8194.29,0.00,NET_BANKING
S0069587,C03462,P00170,ST032,2027-04-03 01:15:00,1,4556.11,0.00,CARD
S0069588,C02733,P00764,ST020,2027-01-12 23:00:00,5,2546.62,0.00,NET_BANKING
S0069589,C00226,P00153,ST005,2026-11-13 09:51:00,5,5456.59,0.05,CARD
S0069590,C02752,P01071,ST050,2027-03-21 14:41:00,2,2570.19,0.00,UPI
S0069591,C04654,P01075,ST034,2027-04-10 05:40:00,1,1634.10,0.05,CARD
S0069592,C04508,P00747,ST050,2027-03-23 08:01:00,3,91.31,0.00,NET_BANKING
S0069593,C03162,P00126,ST021,2027-01-13 08:14:00,7,787.25,0.15,UPI
S0069594,C04427,P00334,ST048,2026-09-18 01:39:00,2,10056.18,0.00,NET_BANKING
S0069595,C03615,P00621,ST046,2026-10-29 07:33:00,7,12280.84,0.15,UPI
S0069596,C02926,P00586,ST044,2026-10-01 04:59:00,3,3287.74,0.10,UPI
S0069597,C01600,P00227,ST044,2027-04-27 21:19:00,8,7877.11,0.00,WALLET
S0069598,C01628,P00645,ST038,2026-10-20 18:46:00,2,11979.98,0.15,UPI
S0069599,C02247,P00477,ST027,2027-04-07 07:03:00,1,3992.23,0.05,COD
S0069600,C05246,P00496,ST005,2027-02-12 06:45:00,8,3469.95,0.15,COD
S0069601,C05011,P00514,ST039,2027-04-01 02:30:00,3,14174.96,0.15,COD
S0069602,C01307,P01175,ST017,2027-03-27 05:24:00,5,3645.08,0.05,UPI
S0069603,C05659,P00312,ST036,2026-12-06 17:18:00,7,5466.28,0.00,COD
S0069604,C04750,P00602,ST002,2027-05-23 19:57:00,8,10282.25,0.05,UPI
S0069605,C03247,P01144,ST003,2027-02-27 20:59:00,6,1007.88,0.00,CARD
S0069606,C01418,P00409,ST039,2026-11-18 04:08:00,8,2349.95,0.10,WALLET
S0069607,C03377,P00549,ST026,2027-03-03 00:17:00,4,8615.76,0.00,NET_BANKING
S0069608,C00492,P00268,ST005,2027-04-27 12:31:00,7,4586.89,0.00,WALLET
S0069609,C01940,P00867,ST038,2027-05-15 11:05:00,6,5370.01,0.00,NET_BANKING
S0069610,C04757,P00923,ST003,2026-09-23 12:13:00,5,12391.37,0.00,COD
S0069611,C03111,P00122,ST026,2027-01-04 23:57:00,3,9607.56,0.05,UPI
S0069612,C05653,P00288,ST014,2027-02-15 00:36:00,2,8330.78,0.00,WALLET
S0069613,C03106,P00353,ST015,2026-11-02 08:23:00,1,10161.42,0.00,COD
S0069614,C02035,P00007,ST042,2027-01-21 08:02:00,7,8987.92,0.00,COD
S0069615,C03691,P00233,ST034,2026-12-21 18:08:00,8,5834.21,0.05,NET_BANKING
S0069616,C03641,P01175,ST019,2026-10-12 12:21:00,8,3849.24,0.05,WALLET
S0069617,C05951,P01115,ST013,2027-01-17 10:23:00,1,3468.73,0.15,NET_BANKING
S0069618,C00914,P00926,ST048,2027-02-13 02:51:00,8,11337.89,0.00,COD
S0069619,C04368,P00046,ST018,2027-04-17 01:54:00,8,4750.20,0.00,NET_BANKING
S0069620,C00342,P00862,ST023,2027-01-09 21:48:00,8,12635.93,0.00,WALLET
S0069621,C01428,P00706,ST002,2027-03-14 22:25:00,1,2797.24,0.00,UPI
S0069622,C01662,P00790,ST025,2026-11-09 19:21:00,7,14518.69,0.05,COD
S0069623,C00976,P00517,ST018,2026-09-30 21:48:00,5,13887.99,0.05,UPI
S0069624,C05187,P01157,ST020,2027-05-10 08:04:00,3,3522.78,0.05,UPI
S0069625,C03765,P00899,ST041,2027-04-01 18:28:00,4,12008.75,0.00,CARD
S0069626,C05930,P00048,ST028,2026-10-21 05:35:00,2,5018.49,0.10,UPI
S0069627,C04520,P00448,ST034,2027-04-13 21:17:00,3,9484.91,0.05,COD
S0069628,C04667,P00905,ST009,2026-12-13 18:37:00,6,7562.39,0.00,NET_BANKING
S0069629,C05314,P00590,ST001,2026-09-26 19:57:00,5,265.48,0.15,NET_BANKING
S0069630,C05728,P00291,ST050,2026-12-24 02:11:00,6,3274.34,0.00,COD
S0069631,C05920,P00334,ST025,2027-03-13 15:31:00,7,10056.18,0.00,COD
S0069632,C02318,P00653,ST031,2027-01-07 06:03:00,5,13600.13,0.05,WALLET
S0069633,C05654,P00140,ST008,2027-01-23 12:41:00,4,343.17,0.15,UPI
S0069634,C04406,P00632,ST020,2027-05-30 00:11:00,7,6057.90,0.00,COD
S0069635,C05672,P00351,ST001,2027-03-11 11:40:00,8,9073.84,0.05,COD
S0069636,C03410,P01158,ST025,2027-02-21 10:49:00,6,715.13,0.00,WALLET
S0069637,C02979,P00752,ST015,2026-09-19 07:35:00,2,10993.54,0.15,UPI
S0069638,C01835,P00952,ST028,2027-01-11 09:13:00,2,7725.11,0.00,NET_BANKING
S0069639,C04522,P00189,ST032,2027-03-15 06:36:00,5,10563.30,0.00,COD
S0069640,C01449,P00674,ST029,2027-05-04 10:09:00,3,12623.07,0.15,COD
S0069641,C01220,P00097,ST042,2026-11-04 23:30:00,4,9879.74,0.00,COD
S0069642,C02777,P01190,ST021,2027-03-29 23:38:00,7,292.83,0.00,UPI
S0069643,C04380,P00752,ST024,2027-05-18 07:30:00,3,10993.54,0.00,WALLET
S0069644,C04336,P00419,ST026,2026-12-18 06:24:00,8,11021.19,0.00,CARD
S0069645,C05055,P00511,ST017,2027-01-11 10:18:00,3,1704.19,0.05,NET_BANKING
S0069646,C02866,P00821,ST011,2027-04-05 16:39:00,7,7398.56,0.00,UPI
S0069647,C02456,P00087,ST016,2026-11-07 17:10:00,5,2943.27,0.05,NET_BANKING
S0069648,C02562,P00588,ST033,2027-02-07 20:38:00,4,12949.54,0.00,COD
S0069649,C01323,P00930,ST048,2026-11-17 10:21:00,2,3721.19,0.15,WALLET
S0069650,C00255,P00967,ST008,2026-12-25 06:43:00,8,14531.68,0.00,WALLET
S0069651,C04570,P00301,ST020,2027-01-26 14:42:00,4,2542.44,0.05,COD
S0069652,C05578,P00298,ST008,2027-02-14 17:01:00,1,14106.08,0.00,WALLET
S0069653,C03454,P00355,ST047,2026-09-30 13:45:00,4,9628.58,0.15,CARD
S0069654,C03748,P00449,ST020,2027-01-18 03:29:00,4,4682.35,0.10,UPI
S0069655,C00814,P00796,ST025,2026-09-30 14:39:00,2,7252.60,0.05,UPI
S0069656,C03637,P01170,ST038,2027-04-20 12:23:00,5,4431.56,0.10,WALLET
S0069657,C05839,P00154,ST017,2027-02-13 14:36:00,1,3193.19,0.05,WALLET
S0069658,C00454,P01083,ST029,2026-10-20 17:08:00,4,1240.11,0.05,CARD
S0069659,C04930,P00927,ST037,2027-03-16 12:13:00,4,9200.17,0.00,CARD
S0069660,C05069,P00265,ST017,2027-02-09 17:11:00,7,11238.83,0.10,UPI
S0069661,C02654,P00227,ST013,2026-10-13 00:03:00,5,7877.11,0.05,NET_BANKING
S0069662,C05851,P00083,ST015,2027-01-02 11:37:00,6,6669.82,0.10,COD
S0069663,C04197,P00191,ST032,2027-01-08 09:51:00,2,11697.40,0.05,COD
S0069664,C01906,P00655,ST035,2026-12-16 16:52:00,3,8138.00,0.00,NET_BANKING
S0069665,C00912,P00647,ST049,2027-03-30 16:08:00,6,8946.93,0.05,CARD
S0069666,C02545,P01034,ST012,2026-11-22 16:14:00,7,707.02,0.00,CARD
S0069667,C04167,P01109,ST004,2027-02-02 05:02:00,5,3089.12,0.00,WALLET
S0069668,C04169,P00791,ST010,2027-01-20 05:57:00,8,5011.64,0.15,WALLET
S0069669,C02217,P00284,ST026,2027-01-19 00:24:00,2,7052.39,0.00,WALLET
S0069670,C01160,P00503,ST017,2026-10-09 00:40:00,4,5972.66,0.00,UPI
S0069671,C01782,P00202,ST031,2027-05-13 10:14:00,6,13459.06,0.00,UPI
S0069672,C01441,P00315,ST043,2026-09-22 18:56:00,3,8151.43,0.00,WALLET
S0069673,C03316,P00400,ST029,2027-04-01 13:04:00,4,11156.69,0.10,CARD
S0069674,C01582,P00068,ST019,2027-05-12 22:11:00,3,2033.40,0.05,COD
S0069675,C02693,P00669,ST029,2027-02-26 10:35:00,7,14324.33,0.00,NET_BANKING
S0069676,C02517,P01052,ST031,2027-03-27 21:46:00,5,950.34,0.15,UPI
S0069677,C01347,P00796,ST038,2027-03-27 05:48:00,6,7252.60,0.00,UPI
S0069678,C05414,P00709,ST032,2026-09-21 15:35:00,8,14344.98,0.00,WALLET
S0069679,C04342,P00300,ST032,2026-10-26 11:49:00,6,14429.61,0.05,COD
S0069680,C00936,P00295,ST050,2026-10-03 02:01:00,4,8088.40,0.15,WALLET
S0069681,C04606,P00952,ST008,2026-12-11 04:01:00,7,7725.11,0.15,NET_BANKING
S0069682,C03213,P00549,ST046,2027-03-17 23:44:00,2,8615.76,0.00,WALLET
S0069683,C03841,P00372,ST021,2027-05-28 19:05:00,5,8947.17,0.10,CARD
S0069684,C04334,P00855,ST008,2027-05-23 13:42:00,3,3531.06,0.15,UPI
S0069685,C00304,P00601,ST005,2027-02-23 20:40:00,2,9389.35,0.00,UPI
S0069686,C05489,P01018,ST014,2026-12-22 15:54:00,5,1974.46,0.05,NET_BANKING
S0069687,C02507,P00621,ST034,2027-03-18 11:27:00,1,12280.84,0.10,NET_BANKING
S0069688,C04078,P00441,ST020,2027-04-04 19:59:00,4,10328.32,0.05,UPI
S0069689,C03996,P00198,ST014,2027-02-03 14:59:00,7,11526.28,0.00,UPI
S0069690,C01442,P00719,ST017,2027-04-25 21:39:00,6,6837.75,0.00,NET_BANKING
S0069691,C02355,P00380,ST050,2027-04-06 17:55:00,7,10594.68,0.05,NET_BANKING
S0069692,C02260,P00626,ST005,2026-11-04 04:31:00,3,4597.20,0.00,COD
S0069693,C05243,P00481,ST039,2026-11-22 23:25:00,3,10052.76,0.00,COD
S0069694,C02931,P00553,ST021,2026-11-21 09:19:00,4,10883.36,0.10,COD
S0069695,C02435,P00857,ST001,2027-01-31 15:18:00,7,10083.38,0.10,COD
S0069696,C02416,P00530,ST028,2027-02-26 02:24:00,6,1909.30,0.05,COD
S0069697,C02165,P00773,ST016,2027-02-20 02:28:00,1,11513.99,0.00,COD
S0069698,C01748,P00956,ST017,2026-09-30 18:26:00,3,1818.03,0.10,NET_BANKING
S0069699,C00139,P00407,ST020,2026-11-01 09:15:00,2,6517.00,0.00,COD
S0069700,C02677,P01051,ST003,2027-02-16 03:13:00,5,392.09,0.00,UPI
S0069701,C05393,P00898,ST041,2026-12-06 17:39:00,7,1340.84,0.15,WALLET
S0069702,C03318,P00680,ST048,2027-01-06 05:13:00,6,6161.56,0.10,COD
S0069703,C05311,P00390,ST038,2027-01-09 20:06:00,8,5645.91,0.15,COD
S0069704,C04698,P00894,ST042,2027-03-09 05:44:00,3,12465.27,0.10,WALLET
S0069705,C04470,P01147,ST042,2026-10-28 12:45:00,8,4533.94,0.05,CARD
S0069706,C02853,P00095,ST038,2026-09-25 22:39:00,7,5408.19,0.00,CARD
S0069707,C00212,P00313,ST043,2027-03-02 22:00:00,5,7134.65,0.00,UPI
S0069708,C05627,P00766,ST001,2027-06-02 06:17:00,8,889.54,0.15,CARD
S0069709,C00628,P00871,ST035,2026-12-01 01:45:00,4,9556.52,0.15,NET_BANKING
S0069710,C03228,P01186,ST036,2027-05-20 01:43:00,5,4697.22,0.00,NET_BANKING
S0069711,C05244,P00980,ST002,2027-02-04 07:17:00,5,8929.07,0.05,UPI
S0069712,C01481,P00324,ST045,2026-10-01 11:38:00,4,2603.61,0.00,NET_BANKING
S0069713,C05716,P00316,ST011,2026-11-01 20:01:00,7,4896.51,0.00,WALLET
S0069714,C03756,P00426,ST023,2026-10-08 17:09:00,1,6898.62,0.10,NET_BANKING
S0069715,C05709,P00491,ST042,2026-11-18 02:55:00,5,4754.80,0.00,WALLET
S0069716,C01373,P01064,ST010,2026-10-18 22:55:00,8,3023.11,0.00,WALLET
S0069717,C01136,P00297,ST039,2027-04-25 02:31:00,6,10745.27,0.00,COD
S0069718,C03413,P00116,ST023,2026-11-27 09:36:00,6,6123.57,0.15,COD
S0069719,C05797,P00331,ST042,2026-12-20 10:09:00,2,9971.71,0.00,CARD
S0069720,C01369,P00921,ST022,2026-10-30 15:30:00,6,10747.60,0.15,COD
S0069721,C04814,P00241,ST047,2026-10-26 01:07:00,7,14291.38,0.15,CARD
S0069722,C05078,P00713,ST049,2027-02-05 07:04:00,5,3603.18,0.00,WALLET
S0069723,C03575,P00981,ST033,2027-01-19 22:46:00,3,5838.61,0.00,CARD
S0069724,C00926,P00108,ST025,2026-09-30 01:21:00,5,8643.88,0.00,NET_BANKING
S0069725,C04630,P00150,ST011,2027-05-14 03:22:00,2,10110.81,0.15,WALLET
S0069726,C05205,P00974,ST033,2027-04-16 19:55:00,3,2875.19,0.15,NET_BANKING
S0069727,C02504,P00428,ST048,2027-04-21 01:15:00,2,11541.27,0.10,COD
S0069728,C00909,P00700,ST016,2027-01-14 03:38:00,5,7501.36,0.00,WALLET
S0069729,C01465,P00714,ST021,2026-12-16 20:47:00,3,12834.77,0.00,WALLET
S0069730,C02251,P00998,ST050,2026-09-25 15:29:00,2,2576.28,0.15,WALLET
S0069731,C01971,P00578,ST007,2027-03-31 18:38:00,1,2566.07,0.00,NET_BANKING
S0069732,C03672,P00483,ST025,2026-12-23 17:44:00,4,7759.25,0.00,NET_BANKING
S0069733,C03101,P00568,ST004,2027-04-26 06:38:00,5,11436.07,0.15,COD
S0069734,C04460,P01124,ST032,2027-03-27 19:49:00,4,2166.49,0.15,UPI
S0069735,C02817,P00162,ST012,2027-01-26 21:46:00,7,12288.78,0.10,COD
S0069736,C02293,P00206,ST019,2026-11-24 09:00:00,4,12086.30,0.10,CARD
S0069737,C00870,P00478,ST033,2027-05-05 13:15:00,6,1905.90,0.00,UPI
S0069738,C04656,P00593,ST014,2026-10-11 20:02:00,3,3386.42,0.00,WALLET
S0069739,C02304,P01083,ST033,2027-04-12 09:15:00,1,1504.74,0.00,NET_BANKING
S0069740,C01592,P01113,ST014,2027-01-12 00:17:00,4,1276.24,0.00,CARD
S0069741,C03897,P00101,ST049,2026-11-08 18:51:00,7,8045.20,0.00,CARD
S0069742,C03042,P00510,ST030,2026-12-08 08:24:00,4,8953.00,0.10,NET_BANKING
S0069743,C05663,P00887,ST012,2027-01-08 06:37:00,7,6975.28,0.00,WALLET
S0069744,C03244,P00896,ST010,2026-11-22 12:47:00,7,9136.34,0.05,COD
S0069745,C03376,P00798,ST014,2027-02-25 18:12:00,7,2788.26,0.10,CARD
S0069746,C00856,P00114,ST007,2027-05-12 04:38:00,6,1848.49,0.05,UPI
S0069747,C04998,P00992,ST011,2027-04-06 08:34:00,3,9363.29,0.15,COD
S0069748,C03365,P00037,ST018,2027-05-03 12:11:00,6,11915.11,0.10,WALLET
S0069749,C01029,P00875,ST037,2026-12-07 05:11:00,5,9193.50,0.00,NET_BANKING
S0069750,C01218,P00440,ST009,2027-04-26 15:52:00,5,11929.30,0.10,CARD
S0069751,C01717,P01089,ST027,2027-05-04 16:41:00,2,1875.95,0.00,NET_BANKING
S0069752,C01337,P00002,ST022,2026-10-23 20:59:00,8,14309.77,0.05,NET_BANKING
S0069753,C02167,P00804,ST004,2027-03-19 08:52:00,7,13775.11,0.00,NET_BANKING
S0069754,C02243,P00581,ST044,2026-11-11 23:23:00,7,5203.27,0.15,NET_BANKING
S0069755,C01948,P00088,ST043,2027-01-25 13:17:00,8,8857.37,0.05,WALLET
S0069756,C04149,P00305,ST015,2027-01-29 21:49:00,7,8188.13,0.00,WALLET
S0069757,C01196,P00509,ST020,2027-02-28 05:17:00,2,6695.51,0.00,NET_BANKING
S0069758,C04495,P00817,ST023,2027-03-26 23:01:00,3,11269.31,0.00,WALLET
S0069759,C00730,P00880,ST007,2026-12-06 16:29:00,3,9958.92,0.05,UPI
S0069760,C00373,P00559,ST049,2026-12-04 18:23:00,7,9132.88,0.05,COD
S0069761,C01130,P00771,ST024,2027-01-25 15:04:00,2,9138.48,0.00,CARD
S0069762,C04955,P00935,ST023,2027-05-04 17:05:00,3,12673.48,0.05,COD
S0069763,C00496,P00597,ST037,2026-10-09 23:48:00,2,148.42,0.10,COD
S0069764,C00887,P00666,ST025,2026-11-09 10:51:00,3,12463.65,0.05,WALLET
S0069765,C04787,P00759,ST049,2026-09-28 14:09:00,6,2675.60,0.10,NET_BANKING
S0069766,C00454,P00969,ST027,2027-03-12 06:12:00,3,3154.51,0.10,CARD
S0069767,C00717,P00438,ST032,2027-04-24 16:34:00,7,2063.81,0.10,WALLET
S0069768,C04524,P00770,ST029,2027-03-23 03:44:00,3,6385.04,0.15,WALLET
S0069769,C01530,P00476,ST035,2026-11-04 10:12:00,7,10059.57,0.10,COD
S0069770,C04710,P00420,ST038,2027-03-16 05:42:00,1,13992.32,0.15,CARD
S0069771,C02725,P00491,ST044,2026-12-29 15:52:00,3,4754.80,0.15,NET_BANKING
S0069772,C05698,P00369,ST039,2027-02-11 22:06:00,7,2410.82,0.00,WALLET
S0069773,C01349,P01128,ST048,2027-05-14 19:38:00,3,2378.72,0.05,CARD
S0069774,C02419,P00541,ST050,2026-12-02 22:14:00,8,12514.58,0.10,COD
S0069775,C02878,P00869,ST009,2027-04-29 03:31:00,8,5521.33,0.10,NET_BANKING
S0069776,C02957,P00943,ST022,2026-12-27 03:23:00,5,12935.87,0.15,COD
S0069777,C03691,P00124,ST031,2027-03-24 02:59:00,7,9023.03,0.15,NET_BANKING
S0069778,C00501,P00122,ST040,2027-03-12 12:02:00,6,9607.56,0.15,COD
S0069779,C01210,P00466,ST043,2026-12-09 14:47:00,2,4444.00,0.10,UPI
S0069780,C01937,P00097,ST025,2027-03-01 08:40:00,1,9879.74,0.10,UPI
S0069781,C03990,P00579,ST047,2027-03-15 19:56:00,3,10886.45,0.10,NET_BANKING
S0069782,C02295,P00723,ST016,2026-10-28 23:09:00,3,11150.41,0.10,WALLET
S0069783,C03974,P00767,ST005,2027-05-23 18:53:00,4,11689.48,0.00,COD
S0069784,C00447,P01184,ST027,2027-04-03 07:33:00,4,3073.86,0.00,COD
S0069785,C01600,P00925,ST045,2027-04-10 19:19:00,7,9802.23,0.05,UPI
S0069786,C01443,P00708,ST049,2026-11-13 20:07:00,4,605.04,0.00,WALLET
S0069787,C03916,P00728,ST043,2026-11-19 01:37:00,4,2376.69,0.10,COD
S0069788,C03056,P00622,ST002,2027-05-14 14:44:00,8,6264.75,0.00,NET_BANKING
S0069789,C01952,P00529,ST031,2026-11-26 02:20:00,8,10534.37,0.05,COD
S0069790,C02449,P00185,ST042,2027-05-12 16:16:00,6,5998.13,0.15,CARD
S0069791,C03915,P00503,ST036,2026-12-14 15:51:00,5,5972.66,0.00,COD
S0069792,C02023,P00289,ST050,2027-03-28 23:07:00,6,535.61,0.00,WALLET
S0069793,C05366,P01191,ST024,2026-12-13 20:07:00,5,2902.70,0.00,CARD
S0069794,C04666,P00149,ST035,2027-01-26 23:22:00,5,6470.19,0.10,COD
S0069795,C05676,P00359,ST030,2027-04-12 13:05:00,1,6112.49,0.00,COD
S0069796,C05306,P00147,ST043,2026-11-22 06:47:00,7,8610.17,0.00,COD
S0069797,C01123,P00552,ST020,2026-11-05 09:01:00,4,14232.88,0.10,CARD
S0069798,C00769,P00221,ST036,2027-03-25 14:34:00,4,7251.17,0.05,NET_BANKING
S0069799,C00882,P00194,ST046,2026-11-10 19:00:00,4,4680.85,0.05,COD
S0069800,C05764,P00122,ST020,2027-05-07 16:46:00,4,9607.56,0.00,CARD
S0069801,C00510,P00681,ST021,2026-11-17 18:19:00,7,10247.66,0.15,WALLET
S0069802,C02676,P00210,ST024,2026-09-27 04:11:00,7,3260.81,0.05,NET_BANKING
S0069803,C00276,P00589,ST008,2026-11-17 06:18:00,8,4410.37,0.10,UPI
S0069804,C00474,P00988,ST046,2027-04-01 15:53:00,5,6169.02,0.05,COD
S0069805,C01615,P01136,ST016,2027-04-22 20:48:00,6,3668.37,0.00,WALLET
S0069806,C05786,P00866,ST049,2027-02-26 20:09:00,3,7507.05,0.00,CARD
S0069807,C04996,P01098,ST042,2026-11-15 17:19:00,5,1986.74,0.10,COD
S0069808,C00269,P00976,ST024,2027-04-28 10:33:00,8,3815.57,0.05,WALLET
S0069809,C00759,P01114,ST043,2026-12-27 17:08:00,8,969.44,0.05,WALLET
S0069810,C00261,P00981,ST009,2027-03-26 19:28:00,6,5838.61,0.00,WALLET
S0069811,C00965,P01136,ST017,2027-02-19 22:38:00,2,4135.76,0.10,COD
S0069812,C04247,P00130,ST019,2027-05-25 23:54:00,5,1609.69,0.00,NET_BANKING
S0069813,C03740,P00762,ST044,2026-10-27 01:19:00,3,9970.99,0.10,COD
S0069814,C02727,P00339,ST043,2026-10-04 23:32:00,3,2464.80,0.00,UPI
S0069815,C03716,P00135,ST048,2027-02-10 01:59:00,1,4518.74,0.00,WALLET
S0069816,C03687,P01066,ST024,2027-05-15 12:27:00,4,3282.25,0.15,NET_BANKING
S0069817,C00012,P01153,ST028,2026-12-08 05:28:00,4,58.65,0.10,UPI
S0069818,C03178,P01049,ST023,2026-09-27 13:20:00,7,1060.46,0.05,NET_BANKING
S0069819,C05549,P00068,ST024,2026-09-21 14:21:00,2,2033.40,0.05,UPI
S0069820,C05884,P00537,ST036,2027-03-07 18:25:00,4,9956.19,0.05,COD
S0069821,C05747,P00428,ST032,2026-11-29 08:03:00,1,11541.27,0.15,UPI
S0069822,C05188,P00167,ST036,2027-01-14 03:59:00,1,9994.61,0.15,CARD
S0069823,C02235,P00072,ST038,2027-02-12 16:15:00,3,2213.98,0.00,COD
S0069824,C01965,P00305,ST002,2027-02-12 15:37:00,3,8188.13,0.00,COD
S0069825,C02354,P00084,ST005,2027-03-24 16:36:00,8,9370.43,0.00,UPI
S0069826,C02681,P00039,ST048,2026-10-15 04:01:00,8,11380.58,0.10,CARD
S0069827,C04111,P00729,ST040,2027-01-19 20:39:00,4,5458.72,0.00,CARD
S0069828,C03144,P00873,ST012,2027-02-23 02:37:00,6,9917.75,0.10,CARD
S0069829,C05826,P00075,ST040,2026-10-23 14:49:00,4,288.24,0.15,CARD
S0069830,C01502,P00694,ST039,2026-10-22 00:00:00,4,11037.40,0.10,NET_BANKING
S0069831,C04467,P01084,ST016,2027-02-28 05:39:00,3,2799.19,0.00,CARD
S0069832,C00040,P00334,ST038,2026-12-30 23:38:00,8,10056.18,0.10,CARD
S0069833,C02138,P00689,ST038,2027-04-11 06:29:00,5,1747.51,0.15,UPI
S0069834,C01269,P00800,ST003,2027-03-31 06:53:00,5,14143.96,0.15,NET_BANKING
S0069835,C01354,P00222,ST041,2026-09-22 07:27:00,1,10998.10,0.00,UPI
S0069836,C04231,P00784,ST043,2026-12-09 02:27:00,1,13461.16,0.15,UPI
S0069837,C03352,P00671,ST027,2027-03-22 20:10:00,1,12833.33,0.05,NET_BANKING
S0069838,C02542,P00864,ST033,2027-04-28 07:02:00,1,934.40,0.05,NET_BANKING
S0069839,C00219,P00591,ST038,2027-01-15 12:33:00,1,11159.58,0.00,COD
S0069840,C04017,P00744,ST015,2027-02-14 13:08:00,2,3611.42,0.00,UPI
S0069841,C01029,P00403,ST025,2027-05-24 05:56:00,8,6512.03,0.00,NET_BANKING
S0069842,C02723,P01041,ST004,2027-04-11 15:38:00,1,2461.82,0.05,WALLET
S0069843,C04761,P00554,ST022,2026-11-27 10:58:00,8,14870.16,0.00,CARD
S0069844,C01417,P00924,ST038,2027-03-01 04:37:00,8,2977.90,0.00,COD
S0069845,C05203,P00666,ST019,2027-05-01 00:45:00,3,12463.65,0.15,UPI
S0069846,C02376,P00002,ST020,2027-01-28 07:55:00,6,14309.77,0.05,NET_BANKING
S0069847,C02907,P00719,ST030,2026-10-29 16:29:00,4,6837.75,0.00,COD
S0069848,C01710,P00872,ST013,2027-01-02 05:44:00,1,6939.07,0.00,WALLET
S0069849,C01794,P00110,ST034,2026-10-08 13:00:00,7,11820.01,0.00,NET_BANKING
S0069850,C03477,P00669,ST037,2027-04-22 08:27:00,7,14324.33,0.00,COD
S0069851,C05731,P00738,ST009,2026-12-18 13:18:00,6,14125.52,0.10,UPI
S0069852,C01596,P00594,ST023,2027-01-01 11:11:00,5,10755.95,0.00,UPI
S0069853,C02368,P00456,ST012,2026-10-08 05:06:00,2,2960.04,0.05,CARD
S0069854,C04062,P00641,ST018,2027-05-01 19:28:00,3,6765.73,0.00,NET_BANKING
S0069855,C02569,P00670,ST038,2026-10-16 18:33:00,2,12195.01,0.00,NET_BANKING
S0069856,C03227,P01007,ST037,2027-03-20 19:06:00,1,2877.61,0.05,NET_BANKING
S0069857,C01399,P00881,ST029,2026-12-27 03:49:00,5,13418.59,0.15,WALLET
S0069858,C02193,P00004,ST050,2027-02-15 14:02:00,4,7022.90,0.00,WALLET
S0069859,C02179,P00766,ST033,2026-10-26 23:29:00,7,889.54,0.00,CARD
S0069860,C03938,P00233,ST032,2027-02-11 07:12:00,8,5834.21,0.05,WALLET
S0069861,C03166,P00732,ST029,2026-12-13 08:10:00,2,7048.14,0.00,CARD
S0069862,C01360,P01189,ST028,2026-11-16 21:29:00,2,3861.94,0.05,NET_BANKING
S0069863,C05581,P01075,ST028,2026-10-07 14:00:00,2,1589.76,0.00,NET_BANKING
S0069864,C00565,P00926,ST048,2026-11-28 23:44:00,1,11337.89,0.15,CARD
S0069865,C05690,P00877,ST004,2027-02-23 12:27:00,4,9491.54,0.00,NET_BANKING
S0069866,C05249,P00728,ST019,2026-12-26 18:15:00,3,2376.69,0.05,UPI
S0069867,C01512,P00909,ST049,2026-10-18 07:10:00,6,12153.06,0.05,CARD
S0069868,C01728,P01073,ST045,2027-04-22 16:55:00,7,4564.78,0.05,COD
S0069869,C03991,P00472,ST045,2027-05-18 05:23:00,4,13031.18,0.00,CARD
S0069870,C00620,P00853,ST007,2027-03-17 18:43:00,7,14567.44,0.00,NET_BANKING
S0069871,C05831,P00048,ST040,2027-02-16 10:40:00,7,5018.49,0.00,NET_BANKING
S0069872,C02361,P00917,ST038,2027-04-06 10:27:00,1,12206.45,0.10,NET_BANKING
S0069873,C03983,P00097,ST041,2027-02-05 08:20:00,2,9879.74,0.05,UPI
S0069874,C04492,P00088,ST024,2027-01-18 01:49:00,6,8857.37,0.15,WALLET
S0069875,C03547,P01000,ST033,2027-01-21 15:27:00,2,3161.37,0.05,CARD
S0069876,C05064,P00610,ST043,2026-10-21 19:43:00,4,2166.11,0.00,WALLET
S0069877,C02125,P00562,ST015,2026-12-05 09:09:00,6,10013.06,0.10,WALLET
S0069878,C00332,P00329,ST024,2027-02-03 11:51:00,7,1364.47,0.00,COD
S0069879,C01399,P00768,ST021,2026-09-28 04:12:00,7,11814.22,0.05,NET_BANKING
S0069880,C00250,P00635,ST042,2026-12-07 01:34:00,1,7089.77,0.00,CARD
S0069881,C04672,P00772,ST050,2026-10-22 22:50:00,6,13512.62,0.00,NET_BANKING
S0069882,C00880,P00582,ST015,2026-09-21 01:56:00,3,3449.31,0.00,UPI
S0069883,C04710,P00433,ST005,2026-09-17 00:00:00,8,6296.95,0.00,UPI
S0069884,C02913,P00806,ST001,2027-04-05 08:26:00,1,10445.92,0.00,COD
S0069885,C03729,P00706,ST044,2026-12-02 18:21:00,8,2797.24,0.05,UPI
S0069886,C03137,P00957,ST003,2027-01-19 17:11:00,3,13167.89,0.05,CARD
S0069887,C04471,P00882,ST005,2027-05-31 22:01:00,1,1160.87,0.15,WALLET
S0069888,C00460,P00242,ST015,2027-01-21 11:33:00,5,6380.48,0.15,WALLET
S0069889,C05488,P00982,ST023,2027-02-18 06:52:00,2,1313.93,0.10,WALLET
S0069890,C00517,P01169,ST050,2027-01-29 09:40:00,1,4323.00,0.10,WALLET
S0069891,C03323,P00724,ST017,2027-01-12 02:12:00,6,842.59,0.00,COD
S0069892,C03975,P00488,ST038,2027-02-14 11:27:00,1,764.11,0.10,CARD
S0069893,C04029,P00987,ST048,2027-02-06 20:35:00,1,8796.88,0.00,COD
S0069894,C01999,P00447,ST021,2026-09-27 08:04:00,5,13780.12,0.00,WALLET
S0069895,C01476,P00713,ST030,2027-05-06 22:51:00,5,3603.18,0.00,NET_BANKING
S0069896,C01057,P01137,ST039,2027-03-12 13:42:00,6,225.37,0.15,WALLET
S0069897,C03924,P00736,ST007,2026-10-24 09:46:00,5,10626.28,0.00,COD
S0069898,C03242,P00086,ST034,2027-05-28 08:42:00,2,394.30,0.10,COD
S0069899,C04703,P00870,ST037,2027-02-09 21:11:00,4,12131.34,0.05,COD
S0069900,C04733,P00893,ST029,2027-04-18 14:51:00,5,11968.39,0.00,WALLET
S0069901,C01800,P01155,ST031,2026-11-28 02:23:00,8,4636.51,0.00,COD
S0069902,C05179,P00577,ST033,2027-03-27 03:53:00,2,286.38,0.10,COD
S0069903,C02558,P00202,ST046,2027-03-19 03:01:00,3,13459.06,0.00,WALLET
S0069904,C01865,P00241,ST044,2027-02-13 18:57:00,6,14291.38,0.00,UPI
S0069905,C04644,P00314,ST037,2026-09-25 07:09:00,7,1767.09,0.10,WALLET
S0069906,C02713,P00140,ST024,2026-12-31 08:06:00,5,343.17,0.00,CARD
S0069907,C02034,P00009,ST014,2027-03-09 18:18:00,3,14426.84,0.05,COD
S0069908,C04541,P00173,ST010,2026-10-30 12:23:00,3,2556.28,0.10,CARD
S0069909,C03704,P00350,ST015,2027-06-01 19:56:00,3,12905.92,0.00,CARD
S0069910,C04938,P00078,ST005,2027-03-19 15:15:00,1,6017.13,0.10,WALLET
S0069911,C03369,P00511,ST016,2027-02-22 14:33:00,3,1704.19,0.00,UPI
S0069912,C01075,P00861,ST045,2026-12-28 17:31:00,8,3963.47,0.00,NET_BANKING
S0069913,C01201,P00002,ST005,2027-02-20 03:22:00,8,14309.77,0.15,NET_BANKING
S0069914,C03498,P00851,ST014,2027-03-25 12:22:00,2,10520.35,0.15,CARD
S0069915,C05333,P00419,ST011,2027-02-12 15:19:00,1,11021.19,0.10,CARD
S0069916,C03407,P01177,ST038,2027-04-21 05:43:00,7,537.08,0.10,WALLET
S0069917,C03683,P00918,ST012,2027-05-27 15:46:00,5,11736.74,0.10,CARD
S0069918,C00250,P00309,ST046,2026-10-10 02:51:00,1,9944.41,0.10,WALLET
S0069919,C01383,P00331,ST011,2026-11-11 17:53:00,2,9971.71,0.15,WALLET
S0069920,C00066,P00957,ST025,2027-04-13 15:29:00,7,13167.89,0.00,NET_BANKING
S0069921,C00821,P00934,ST019,2027-02-25 05:16:00,4,6341.80,0.05,UPI
S0069922,C03511,P00028,ST008,2026-11-12 08:00:00,5,9694.84,0.00,CARD
S0069923,C03871,P00006,ST029,2027-02-12 10:32:00,8,12375.85,0.05,UPI
S0069924,C02731,P01024,ST005,2027-01-23 22:24:00,6,3928.24,0.00,COD
S0069925,C04493,P00112,ST032,2027-01-28 04:43:00,1,1012.33,0.15,COD
S0069926,C03349,P00556,ST020,2027-01-06 08:16:00,8,4347.03,0.00,NET_BANKING
S0069927,C03398,P00856,ST042,2026-11-14 06:38:00,4,4490.45,0.15,WALLET
S0069928,C02244,P00411,ST032,2027-05-21 22:59:00,7,13165.10,0.00,UPI
S0069929,C00444,P00224,ST013,2027-01-08 16:58:00,2,2208.50,0.10,CARD
S0069930,C05710,P00153,ST014,2027-04-20 10:14:00,5,5456.59,0.10,UPI
S0069931,C04574,P00157,ST047,2027-05-15 00:09:00,7,8754.83,0.10,CARD
S0069932,C03643,P00295,ST048,2026-12-12 23:01:00,1,8088.40,0.05,WALLET
S0069933,C05798,P00176,ST014,2027-05-29 21:00:00,7,10058.14,0.00,COD
S0069934,C02705,P00706,ST045,2026-10-01 22:52:00,1,2797.24,0.10,WALLET
S0069935,C05339,P00965,ST047,2027-01-29 21:33:00,2,14887.52,0.05,CARD
S0069936,C05734,P00486,ST024,2026-10-22 02:25:00,4,10044.32,0.15,COD
S0069937,C02647,P00222,ST050,2026-10-26 12:09:00,6,10998.10,0.00,UPI
S0069938,C04457,P00415,ST010,2026-11-01 04:02:00,5,3287.41,0.00,UPI
S0069939,C03388,P00256,ST032,2026-12-11 06:04:00,2,1987.06,0.15,COD
S0069940,C04250,P00994,ST026,2027-03-13 19:45:00,3,14986.15,0.15,CARD
S0069941,C02492,P00233,ST023,2027-03-08 11:41:00,1,5834.21,0.10,UPI
S0069942,C03095,P00475,ST010,2026-10-13 00:10:00,7,1870.66,0.00,COD
S0069943,C00460,P00176,ST025,2027-01-29 04:33:00,2,10058.14,0.10,NET_BANKING
S0069944,C01093,P01073,ST016,2027-04-19 08:21:00,3,3092.87,0.00,NET_BANKING
S0069945,C05657,P00572,ST036,2027-04-19 23:31:00,4,413.41,0.10,NET_BANKING
S0069946,C02414,P00378,ST044,2026-10-09 23:10:00,8,14078.19,0.10,CARD
S0069947,C02666,P00982,ST029,2027-05-15 01:55:00,3,1313.93,0.00,CARD
S0069948,C05380,P00129,ST006,2027-01-03 16:11:00,7,5652.18,0.00,CARD
S0069949,C02167,P00717,ST008,2026-11-14 06:32:00,2,679.75,0.00,UPI
S0069950,C02809,P00954,ST017,2027-03-23 12:45:00,2,8183.55,0.00,NET_BANKING
S0069951,C00839,P01043,ST021,2027-03-06 18:19:00,5,4130.93,0.05,CARD
S0069952,C02912,P00584,ST037,2027-04-08 21:27:00,8,1058.35,0.05,COD
S0069953,C00554,P00934,ST023,2027-06-02 12:20:00,5,6341.80,0.00,COD
S0069954,C04442,P00838,ST003,2026-11-23 16:15:00,5,11094.78,0.15,UPI
S0069955,C02423,P00991,ST046,2027-03-20 19:57:00,3,240.75,0.15,CARD
S0069956,C04928,P00798,ST037,2027-03-27 23:45:00,1,2788.26,0.15,UPI
S0069957,C03137,P01181,ST016,2026-10-17 09:59:00,6,3592.41,0.10,CARD
S0069958,C00574,P00180,ST002,2027-05-02 15:12:00,2,12378.45,0.00,CARD
S0069959,C02435,P00321,ST027,2026-10-01 19:26:00,7,1068.85,0.10,UPI
S0069960,C01373,P01041,ST003,2026-10-12 23:04:00,2,2913.63,0.05,CARD
S0069961,C00660,P00132,ST048,2026-10-28 09:55:00,7,661.50,0.15,UPI
S0069962,C02305,P00576,ST041,2027-03-24 15:58:00,2,829.35,0.10,NET_BANKING
S0069963,C02077,P00256,ST050,2027-03-21 13:11:00,6,1987.06,0.00,NET_BANKING
S0069964,C00060,P01187,ST049,2027-02-03 03:12:00,4,4247.60,0.10,COD
S0069965,C04495,P01093,ST037,2026-09-16 23:25:00,7,3424.32,0.00,UPI
S0069966,C02817,P01016,ST048,2026-12-21 01:41:00,1,4503.39,0.00,UPI
S0069967,C00529,P00528,ST036,2026-10-14 16:42:00,8,12190.45,0.00,WALLET
S0069968,C01159,P00481,ST046,2026-11-14 22:14:00,3,10052.76,0.00,WALLET
S0069969,C04662,P00763,ST005,2026-09-18 10:17:00,1,4853.30,0.05,NET_BANKING
S0069970,C05659,P00335,ST024,2026-12-03 07:56:00,8,2003.90,0.00,WALLET
S0069971,C03763,P01186,ST011,2026-09-25 04:32:00,4,3056.68,0.05,UPI
S0069972,C01023,P01084,ST006,2027-01-07 15:57:00,2,869.54,0.15,CARD
S0069973,C02007,P00840,ST038,2027-02-12 05:07:00,6,4066.13,0.00,CARD
S0069974,C02778,P00519,ST014,2026-10-03 16:02:00,3,3550.37,0.15,UPI
S0069975,C02915,P00066,ST024,2027-01-03 05:22:00,8,13989.36,0.10,CARD
S0069976,C04472,P00688,ST045,2026-12-25 15:30:00,8,14801.08,0.10,NET_BANKING
S0069977,C00040,P00814,ST032,2026-10-03 09:10:00,7,1576.96,0.15,CARD
S0069978,C03211,P01124,ST009,2026-10-08 12:37:00,5,3885.85,0.10,WALLET
S0069979,C02155,P00211,ST048,2027-03-28 00:08:00,6,1685.16,0.00,COD
S0069980,C03937,P01177,ST010,2027-04-01 05:57:00,6,3193.42,0.15,CARD
S0069981,C04157,P00626,ST030,2027-03-05 09:21:00,4,4597.20,0.00,NET_BANKING
S0069982,C00699,P00018,ST048,2027-03-28 09:20:00,6,10580.36,0.10,CARD
S0069983,C04338,P00646,ST041,2027-05-20 03:05:00,4,1788.47,0.00,COD
S0069984,C03717,P00203,ST029,2027-02-02 04:28:00,6,1071.23,0.15,NET_BANKING
S0069985,C04268,P00281,ST010,2026-09-16 19:35:00,6,12950.39,0.15,UPI
S0069986,C05643,P00350,ST026,2026-11-14 20:36:00,5,12905.92,0.10,CARD
S0069987,C01134,P00947,ST019,2026-10-16 14:24:00,6,5493.18,0.00,COD
S0069988,C01684,P00139,ST046,2027-04-28 17:38:00,3,13296.70,0.05,WALLET
S0069989,C03376,P00033,ST028,2026-10-31 17:12:00,6,11598.07,0.05,UPI
S0069990,C01372,P01186,ST022,2027-01-12 02:03:00,4,621.88,0.10,COD
S0069991,C05047,P01084,ST021,2026-12-21 19:44:00,4,4558.75,0.10,CARD
S0069992,C03219,P00574,ST030,2026-10-11 13:37:00,5,8927.79,0.00,CARD
S0069993,C05628,P00621,ST002,2026-10-11 04:07:00,3,12280.84,0.15,COD
S0069994,C01237,P01090,ST006,2026-11-06 21:47:00,6,3619.86,0.15,NET_BANKING
S0069995,C03394,P00240,ST047,2026-12-20 06:57:00,4,9582.36,0.00,COD
S0069996,C03649,P00604,ST011,2026-11-20 09:30:00,5,3876.20,0.00,WALLET
S0069997,C03052,P00341,ST001,2026-09-29 06:42:00,2,12040.98,0.00,CARD
S0069998,C01789,P01193,ST015,2027-03-08 17:30:00,8,3545.91,0.00,CARD
S0069999,C02931,P00259,ST043,2027-05-21 07:11:00,1,5808.51,0.00,COD
S0070000,C04877,P00718,ST021,2027-03-22 21:16:00,5,3535.94,0.00,COD
S0070001,C09999,P00396,ST049,2027-04-03 12:54:00,8,1114.54,0.05,WALLET
S0070002,C09999,P00811,ST035,2026-11-07 12:21:00,4,12059.60,0.00,NET_BANKING
S0070003,C09999,P00522,ST038,2027-04-20 13:25:00,7,1719.44,0.00,CARD
S0070004,C09999,P00786,ST012,2027-03-21 14:58:00,5,8674.28,0.05,WALLET
S0070005,C09999,P00117,ST012,2026-09-18 15:48:00,1,9637.83,0.05,COD
S0070006,C09999,P00709,ST040,2027-04-08 12:19:00,5,14344.98,0.05,WALLET
S0070007,C09999,P01026,ST021,2027-01-22 09:59:00,3,909.62,0.10,CARD
S0070008,C09999,P00610,ST044,2027-03-19 01:21:00,3,2166.11,0.10,WALLET
S0070009,C09999,P00564,ST019,2027-04-05 11:14:00,7,13288.39,0.15,NET_BANKING
S0070010,C09999,P00700,ST039,2027-04-11 21:09:00,3,7501.36,0.00,UPI
S0070011,C09999,P00360,ST045,2027-01-26 14:01:00,4,8928.80,0.05,UPI
S0070012,C09999,P00355,ST049,2026-12-02 12:36:00,2,9628.58,0.15,COD
S0070013,C09999,P00821,ST039,2027-03-30 16:12:00,4,7398.56,0.00,CARD
S0070014,C09999,P00674,ST034,2027-05-11 05:19:00,4,12623.07,0.10,CARD
S0070015,C09999,P00637,ST041,2026-10-21 02:59:00,5,14361.31,0.05,CARD
S0070016,C09999,P00290,ST028,2026-09-26 17:33:00,4,3515.83,0.15,WALLET
S0070017,C09999,P00216,ST029,2027-04-23 02:58:00,7,1540.77,0.10,UPI
S0070018,C09999,P00450,ST044,2027-06-02 20:00:00,2,11985.09,0.05,COD
S0070019,C09999,P00424,ST012,2026-11-24 02:52:00,2,12370.62,0.05,COD
S0070020,C09999,P01049,ST049,2026-10-02 02:42:00,7,3875.01,0.05,CARD
S0070021,C09999,P00397,ST034,2026-10-05 13:51:00,2,12844.97,0.10,WALLET
S0070022,C09999,P00693,ST016,2026-12-07 11:35:00,7,10171.16,0.00,WALLET
S0070023,C09999,P00955,ST038,2026-12-24 16:34:00,3,5719.71,0.10,COD
S0070024,C09999,P01094,ST048,2027-04-11 17:10:00,6,1258.27,0.00,NET_BANKING
S0070025,C09999,P00435,ST021,2027-02-25 09:28:00,2,6495.05,0.00,CARD
